9901,Look Around (Feat. niahn),루피 (Loopy)루피 (Loopy),ICE,740,<dd>2017.04.26</dd>,"그리 쉽지 않다는 걸 너는 알아<br/>계속 엇갈리는 것 보단 나아<br/>너가 잡은 손 차갑겠지 아마<br/>Baby look around<br/>모두 느껴 다 우리 관계 나락<br/>Without 낙하산<br/>해봤지 끝까지 발악<br/>I don’t wanna talk<br/>I don’t wanna talk<br/>지금은 아니니까 풀어<br/>약속한 손가락<br/>We don’t need to talk no mo<br/>입을 닫어<br/>마치 내 주머니 안 지갑<br/>She wanna be my number one<br/>She doesn't wanna be alone<br/>fucked I'm stoned<br/>난 향하지 또 studio<br/>Baby Look around<br/>We don't need to talk<br/>잠깐 이대로 pause<br/>Why you want it more<br/>I just wanna leave<br/>Fuckin another B<br/>Stackin decks on decks<br/>and I want livin life<br/>Baby Look around<br/>We don't need to talk<br/>잠깐 이대로 pause<br/>Why you want it more<br/>I just wanna leave<br/>Fuckin another B<br/>Stackin decks on decks<br/>and I want livin life<br/>I want livin Life<br/>그리 쉽지 않다는 걸 너는 알아<br/>계속 엇갈리는 것 보단 나아<br/>너가 잡은 손 차갑겠지 아마<br/>Baby look around<br/>모두 느껴 다 우리 관계 나락<br/>Without 낙하산<br/>해봤지 끝까지 발악<br/>I don’t wanna talk<br/>I don’t wanna talk<br/>지금은 아니니까 풀어<br/>약속한 손가락<br/>We don’t need to talk no mo<br/>입을 닫어<br/>마치 내 주머니 안 지갑<br/>She wanna be my number one<br/>She doesn’t wanna be alone<br/>fucked I’m stoned<br/>난 향하지 또 studio<br/>
"
9902,GENESIS,IGNITO (이그니토)IGNITO (이그니토),Gaia,626,<dd>2017.05.04</dd>,"얼어붙은 암흑 속 고요한 빛이 번지고<br/>목적도 없이 우주를 떠도는 <br/>수많은 먼지로<br/>내던져진 작고 가련한 생명의 씨는 <br/>터를 찾아 길을 이루고 <br/>외로운 싹을 틔우지 <br/>한 곳에 뒤섞인 물과 돌 바람과 불<br/>습한 늪과 불탄 뭍 가득한 <br/>흙에 불어넣은 숨<br/>맺혔던 이슬이 채 메마르기 전<br/>첫 새벽이 빚어낸 필연 같은 기적<br/>탄생의 나무는 그 뿌리를 깊숙이 뻗고<br/>뿌리는 줄기를 줄기는 가지를 펼쳐<br/>가지는 다시 잎사귀와 열매를 엮고<br/>열매는 또 다른 탄생을 위한 <br/>씨앗을 떨궈 <br/>그 반복의 뒤로 우거진 숲의 장관<br/>나무 틈 사이 벌어지는 갈래를 따라<br/>거듭된 의식과 종의 번식과 진화<br/>예견하지 못할 악몽의 시작인가<br/>벌어질 윤회<br/>탄생과 소멸의 숨 가쁜 투쟁<br/>원형의 굴레를 따라서 <br/>꿈틀대며 맴돌던 <br/>증오가 눈뜰 때 그 빛도 <br/>찬란한 색을 감추네<br/>각각의 원인은 내버려둔 채<br/>이미 연출된 생성을 번복하는 붕괴<br/>얼마나 오랜 시간이 흘러야<br/>다시 예전과 같은 처음이 되찾아 올까<br/>순환이 멈추고 시작되는 운동과 추동<br/>개체들은 저마다 다른 <br/>생명의 춤을 추고 <br/>점차 하나의 큰 율동이 <br/>전체를 주도하며<br/>울려 퍼져나가는 파멸의 전주곡<br/>생존을 위한 본능의 처절한 몸부림과<br/>미지를 경계하는 두려움의 흔적들이<br/>점차 구속뿐인 울타릴 무너뜨린 후 <br/>발전을 넘어 승리를 쟁취할 <br/>목표를 겨누지 <br/>불편한 서로의 목덜미를 겨냥했던 <br/>성난 화살이 끝내 시위를 떠난 <br/>그 순간이 바로 배척과 원한 <br/>혹은 파괴의 역사로 대변되는 <br/>문명의 서막<br/>시대가 축적됨에 따라 조금씩<br/>기울어가져는 힘의 균형을 저울질<br/>끝내 중심을 잃고 쓰러지는 지배축<br/>이와 동시에 흔들리는 운명의 시계추 <br/>벌어질 윤회<br/>탄생과 소멸의 숨 가쁜 투쟁<br/>원형의 굴레를 따라서 <br/>꿈틀대며 맴돌던 <br/>증오가 눈뜰 때 그 빛도 <br/>찬란한 색을 감추네<br/>각각의 원인은 내버려둔 채<br/>이미 연출된 생성을 번복하는 붕괴<br/>얼마나 오랜 시간이 흘러야<br/>다시 예전과 같은 처음이 되찾아 올까<br/>기나긴 전쟁 일시적인 소강 <br/>희생으로 구성된 잠시의 <br/>눈을 가린 평화 <br/>갈 곳을 잃어버린 이성과<br/>뜨겁게 불탄 광기가 <br/>양 극단에 치달은 결과<br/>거대하게 부풀린 몸집을 키운 괴물<br/>모든 걸 태울 불씨가 가져다 준 행운<br/>거친 분노를 잠재울 제물은<br/>결국 스스로가 되어버리는 <br/>비극의 최후<br/>벌어질 윤회<br/>탄생과 소멸의 숨 가쁜 투쟁<br/>원형의 굴레를 따라서 <br/>꿈틀대며 맴돌던 <br/>증오가 눈뜰 때 그 빛도 <br/>찬란한 색을 감추네<br/>각각의 원인은 내버려둔 채<br/>이미 연출된 생성을 번복하는 붕괴<br/>얼마나 오랜 시간이 흘러야<br/>다시 예전과 같은 처음이 되찾아 올까<br/>
"
9903,이런 사랑을 할 바에는 (Feat. 장혜정),원써겐원써겐,이런 사랑을 할 바에는,"1,004",<dd>2017.07.03</dd>,"답을 알고 있어<br/>이런 내 감정<br/>밤이 깊어 가면<br/>더 선명해져 가<br/>더 다가가기도<br/>다가오기도<br/>애매한 우리 사이<br/>망설이다<br/>스스로 만든 큰 상처<br/>아닌걸 알면서 너를 찾고<br/>헛된 기대들만<br/>가득 안고<br/>아무도 모르게 만든<br/>추억들을 뭐<br/>추억이라고 부를 수 있는지<br/>나만 혼자서<br/>바보 되는 일이겠지<br/>생각처럼 쉽지 않아<br/>오늘이 마지막이길 바래<br/>하루 종일 네 생각만해<br/>하루에도 몇 번씩 변하고<br/>지금 우린 어딜 향해<br/>가고 있을까<br/>Love Is You<br/>It's You<br/>잠이 들기 전에<br/>습관처럼 보내는 문자<br/>알 수 없는 내 맘 잘자<br/>뒤척이다 보면<br/>어느덧 또다시 새벽<br/>널 잊어보겠다는<br/>생각이 더 널 떠올려<br/>Are you with me<br/>우린 닮은 면이 너무 많아<br/>그래서 서로를 더 알아 알아<br/>하루 종일 네 생각만해<br/>하루에도 몇 번씩 변하고<br/>지금 우린 어딜 향해<br/>가고 있을까<br/>Love Is You<br/>It's You<br/>We're heading to<br/>No way no way no way<br/>No way no way no way<br/>We're heading to<br/>No way no way no way<br/>No way no way no way<br/>
"
9904,"Lead Me, Love Me",루비즈 (Lubiz)루비즈 (Lubiz),Soulful Dessert : Beat Tape Vol.1,71,<dd>2017.07.13</dd>,가사가 없습니다
9905,"19금
쩐.다 Remix (Feat. 킬라그램, 제이문, NO:EL)",Young Thugs ClubYoung Thugs Club,작당모의 (作黨謀議),702,<dd>2017.08.03</dd>,가사가 없습니다
9906,"19금
YUNG (Feat. Jvcki Wai) (Prod. Migu)",Eco Yard (에코 야드)Eco Yard (에코 야드),Sir Eco Shines,207,<dd>2017.12.14</dd>,가사가 없습니다
9907,달라 (Different) (Feat. Dok2),LosLos,Flame Boy,349,<dd>2018.01.31</dd>,"너와 나는 달라 <br/>너와 나는 달라 <br/>너는 말이 많아 <br/>babe I’m bout them dollaz <br/>화내봤자 할 수 있는 건 댓글 안에 <br/>니 여자친구에 <br/>favorite rapper oooh <br/>난리 났네 <br/>너와 나는 달라 <br/>너와 나는 달라 <br/>너는 말이 많아 <br/>babe I’m bout them dollaz <br/>화내봤자 할 수 있는 건 댓글 안에 <br/>니 여자친구에 <br/>favorite rapper oooh <br/>난리 났네 <br/>난리 났네 <br/>난리 났네 <br/>니 여자친구에 <br/>favorite rapper oooh <br/>난리 났네 <br/>난리 났네 <br/>난리 났네 <br/>니 여자친구에 <br/>favorite rapper oooh <br/>난리 났네 <br/>미국에서는 한국사람 <br/>한국에서는 외국인 <br/>새벽까지 hustle hard <br/>Middle finga <br/>to all my enemies <br/>내 움직임은 <br/>Monster wit it <br/>철없을 때 나는 대머리 <br/>Osean 형처럼 Big Wave <br/>수영 못하면 좆 댔지 <br/>깜빵 같다온 건 사실이지 <br/>난 밤만 대면 <br/>trama 에 빠지지 <br/>날 까내려도 <br/>I still leveled up <br/>겁나서 다 눈 가리지 <br/>I love this $hit bro <br/>I love this $hit <br/>니 여자친구는 어저께 <br/>너무 질척거려서 <br/>peace out 했지 <br/>이쁜 얼굴이 아깝네 <br/>Trues story 잘 들어봐 <br/>13살 붙어 problem child <br/>형이라고 불었던 병신은 <br/>지금 약쟁이 되서 깜방 갔어 <br/>나머지는 다 난리 났어 <br/>나 같은 놈은 못 봤지 aye <br/>식구 먹여 살려 하면 <br/>everybody gettin bodied aye <br/>여기는 내 자리 aye <br/>Word Play가 잔인해 <br/>문신 on me like body paint <br/>우리 어머님이 정신차리래 <br/>겉으로만 친한척하고 <br/>뒤통수 치는 새끼들이 <br/>인재 와서 all buddy buddy <br/>that shits funny to me <br/>너와 나는 달라 <br/>너와 나는 달라 <br/>너는 말이 많아 <br/>babe I’m bout them dollaz <br/>화내봤자 할 수 있는 건 댓글 안에 <br/>니 여자친구에 <br/>favorite rapper oooh <br/>난리 났네 <br/>너와 나는 달러 너와 나는 달러 <br/>너는 말이 많아 <br/>babe I’m bout them dollaz <br/>화내봤자 할 수 있는 건 댓글 안에 <br/>니 여자친구에 <br/>favorite rapper oooh <br/>난리 났네 <br/>난리 났네 <br/>난리 났네 <br/>니 여자친구에 <br/>favorite rapper oooh <br/>난리 났네 <br/>난리 났네 <br/>난리 났네 <br/>니 여자친구에 <br/>favorite rapper oooh <br/>난리 났네 <br/>너와 나는 달러 너와 나는 달러 <br/>If u need a job come <br/>give me a holla <br/>Rollie on my wrist <br/>hunnit thousand dollars <br/>나는 절대 쉬지 않아 계속 해서 달려 <br/>Ghood life we livin <br/>걱정 따윈 버려 버려 <br/>All these rapper goin dudda dudda <br/>나를 보면 하나 같이 떨어 떨어 <br/>Comin straight <br/>from the gutter gutter <br/>여기 하늘 위에 손을 뻗어 뻗어 <br/>사소한 일 에다 버럭 버럭 <br/>댈 때 어깨 위에 먼질 털어 털어 <br/>Murder murder i be killin em hoes <br/>Illy ambition we Gettin the most <br/>흥분은 안해 늘 지키는 톤 <br/>설치지 않아도 이기는 놈 <br/>thats me <br/>Thats who i am mr <br/>go getter imma go get it <br/>떳떳하게 바닥에서 <br/>위로 직접 올라왔지 <br/>with no 비리 <br/>하와이 to las vegas <br/>엘에이 거쳐 다시 <br/>back to seoul city <br/>내가 뜨면 어디든지 분위기는 <br/>hunnit guaranteed <br/>so litty like ugh <br/>Gonzo and los here <br/>Ghood life future bright look at my <br/>diamonds so clear <br/>너와 나는 달라 <br/>너와 나는 달라 <br/>너는 말이 많아 <br/>babe I’m bout them dollaz <br/>화내봤자 할 수 있는 건 댓글 안에 <br/>니 여자친구에 <br/>favorite rapper oooh <br/>난리 났네 <br/>너와 나는 달라 <br/>너와 나는 달라 <br/>너는 말이 많아 <br/>babe I’m bout them dollaz <br/>화내봤자 할 수 있는 건 댓글 안에 <br/>니 여자친구에 <br/>favorite rapper oooh <br/>난리 났네 <br/>난리 났네<br/>난리 났네<br/>니 여자친구에<br/>favorite rapper oooh<br/>난리 났네<br/>난리 났네<br/>난리 났네<br/>니 여자친구에<br/>favorite rapper oooh<br/>난리 났네<br/>
"
9908,Upgrade III (Prod. By 김신),스윙스스윙스,Upgrade III,865,<dd>2018.03.24</dd>,"누군지 whole life<br/>보내 as a low life<br/>클럽서 인기 제일 많은<br/>rapper no lie<br/>내 음악 안 들음 니 손해 싫음<br/>don't buy<br/>아무도 날 추월 못 했네<br/>잠깐 놓은 사이<br/>난 씨앗 니가 묻은 곳이 하필 논밭<br/>힙합에 기증했지 영혼 이빨 콩팥<br/>부동자세여도 오지 과일나무같이<br/>영원의 관점에선 우린 그저 하루살이<br/>기회 달라 하는 날들 끝<br/>난 아부 받지<br/>빨리 시동 걸어보고 싶네 my bugatti<br/>도덕이 도와줬네<br/>with the new bentley<br/>신이 beat make you weave<br/>like you're Jack Dempsey<br/>난 과속단속장비 내 앞에선 줄여<br/>살인자는 아니지 그런데도 죽여<br/>미국 갈 땐 I8 yea fuck an Uber<br/>익은 벼나 숙여 나는 63 천장 뚫어<br/>올해 우리 막낸 1억 볶아냈지<br/>너도 인정해 인마 스윙인 sexy<br/>회사 두 개 기리랑 하나 더 채비<br/>또 안 망했네 건배 with the remy<br/>난 강아지도 star로 만드는 놈<br/>모두가 악수하려 하는<br/>이유를 알아 내 손<br/>안에는 Midas touch<br/>잠깐 silence hush<br/>큰 꿈을 그려 with a giant's brush<br/>물론 아냐 Brooks Raley<br/>all black 나는 흑돼지<br/>걸었지 금 목걸이<br/>내 적들은 속 썩지<br/>내 적들은 돈 없지<br/>내 적들은 no money<br/>내 적들은 못 먹지<br/>내 적들은 so hungry<br/>나는 물건 전화기 정도 되나 봐<br/>날 떠나도 무조건 다시 돌아와<br/>shit 10년 동안<br/>바뀐 건 별로 없지 대충<br/>집 차 애인 작업실 옷 가방<br/>난 누구 믿고 까분 적 없지<br/>ask about him<br/>우사인 볼트<br/>money i make the fastest dollars<br/>some motherfuckers<br/>got it twisted see<br/>I don't suck dick for publicity<br/>I'm an epidemic haters<br/>gettin sick of me<br/>treatin paper<br/>like its piss it ain't shit to me<br/>the coup engine go vrrroooom<br/>좀 사나워<br/>영어 해서 미안 근데 재능 아까워<br/>I need a moment 세번째 Upgrade<br/>삐약대는 십새 필요한 건 duct tape<br/>
"
9909,siri,ness (네스)ness (네스),siri,773,<dd>2018.05.13</dd>,"난 너만 있으면 다 필요 없어<br/>난 너만 있으면 다 필요 없어<br/>난 너만 있으면 다 필요 없어<br/>내 모든 것을 바꿔<br/>너 하나만 있음 됐어<br/>난 너만 있으면 다 필요 없어<br/>난 너만 있으면 다 필요 없어<br/>난 너만 있으면 다 필요 없어<br/>내 모든 것을 바꿔<br/>너 하나만 있음 됐어<br/>baby i think i need you<br/>right here next to me<br/>with or without you<br/>i can’t go to sleep<br/>네가 내 옆에 있어야지<br/>사람들이랑 있을 때 안 어색해<br/>네가 내 옆에 있어야지<br/>다른 애들이랑 있을 때 바쁜 척도 해<br/>oooh 난 해야 되는 일이 많은데<br/>oooh 널 놔주는 게 너무 어렵네<br/>내 눈엔 아직 네가 너무 이쁜데<br/>널 계속 다른 모델들이랑 비교해<br/>난 너만 있으면 다 필요 없어<br/>난 너만 있으면 다 필요 없어<br/>난 너만 있으면 다 필요 없어<br/>내 모든 것을 바꿔<br/>너 하나만 있음 됐어<br/>난 너만 있으면 다 필요 없어<br/>난 너만 있으면 다 필요 없어<br/>난 너만 있으면 다 필요 없어<br/>내 모든 것을 바꿔<br/>너 하나만 있음 됐어<br/>okay 나도 인정해<br/>너한테 중독됐어<br/>너 없인 아무 데도 못 가<br/>어딜 가든 네가 필요해<br/>아침에 눈 뜨면<br/>네가 제일 먼저 생각나<br/>밤에 눈 감기 전에<br/>마지막으로 네 얼굴을 한 번 더 봐<br/>you're the only one<br/>i trust with my passwords<br/>you’re the only one<br/>thats seen my past work<br/>for me to get on<br/>i need to turn you off<br/>for me to get off<br/>i need to turn you on<br/>이제 내 옆에 있지 않음 허전해<br/>내 손은 습관처럼 너를 더듬네<br/>나 때문에 하루에도<br/>몇 번이고 죽어 넌<br/>널 살릴 의사들을<br/>집에 묶어 놔버렸어<br/>난 너만 있으면 다 필요 없어<br/>난 너만 있으면 다 필요 없어<br/>난 너만 있으면 다 필요 없어<br/>내 모든 것을 바꿔<br/>너 하나만 있음 됐어<br/>난 너만 있으면 다 필요 없어<br/>난 너만 있으면 다 필요 없어<br/>난 너만 있으면 다 필요 없어<br/>내 모든 것을 바꿔<br/>너 하나만 있음 됐어<br/>
"
9910,DONE,박정민박정민,Byunsan Monologue,423,<dd>2018.07.04</dd>,"when i got mic<br/>프로듀서들도 다 꿇어<br/>맞아 시즌 2 to the 5 이젠 6<br/>내 맘속엔 없어 평화따위 no peace<br/>절대 안 통하네 real recognize real<br/>기회대신 잡은 건<br/>각본이지 싹을 자른 거야<br/>너무 클까 봐<br/>내 그릇의 크기는 다들 알잖아<br/>작년 우승자랑<br/>프로듀서 팀 짜고 내 앞에서<br/>랩 하면 누가 찔리나 보자<br/>칼을 너무 갈아 버렸더니<br/>난 될 것만 같네<br/>대장장이 난 이제부터 랩 사무라이야<br/>여기 참가자들의 목을 다 썰지<br/>Bitch I ain't need no role model<br/>내 랩을 봐 감히 누가 나를 가르칠래<br/>내 랩은 마치 너희들의 미래<br/>나의 어젠 너희들이 살아갈 내일모레<br/>랩은 그냥 나한텐 소꿉놀이<br/>내공은 안보고 차도 다 골인해 임마<br/>막지 말고 걍 내려 너의 꼬리<br/>하란 대로 하면<br/>한번 시켜줄게 나의 homie<br/>yeah i'm flex<br/>like ouu go tellem you<br/>better run 먹어 내 랩<br/>이제 여기 게임 done<br/>
"
9911,MacGyver (Feat. COKEJAZZ),비프리 (B-Free)비프리 (B-Free),MacGyver,603,<dd>2018.08.05</dd>,"henny make me act a fool <br/>watch me bust a move<br/>이건 비싼 거야 어서 들여 마셔 쭉<br/>dj got me feeling like <br/>i wanna raise the roof<br/>i'mma hit it out the park <br/>like 추신수<br/>아무도 못꺼 내 불 <br/>i'm a raging bull<br/>on too many redbulls <br/>dreams come true <br/>i'm living proof<br/>mayweather i never lose <br/>i just stick and move<br/>But i'm trying to keep my cool <br/>trying to my cool<br/>나는 그냥 계속 파도타 <br/>straight to the top<br/>남이 뭐라해도 내 할일해 <br/>im on my job<br/>Haters never do much <br/>but they always talk a lot<br/>waves will never die <br/>it's gonna keep on multiplying<br/>i'm just sipping then i wave <br/>my hands from side to side<br/>grabbing on my pants then <br/>stepping left then to the rightful<br/>Tell em Better watch out <br/>you dont’t wanna start a riot<br/>cause i'm gonn dancing <br/>through the night<br/>나는 그냥 춤춰<br/>i'm just trying to keep <br/>from going under<br/>눈을 떴어 made me wiser<br/>미래 봤어 and it’s brigther<br/>Im a fighter a survivor<br/>긴급상황 위기 탈출 like 맥가이버<br/>내 이야기들로 로 이뤄 인생 반전<br/>영화같은 인생 매일 밤 이 명장면<br/>i'mma Get rich or die trying<br/>Diamonds on my roley <br/>told tell me that its My time<br/>일방통행 오직 앞으로만 직진<br/>i'mma go hard <br/>till i get big like 50<br/>you can find me in the club <br/>with a bottle full of bub<br/>everybody fill your cup <br/>but i'm really into drugs<br/>everybody getting lit <br/>everybody showing love<br/>fallen on the mic Cokejazz <br/>on guitar<br/>you can find me in the club <br/>with a bottle full of bub<br/>everybody fill your cup <br/>but i'm really into drugs<br/>everybody getting lit <br/>everybody showing love<br/>fallen on the mic <br/>
"
9912,A SUMMER NIGHT,YoungssonYoungsson,A SUMMER NIGHT,138,<dd>2018.08.17</dd>,"내가 널 원했던<br/>기억이 떠나가네<br/>더 이상 꿈에도<br/>머물지 않네<br/>멍청하게<br/>보냈던<br/>시간과는 담을 쌓네<br/>겨울을 보내고<br/>여름을 맞이해야만 해<br/>You were so beautiful<br/>But not anymore now<br/>네가 나에게서 <br/>떠나고 있다는 걸 <br/>다 알아버린 밤<br/>이제는 그저 아쉬운 추억으로<br/>남아버린 날<br/>적막했던 겨울이 가고<br/>내 머릿속에선 우리가<br/>나누어질 수 있어<br/>이제 하나에서 둘인가<br/>이제야 기다렸던 여름이 와<br/>we ll be alright<br/>it s summer time<br/>축 처졌던 어깨가 <br/>드디어 groovy 하지<br/>괜찮아 내 머릿속은 다시<br/>가득 차있지 긍정으로 <br/>yeah i got a positive mind<br/>시간을 그냥 흘려보냈던 <br/>날 들은 그냥 안 돌려보냈어<br/>그 속에서 배울 건 배웠고<br/>태울건 태웠고 <br/>아름다움만 보겠어<br/>그것만 간직하려고 해<br/>it s summer time<br/>뜨거운 날이 찾아와서<br/>아주 반가운 난<br/>자연스레 흘려보내 이 밤을<br/>now i m so fine<br/>내가 널 원했던<br/>기억이 떠나가네<br/>더 이상 꿈에도<br/>머물지 않네<br/>멍청하게<br/>보냈던<br/>시간과는 담을 쌓네<br/>겨울을 보내고<br/>여름을 맞이해야만 해<br/>You were so beautiful<br/>But not anymore now<br/>네가 나에게서 <br/>떠나고 있다는 걸 <br/>다 알아버린 밤<br/>이제는 그저 아쉬운 추억으로<br/>남아버린 날<br/>아플 땐 아프고<br/>아물 때 아물어<br/>여름이 왔으니<br/>땀 내야지<br/>가만히 있으면<br/>가물어<br/>밤 낮으로<br/>일해<br/>i m gonna harvest like a farmer<br/>억지로 뭘 하기보단<br/>내가 하고픈 걸 찾어<br/>맞아 그래 지금 나는<br/>네가 보듯 낮어<br/>그래서 널 지킬 수 없던<br/>것도 맞아<br/>하나 덕분에 열심히 내<br/>목소리를 갈고닦고 하죠<br/>아플 때 아팠던 모습도<br/>가물가물 한걸<br/>태양이 환히 밝아도<br/>네 모습은 없어<br/>내 무대 위는 까매져<br/>이불 속에 꿈이 밝아도<br/>네 모습은 없어<br/>난 아주 곤히 잠에 들어<br/>이제 굳이 더 찾지 않아<br/>맘이 더 편해져<br/>못 보낼 것 같았던<br/>시간이 너무 빨리 왔어<br/>아마도 다음에도<br/>더 멀리 더 멀리 널<br/>흘려 보 내는 것이<br/>어렵지 않아<br/>내가 널 원했던<br/>기억이 떠나가네<br/>더 이상 꿈에도<br/>머물지 않네<br/>멍청하게<br/>보냈던<br/>시간과는 담을 쌓네<br/>겨울을 보내고<br/>여름을 맞이해야만 해<br/>You were so beautiful<br/>But not anymore now<br/>네가 나에게서 <br/>떠나고 있다는 걸 <br/>다 알아버린 밤<br/>이제는 그저 아쉬운 추억으로<br/>남아버린 날<br/>
"
9913,"19금
쌰이닝 (shine)",한국사람한국사람,전설,366,<dd>2018.10.11</dd>,가사가 없습니다
9914,Bay (Feat. Lym en),필로소퍼 (Feelosopher)필로소퍼 (Feelosopher),Bay,214,<dd>2018.10.25</dd>,"Im in to you bay<br/>넌 내게 마지막<br/>바다같이 흘러들어와<br/>파란 물같이 마시고 마셔도 <br/>더 마시고싶어<br/>기억해 우리의 <br/>summer vacation<br/>햇빛은 아직까지 blazin<br/>술이 이리 단지 몰라 왜인지<br/>여름이라 다시 찾은 bay<br/>계속 우린 <br/>Drawing the blue bay <br/>uh uh 네가 파랬던건<br/>그위 펼쳐져있던<br/>하늘이 지평선 너머 잠기고<br/>아래로 다시 솟아나서<br/>그 안에 우리들을 담아서<br/>일곱살의 낙서처럼 마음대로<br/>나의 젊음을 sketch<br/>woo ya 스물셋살의 bay<br/>이제 다시 없을 마지막<br/>Im in to you bay<br/>넌 내게 마지막<br/>바다같이 흘러들어와<br/>파란 물같이 마시고 마셔도 <br/>더 마시고싶어<br/>기억해 우리의 <br/>summer vacation<br/>햇빛은 아직까지 blazin<br/>술이 이리 단지 몰라 왜인지<br/>여름이라 다시 찾은 bay<br/>계속 우린 <br/>Drawing the blue bay<br/>텅빈 내맘을 채워줄 넌 <br/>so special <br/>always you can get in <br/>to my zone love em all<br/>we're no professionals<br/>but don't wanna <br/>question you no<br/>I Just want you <br/>to swerve in my life<br/>no matter what <br/>you've been through<br/>what I want from you is truth<br/>always I wanna keep movin <br/>movin movin movin with you<br/>drivin and chillin with music<br/>always I'm here to use it<br/>don't you say no<br/>I'm all ready to take off you know<br/>Im in to you bay<br/>넌 내게 마지막<br/>바다같이 흘러들어와<br/>파란 물같이 마시고 마셔도 <br/>더 마시고싶어<br/>기억해 우리의 <br/>summer vacation<br/>햇빛은 아직까지 blazin<br/>술이 이리 단지 몰라 왜인지<br/>여름이라 다시 찾은 bay<br/>계속 우린 <br/>Drawing the blue bay <br/>마찬가지로 <br/>you are in the booth<br/>no gravity <br/>저 별들이 날 당기는중<br/>I don't give a fuck about it<br/>끌리는대로 가고있어 <br/>말했었던 남아일언중천금<br/>즐기면서 돈버는거<br/>내가 말했지 I promised you<br/>bay에서 노는것 또한<br/>나에겐 muse<br/>우리 젊음은 계속해서<br/>나이처럼 푸르고 푸르게 <br/>young 원할거야<br/>Im in to you bay<br/>넌 내게 마지막<br/>바다같이 흘러들어와<br/>파란 물같이 마시고 마셔도 <br/>더 마시고싶어<br/>기억해 우리의 <br/>summer vacation<br/>햇빛은 아직까지 blazin<br/>술이 이리 단지 몰라 왜인지<br/>여름이라 다시 찾은 bay<br/>Im in to you bay<br/>넌 내게 마지막<br/>바다같이 흘러들어와<br/>파란 물같이 마시고 마셔도 <br/>더 마시고싶어<br/>기억해 우리의 <br/>summer vacation<br/>햇빛은 아직까지 blazin<br/>술이 이리 단지 몰라 왜인지<br/>여름이라 다시 찾은 bay<br/>계속 우린 <br/>Drawing the blue bay <br/>
"
9915,수퍼비와 (Inst.) (Prod. BewhY),수퍼비수퍼비,쇼미더머니 777 Instrumental,890,<dd>2018.11.09</dd>,가사가 없습니다
9916,Arrival phobia (Feat. Jclef),Nerdy cokeNerdy coke,인터뷰,395,<dd>2018.11.24</dd>,"피우는 것에는 박수를 치고<br/>시드는 것은 비로 쓸어<br/>배낭을 채울 때의 설렘은<br/>온데 간데 없어<br/>우리 이제 곧<br/>배낭을 게울 때야<br/>하마터면 이뤄질 뻔한<br/>사랑도 없어 다 태워<br/>지극한 현실로 돌아갈거야<br/>무엇이 슬퍼<br/>우린 날 때 부터 을의 일생이잖아<br/>새삼 스러워<br/>어떻게 죽어도 객사하는 삶이야<br/>어떻게 살아도 짐이 되는 몸이야<br/>어디에 살아도 객지에만 침을 흘려<br/>우리네 삶이 그래 우리네 삶이 그래<br/>오오오오오오오오오<br/>우리 이제 돌아가자<br/>오오오오오오오오오<br/>만져본 것 같던 별들도<br/>우리 탐하던 달콤함도<br/>다 잊어버려<br/>흔들던 해먹도 찢어<br/>다 잊어버려<br/>우리 곧 내려<br/>한바탕 꿈으로 부터<br/>지극한 현실로 돌아갈거야<br/>무엇이 슬퍼<br/>우린 날 때 부터 을의 일생이잖아<br/>새삼 스러워<br/>어떻게 죽어도 객사하는 삶이야<br/>어떻게 살아도 짐이 되는 몸이야<br/>어디에 살아도 객지에만 침을 흘려<br/>우리네 삶이 그래 우리네 삶이 그래<br/>
"
9917,SNS 중독 고치는 Love (Prod. By sAewoo),스윙스스윙스,The Intr0,938,<dd>2018.11.30</dd>,"알아 난 알아 난 love <br/>일어나게 해 새벽부터 <br/>salad 먹은 뒤에 배부른 척<br/>sns 중독 고치는 love<br/><br/>강요 안 받고도 변해<br/>급한 성격 천천히  <br/>차분해지는 성격 <br/>힘들 땐 찾아 먼저 <br/>중간 다리는 없어<br/>내일과 매일은 new day <br/>탈색을 한 이유 <br/>걔네 생각은 생각일 뿐 <br/>tread mill 옆엔 u r running too<br/>모든 게 의미가 있어 yea<br/><br/>I can feel the love love love <br/>warmer than the emotions that I had before <br/>said I can feel the love love love yea<br/>pushing me to be stronger <br/>I know you can feel it too <br/><br/>킥보드 위 혹은 business class<br/>navy blue coup 또는 motor cycle<br/>북미, 태국이나 제주 island <br/>anywhere ooh 그냥 가 <br/>anything too 그냥 사 <br/>남북동서 going round and round <br/>홍콩 cookies from out of town <br/>got a lot of guap <br/>got lot to love<br/><br/>I can make her rich <br/>make her take me on a trip<br/>cuz she a lioness <br/>I can turn her to a king <br/>she give me that love <br/>every challenge ain't a thing<br/>I can feel it <br/>I can feel the love <br/>I can feel it <br/>I can feel the love <br/><br/>tick tock <br/>take your time <br/>나가자 <br/>오늘 밤 <br/>no 화장<br/>돈까까지 <br/>요가 바지 <br/>baskin robbins<br/><br/>tick tock <br/>take your time <br/>나가자<br/>오늘 밤 <br/>megabox <br/>너와 나 <br/>red wine<br/>한강 <br/><br/>킥보드 위 혹은 business class<br/>navy blue coup 또는 motor cycle<br/>북미, 태국이나 제주 island <br/>anywhere ooh 그냥 가 <br/>anything too 그냥 사 <br/>남북동서 going round and round <br/>홍콩 cookies from out of town <br/>got a lot of guap <br/>got lot to love<br/><br/>난 알아 너, 넌<br/>그냥 같이만 있으면 된다는 걸 <br/>just me and you <br/>껌딱지 ay<br/>PB&J <br/>Jinu Sean ay<br/>세우 윤훼이 <br/><br/>I can feel the love love love <br/>warmer than the emotions that I had before <br/>said I can feel the love love love yea<br/>pushing me to be stronger<br/>I know you can feel it too<br/><br/>킥보드 위 혹은 business class<br/>navy blue coup 또는 motor cycle<br/>북미, 태국이나 제주 island <br/>anywhere ooh 그냥 가 <br/>anything too 그냥 사 <br/>남북동서 going round and round <br/>홍콩 cookies from out of town <br/>got a lot of guap <br/>got lot to love<br/><br/>알아 난 알아 난 love <br/>일어나게 해 새벽부터 <br/>salad 먹은 뒤에 배부른 척<br/>sns 중독 고치는 love<br/>
"
9918,Emotions (Feat. LOLLY),FUTURISTIC SWAVERFUTURISTIC SWAVER,BFOTY,217,<dd>2018.12.17</dd>,"내가 손뻗었던 곳에 난 닿여 <br/>이제는 알아 돈과 약이 다야 <br/>난 감정도 없앨 수가 있는걸 <br/>다 내꺼가 될거라 믿는걸 <br/>이제 당당하게 띠껍게 살아 <br/>아무것도 안 해도 돈이 많아 <br/>난 이성도 감출 수가 있는걸 <br/>다 엎어버리고만 싶은걸 <br/>날 보고있니 <br/>혹시 날 보고있니 <br/>혹시 날 보고있니 <br/>혹시 날 보고있니 <br/>난 고개도 안숙여 <br/>기분도 항상 죽여 <br/>돈도 신경안쓰여 <br/>맨날 취해서 웃어 <br/>so i'm waiting for your mess wassup <br/>mess wassup <br/>waiting for your mess wassup <br/>please go you gotta make your plan <br/>make your plan <br/>go you gotta make your plan <br/>i'm waiting for your mess wassup <br/>mess wassup <br/>waiting for my mess wassup <br/>please go you gotta make your plan <br/>make your plan <br/>go you gotta make your plan <br/>그 누구보다 탑 다운 <br/>분위기를 난 장착 <br/>they doing rich <br/>i might fuck your money <br/>난 꿈을 이뤄야 해 왕창 <br/>please shut up  <br/>go mix tonic water <br/>니 형들한테주고 <br/>칭찬받어 <br/>날 의심하지마 <br/>still independent <br/>you can ack like me <br/>가서 번호받어 <br/>your boss said i'm so cool boys <br/>니 회장님이야 i'm new boss <br/>매일 일을내지 니네 이름대고 <br/>내 디스곡은 니 축복 <br/>걔넨 이미지 잃고 내게 팔 벌리지 <br/>저는 관심이 없습니다 답변이지 <br/>난 끼어들지 않아 니네 정치질에 <br/>왜냠 미래 여자친구 이름 first lady <br/>so i'm waiting for your mess wassup <br/>mess wassup <br/>waiting for your mess wassup <br/>please go you gotta make your plan <br/>make your plan <br/>go you gotta make your plan <br/>i'm waiting for your mess wassup<br/>mess wassup<br/>waiting for my mess wassup<br/>please go you gotta make your plan<br/>make your plan<br/>go you gotta make your plan<br/>
"
9919,Self Talk (Prod. By sAewoo),스윙스스윙스,Upgrade 0,509,<dd>2018.12.26</dd>,"너가 변함없길 바래<br/>너가 변함없길 바래 <br/>Although people and places change <br/>너를 지킬 만큼 강하길 <br/>끝없는 공격을 받는 너야 <br/>니 비밀들을 지킬 사람은 너야 <br/>니 영웅들도 무너진 걸 봤어 <br/>그들도 너처럼 다 잘났던<br/>But don't ever let that phaze me <br/>미쳐가나? maybe<br/>stress 엄청나 매일 <br/>Yea you gotta save me <br/>넌 내 친구 제일<br/>친한 놈 don't break this<br/>좋은 관계 let's just <br/>take it with some patience <br/>How many hits <br/>does it take to take over the city <br/>How many drinks <br/>does it take to get you to bed<br/>넌 진짜로 필요하지 rest<br/>No 망가지지 않아 <br/>No 넌 내가 너무 알아 <br/>누가 뭐래도 yea <br/>걔들은 익사중야 무지에 <br/>Cuz I want love, love, love, love, love<br/>니 안을 좀 더 볼 필요 있어 <br/>Beautiful is you yea yea yea yea<br/>I'm rooting for you yea yea yea yea yea yea yea <br/>
"
9920,It`s gonna be alright (Feat. WHO$),블랙나인 (BLACK NINE)블랙나인 (BLACK NINE),It`s gonna be alright,478,<dd>2019.01.04</dd>,"it's gonna be alright<br/>나의 버릇이 된<br/>하루가 지나고 it's a lot of stain<br/>이유 없이 눈물이 나다가도<br/>아무렇지 않게 웃어<br/>난 좋은 친구가 될 수 없어<br/>가까이 오지 마 제발<br/>아무 일도 없었어 너까지<br/>날 닮아갈 필요 없어<br/>i don't wanna miss a thing i wish<br/>i don't wanna miss a thing i wish<br/>down on my knee's<br/>down on my knee's<br/>왜 숨을 쉬지 못해<br/>아직 난 어린데<br/>죽지 않게 해달라<br/>기도를 해 매일매일<br/>이제 난 어디에도 없네<br/>이젠 숨 쉬듯이<br/>자연스러운 일이 돼버렸지<br/>i don't mind please leave<br/>don't mind<br/>i don't mind please leave<br/>don't mind<br/>i'll shout it out<br/>like a bird set free<br/>하늘 높이 닿아있지<br/>다들 그대론데 나만 변해있네<br/>어울리지 못해 섞이지도 못해<br/>지킬 힘도 없지<br/>이건 큰 욕심도 아닌데<br/>또 멀어지네<br/>it's gonna be alright<br/>it's gonna be alright<br/>it's gonna be alright<br/>be alright be alright<br/>be alright you know that<br/>it's gonna be alright<br/>it's gonna be alright<br/>it's gonna be alright<br/>be alright be alright<br/>be alright you know that<br/>it's gonna be alright<br/>진심이야 전부 앞으로도<br/>결국 괜찮아질 거야<br/>it's gonna be alright<br/>숨이 막혀와도<br/>별일 아니니까 괜찮아질 거야<br/>it's gonna be alright<br/>사실은 버거워<br/>나도 가끔은 내려놓고 싶어<br/>it's gonna be alright<br/>매일이 힘들어<br/>날 혼자 있게 하지 마 제발<br/>It's gonna be alright<br/>숨을 쉬는 이 시간도<br/>아까워서 숨을 참곤 해<br/>난 간간이 내가<br/>이상하냐라고 묻곤 해<br/>그럼 대부분 넌 멀쩡하다고 말하지<br/>근데 왜 나 혼자 걷고 있어<br/>지금 내 옆엔 누가 남아있어<br/>이 길은 어디 가<br/>끝이고 시작일까<br/>행복하지 않으면 그건 불행인가<br/>필요한가<br/>괜찮은데 왜 매일 나를 괴롭혀<br/>나 좀 내버려 둬<br/>it's gonna be alright<br/>it's gonna be alright<br/>it's gonna be alright<br/>be alright be alright<br/>be alright you know that<br/>it's gonna be alright<br/>it's gonna be alright<br/>it's gonna be alright<br/>be alright be alright<br/>be alright you know that<br/>it's gonna be alright<br/>진심이야 전부 앞으로도<br/>결국 괜찮아질 거야<br/>it's gonna be alright<br/>숨이 막혀와도<br/>별일 아니니까 괜찮아질 거야<br/>it's gonna be alright<br/>사실은 버거워<br/>나도 가끔은 내려놓고 싶어<br/>it's gonna be alright<br/>매일이 힘들어<br/>날 혼자 있게 하지 마 제발<br/>I'm used to loneliness<br/>but I don't want to be forgotten<br/>I'm used to loneliness<br/>but I don't want to be forgotten<br/>I'm used to loneliness<br/>but I don't want to be forgotten<br/>I'm used to loneliness<br/>
"
9921,"19금
신이 내게 온 걸 전부 가져가려해",한국사람한국사람,꽃뱀 : gold digger,418,<dd>2019.02.18</dd>,가사가 없습니다
9922,if ...,kumirakumira,KottonVill : 다락방,156,<dd>2019.03.12</dd>,"생각이 많이 바뀌었는데도<br/>나쁜 생각들은 못지워<br/>행복한 하룰살았는데도<br/>공허함은 나를 멈춰<br/>만약에 만약에 만약에 나<br/>나락에 나락에 나락에<br/>빠진다면 눈을가려<br/>마지막은 나를위한<br/>하룰보내고싶어<br/>자신없는태도<br/>너무불안해서<br/>감정을못감춰<br/>사실 말은 그렇게 해도<br/>안은 나약해서<br/>샛바람에 흔들려<br/>만약 끝이온다면<br/>나를 기억한다면<br/>이런 엔딩이라면<br/>i don't know<br/>모두 지나가겠지<br/>마치 바람과같이<br/>잠깐 추운거겠지<br/>what i want<br/>모두 돌아가겠지<br/>다시 봄이오듯이<br/>그저 삶에끝에서<br/>바라본<br/>만약에 내 욕심때문에<br/>우리가족이 힘든 거라면<br/>모두 엄마가 짊어진다면<br/>그걸 알면서도 포기못해 난<br/>우리 아빤 나의 하룰 벌어<br/>나도 그대의 남은 삶을 벌어서<br/>다시 돌려주고싶어<br/>모두 지나가겠지<br/>마치 바람과같이<br/>잠깐 추운거겠지<br/>what i want<br/>모두 돌아가겠지<br/>다시 봄이오듯이<br/>그저 삶에끝에서<br/>바라본<br/>모두 지나가겠지<br/>마치 바람과같이<br/>잠깐 추운거겠지<br/>what i want<br/>모두 돌아가겠지<br/>다시 봄이오듯이<br/>그저 삶에끝에서<br/>바라본<br/>모두 지나가겠지 <br/>마치 바람과같이 <br/>잠깐 추운거겠지 <br/>what i want <br/>모두 돌아가겠지 <br/>다시 봄이오듯이 <br/>그저 삶에끝에서 <br/>바라본 <br/>
"
9923,여기에 있어,MC 스나이퍼MC 스나이퍼,마이너스1집 (부제: 40),118,<dd>2019.04.05</dd>,"난 누가 뭐래도 늘 여기에 있었어<br/>때로는 위태로워 보여도<br/>나는 내길 여기에 있어<br/>하나둘씩 여길 떠나도<br/>나는 여길 지켰어 그래 난 미쳤어<br/>세상이 나를 비난할 때 조차도<br/>난 여기에 있었어<br/>넌 똥을 누고 나올 때가 달라<br/>넌 똥을 누고 나올 때가 달라<br/>넌 똥을 누고 나올 때가 달라<br/>넌 똥을 누고 나올 때가 달라<br/>난 누가 뭐래도 늘 여기에 있었어<br/>때로는 위태로워 보여도<br/>나는 내길 여기에 있어<br/>하나둘씩 여길 떠나도<br/>나는 여길 지켰어 그래 난 미쳤어<br/>아내가 아프거나 화를 낼 때 조차도<br/>난 여기에 있었어<br/>그게 죄가 됐어<br/>
"
9924,"여름밤의 추억 (One Summer Night) (Chill Hop, Jazz)",나단 (Nadan)나단 (Nadan),잠들기 전 듣기좋은 몽환적인 감성의 Chill한 힙합,38,<dd>2019.05.10</dd>,가사가 없습니다
9925,안아 줄래?,클래디 (ClaD)클래디 (ClaD),Off,57,<dd>2019.05.17</dd>,"혼자 지칠 때 <br/>마다 찾던 사람들 <br/>전부 어디 갔는데 <br/>오늘 밤 사이에 <br/>하루가 가기 전에 <br/>제발 이제 뭐라도 되길 <br/>더 이상 No way <br/>no way <br/>feel like <br/>떠있는 달보다 밝어 <br/>내 걱정은 모른 체 <br/>니가 가고 싶어 하는 곳에 <br/>가자고 그땐 뭘 할까 우리 밤새 <br/>시간이 가는 줄 모르겠어 이 밤엔 <br/>너와의 통화가 길어 졌네 이 참에 <br/>내 걱정을 늘어 놀까 하다 <br/>니 순진한 반응에 끊어버렸지 ye ye <br/>늘 그렇지 A day <br/>나만 우울해 <br/>괜히 기침도해 <br/>시간이 부족해 <br/>니가 보고 싶은데 <br/>이제 난 지칠 것 같애 <br/>현실이 갑갑해질 때에 <br/>편의점 가까이 <br/>문을 향해 <br/>모두 춤추는 밤에 <br/>니가 잠들고 <br/>지친 내 꿈에 <br/>니가 닿으면 <br/>가여운 나의 <br/>뺨을 만지며 <br/>꽉 안아줄래 <br/>그냥 날 안아 줄래 <br/>그냥 날 안아 줄래<br/>그냥 날 안아 줄래<br/>
"
9926,복원 (feat. 구원찬),Fisherman (피셔맨)Fisherman (피셔맨),Well Being,298,<dd>2019.06.26</dd>,"지나간 시간들을<br/>흘려보내지마<br/>
"
9927,"whatever you want (feat. YELLA D, Alisha, BOiTELLO)",WaspWasp,whatever you want,203,<dd>2019.07.24</dd>,"baby whatever you want <br/>why you lookin at me <br/>baby whatever you want <br/>보고 있어 깊이 <br/>그만해 좀 생각 <br/>말해 Right now <br/>언제까지 팔짱 끼게 <br/>whatever you want <br/>why you lookin at me <br/>whatever you want baby boy <br/>니가 하자는대로 <br/>다해도 돼 오늘만큼은 <br/>but keep it on the low <br/>all I need is some good music <br/>and a little alcohol <br/>hey you can be my distraction <br/>yeah you already know <br/>I’m not gonna stay too long <br/>cuz I never do <br/>and this is something <br/>that I usually never do <br/>so whatchu wanna do now <br/>시간이 없잖아 <br/>make up your mind <br/>oh oh oh oh <br/>make make up your mind <br/>make make up your mind <br/>we can do whatever you wanna do <br/>make make up your mind<br/>make make up your mind<br/>we can do whatever you wanna do<br/>whatever you want<br/>whatever you want<br/>baby whatever you want<br/>why you lookin at me<br/>baby whatever you want<br/>보고 있어 깊이<br/>그만해 좀 생각<br/>말해 Right now<br/>언제까지 팔짱 끼게<br/>whatever you want<br/>why you lookin at me<br/>내가 네 새벽을 피어나게<br/>해줬음 한다면 내게 말해줘<br/>해가 떠오르고 나서도<br/>날 바란다면 내게 말해줘<br/>Tonight<br/>We gon' party and party<br/>소음이 싫다면 got it<br/>우리 둘만의 공간에서도<br/>할일은 많지<br/>네가 원하는 달빛이<br/>수면위를 더 비추면<br/>빛나는 그림자 위로<br/>우릴 그려내 줄게<br/>I got too many options<br/>And got none of the problems<br/>너의 눈 안에 잠긴 날<br/>더 가까이 당겨와도 돼<br/>Do that I'll do that<br/>I'll do anything for you<br/>Whatever 내 motto<br/>내 dreams 너의 것<br/>되풀이되지 apprehended<br/>let's pretend like we be addicted<br/>너는 내 호흡기 I be like coco<br/>Sippin' on dom n we be like loco<br/>You be my diamond I be your ring<br/>You be simon I be your D<br/>Full of a sense I be your E<br/>We be like team be supreme<br/>네 허리에 내 손이 닿으면<br/>내 목에 손목을 감아줘<br/>네 하루에 내가 담기면<br/>You'll be my life<br/>And I'll be your guard<br/>네 허리에 내 손이 닿으면<br/>내 목에 손목을 감아줘<br/>네 하루에 내가 담기면<br/>You'll be my life<br/>And I'll be your guard<br/>baby whatever you want<br/>why you lookin at me<br/>baby whatever you want<br/>보고 있어 깊이<br/>그만해 좀 생각<br/>말해 Right now<br/>언제까지 팔짱 끼게<br/>whatever you want<br/>why you lookin at me<br/>
"
9928,OVER N OVER,"myunDo, 최서현myunDo, 최서현",HOUSE PARTY,145,<dd>2019.09.25</dd>,"I don’t remember nothin<br/>부른 기억도 없는데 누구야 너흰<br/>So fucked up last night<br/>화장 번진 채로 입 벌리고 자는<br/>저 앤 기억이 나는 것 같아<br/>She was throwin herself at me<br/>all night like a stripper in a club<br/>술 기운에 넘어갈 뻔했지만<br/>애써 아무렇지 않은 척<br/>아 그리고 쟤<br/>변기 앞에 엎드려<br/>몇 시간째 있는건지<br/>쟤 때문에 난 취한 채로 산신령도<br/>못 하고 숙취를 맞이해<br/>남 탓만 하기엔 나도 딱히<br/>잘한 건 없지<br/>직무유기라고 할지<br/>Instead of spittin<br/>I swallowed some bars<br/>어쩌면 그게 문제였다고 봐<br/>Party’s over<br/>쟤 좀 깨워<br/>Damn hangover’s killing me<br/>inside my brain<br/>Party’s over<br/>쟤 좀 깨워<br/>Damn hangover’s killing me<br/>inside my brain<br/>Henny me sippin henny all night<br/>밝아진 아침<br/>turn off the damn light<br/>No 808 대신 여명 808<br/>음 party’s over 해야 해 나잇값<br/>We made love<br/>잠깐이었지만 평생 잊지 못 할<br/>그런 하룻밤<br/>모르는 번호로 걸려온 전화 ring<br/>Can’t answer and you know why<br/>안 끝날 것 같은 건<br/>왜 이리 빨리 끝나는거야<br/>개같이 놀다가도 우린 각자의<br/>위치로 돌아가<br/>잠깐 쉬었다 가자 또<br/>그래 쉬었다 가자고<br/>놔줄 건 just let it go<br/>Now it’s time to go<br/>Party’s over<br/>쟤 좀 깨워<br/>Damn hangover’s killing me<br/>inside my brain<br/>Party’s over<br/>쟤 좀 깨워<br/>Damn hangover’s killing me<br/>inside my brain<br/>서현 아직도 안 갔어<br/>깔대기로 마실 때부터 알아봤어<br/>Beer bong은 무슨<br/>너 어제 쓴 거 토비 중성화했을 때<br/>쓴 넥칼라거든<br/>아무튼 어제 재밌었다<br/>머리 아픈 거만 빼면<br/>우리 이제 이러다<br/>파티 피플 되는 거 아닌가 모르겠네<br/>집돌이 둘이 하우스 파티<br/>용케 해냈네<br/>형 나도 죽겠어<br/>아니 근데 형은 벌써 술 깼어<br/>아 맞다 that girl last night<br/>Ooh yeah her thighs 다시 보고싶어<br/>그래도 나름 재밌었네<br/>또 하자고 다음 여름에<br/>피자 한 판 시키려는데 어디꺼<br/>먹을꺼야 골라봐 man<br/>Party’s over<br/>쟤 좀 깨워<br/>Damn hangover’s killing me<br/>inside my brain<br/>Party’s over<br/>쟤 좀 깨워<br/>Damn hangover’s killing me<br/>inside my brain<br/>
"
9929,No Fun (Feat. 장석훈),"Maalib, hukky shibasekiMaalib, hukky shibaseki",MSCHF 2018 FW,87,<dd>2019.10.05</dd>,"Turn off the tv and the phone<br/>need to free my thoughts now<br/>all in a rush<br/>catch up to what i got now<br/>in my feelings<br/>i fill my schedule up<br/>i fill it up now<br/>i don’t rap i don’t sing<br/>i’m an artist<br/>그건 뻥이고 i’m a hobbyist<br/>또 뻥이고 i am an asian<br/>search for the 뽕기<br/>back to the basics<br/>i should go to the 학원<br/>learn more korean<br/>but these days living in moment<br/>기회들이 지나가도<br/>i don’t care about you<br/>i’m just finding my balance<br/>in the club doing 관재탑<br/>seoul시 no guns no drugs<br/>used to dance like iggy pop<br/>now i’m 28 that is no fun<br/>stevie nicks on angel dust<br/>when i sing a song with 통기타<br/>spin it all around like 티키타<br/>rhythm에 마쳐봐 딴따라<br/>never stop<br/>my seoul friends can’t tell if<br/>i’m spitting my mind or<br/>spitting out english<br/>so i gotta go 구원 pow pow like<br/>jyp and play the idiot<br/>last year voted<br/>for the first time in my life<br/>i’m a civilian<br/>sitting here waiting<br/>for my military date<br/>like a civilian<br/>came a long way<br/>from private schools<br/>with weird professors<br/>running they mouth<br/>bout my asian market<br/>turn kim and lee into steve<br/>jobless<br/>without a language<br/>heart broken into little pieces<br/>soul splitting into broken english<br/>gyopo gone wild with zero balance<br/>Thank god i’m done with that shit<br/>Thank god i’m here with this shit<br/>born in 91 still committing<br/>mischief<br/>Turn off the tv and the phone<br/>need to free my thoughts now<br/>all in a rush<br/>catch up to what i got now<br/>in my feelings<br/>i fill my schedule up<br/>i fill it up now<br/>
"
9930,whereyougoin?,BRADYSTREETBRADYSTREET,Cocaine Lullaby Remastered,62,<dd>2019.10.11</dd>,"Shawty where you’re goin<br/>시간이 일러<br/>Take another shot<br/>you aint had enough<br/>Smoking hella gas<br/>I think im in love<br/>I don’t wanna fuck<br/>we just having fun<br/>Shawty where you’re goin<br/>시간이 일러<br/>Take another shot<br/>you aint had enough<br/>Smoking hella gas<br/>I think im in love<br/>I don’t wanna fuck<br/>we just having fun<br/>다른 남자들은 전부 강간범<br/>Treat you like hoe<br/>bunch of fucking bums<br/>All l about the lust<br/>I don’t see no love<br/>Baby u know<br/>I’m the only one to trust<br/>woah woah poppin<br/>smoking im in love<br/>woah woah<br/>아직 시간이 일러<br/>woah woah no<br/>I cannot take a loss<br/>woah woah only<br/>know how to floss<br/>Shawty where you’re goin<br/>시간이일러<br/>Take another shot<br/>you aint had enough<br/>Smoking hella gas<br/>I think im in love<br/>I don’t wanna fuck<br/>we just having fun<br/>Shawty where you’re goin<br/>시간이 일러<br/>Take another shot<br/>you aint had enough<br/>Smoking hella gas<br/>I think im in love<br/>I don’t wanna fuck<br/>we just having fun<br/>복잡하게 생각하지 마<br/>take a hit 맘을 비워놔<br/>힘든 시간들은 다 지나<br/>오늘만 즐기면 되니까<br/>yuh yuh late night sipping henny<br/>no we aint popping xannies<br/>big gas we got plenty<br/>yuh yuh 내일 걱정하지 마<br/>어차피 힘들 거니까 생각은 내려놔<br/>Shawty where you’re goin<br/>시간이일러<br/>Take another shot<br/>you aint had enough<br/>Smoking hella gas<br/>I think im in love<br/>I don’t wanna fuck<br/>we just having fun<br/>Shawty where you’re goin<br/>시간이 일러<br/>Take another shot<br/>you aint had enough<br/>Smoking hella gas<br/>I think im in love<br/>I don’t wanna fuck<br/>we just having fun<br/>
"
9931,Colors,BRADYSTREETBRADYSTREET,Cocaine Lullaby Remastered,41,<dd>2019.10.11</dd>,"니 여친이 날 follow<br/>하지만 나는 unfollow<br/>악마의 유혹은 달어<br/>돈 땜에 영혼을 팔어<br/>Tired of living in sorrow<br/>그래서 이젠 막 살어<br/>신사임당 to dollars<br/>my money different colors<br/>my money different colors woah<br/>my money different colors ya<br/>my money different colors woah<br/>my money different colors ya<br/>my money different colors woah<br/>my money different colors ya<br/>my money different colors woah<br/>my money different colors ya<br/>성호 외국물 쳐먹어<br/>I’m from overseas woah<br/>요즘 래퍼들 다 똑같아 왜 이리 쉬워<br/>이제 더 이상 아픈 기억들 저리 치워<br/>남을 깎아내리는 너희들 너무 미워<br/>힘들었던 날들 생각하면 너무 서러워<br/>양심 없는 사람들 인간관계는 어려워<br/>눈동자를 보면 니 맘을 알 수가 있어<br/>I’m the mofuckin man<br/>이제 돈을 벌어woah<br/>니 여친이 날 follow<br/>하지만 나는 unfollow<br/>악마의 유혹은 달어<br/>돈 땜에 영혼을 팔어<br/>Tired of living in sorrow<br/>그래서 이젠 막 살어<br/>신사임당 to dollars<br/>my money different colors<br/>my money different colors woah<br/>my money different colors ya<br/>my money different colors woah<br/>my money different colors ya<br/>my money different colors woah<br/>my money different colors ya<br/>my money different colors woah<br/>my money different colors ya<br/>혼자일 땐 외로워 같이 있음 괴로워<br/>맘의 상처 메꿔줘 돈이 날 위로해줘<br/>혼자일 땐 외로워 같이있음괴로워<br/>맘의 상처 메꿔줘 돈이 날 위로해줘<br/>they keep on faking on me<br/>plotting and scheming on me<br/>hate on me but they want me<br/>I got the demons with me<br/>fuck boys not you<br/>ain’t stopping me<br/>I got the cheat code<br/>I got the keys<br/>sipping on henny no 막걸리<br/>꼰대들 you cannot fuck with me<br/>말라버린 랩 게임을 구해 난 messiah<br/>내 가사 너무 뜨거워<br/>I be spitting fire<br/>머릿속엔 작전들이 너무 가득해 woah<br/>영혼이 담겨있냐가 우리들의 차이야<br/>니 여친이 날 follow<br/>하지만 나는 unfollow<br/>악마의 유혹은 달어<br/>돈 땜에 영혼을 팔어<br/>Tired of living in sorrow<br/>그래서 이젠 막 살어<br/>신사임당 to dollars<br/>my money different colors<br/>my money different colors woah<br/>my money different colors ya<br/>my money different colors woah<br/>my money different colors ya<br/>my money different colors woah<br/>my money different colors ya<br/>my money different colors woah<br/>my money different colors ya<br/>
"
9932,shots!,BRADYSTREETBRADYSTREET,Cocaine Lullaby Remastered,45,<dd>2019.10.11</dd>,"Shot shots too many<br/>Big gas I got plenty <br/>Mixed drinks too tasty<br/>Calling uber no bentley<br/>My life so simple<br/>But it ain’t so sinful<br/>Popping bottle like pimple <br/>Smoke a blunt let’s mingle <br/>Shot shots too many<br/>Big gas I got plenty <br/>Mixed drinks too tasty<br/>Calling uber no bentley<br/>My life so simple<br/>But it ain’t so sinful<br/>Popping bottle like pimple <br/>Smoke a blunt let’s mingle<br/>데려가 니 여자친구 <br/>she telling me that she a single <br/>I cannot fuck with these bimbos <br/>I don’t want no fucking scandal <br/>please let go of your ego <br/>then you can be my amigo<br/>you gotta love yourself tho <br/>제발 니 자신을 믿어 <br/>bitch im lit like a candle <br/>living a life i can’t handle <br/>tired of living in shadows <br/>all these hoes they be shallow<br/>mixing up gin and tonic <br/>fell in love with the narcotics<br/>og cookies I got it <br/>yesh I’m really iconic <br/>all these bottles pop a lot <br/>뭐든지 난 다골라<br/>내 인생 dont give a fuck <br/>alcohol in my double cup<br/>I just wanna live in peace<br/>절대 안해 허튼짓<br/>제발 시비 걸지마<br/>my lawyer pull up in your block<br/>Shot shots too many<br/>Big gas I got plenty <br/>Mixed drinks too tasty<br/>Calling uber no bentley<br/>My life so simple<br/>But it ain’t so sinful<br/>Popping bottle like pimple <br/>Smoke a blunt let’s mingle <br/>Shot shots too many<br/>Big gas I got plenty <br/>Mixed drinks too tasty<br/>Calling uber no bentley<br/>My life so simple<br/>But it ain’t so sinful<br/>Popping bottle like pimple <br/>Smoke a blunt let’s mingle<br/>
"
9933,Aoi Sola,ChaboomChaboom,SWEETS & BITTERS,130,<dd>2019.10.14</dd>,"푸른 하늘 푸른 하늘<br/>난 날아 자유롭게 날아<br/>난 날아 자유롭게 날아가<br/>나도 알아 쉽지만은 않아<br/>그래도 난<br/>어려서부터 나의 꿈은 꽤나 심플<br/>이쁜 여자 넓은 집과 벤츠 S클<br/>컴퓨터 바탕화면에 깔아 위시리스트를<br/>비타민 C쯤 쌍큼한 내 기분<br/>아오이소라 아오이소라 좋은 이름<br/>딱이야 그녀 사진 위에 깔린 곡들이<br/>날 데려주겠지 저 푸른 하늘<br/>아래 꽉 찬 무대 위 90분<br/>난 잡아야 해 기회 뒤에 부유한 미래<br/>양손엔 24K 다이아 반짝여 레드카펫<br/>위 끌어 현금 가득한 내 끌대<br/>기 모아 저 위로 가볼래<br/>aoi sola aoi sola aoi sola<br/>aoi sola aoi sola aoi sola<br/>baby look up in the sky<br/>저 하늘을 바라봐<br/>난 뭐든 될 수 있어 저 하늘로 날아가<br/>aoi sola aoi sola aoi sola<br/>aoi sola aoi sola aoi sola<br/>baby look up in the sky <br/>저 하늘을 바라봐<br/>난 뭐든 될 수 있어 저 하늘로 날아가<br/>시간은 빠르게 흐르지 우사인 볼트<br/>우사인 볼트 우사인 볼트가 왜 빠른지<br/>아직도 전혀 모르지만 난 freakin' 다 하지<br/>노예몬 노예인 노예나라 노예천국 노예<br/>현실의 무게는 다르지<br/>인터스텔라 인터스텔라 인터스텔라가<br/>그래서 뭐 어떻게 된 건지 모르지만<br/>난 중력에 찌부됐지 gravity gravity gravity<br/>틱탁틱탁 하이힐 소리처럼<br/>매력적으로 다가와 두근댔었던 심박<br/>심각심각 골 지점은 저 먼 데<br/>앵꼬나 멈춰 난 비상 깜빡이 킨 다음<br/>검은 하늘 검은 하늘 망한 기분<br/>흑역사 싸커킥에 상처뿐인 이불<br/>누나 자리엔 하늘하늘 yeah<br/>잔뜩 쌓인 파일에 <br/>이쁜 얼굴 다 가려 가격표만 보이네<br/>aoi sola aoi sola aoi sola<br/>aoi sola aoi sola aoi sola<br/>baby look up in the sky<br/>저 하늘을 바라봐<br/>난 뭐든 될 수 있어 저 하늘로 날아가<br/>aoi sola aoi sola aoi sola<br/>aoi sola aoi sola aoi sola<br/>baby look up in the sky<br/>저 하늘을 바라봐<br/>난 뭐든 될 수 있어 저 하늘로 날아가<br/>난 너무 지쳤어 난<br/>난 너무 지쳤어 난<br/>넘어졌지 또 넘어졌지<br/>저 위로 하늘이 보여 새하얀<br/>아니 천장이 보여 새하얀<br/>자유롭지 않아 난<br/>푸른 하늘이 안 보여 어떡해 엄마<br/>푸른 하늘<br/>푸른 하늘<br/>푸른 하늘<br/>은하수 하얀 쪽배에<br/>
"
9934,너뭔데,MFBTYMFBTY,Dream Catcher,98,<dd>2019.11.10</dd>,"길던 짧던 높던 낮던 <br/>내 멋대로 가로 세로 <br/>나 내키 내키는 대로 <br/>갈 테니까 <br/>말리지 마 <br/>싫으면 메롱 <br/>좋던 싫든 웃던 울던 내 멋대로 <br/>세모 네모 <br/>내키는 내키는 대로 갈 테니까 <br/>말리지 마 싫으면 메롱 <br/>먹던 말던 걷던 날던 <br/>내 pace 에 race 해 base in your <br/>face 내가 싫으면 은 기억에서 <br/>erase해 <br/>넌 뭔데 날 판단해 <br/>넌 뭔데 날 판단해 <br/>넌 뭔데 날 판단해 <br/>넌 뭔데 날 판단해 <br/>넌 뭔데 날 판단해 <br/>넌 뭔데 날 판단해 <br/>넌 뭔데 날 판단해 <br/>넌 뭔데 날 판단해 <br/>초면에 체면 차리다가 달라지는 <br/>너와 달라 <br/>멋모르고 판단하다 가다가는 <br/>니 이마는 뭉개지는 두부 두부 <br/>두부 두부 두부 <br/>자나자나 깨나깨나 자나깨나 나는 <br/>꺾어 <br/>히죽히죽 섣불리 날 판단하고 <br/>비웃는 니 콧대는 <br/>내 발바닥에 구두구두구두구두 <br/>달아 달아 밝은 달아 이태백이 <br/>놀던 달아 <br/>저기 저기 저 달 속에 내 꿈나무 <br/>박아서면 리듬으로 찍어내어 <br/>내 멋대로 다듬어 <br/>내 쉰 웃음 가듬어 <br/>6대4 내 가르마 때때로는 바람 <br/>따라 갈라 갈라 갈라지고 <br/>하나 남은 내 사랑은 내 머리가 <br/>쉬어 버려도 <br/>천년 만년 살고 살고 살고 살고 지고 <br/>내가 싫으면 은 기억에서 erase해 <br/>넌 뭔데 날 판단해 <br/>넌 뭔데 날 판단해 <br/>넌 뭔데 날 판단해 <br/>넌 뭔데 날 판단해 <br/>넌 뭔데 날 판단해 <br/>넌 뭔데 날 판단해 <br/>넌 뭔데 날 판단해 <br/>넌 뭔데 날 판단해 <br/>살이 찌던 말던 니가 나를 <br/>먹여살려주니 <br/>주름피던 말던 니가 내 시간을 <br/>돌려주니 <br/>입만 살아 눈만 살아 <br/>겉과 속이 달라 <br/>매일 나불 나불거려 <br/>너는 매일 목이 말라 <br/>미쳤니 yeah yeah <br/>미쳤어 yeah yeah <br/>미쳤니 yeah yeah <br/>미쳤어 <br/>내 pace 에 race 해 <br/>base in your face <br/>내가 싫으면은 기억에서 erase해 <br/>넌 뭔데 날 판단해 <br/>넌 뭔데 날 판단해 <br/>넌 뭔데 날 판단해 <br/>넌 뭔데 날 판단해 <br/>넌 뭔데 날 판단해 <br/>넌 뭔데 날 판단해 <br/>넌 뭔데 날 판단해 <br/>넌 뭔데 날 판단해 <br/>내 pace 에 race 해 <br/>base in your face <br/>내가 싫으면은 기억에서 erase해 <br/>넌 뭔데 날 판단해<br/>넌 뭔데 날 판단해<br/>넌 뭔데 날 판단해<br/>넌 뭔데 날 판단해<br/>넌 뭔데 날 판단해<br/>넌 뭔데 날 판단해<br/>넌 뭔데 날 판단해<br/>넌 뭔데 날 판단해<br/>내 멋대로 가로 세로<br/>나 내키 내키는 대로<br/>갈 테니까<br/>말리지 마<br/>싫으면 메롱<br/>
"
9935,Instinct,ONEONE,PRVT 01,288,<dd>2019.11.11</dd>,"이 밤을 견디기 아직 나는 어린가<br/>이 밤은 너무 길고 나는 생각이 많아<br/>네게 전화 걸어 다시 외로운 이 밤<br/>내 머릴 비워줘 너와의 자극적인 밤<br/>내가 필요하면 너는 나의 옆에<br/>너가 필요하면 나는 항상 없기에<br/>책임지지 못 할 말은 그냥 안 해<br/>가끔 너는 말해 너는 이럼 안 돼<br/>Ooh ooh 내가 이기적<br/>고칠 수 없어 난 이미<br/>하지말라 하면 더 해<br/>Yeah yeah yeah yeah<br/>Ooh ooh 내가 이기적<br/>떠나줄래 내게서 멀리<br/>마지막으로 한잔 더<br/>Yeah ooh yeah yeah<br/>가끔 나는 나를 속여<br/>가끔 나는 내 목을 조여<br/>나는 너의 사랑 안 뺏어<br/>나의 맘은 너무 약해서<br/>나의 모든 거를 뺏어<br/>괜찮은 척 말아 애써<br/>금방 사라질 거라고 아마 우린<br/>기억도 안 날 거라고 어땠는지<br/>만나자 꿈속에서 사라져 깨면<br/>난 니 사랑 안 뺐어 꿈에서 깨면<br/>언제까지 이럴지 나도 모르겠어<br/>어제부터 내일 기억을 없애겠어<br/>아마도 평생  하겠지 후회<br/>얼마나 오래 기억도 안 나네<br/>Ooh ooh 내가 이기적<br/>고칠 수 없어 난 이미<br/>하지말라 하면 더 해<br/>Yeah yeah yeah yeah<br/>Ooh ooh 내가 이기적<br/>떠나줄래 내게서 멀리<br/>마지막으로 한잔 더<br/>Yeah ooh yeah yeah<br/>가끔 나는 나를 속여<br/>가끔 나는 내 목을 조여<br/>나는 너의 사랑 안 뺏어<br/>나의 맘은 너무 약해서<br/>나의 모든 거를 뺏어<br/>괜찮은 척 말아 애써<br/>
"
9936,Night Time Ride,ONEONE,PRVT 01,273,<dd>2019.11.11</dd>,"2 am it’s late night<br/>너무 많은 내 생각<br/>잘수있겠냐 내가 필요해 진정제가<br/>어지러운 이 세상<br/>난 치를 꺼야 내 죗값<br/>현찰로 전부 계산<br/>너를 떠난 뒤 매일 밤<br/>미친 듯이 벌어 그게 너를<br/>잊기 위한 방법 도망치듯이<br/>이 밤을 달려 니 기억에<br/>또 한 알을 더 삼켜<br/>기다리지 않아<br/>난 기다릴 시간 없으니까 진짜<br/>정신을 놔야만 하지 잊어 너와의 밤<br/>환상을 봤지 이 현실 속에서 난<br/>원해 더 많이 원해<br/>더 많이 driving by myself<br/>이 밤이 나를 불러<br/>니 생각들을 죽여<br/>더 많은 돈을 불려<br/>너희 질투를 다 느껴<br/>NIGHT TIME RIDE<br/>내 목소리가 들리면은 숨어<br/>NIGHT TIME RIDE<br/>연기로 가득 차 너 내는 못 숨셔<br/>In the late night<br/>I'll be staying up<br/>In the late night 날 못 묶어<br/>In the late night<br/>I'll be staying up<br/>In the late night 날 못 묶어<br/>전화긴 꺼놔 쓸데없는 여자<br/>애들의 연락이 와 내 소식은 묻지 마<br/>집중해야만 하니 소식을 끊어야지<br/>나를 찾지 말길 떠나있을게 잠시<br/>나한테 돈을 걸길 불려줄게 몇 배로<br/>차가운 여기 밤공기<br/>나한테 영감을 줘 더<br/>착한 척 안 하지<br/>난 맘에 안 들면 꺼져<br/>Rich or die do or die<br/>아직은 멀었어<br/>이 밤이 나를 불러<br/>니 생각들을 죽여<br/>더 많은 돈을 불려<br/>너희 질투를 다 느껴<br/>NIGHT TIME RIDE<br/>내 목소리가 들리면은 숨어<br/>NIGHT TIME RIDE<br/>연기로 가득 차 너 내는 못 숨셔<br/>In the late night<br/>I'll be staying up<br/>In the late night 날 못 묶어<br/>In the late night<br/>I'll be staying up<br/>In the late night 날 못 묶어<br/>
"
9937,솔직,ONEONE,PRVT 01,260,<dd>2019.11.11</dd>,"아무 생각 안 해 너와<br/>있을 때면 난 너의 눈을 봐<br/>너의 눈동자는 날 꿰뚫어 봐<br/>다 아는 것만 같아 내가 숨겨놨던 밤<br/>전부 털어 내가 가진 비밀을<br/>용서해줘 내가 했던 나쁜 짓을<br/>너의 영혼을 날 씻겨주는 기분<br/>네가 지어줄래 새로운 내 이름<br/>네가 어디를 가든<br/>따라갈래 거가 뭐 지옥이라도<br/>나는 오직 너만 같이<br/>있을 때면 솔직해져 아니<br/>이 느낌<br/>단 하나의 거짓 없이<br/>빈말 안 해 난 차렸지 정신<br/>멈춰버려 시간은 천천히<br/>너의 허벅지는 너무 부드럽지<br/>즐기고 싶어 이 고통까지<br/>너와 있으면 상관이 없지<br/>이게 꿈이라면 그냥 머물러있어<br/>너도 나처럼<br/>나와같이 오늘만 살지<br/>너와 같이 빛나고 싶어<br/>너 빼곤 이 방에 있는 사람들이 싫어<br/>내 뒤에서 쟤넨 전부 질투하고 있어<br/>답답한 이 옷을 그냥 벗어버리고 싶어<br/>네가 어디를 가든<br/>따라갈래 거가 뭐 지옥이라도<br/>나는 오직 너만 같이<br/>있을 때면 솔직해져 아니<br/>이 느낌<br/>우린 다르지<br/>근데 영혼은 닮았지<br/>더 올라가지<br/>우린 지금 가볍지<br/>네가 어디를 가든<br/>따라갈래 거가 뭐 지옥이라도<br/>나는 오직 너만 같이<br/>있을 때면 솔직해져 아니<br/>이 느낌<br/>
"
9938,"19금
GUN POWDER (Feat. JUSTHIS)",록스 펑크맨록스 펑크맨,THE RED APPLE,165,<dd>2019.11.23</dd>,가사가 없습니다
9939,Never wake up,비비 (BB)비비 (BB),나뿐인것같아,103,<dd>2019.12.16</dd>,"넌 내게 짓궂은 그 장난할 때가<br/>넌 그때가 가장 너다워<br/>헝클어진 머리에 나를 볼 때가<br/>넌 그 때가 제일 아름다워<br/>너란 꿈에서 난 <br/>i don't wanna wake up <br/>다정한 네 말에 취해 never wake up<br/>밝은 아침이 찾아와도 never wake up<br/>and i don't wanna wake up<br/>I'm gonna make you <br/>big shining more than ever<br/>we'll gonna get the big stars<br/>날아가자 저 위로 <br/>지금 모습 그대로 티 한 장에 <br/>편한 웃음으로 내 곁에만 있어주면 돼<br/>지친 하루 끝 마지막은 <br/>나는 항상 니 목소리로 <br/>가득 차 있으면 해<br/>니 올라가는 입 꼬리를 보며 <br/>나도 몰래 깨지 않는 <br/>깊은 잠에 들었으면 해<br/>넌 내게 짓궂은 그 장난할 때가<br/>넌 그때가 가장 너다워<br/>헝클어진 머리에 나를 볼 때가<br/>넌 그 때가 제일 아름다워<br/>너란 꿈에서 난 i don't wanna wake up<br/>다정한 네 말에 취해 never wake up<br/>밝은 아침이 찾아와도 never wake up<br/>너란 꿈에서 난 i don't wanna wake up<br/>Deep sweet dreams <br/>with your big smiling<br/>그게 내일 하루를 또 버텨내게 만드니까<br/>날 웃게 만드니까<br/>난 니 생각 하나면 <br/>내일 하루 종일 비가와도 되니까<br/>넌 맨 얼굴이 예쁘니까 지워도 돼 <br/>make up<br/>내 앞에서는 맘껏 취해도 돼 drink up<br/>쓸데없이 서로를 계산하지 않아도 돼 <br/>넌 진짜 너를 보여줘도 돼<br/>사실 나는 불안해<br/>이기적인 생각이지만 <br/>너만큼은 내 곁에서<br/>무슨 일이 생기더라도 <br/>날 못 떠났으면 해<br/>so just baby girl <br/>언제까지라도 날 네 얘기로 <br/>노래 부르게 해줘<br/>그리고 please girl<br/>넌 지금처럼 서로를 마주보고 <br/>이렇게 네 머릴 쓰다듬게 해 줘<br/>넌 내게 짓궂은 그 장난할 때가<br/>넌 그때가 가장 너다워<br/>헝클어진 머리에 나를 볼 때가<br/>넌 그 때가 제일 아름다워<br/>너란 꿈에서 난 i don't wanna wake up<br/>다정한 네 말에 취해 never wake up<br/>밝은 아침이 찾아와도 never wake up<br/>너란 꿈에서 난 i don't wanna wake up<br/>다정한 네 말에 취해<br/>너란 꿈에서 난 i don't wanna wake up<br/>
"
9940,"Slatt (Feat. Lil Off, Wvy Dog, 순정보이) (Prod. Wvy Dog)",포이 (POY)포이 (POY),Slatt,84,<dd>2019.12.19</dd>,"yeah 밤을 샜고 해가 뜨고 <br/>퇴근한 놈 It's me <br/>매일 같이 그럼 <br/>따라오는 돈은 Kiss me <br/>근데 돈 안 좇아 돈이 나를 지명수배 <br/>다른 차원의 스킬 랩 갓 나를 숭배 <br/>암것도 모르겠어 <br/>그냥 뱉을 뿐인데 Killin' <br/>타고난 거 걍 해 <br/>유행 따라가다 멘탈 찢김 <br/>즐기자고 하는 음악에 <br/>누군 정답 강요해 <br/>난 거기 자빠졌네 slatt slatt slatt <br/>챙겨 나의 Slatt <br/>Givenchy in my bag <br/>Ballin' wit my gang everyday <br/>챙겨 나의 Slatt <br/>Givenchy in my bag <br/>Ballin' wit my gang everyday <br/>챙겨 나의 Slatt <br/>Givenchy in my bag <br/>Ballin' wit my gang everyday <br/>챙겨 나의 Slatt <br/>Givenchy in my bag <br/>Ballin' wit my gang everyday <br/>그래 예전에 한 건 미미해 <br/>이제 크긴 Biggie <br/>쭉 늘어났네 치즈스틱 <br/>Boom Bap King yeah Me Me <br/>누군 인정 못해 yo <br/>누군 인정 안 해 yo <br/>누군 인정할 때 yo <br/>누구임 같게 <br/>나는 인정했어 널 <br/>그리고 반복적이던 1년이 지났지 뭐 <br/>위치를 전과 비교해봐도 <br/>이건 좀 억울해 <br/>노력해 비해 위치가 좀 그르네 <br/>운이 좀 별로다 말하긴 <br/>성격이 안돼 핑계 같아 <br/>너무해 너무해 너무해 <br/>척추 접어 바로 <br/>요새 힙합 탑승해 나도 <br/>대센 누가 ㄸㄹ인가고 <br/>가랑이가 찢어진다고 <br/>걍 하던 거 해 내 자리로 <br/>돌고 돌아왔네 다시 또 <br/>사람은 원래 변하지만 <br/>한 가진 아냐 나의 마음속 <br/>나는 이제 군대 가도 평생 워커홀릭 <br/>나는 이제 떠나지만 평생 워커홀릭 <br/>나는 군대 제대해도 평생 워커홀릭 <br/>나는 절대 못 멈춰 걍 평생 워커홀릭 <br/>챙겨 나의 Slatt <br/>Givenchy in my bag <br/>Ballin' wit my gang everyday <br/>챙겨 나의 Slatt <br/>Givenchy in my bag <br/>Ballin' wit my gang everyday <br/>챙겨 나의 Slatt <br/>Givenchy in my bag <br/>Ballin' wit my gang everyday <br/>챙겨 나의 Slatt <br/>Givenchy in my bag <br/>Ballin' wit my gang everyday <br/>wo ah 우린 every day 오르는 주가 <br/>작업물이 쌓일수록 <br/>오르내리는 의성어 우와 <br/>yeah Hungry 부르주아 yeah <br/>아마도 우린 주몽처럼 알에서 부화 <br/>작업 속도는 또 쿠팡 yeah <br/>앞에 또 보이는 건 blue <br/>하늘만 보고 있는 기분이야 cupe <br/>우리는 흑연에서 올라가지 금 <br/>한웅큼쥐고 악당처럼 <br/>랩퍼는 또 커리어 <br/>내가 가져가서 sorry 해 <br/>내 아이디어를 또 서리해 <br/>처음 시작부터 던져졌지 거리에 <br/>but 이제 우린 너희들의 머리에 <br/>깃발을 꼽고 <br/>소리 질러 그럼 돌아오는 메아리에 <br/>we vs we 우리의 라이벌은 we <br/>그럼 더 올라가지 위 <br/>그럼 더 신경 안 써 밑 <br/>계속 내리쬐는 빛 뱉어내 <br/>내 마우스피스 <br/>한일전이라도 된 듯이 <br/>난 승리 밖에 win <br/>내 homie 내 친구 챙기는 법 난 몰라 <br/>오히려 내 목을 신이 나서 더 졸라 <br/>그래도 오늘은 내가 살게 다 골라 <br/>마시고 죽자고 기가 막히네 Cola <br/>톡톡톡 톡톡톡톡 톡톡톡 톡톡 쏴 <br/>톡톡톡 톡톡톡톡 톡톡톡 톡톡 쏴 <br/>열심히 하다가 어느새 생겼네 <br/>새로운 식구 ay ay ay <br/>열심히 하다가 보니까 이런 게 <br/>이젠 너무 쉽고 ay ay ay <br/>그래 난 외로웠지 외로웠지 외로웠지 <br/>혼자라 괴로웠지 괴로웠지 괴로웠지 <br/>이제 난 새로운 team <br/>새로운 team 새로운 team <br/>힙합 scene 새로 고침 <br/>새로 고침 새로 고침 <br/>챙겨 나의 Slatt <br/>Givenchy in my bag <br/>Ballin' wit my gang everyday <br/>챙겨 나의 Slatt <br/>Givenchy in my bag <br/>Ballin' wit my gang everyday <br/>챙겨 나의 Slatt <br/>Givenchy in my bag <br/>Ballin' wit my gang everyday <br/>챙겨 나의 Slatt <br/>Givenchy in my bag <br/>Ballin' wit my gang everyday <br/>나를 보면 얼어 <br/>내 손목도 얼어 <br/>불법적이지만 나는 어쨋든 다 걸어 <br/>Ballin' wit my gang <br/>엄마를 위해 <br/>가짜 래퍼 다 죽이고 저위로 갈래 <br/>Low-eyed like a zoombie <br/>쌍카포 like <br/>Hop in porsche Whippin' <br/>사인으로 말해 <br/>분칠한 래퍼들을 다 죽인 나는 범인 <br/>분칠한 래퍼들을 다 죽인 나는 범인 <br/>YSL jean은 흘러내려 <br/>24시간이랑 바꿔내 24k <br/>Fendi Dior 내가 다 만들어 <br/>첫차는 droptop <br/>길거리가 나의 선생 <br/>이제 나는 못 빼 <br/>rapper 분칠 <br/>Dripin' 멋을 흘림 <br/>챙겨 나의 Slatt <br/>Givenchy in my bag <br/>Ballin' wit my gang everyday <br/>챙겨 나의 Slatt<br/>Givenchy in my bag<br/>Ballin' wit my gang everyday<br/>
"
9941,아 (Feat. 이영지),"Rovxe, GoldashRovxe, Goldash",BLANK,76,<dd>2020.02.07</dd>,"하루 종일 pain이 되어봐도 <br/>이 세상 hell<br/>i just wanna feel it <br/>오 난 하루 만을 봤는데<br/>maybe we could thought<br/>장난은 치지 마<br/>oh how you thinkin bout<br/>금 갔지 전부 미안<br/>하루를 버티기 버거워 <br/>멀리 떠날까 봐 ay<br/>아무튼 너와의 관계가 <br/>추억으로 기억될까 ay<br/>i just wanna feel it <br/>진짜 난 하루밖에 못 봤는데<br/>i just wanna think it <br/>애매한 사람으로 남기가<br/>두렵지<br/>약을 안 해서 의지하지도 못해<br/>내 피 눈물같이 난 떨어지기만 해<br/>친구 새낀 나를 자랑이라 하고 <br/>내가 낸 곡들을<br/>따라 부름 울컥해<br/>방 안에 갇혀 깜깜한 밤 속<br/>아무도 모르는 호흡을 뱉어<br/>누군가 내걸 듣고선 새겨<br/>이 말 한마디가 내 인생에 나를<br/>아 아 <br/>애초에 정답은 없는 길 <br/>아 아 <br/>돈보다 소중한 친구들과 <br/>아 아 <br/>혼자서 소리쳐봐도 모르겠어 <br/>아 아 <br/>금재가 항상 옆에서 붙들어 주기에 <br/>i feelin with a no xan<br/>i feel cold when i call up goldash<br/>we just confirm who were us<br/>but i don't know 진짜 모르겠어<br/>너를 더 이상 못 볼 수도<br/>너를 더 이상 못 볼 수도<br/>이게 어떤 의미인지도<br/>몇 년 후에 이걸 이해해줘 아<br/>cuz when i'm fallin' down<br/>나에겐 덮여 loneliness<br/>why you acting <br/>지겨워 매일 같은 lie<br/>just give me one more sec<br/>돈은 안 바래<br/>don't touch me<br/>내 머리 속 굴레에서 <br/>그냥 자유롭길 바래 <br/>wanna go high <br/>할 말 너무 많고<br/>이거 뱉는게 꼭 숙명같애<br/>가끔은 다 엎고만 싶어<br/>칼을 갈아 더 벌어 담아 못 미덥네<br/>오래 닳게끔 외치면 아마 <br/>닿을 때가 있겠지<br/>but 봐 난 아직은 <br/>can't recognize it all<br/>recognize it all<br/>아 아 <br/>애초에 정답은 없는 길 <br/>아 아 <br/>돈보다 소중한 친구들과 <br/>아 아 <br/>혼자서 소리쳐봐도 모르겠어 <br/>아 아 <br/>금재가 항상 옆에서 붙들어 주기에 <br/>maybe love is test for my pain<br/>i don't wanna pop more xan <br/>so you wanna change <br/>i just want love that <br/>i can find for my heart<br/>maybe love is test for my pain<br/>i don't wanna pop more xan <br/>so you wanna change <br/>i just want love that <br/>i can find for my heart<br/>
"
9942,15(feat. 함모협),UNTITLEDSUNTITLEDS,Remember 2019,144,<dd>2020.02.11</dd>,"15년 인생에서<br/>후회하는 일은 많아<br/>15년 밖에 안 살았는데<br/>왜 그래 나만<br/>뭐 어쩌겠어<br/>이 또한 전부 다 지나가리<br/>좋은 기억도<br/>많이 남았잖아 지금까지<br/>15년 인생에서<br/>좋았던 일들도 많아<br/>15년 동안<br/>좋았었던 일이 왤케 많아<br/>남은 인생도<br/>좋은 일들로만 가득하길<br/>UNTITLEDS<br/>우리 앞으로도 항상 행복하자<br/>실패도 많이 해봤고<br/>잠수도 한 번 타봤어<br/>물론 자랑은 아니고<br/>후회 많이 하고 있어<br/>지금 생각하면 그때 왜 그랬을까<br/>후회가 되지만 근데<br/>but 나는 어쩔 수 없어<br/>우린 완벽하지 않으니까<br/>이번이 처음 살아보는 거잖아<br/>난 15년만 살아봤지만<br/>좋은 것들만 평생 나는 볼거야<br/>15년 인생에서<br/>후회하는 일은 많아<br/>15년 밖에 안 살았는데<br/>왜 그래 나만<br/>뭐 어쩌겠어<br/>이 또한 전부 다 지나가리<br/>좋은 기억도<br/>많이 남았잖아 지금까지<br/>15년 인생에서<br/>좋았던 일들도 많아<br/>15년 동안 좋았었던<br/>일이 왤케 많아<br/>남은 인생도<br/>좋은 일들로만 가득하길<br/>UNTITLEDS<br/>우리 앞으로도 항상 행복하자<br/>나 혼자 방에서 밤마다 불러요<br/>근데 이제 내 목소리가<br/>전국에 퍼지지<br/>나 혼자 방에서 밤마다 꿈꾸던<br/>그 순간들이 내 눈앞에서<br/>현실이 됐지<br/>날 불러 밤하늘 작은 별이<br/>달빛도 나를 반겨주지<br/>힘들어 사람들 마주하기<br/>오늘 도망가 나는 다시<br/>15년 인생에서<br/>후회하는 일은 많아<br/>15년 밖에 안 살았는데<br/>왜 그래 나만<br/>뭐 어쩌겠어 이 또한<br/>전부 다 지나가리<br/>좋은 기억도<br/>많이 남았잖아 지금까지<br/>15년 인생에서 좋았던<br/>일들도 많아<br/>15년 동안<br/>좋았었던 일이 왤케 많아<br/>남은 인생도<br/>좋은 일들로만 가득하길<br/>UNTITLEDS<br/>우리 앞으로도 항상 행복하자<br/>
"
9943,"19금
Gucci Mane (Feat. BRADYSTREET)",AshirooAshiroo,Born Broke Die Rich 2,57,<dd>2020.02.11</dd>,가사가 없습니다
9944,클럽에서 (Feat. Holmsted),NUMERO (누메로)NUMERO (누메로),클럽에서,26,<dd>2020.02.17</dd>,"홀로 집에 멍하니 누워<br/>폰만 또 만지작거려<br/>자존심 때문에<br/>누구에게 만나자는 건<br/>못하지 안 익숙한 걸<br/>친구들의 연락에<br/>무심한 척 거릴 나와 aye<br/>난 외롭지 않은<br/>티를 내 웃다가<br/>향했던 클럽 몸치 박치<br/>난 싫은데 여기 떠밀려 왔어<br/>지독한 담배 연기<br/>술 취한 사람 속에<br/>난 춤도 못 춰<br/>한 가운데 멍하니 서 있어<br/>내 친구는 저마다<br/>여자의 허릴 잡고<br/>입술을 맞추고<br/>난 부러워 시선을 돌렸지<br/>그 곳에서 널 yeah<br/>바라봤어 널 yeah yeah<br/>노랜 시끄럽고<br/>나처럼 여기 어울리지 않게<br/>홀로 서있던 너<br/>춤을 추지 않아도 yeah<br/>남자들이 와서 네게<br/>유혹을 해도 넌<br/>무심한 듯 보내<br/>눈이 마주친 건<br/>나의 기분 탓인 걸까<br/>네게 말을 걸어볼까 고민해<br/>as this song<br/>isn't good on this club<br/>I wanna dance but<br/>standin' like a fool oh yeah<br/>as this fuckin' song<br/>isn't good on this club<br/>how can I be with you<br/>I just let you go yeah yeah<br/>I don't know how dance<br/>I don't know why<br/>I stand in this club<br/>나의 손 안에 쥐인 술잔들엔<br/>왜 벌써 비었는지 술도 안 취해<br/>여기 담배 연기와 낯선 향도<br/>가득 채운 baseline과<br/>강한 sound도<br/>왜 날 괴롭히는지<br/>난 움직이지를 못해<br/>음 저 여자 허릴<br/>잡고 싶지도 않네<br/>그곳에서 널<br/>나는 멍하니 서서<br/>노랜 시끄럽고<br/>여길 가득 채운<br/>덩치들 사이로<br/>너를 보고 나는 기웃해<br/>눈에 띄지 않아도 yeah<br/>남자들이 오네 너에게 yeah yeah<br/>다가갈까 고민해<br/>나도 저 놈들 속엔<br/>같이 섞이지는 싫어<br/>너를 보며 고민해<br/>as this song<br/>isn't good on this club<br/>I wanna dance but<br/>standin' like a fool oh yeah<br/>as this fuckin' song<br/>isn't good on this club<br/>how can I be with you<br/>I just let you go yeah yeah<br/>as this song<br/>isn't good on this club<br/>I wanna dance but<br/>standin' like a fool oh yeah<br/>as this fuckin' song<br/>isn't good on this club<br/>how can I be with you<br/>I just let you go yeah yeah<br/>
"
9945,Omnibus,크록 (CROQ)크록 (CROQ),How Can I Forget You,30,<dd>2020.02.23</dd>,"yeah<br/>from the soul to the universe<br/>난 이렇게 오늘도<br/>내 흔적을 남겨 여기에 이렇게<br/>day is a dream<br/>feeling hot already <br/>뜨거워진 느낌<br/>가끔씩 우린 선을 넘어도 안 밉지<br/>spending money like <br/>뭐 될 대로 되라지<br/>feel like fuck it 깨어봤자 <br/>우린 모순 덩어리야<br/>흉터가 많아도 돼<br/>내면이 깨끗하다면<br/>좀 돌아가도 지식보다<br/>지혜가 있다면<br/>총대를 매도 돼 <br/>날 믿을 동료가 있다면<br/>망해도 돼 내 곁을<br/>지킬 그대만 있다면<br/>항상 옳은 편은 아니야<br/>증명해야 될 게 많지<br/>너와 나는 말이야<br/>누굴 사랑한다고<br/>그와 동시에 누군 밉다고<br/>싫다고 말한 그 대가는<br/>보면 안다고<br/>huh 야 시비 걸어<br/>시비 걸어 시비 걸어<br/>뾰로통 하고 쌓아둘 거면<br/>그 자리에서 털어<br/>넌 내가 누군지 잘 몰랐대<br/>나 역시도 안중에도 없던 것 같아<br/>ya ya<br/>tryna hold on before I explode <br/>다들 가리려고만 해 문제들은 더욱<br/>취해있기 싫다는 그 말에 취했고<br/>제일 높고 제일 빨라야만<br/>할 수 있지 호흡<br/>내가 바란 미랜 이게 절대 아냐 <br/>긴 막대기만을 기다려<br/>난 게임 중이야<br/>세상이 붉게 타올라도 우린 언제나<br/>안전하다고 믿기에<br/>외치지 못하지 mayday<br/>단 한 번도 가본적 없는 곳<br/>돈이 많아도 아무나 할 수 없는 것<br/>나의 영혼을 회복할<br/>그 어떤 뭔가가 필요하지<br/>과부하가 이미 난<br/>걸려버린 거라면 어떨까<br/>뻔뻔하게 남의 아이디어를 훔쳐<br/>안일함이 과한 경우가 또 보여<br/>what do you get <br/>영혼 없는 몸이 다야<br/>다시 완전해지고파<br/>과부하가 걸려버린 우리의 시스템<br/>이 걸음걸이론 어디도 가지 못하고<br/>어디로 가는지도 몰라<br/>십리도 못가 발병 나<br/>밤새 머릴 싸매며 쓴 멜로디가<br/>하늘에 휘날리게 yeayeah<br/>밤새 머릴 싸매며 쓴 멜로디가<br/>하늘에 휘날려 멀리멀리 떠도네<br/>oh oh oh oh no<br/>oh oh oh oh no<br/>저 지평선 아래로<br/>떨어지기 직전인 해와<br/>많이 닮아있는 듯해 난<br/>절대 영원하지 않기에 나의 빛은<br/>그저 조금이라도 더 멀리 닿길<br/>다 이용할 수 있어 난<br/>날갤 펼치고픈 나의 소망<br/>모조리 다 먹겠다는 욕심이<br/>적어도 지금은 필요해 보이기에<br/>꾹꾹 눌러댔어 이 슬픔<br/>그 또한 우리 추억과 한 묶음<br/>이젠 안돼 이젠 못 봐 못 닿아<br/>아쉬움과 미안함 또 섭섭함<br/>다시 말할게 이걸로 끝<br/>올라갈게 떨어지지 않고<br/>다시 말할게 이걸로 끝<br/>올라갈게 위만 볼게<br/>여기보다 더 보기 좋은 경치에<br/>홀로 하늘 높이 더 올라가<br/>이뤄내고 더 이뤄<br/>이뤄내고서도 또 이뤄<br/>다 느껴야만 해 흠뻑<br/>그 누가 알아 대체<br/>뭘 알아 절대 아무도<br/>이 마음을 이해할 순 없어<br/>
"
9946,"바보처럼 (Feat. 인크레더블, 베이니플)",롱드라이브 (Long Drive)롱드라이브 (Long Drive),EP.01,43,<dd>2020.02.26</dd>,"내 머린 망가졌나봐 진짜 난 바보야<br/>절대로 다시 안 돌아가<br/>지금이 난 좋아<br/>WOO WOO 아무 생각 없이 바보처럼<br/>아무 생각 없이 바보처럼 바보처럼<br/>WOO BABY 난 고통을 잘못 느껴<br/>하루 종일 가만히 있는 게 좋은 걸<br/>맨 정신은 너무 부담스러워<br/>아무것도 없음 술이라도 마셔<br/>맛탱이 갔지 I'M FUCKED UP 내<br/>시곈 망가졌어 지금 이대로 멈춰<br/>약속들은 까먹었어 다 껌뻑 몰라<br/>몰라 몰라 난 아무것도<br/>미뤄 미뤄 미뤄 계획들은<br/>전부 뒤로 질려 질려 질려<br/>앨범 3개 UNOFFICAL<br/>나만 듣고 나만 좋아<br/>욕 할라면 돈 가져와 약이랑<br/>여자가 좋아 잘 못 벌어도 걍 놀아<br/>내 머린 망가졌나봐 진짜 난 바보야<br/>절대로 다시 안 돌아가<br/>지금이 난 좋아<br/>WOO WOO 아무 생각 없이 바보처럼<br/>아무 생각 없이 바보처럼 바보처럼<br/>When I look at myself<br/>in the mirror<br/>Just take a back<br/>나도 변한 내가 보여<br/>여전히 난 i don’t care<br/>원해 멜로 영화 같은 인생 혹은 최고<br/>하고픈 데로 살아<br/>허나 제일로 게을러 uh<br/>너무 많은 시간 계획들을 뒤로 미뤄<br/>고민 따윈 안 해<br/>쌓인 머리 속을 비워<br/>계속 쌓여가는 일<br/>so tired need the chill<br/>성공이라 말해 내가 걸어가는 길이<br/>not bad 난 지금 이 순간을<br/>즐긴다고 God bless<br/>갈수록 점점 이상해져가 내 상태<br/>해 뜨고 다음날이 찾아와도<br/>맛탱이 가있는 내 모습을<br/>걍 지나쳐줄래<br/>내 머린 망가졌나 봐 진짜 난 바보야<br/>절대로 다시 안 돌아가<br/>지금이 난 좋아<br/>WOO WOO 아무 생각 없이 바보처럼<br/>아무 생각 없이 바보처럼 바보처럼<br/>
"
9947,자기전에,"온수 (ONSOO), 타투 (TATU)온수 (ONSOO), 타투 (TATU)",자기전에 (Last Night),19,<dd>2020.02.28</dd>,"내 옆에 곤히 잠든 널 보며<br/>이불을 덮어주고 머리를 넘겨<br/>왼쪽 뺨을 어루만지면서<br/>입을 맞추고 조용히 속삭여<br/>많이 미안하고 고마워<br/>너가 있어 다행이야 사랑해<br/>우리 결혼하자 조금만 기다려<br/>그때는 정말 내가 행복하게 해줄게<br/>부스스한 얼굴로 마주 보는 아침<br/>어제 꿈을 꾼 거냐던 너의 물음에<br/>반짝였던 그 눈에 비친 내 모습이<br/>보다 초라해서 고개를 떨구면서<br/>꿈 일 거라 했지<br/>난 그래 아직 모든 게 두려워<br/>언젠가 너가 내 곁을<br/>떠날 것만 같아서<br/>며칠째 같은 꿈을 계속 꿔<br/>그곳에는 언제나 우리 함께 있어<br/>넌 기억할까 어젯밤에 했던 말을<br/>꿈이 아니라 내 진심이었단 걸 말야<br/>넌 기억할까 어젯밤에 했던 말을<br/>꿈이 아니라 내 진심이었단 걸 말야<br/>call me before you sleep<br/>oh I like it when you sleep<br/>call me before you sleep<br/>oh I like it when you sleep<br/>call me before you sleep<br/>oh I like it when you sleep<br/>call me before you sleep<br/>oh I like it when you sleep<br/>Morning call 대신 Night call<br/>숨소리만 들어도 좋은 걸<br/>지금도 네가 옆에 있는 듯해서<br/>핸드폰을 너로 착각할 뻔했어<br/>오늘도 내일도 꿈나라에도<br/>따라갈 거야 네가 날 기억 못 해도<br/>잠이 오지 않던 밤 날 위해<br/>아침 해를 보고 잠든 너<br/>이런 표현 진부한 걸 알지만<br/>더 잘할게 절대 한눈팔지 마<br/>네 마음 아프게 한 적 많지만<br/>용서해줄래<br/>하루 종일 니 생각에 빠져<br/>난 오늘도 잠에 들지 못해<br/>넌 기억할까 어젯밤에 했던 말을<br/>꿈이 아니라 내 진심이었단 걸 말야<br/>넌 기억할까 어젯밤에 했던 말을<br/>꿈이 아니라 내 진심이었단 걸 말야<br/>call me before you sleep<br/>oh I like it when you sleep<br/>call me before you sleep<br/>oh I like it when you sleep<br/>call me before you sleep<br/>oh I like it when you sleep<br/>call me before you sleep<br/>oh I like it when you sleep<br/>
"
9948,COLD WORLD,Johnny WonderJohnny Wonder,COLD WORLD,2,<dd>2020.03.02</dd>,"Drippin’ Tears Give me Love <br/>Drink and Fade I need more <br/>Imma give her All my Love <br/>Fuck It's Cold World <br/>Yeah I don't know what <br/>Drippin’ Tears Give me Love <br/>Drink and Fade I need more <br/>Imma give her All my Love <br/>Fuck It's Cold World <br/>Yeah I don't know what <br/>Alibi I can go to anywhere <br/>Alibi we can make another plan <br/>On tonight 데려와 내 devil <br/>I walk alone again <br/>I need your fuckin' hands <br/>Open Doors huh I never goin' down <br/>My Time right now <br/>You cannot see my heart <br/>차라리 Dance all 차라리 Dive fall <br/>사랑은 다시 또 사랑은 어딨어 <br/>난 자비 원해 너에겐 안 바래 <br/>달콤한 열매 너에겐 안 줄래 <br/>나는 안 변해 갈 길을 가야해 <br/>나는 다 비워내 모든걸 원하기에 <br/>I gotta <br/>I know Trust Nobody yeah <br/>I know You don't think of me yeah <br/>I know Drink can't help us <br/>What a fuck yeah <br/>Yeah It's Cold yeah <br/>Drippin’ Tears Give me Love <br/>Drink and Fade I need more <br/>Imma give her All my Love <br/>Fuck It's Cold World <br/>Yeah I don't know what<br/>Drippin’ Tears Give me Love<br/>Drink and Fade I need more<br/>Imma give her All my Love<br/>Fuck It's Cold World<br/>Yeah I don't know what<br/>Baby What you need<br/>말해줘 여기<br/>혼자 서 있기에<br/>저 별처럼 높이<br/>We shine a light beam<br/>The Money I believe<br/>여전히 눈물이<br/>내 맘은 똑같지<br/>Im going in paradise<br/>여길 벗어나<br/>잊어버려 다<br/>술에 취한 밤<br/>Stand alone oh please<br/>Come and Watch my pain<br/>Tell me Why you hate<br/>차가운 마음에<br/>Mama told me<br/>Holy God with me<br/>Lost old Thang<br/>Dream Look at me<br/>Gotta Run Away<br/>Dancin' with a Xan<br/>Johnny one of kind<br/>Love fuckin' All Tonight<br/>I know Trust Nobody yeah<br/>I know You don't think of me yeah<br/>I know Drink can't help us<br/>What a fuck yeah<br/>Yeah It's Cold yeah<br/>Drippin’ Tears Give me Love<br/>Drink and Fade I need more<br/>Imma give her All my Love<br/>Fuck It's Cold World<br/>Yeah I don't know what<br/>Drippin’ Tears Give me Love<br/>Drink and Fade I need more<br/>Imma give her All my Love<br/>Fuck It's Cold World<br/>Yeah I don't know what<br/>
"
9949,777 (Feat. $UPRA),GENE$ISGENE$IS,777,2,<dd>2020.03.03</dd>,"너는 나의 777 너는 나의 Heaven <br/>Heaven Heaven <br/>너는 나의 777 너는 나의 Heaven <br/>Heaven Heaven <br/>너는 나의 77777 너는 나의 Heaven <br/>Heaven Heaven Heaven Heaven <br/>너는 나의 77777 너는 나의 Heaven <br/>Heaven Heaven Heaven Heaven <br/>넌 나의 Lucky 7 <br/>구름 위를 걷는 기분 <br/>넌 나의 Real Heaven <br/>천국에서 사는 기분 <br/>You know how i feel 야 아 <br/>너도 나와 같은 Feel 야 아 <br/>You and i 언제나 너와 나 <br/>같은 곳을 향해 걸어가 <br/>너는 나의 777 너는 나의 Heaven <br/>Heaven Heaven <br/>너는 나의 777 너는 나의 Heaven <br/>Heaven Heaven <br/>너는 나의 77777 너는 나의 Heaven <br/>Heaven Heaven Heaven Heaven <br/>너는 나의 77777 너는 나의 Heaven <br/>Heaven Heaven Heaven Heaven <br/>이 밤을 밝게 비춰줘 <br/>거친 비는 다 그쳤어 <br/>네 품에서야 나 잠들어 <br/>너만 있으면 다 빛나 더 <br/>온 세상이 다 눈부셔 늘 천국 같아 <br/>따뜻하게 웃어줄 땐 정말 천사야 다 <br/>내게 더 더 깊이 더 새겨 넣고 싶어 <br/>오늘 밤엔 더 <br/>너는 나의 777 너는 나의 Heaven <br/>Heaven Heaven <br/>너는 나의 777 너는 나의 Heaven <br/>Heaven Heaven <br/>너는 나의 77777 너는 나의 Heaven <br/>Heaven Heaven Heaven Heaven <br/>너는 나의 77777 너는 나의 Heaven <br/>Heaven Heaven Heaven Heaven <br/>너는 나의 777 너는 나의 Heaven<br/>Heaven Heaven<br/>
"
9950,탈 (Feat. JIK),VIN:O (빈오)VIN:O (빈오),MAKE THE WORLD,15,<dd>2020.03.03</dd>,"Look at mama 탈<br/>다시 Look at papa 탈<br/>아닌것처럼 다시<br/>Like a look at rama 탈<br/>뭐가 애가 타<br/>아니 그러다간 탈<br/>날것만 같아 털어 니들 탈까지 다<br/>Take off 탈 Yo<br/>Take off Take off 탈 Yo<br/>Make off fire Yo<br/>Make off Make off fire Yo<br/>Take off 탈 Yo<br/>Take off Take off 탈 Yo<br/>Make off fire Yo<br/>Make off Make off fire Yo<br/>표정 풀어<br/>second hand의 ring을 Roll<br/>이빨 까는 소리 들려<br/>참으려니 내 귀에 또<br/>여태까진 look around<br/>진아 불 꺼놔 Fucking 벗어 탈<br/>썩어빠진 태도에 날 묶어놔 Ya<br/>아직도 변함이 없대<br/>내게 Like that<br/>여전히 웃고 속는 것도 어린 나이때<br/>I’m so busy<br/>언제 시간이 비지<br/>But easy 꺼진 불을<br/>근데 다시 난 피우지<br/>When 뜨겠지 Fuck<br/>못가 넌 Major<br/>계속해 씹어봐 Uh<br/>널 잡는 Ranger<br/>그래 벗겨줄게 Make up<br/>니 Rainbow color Faker<br/>껍데긴 Hate it Hate it<br/>Your 탈을 또 다시 Take off<br/>I've been looking like the man<br/>with the plan Ya<br/>I've been looking like the man<br/>with the plan<br/>이유는 모르겠지<br/>니가 말한 우정은 100<br/>매번 똑같잖아<br/>다른 척 하지말고 믿지 왜<br/>Look at mama 탈<br/>다시 Look at papa 탈<br/>아닌것처럼 다시<br/>Like a look at rama 탈<br/>뭐가 애가 타<br/>아니 그러다간 탈<br/>날것만 같아 털어 니들 탈까지 다<br/>Take off 탈 Yo<br/>Take off Take off 탈 Yo<br/>Make off fire Yo<br/>Make off Make off fire Yo<br/>Take off 탈 Yo<br/>Take off Take off 탈 Yo<br/>Make off fire Yo<br/>Make off Make off fire Yo<br/>뭘해도 탓<br/>없어 내탓<br/>지껄여봐 oh yeah<br/>관대해 나<br/>look at me 나<br/>매일번창 oh yeah<br/>니네 또 앞에 가면 벗고 나면<br/>눈을 깔어 내밑을 깔어 yeah<br/>앞에 뒤에 옆을 좀봐 누구 없어 니<br/>걱정할 부모님 기도 들어봤잖니<br/>새꺄 형이 말하는거 새겨들었니<br/>I just whipped your ass yeah eh<br/>나 진짜 탈쓰면 주 원없이<br/>찾아야되는 그 각<br/>시탈되 나한대 맞으면<br/>단 두대 제대로 내미는 각<br/>잡고 난 oh wait<br/>눈을 떠 go away<br/>너는 또 겁내 eh yeah<br/>Look at mama 탈<br/>다시 Look at papa 탈<br/>아닌것처럼 다시<br/>Like a look at rama 탈<br/>뭐가 애가 타<br/>아니 그러다간 탈<br/>날것만 같아 털어 니들 탈까지 다<br/>Take off 탈 Yo<br/>Take off Take off 탈 Yo<br/>Make off fire Yo<br/>Make off Make off fire Yo<br/>Take off 탈 Yo<br/>Take off Take off 탈 Yo<br/>Make off fire Yo<br/>Make off Make off fire Yo<br/>
"
