5501,이별인가요,강태풍강태풍,이별인가요,2,<dd>2019.04.08</dd>,"그대 내게 말을 하네요<br/>잘못 들은 건지 다시 물었죠<br/>이젠 이별해야 할 것 같다고<br/>너무 힘들었단 말을 하네요<br/>정말 이별인 게 맞나요<br/>우린 여기까지 끝인건 가요<br/>아직 주지 못한 사랑이 많은<br/>나는 어떡하라고 그러시나요<br/>잘 지내란 말은 다 소용없어요<br/>그대가 없으면 난 아무것도 아니죠<br/>되돌릴 수 없다고 그대 말을 하고<br/>뒤돌아서서 나를 떠나가네요<br/>헤어졌어요 오늘 헤어졌어요<br/>아직도 믿을 수가 없어 거짓말 같아<br/>눈물도 안 나와요<br/>이렇게 날 떠나간다면<br/>이미 그대는 날 지운 거겠죠<br/>사랑한다고 몇 번 말했었는지<br/>차라리 수백 번 말했더라면 이렇게<br/>후회되지 않겠죠<br/>그대에게 잘못한 일만<br/>자꾸 생각나 가슴이 시려요<br/>그댄 항상 내 곁에 있을 것 같은<br/>생각에 그대를 막 대해버렸던 거죠<br/>안심했어 그대는 항상 내 거라고<br/>그래서 그댈 많이 아프게 했죠<br/>헤어졌어요 오늘 헤어졌어요<br/>아직도 믿을 수가 없어 거짓말 같아<br/>눈물도 안 나와요<br/>이렇게 날 떠나간다면<br/>이미 그대는 날 지운 거겠죠<br/>사랑한다고 몇 번 말했었는지<br/>차라리 수백 번 말했더라면 이렇게<br/>후회되지 않겠죠<br/>그대에게 잘못한 일만<br/>자꾸 생각나 가슴이 시려요<br/>제발 내게로 돌아오세요<br/>
"
5502,열여덟 꽃,양아인양아인,1919 유관순 OST,42,<dd>2019.04.08</dd>,"내 고향 집에는 내 좋아하는 꽃피어 <br/>울긋불긋 곱게도 웃겠지요 <br/>창 넘어 반짝이는 별을 보다 웅크려 <br/>그리운 얼굴들을 불러봅니다 <br/>지키리라 사랑하는 것들을 <br/>부르리라 잃어버린 이름들 <br/>모진 바람 불어와 <br/>수 천 번을 꺽이고 꺽여도 <br/>지키리라 사랑하는 것들을<br/>부르리라 잃어버린 이름들<br/>모진 바람 불어와<br/>수 천 번을 꺽이고 꺽여도<br/>피우겠습니다<br/>영원히 끄지 않을 이 작은 불꽃을<br/>당신의 마음 위로 밝혀 봅니다<br/>지키리라 사랑하는 것들을<br/>부르리라 잃어버린 이름들<br/>모진 바람 불어와<br/>수 천 번을 꺽이고 꺽여도<br/>지키리라 사랑하는 것들을<br/>부르리라 잃어버린 이름들<br/>모진 바람 불어와<br/>수 천 번을 꺽이고 꺽여도<br/>피우겠습니다<br/>피우겠습니다<br/>
"
5503,그대의 손(feat.유단비),염평안염평안,그대의 손,75,<dd>2019.04.08</dd>,"그대가 나의 손이 되었던 날들<br/>그대의 손을 기억해요<br/>그 따스한 손 고마운 손<br/>내게 사랑을 건네주었죠<br/>그대가 나의 발이 되었던 날들<br/>그대의 발을 기억해요<br/>내가 가려 했던 그 곳으로<br/>그대 언제나 함께 했었죠<br/>기억해요 고마워요<br/>나의 손과 발이 되어준 그대<br/>그대의 손이 사랑이었고<br/>그대의 발이 함께였어요<br/>나도 그대의 손과 발 되어<br/>늘 그대의 사랑이고파<br/>나의 작은 사랑 받아주오<br/>나도 그대처럼 사랑하고파<br/>기억해요 고마워요<br/>나의 손과 발이 되어준 그대<br/>그대의 손이 사랑이었고<br/>그대의 발이 함께였어요<br/>나도 그대의 손과 발 되어<br/>늘 그대의 사랑이고파<br/>나의 작은 사랑 받아주오<br/>나도 그대처럼 사랑하고파<br/>나도 그대처럼<br/>나도 그대처럼<br/>나도 그대처럼 사랑하고파<br/>늘 그대를 사랑하고파<br/>
"
5504,어느날 언젠가,김희탁김희탁,어느날 언젠가,24,<dd>2019.04.08</dd>,"이별 노래는 이제 지겹고<br/>사랑 노래는 들리지 않아<br/>일탈을 꿈꾸는 깊은 밤 노래는<br/>공허하고 허무해<br/>조용히 스며드는 불안함<br/>잠 못드는 하루가 늘어나<br/>언제부터일까 밤을 지새는 건<br/>익숙하고 무덤덤해<br/>내겐 내겐 내겐<br/>구름아 부탁해 달을 가리지 말아라<br/>고단한 미소 지워지지 않도록<br/>무의식 넘어 친구들의 안녕도<br/>내일에 내가 웃을 수 있도록<br/>무의미한 한숨 늘어가고<br/>지친 발걸음 견뎌보지만<br/>거짓말이 늘어 나는 괜찮다고<br/>미소 짓고 감추곤 해<br/>구름아 부탁해 석양을 지우지마라<br/>저무는 아름다움 그 자유로움을<br/>무의식 너머 지나간 아픔들도<br/>마주한 내가 안아줄 수 있도록<br/>이젠 말해봐 너 살아있음을<br/>낡아진 시간에 스스로 가두고<br/>멈춰버린 태엽 속에 나를 꺼내줘<br/>잃어버린 날들에 헤매고 있다면<br/>하늘아 부탁해 제발 날 잡아줘<br/>라 라 라 라  라<br/>라 라 라 라  라<br/>라 라 라 라  라<br/>라 라 라 라  라<br/>라 라 라 라  라<br/>라 라 라 라  라<br/>
"
5505,인생,구본웅 (Ku Bon Woong)구본웅 (Ku Bon Woong),인생,0,<dd>2019.04.08</dd>,"우리가 가야 하는 곳은<br/>멀고 험한 길이야<br/>사랑에 빠져 좋을때도<br/>감당 못할 슬픔이 있어<br/>항상 좋을 수는 없겠지<br/>우리가<br/>매일 기쁠 수는 없겠지<br/>세상은<br/>신발을 신고 산을 올라<br/>숲과 나무 울창해<br/>새로운 시작 두려움들<br/>올라오면 사라져 버려<br/>항상 좋을 수는 없겠지<br/>우리가<br/>매일 기쁠 수는 없겠지<br/>세상은<br/>항상 좋을 수는 없겠지<br/>우리가<br/>매일 기쁠 수는 없겠지<br/>세상은<br/>
"
5506,불면증,히키 (Hickee)히키 (Hickee),불면증,"1,454",<dd>2019.04.07</dd>,"이렇게 깨어버리면 난<br/>왜 네가 보이는 거야<br/>사라진 밤 대신 찾아온 넌<br/>왜 여기 있는데<br/>보고 싶지 않아 널<br/>점점 더 해지는 널<br/>다 지워 버리고 싶어<br/>날 가득 안고 속삭였던 밤<br/>꿈같던 시간이<br/>잠들 수 없게 해<br/>그런 곳이 있을까<br/>네가 하나도 없는 곳 원래 그랬듯이<br/>그런 곳이 있을까<br/>네가 하나도 없는 곳 원래 그랬듯이<br/>그렇게 아침이 돼<br/>별 달라지는 건 없어<br/>되려 더 끔찍하게<br/>선명해진 네가 있을 뿐<br/>보고 싶지 않아 널<br/>점점 다가오는 널<br/>다 지워 버리고 싶어<br/>네 손을 잡지 않고<br/>걷던 길 하나도 없는데<br/>어딜 갈 수 없어 난<br/>그런 곳이 있을까<br/>네가 하나도 없는 곳 원래 그랬듯이<br/>그런 곳이 있을까<br/>네가 하나도 없는 곳 원래 그랬듯이<br/>나는 할 수 있을까<br/>널 몰랐던 그 밤처럼 편히 잠드는 일<br/>나는 할 수 있을까<br/>네가 있던 그 거리를 웃어넘기는 일<br/>또 밤은 찾아오고<br/>맴도는 널 바라봐<br/>너도 지금 나처럼<br/>꽤 많이 지쳐 보여<br/>그만<br/>그런 곳이 있을까<br/>네가 하나도 없는 곳 원래 그랬듯이<br/>그런 곳이 있을까<br/>네가 하나도 없는 곳 원래 그랬듯이<br/>나는 할 수 있을까<br/>널 몰랐던 그 밤처럼 편히 잠드는 일<br/>나는 할 수 있을까<br/>네가 있던 그 거리를 웃어넘기는 일<br/>
"
5507,너에게 가는 길,옐로우 벤치 (Yellow Bench)옐로우 벤치 (Yellow Bench),너에게 가는 길,577,<dd>2019.04.07</dd>,"한마디 말 못 하고 서성거리던<br/>너의 뒷모습이 전부였던 난<br/>언제나 내 마음을 돌려 말하며<br/>늘 니 주윌 맴돌았었는데<br/>어느새 내 손을 꼭 잡고 웃는 너<br/>눈을 맞춰도 난 꿈인 것 같아<br/>네 생각에 잠 못 들던 그 많은 밤들<br/>이젠 웃어넘길 추억<br/>너에게 달려가는<br/>이 길이 너무 좋아서<br/>멀리 손 흔드는 네 모습에<br/>웃음이 멈추질 않아<br/>아껴둔 내 사랑을 다 주고 싶어<br/>널 힘들게 했던 그 시간이<br/>그 이별이 이젠 고마울 뿐이야<br/>말론 다 할 수 없는 나의 마음을<br/>어떻게든 보여주고 싶은데<br/>어떤 말을 뒤져 봐도 표현이 안돼<br/>사랑한다는 말 밖엔<br/>너에게 달려가는<br/>이 길이 너무 좋아서<br/>멀리 손 흔드는 네 모습에<br/>웃음이 멈추질 않아<br/>아껴둔 내 사랑을 다 주고 싶어<br/>널 힘들게 했던 그 시간이<br/>그 이별이 이젠 고마울 뿐이야<br/>점점 너에게로 물드는 나의 하루하루<br/>너라서 참 힘들고 너라서 외롭던<br/>지난날 더는 슬프지가 않아<br/>날 향해 달려오는<br/>네 모습 너무 예뻐서<br/>이 마음 이대로 지금처럼<br/>내 곁에 있어 주면 돼<br/>남겨진 내 사랑은 모두 다 너야<br/>널 힘들게 했던 그 시간은<br/>그 이별은 이젠 없을 테니까<br/>
"
5508,야래향 (YE LAI XIANG),주현미주현미,세상에서 제일 예쁜 내 딸 (KBS 2TV 주말드라마) OST - Part.1,"1,515",<dd>2019.04.07</dd>,"꿈처럼 아름답던 날<br/>그날에 날 담아보네<br/>언제나 내 맘속에 그림처럼<br/>숨 쉬는 꽃잎의 향기 같아<br/>언젠가 잊혀지겠지<br/>그런 게 인생인 거야<br/>아련한 기억 속에 묻어둔 시처럼<br/>자꾸만 흐려지네<br/>Ye Lai Xiang 바람에 실려<br/>Ye Lai Xiang 꽃잎에 담아<br/>아아아 닿을 수 있겠지<br/>꿈결 같던 그때로<br/>가만히 뒤돌아보니<br/>우리가 걷던 그 길엔<br/>꽃잎은 피고 지고 계절은<br/>또 바뀌고 내 모습도 바뀌었네<br/>되돌아 갈 순 없겠지<br/>그런 게 인생인 거야<br/>지금 난 행복하네 꿈꿔오던 향기가<br/>내 앞에 춤을 추네<br/>Ye Lai Xiang 바람에 실려<br/>Ye Lai Xiang 꽃잎에 담아<br/>아아아 닿을 수 있겠지<br/>꿈결 같던 그때로<br/>Ye Lai Xiang<br/>Ye Lai Xiang<br/>Ye Lai Xiang<br/>
"
5509,서두를 것 없어,박연(담소네공방)박연(담소네공방),막돼먹은 영애씨 시즌 17 OST Part.16,323,<dd>2019.04.07</dd>,"차가운 바람에 내 몸을 맡긴다<br/>어디로 가는지 아무도 모르게<br/>난 이제 떠난다 돌아보지않고<br/>발걸음을 멈추지않으며<br/>거친 하루속에 맘고생을하던<br/>그 시간을 전부 잊는다<br/>서두를것 없어<br/>느려도 괜찮아<br/>시간에 널 맡기고<br/>그렇게 살아가<br/>혹시 힘이 들면<br/>잠깐 쉬어 가도 괜찮아<br/>내일이 있으니<br/>만남과 이별에 맘고생을하던<br/>그 시간을 전부 잊는다<br/>서두를것 없어<br/>느려도 괜찮아<br/>시간에 널 맡기고<br/>그렇게 살아가<br/>혹시 힘이 들면<br/>잠깐 쉬어 가도 괜찮아<br/>내일이 있으니<br/>서두를것 없어<br/>느려도 괜찮아<br/>시간에 널 맡기고<br/>그렇게 살아가<br/>혹시 힘이 들면<br/>잠깐 쉬어 가도 괜찮아<br/>내일이 있으니<br/>괜찮아<br/>내일이 있으니<br/>
"
5510,break away,란 (RAN)란 (RAN),break away,122,<dd>2019.04.07</dd>,"움츠린 너의 모습을 보면<br/>시간이 멈춘듯 나도 서있어<br/>내 손을 잡아 느끼고 싶어<br/>너와 난 하나인 걸 알아<br/>break away break away break away<br/>break away break away break away<br/>아파했던 기억은 모두 다 내려놔<br/>이제 더는 아파하지마 더는<br/>누구나 힘든 시간이 있어<br/>시간이 지나면 모두 괜찮아<br/>눈감고 내품에 안겨볼래<br/>너의 맘 위로해줄테니<br/>break away break away break away<br/>break away break away break away<br/>아파했던 기억은 모두 다 내려놔<br/>이제 더는 아파하지마 더는<br/>break away break away break away<br/>break away break away break away<br/>아파했던 기억은 모두 다 내려놔<br/>이제 더는 아파하지마 더는<br/>
"
5511,일상 (Daily),김준식김준식,일상,125,<dd>2019.04.07</dd>,"넌 항상 내 곁에서<br/>나의 소중한 일상이 됐지<br/>내게 참 많이 고마운 사람<br/>네게 익숙해져 있는 나야<br/>너 없는 내 삶은<br/>텅 빈 삶은<br/>상상조차도 할 수 없는 걸<br/>니가 있어야 나는 살아가<br/>오늘도 나는<br/>니 생각에 가슴 채우고<br/>너의 그 미소에 또 하루를 살아<br/>가끔씩은 너무 힘이 들어<br/>지쳐온대도<br/>함께 숨 쉬며 곁에 있을게<br/>늘 같은 하루도<br/>함께라면<br/>매일매일이 빛이 나는 걸<br/>너의 곁에서 나는 웃게 돼<br/>오늘도 나는<br/>니 생각에 잠 못 이루고<br/>너의 그 미소에 또 하루를 살아<br/>가끔씩은 너무 힘이 들어<br/>지쳐온대도<br/>함께 숨 쉬며 곁에 있을게<br/>난 사랑 그댈 위해<br/>내 모든 걸 주고 싶어<br/>기억해줘<br/>우리의 미래에 넌<br/>내 곁에서 행복한 일만 있게<br/>오늘도 나는<br/>니 생각에 잠 못 이루고<br/>너의 그 미소에 또 하루를 살아<br/>지금 이 순간이 영원토록<br/>변치 않기를<br/>항상 내가 니 곁에 있을게<br/>
"
5512,너처럼 살고 싶어,성민X렉스X김성리성민X렉스X김성리,너처럼 살고 싶어,493,<dd>2019.04.06</dd>,"한번도 너같은 사람 난 본 적 없어<br/>아무렇지 않게 넌 나를 흔들었었지<br/>너의 모든 부분이<br/>난 계속해서 궁금했어 Baby<br/>그게 시작이야<br/>You took my breath away<br/>한번도 이렇게 왔다 갔다 한적 없어<br/>나를 보냈지 천국과 지옥 사이에<br/>내가 부여한 너의 권위<br/>새 세상을 열었어<br/>아직까지 너를 사랑해<br/>My heart away<br/>살고싶어 Babe<br/>너처럼 살고싶어<br/>That’s I wanna do<br/>울고 싶을때 울고 그냥 사람답게<br/>나도 내 감정에 솔직해<br/>거짓말 안하며 살게<br/>Please let me know<br/>그래도 돼<br/>너를 사랑한다는 건 미칠 듯 확실해<br/>이게 다 무슨 소용일까 싶을 때에도<br/>결국 나에게<br/>남아 있을 너라는 사람 하나<br/>그래서 내가 니 편이야<br/>Oh I’m Your Man<br/>살고싶어 Babe<br/>너처럼 살고싶어<br/>That’s I wanna do<br/>울고 싶을때 울고 그냥 사람답게<br/>나도 내 감정에 솔직해<br/>거짓말 안하며 살게<br/>Please let me know<br/>그래도 돼<br/>내가 너와 섞일 때<br/>넌 더 맑아진다고 했지<br/>나는 너에게 속해갈 때 자유로워<br/>Baby let me love you<br/>more and more my girl<br/>말이 필요 없어 난<br/>Tell me 너도 그런거 라면<br/>So let us go<br/>살고싶어 babe<br/>너처럼 살고싶어<br/>That’s I wanna do<br/>울고 싶을때 울고 그냥 사람답게<br/>나도 내 감정에 솔직해<br/>거짓말 안하며 살게<br/>Please let me know<br/>Don’t you wanna see me real<br/>살고싶어 Babe<br/>너처럼 살고싶어<br/>That’s I wanna do<br/>울고 싶을 때 울고 그냥 사람답게<br/>나도 내 감정에 솔직해<br/>거짓말 안하며 살게<br/>Please let me know<br/>그래도 돼<br/>
"
5513,너에게 (Prod. 더필름),#안녕#안녕,너에게,"1,768",<dd>2019.04.06</dd>,"너에게<br/>아무 얘기 할 수 없어<br/>내겐 전부였던 너에게<br/>무슨 말을 할까<br/>어떤 표정 지을까<br/>내가 이럴 자격 있을까<br/>고마운 기억밖에 없는 네게<br/>내가 뭘 더 할 수 있을까<br/>행복하게 살아<br/>좋은 사람 만나<br/>그런 뻔하고 유치한 얘기에<br/>나에게<br/>괜찮아 하며 웃는 너<br/>너를 난 어떻게 보내려나<br/>내가 널 지울 수 있을까<br/>정말 그럴 수 있을까<br/>너에게<br/>바라는게 하나 있어 부디<br/>먼 훗날 날 욕할만큼<br/>눈부시게 살아<br/>빛나게 행복해<br/>보내는 이 맘 후회 되도록<br/>지금 이 순간이 전부인거야<br/>내겐 다시 못올 날일거야<br/>한 걸음만 더<br/>너와 떨어지면<br/>다신 더 못 올까봐<br/>가라고<br/>아무리 날 밀어내도<br/>그저 여기 머무를 수 밖에<br/>어떻게 보일까<br/>참 바보같을까<br/>왜 마지막까지 난 이럴까<br/>너에게<br/>나는 어떤 추억일까<br/>혹시 좋았던 날도 있을까<br/>먼 훗날엔 다 바래지겠지<br/>알아 그래서 미안해<br/>난 너에게 이 말도 못했어<br/>
"
5514,Je T`aime,폴킴폴킴,[Vol.12] 유희열의 스케치북 10주년 프로젝트 : 다섯 번째 목소리 `유스케 X 폴킴`,"10,284",<dd>2019.04.06</dd>,"창문을 두드리는 깨끗한 빗소리에<br/>널 만나기 전 설렘이 더해가고<br/>영화를 보러 갈까 어디로든 떠나볼까<br/>투명하게 물든 거리를 너와 걸어볼까<br/>조금 더 가까이 작은 우산 속에<br/>내 한쪽 어깨 끝이 다 젖어도<br/>난 좋은 걸<br/>널 사랑하나 봐 사랑에 빠졌어<br/>이 기분 좋은 느낌이 변함없길 바라<br/>널 사랑하나 봐 자꾸 보고 싶어<br/>매일 모닝커피를 너와 들고 싶다<br/>언제나 힘겨울 때 내게 올 그런 사람<br/>애써 얘기하지 않아도 꼭 안아줘<br/>조금씩 다가와 나를 보여줄게<br/>은은한 향기처럼<br/>꼭 내 곁에 머물러 줘<br/>널 사랑하나 봐 사랑에 빠졌어<br/>이 기분 좋은 느낌이 변함없길 바라<br/>널 사랑하나 봐 자꾸 보고 싶어<br/>매일 모닝커피를 너와 들고 싶다<br/>
"
5515,심장이 기침,참깨와 솜사탕참깨와 솜사탕,막돼먹은 영애씨 시즌 17 OST Part.15,559,<dd>2019.04.06</dd>,"널 보는 순간 심장이 기침<br/>터질 것 같은 이 떨림<br/>통 멎질 않아 숨이 가쁜 듯 해<br/>이럴땐 어떡해<br/>널 보는 순간 두눈이 멈칫<br/>믿기지 않는 설레임<br/>떼지질 않아 눈 돌리려 해도<br/>어느새 니가 보여<br/>어쩌면 나와 같은 마음인걸까<br/>너도 내 맘 알까<br/>마음은 오직 마음으로만 전해져<br/>닿을 수 있을까<br/>널 보고 싶어 생각만 해도<br/>온몸에 열이 나곤 해<br/>가슴속 깊이 넣어두고 싶어<br/>이제 난 어떡해<br/>어쩌면 나와 같은 마음인걸까<br/>조금 더 알고 싶어<br/>너만 바라보면<br/>더는 숨길 수 없어<br/>어딘지 모르게 아픈듯 해<br/>내 맘에 무슨 짓을 한거야<br/>더는 기다릴 수 없어<br/>어쩌면 우리 같은 마음인걸까<br/>기대해도 될까<br/>마음은 오직 마음으로만<br/>전해져 닿을 수 있을까<br/>그럴 수 있을까<br/>웃을 수 있을까<br/>이렇게<br/>
"
5516,다가와 말을 해줘 좋아한다고 (feat. 고결),러브 에피소드러브 에피소드,다가와 말을 해줘 좋아한다고,198,<dd>2019.04.06</dd>,"봄이 오나봐<br/>두꺼운 옷들을 이제는<br/>꺼내 입지 않잖아<br/>추웠던 내 마음에도<br/>따뜻한 봄이올까<br/>널 바라보면 난 자꾸 너를 갖고 싶어<br/>사랑을 하는데 아직 말도 못하는<br/>내가 답답하게 느껴지는 나인걸<br/>어떡해야돼<br/>다가와 말을 해줘 좋아한다고<br/>손을 잡고 어디든지 데려가<br/>널보면 너무 좋아 심장이 바빠져<br/>소란스러운 마음이 널 찾잖아<br/>봄이 오나봐<br/>두꺼운 옷들을 이제는<br/>꺼내 입지 않잖아<br/>추웠던 내 마음에도<br/>따뜻한 봄이올까<br/>널 바라보면 난 자꾸 너를 갖고 싶어<br/>사랑을 하는데 아직 말도 못하는<br/>내가 답답하게 느껴지는 나인걸<br/>어떡해야돼<br/>다가와 말을 해줘 좋아한다고<br/>손을 잡고 어디든지 데려가<br/>사랑을 하는데 아직 말도 못하는<br/>내가 답답하게 느껴지는 나인걸<br/>어떡해야돼<br/>다가와 말을 해줘 좋아한다고<br/>손을 잡고 어디든지 데려가<br/>널보면 너무 좋아 심장이 바빠져<br/>소란스러운 마음이 널 찾잖아<br/>
"
5517,적셔줘,편선희편선희,적셔줘,167,<dd>2019.04.06</dd>,"안녕 봄을 알리는 네 소리에<br/>내 창을 두드리는 너의 소리에<br/>나 뜬 눈으로 뒤척이다<br/>울적한 내 맘을<br/>두드리는 네 소리에 나 설레이네<br/>투명한 창문 위로 흐르는 네 모습<br/>마치 너도 날 반기는 것만 같아<br/>어떤 단어로도 표현이 안 돼<br/>빗소리에 내 마음이 젖는다<br/>메마른 내 맘<br/>아름다운 이 밤에<br/>흠뻑 적셔줘<br/>온 세상을 적시듯<br/>내 마음도 적셔줘<br/>갇혀있던 모든 것<br/>살아날 수 있도록<br/>속삭여줘 내게<br/>스며들어와 내게<br/>네가 필요해<br/>메마른 내게<br/>기다려왔어 내게도 스며들길<br/>내 맘 적시는 늦은 비<br/>바라던 네가 나를 적시고 나면<br/>눈부신 내일이 날 반겨 줄 거야<br/>메마른 내 맘<br/>아름다운 이 밤에<br/>흠뻑 적셔줘<br/>온 세상을 적시듯<br/>내 마음도 적셔줘<br/>갇혀있던 모든 것<br/>살아날 수 있도록<br/>속삭여줘 내게<br/>스며들어와 내게<br/>네가 필요해<br/>메마른 내게<br/>
"
5518,"미안해 (Song by 서은광, 이민혁, 이창섭)",비투비비투비,"미안해 (Song by 서은광, 이민혁, 이창섭)","32,870",<dd>2019.04.05</dd>,"보고 싶다고 정말 보고 싶다고<br/>갑자기 울면서 전화한 너<br/>너무 혼란스러워<br/>대답을 하지 못했어<br/>어떻게 해야 할지 몰라 끝까지 난<br/>나 끝까지 못됐지<br/>참 많이 이기적이겠지<br/>그치만 알잖아<br/>어쩔 수 없단 거 이해하잖아<br/>솔직히 너무도 겁나서 도망쳤어<br/>그래 내가 다 망친 거야 우리 관계를<br/>몇 번이고 반복했지만<br/>불 보듯 뻔한데<br/>이기심에 다시 널<br/>외롭게 만들 순 없어<br/>미안 정말 어쩔 수가 없어<br/>미안해 이 말뿐이어서<br/>정말 미안해 미안하다 해서<br/>우는 너에게 해줄 말이 없어 난<br/>그냥 미안해서 전부 미안해서<br/>아니야 그게 아니야<br/>그만 울어 날 잊고 웃어야 해<br/>행복해야 해 안녕<br/>사랑한다고 정말 사랑한다고<br/>서럽게 울던 네가 마음에 걸려<br/>문득 원망스러워 모진 말을 했던 게<br/>이렇게 후회될 줄 알았다면 그 말<br/>원망도 많이 했겠지<br/>싫은 티 하나 없이<br/>내 탓이라 여겼던 나<br/>실은 알았던 거지<br/>전 같지 않다는 걸<br/>서로 원하는 맘보다<br/>이미 돌이킬 수 없이<br/>흘러 버린 시간이란 걸<br/>내가 모르는 너와 날 모르는 너<br/>허물 수가 없어<br/>시간 속 높게 세워진 벽<br/>이기심에 다시 널<br/>외롭게 만들 순 없어<br/>미안 나도 이젠 모르겠어<br/>미안해 이 말뿐이어서<br/>정말 미안해 미안하다 해서<br/>우는 너에게 해줄 말이 없어 난<br/>그냥 미안해서 전부 미안해서<br/>단 한순간이라도 그립지 않았다면<br/>전부 지워지기를 모두 꿈이기를<br/>할 수 없잖아<br/>할 수 없잖아<br/>너도 알 수 없잖아<br/>너도 알 수 없잖아<br/>우리 둘 그뿐이란 걸<br/>미안해 이 말뿐이어서<br/>정말 미안해 미안하다 해서<br/>한순간도 잊은 적 없어 난<br/>너무 아팠다고 너무 그리웠다고<br/>아니야 그게 아니야<br/>모르겠어 다시 널 안고 싶어<br/>붙잡고 싶어 정말<br/>
"
5519,너는 내게,정대현 (JUNG DAE HYUN)정대현 (JUNG DAE HYUN),Chapter2 “27”,"1,440",<dd>2019.04.05</dd>,"깊은 밤 그 거리<br/>너와 함께 듣던 소리<br/>아름다운 우리 기억<br/>하나둘씩 쌓여 가네<br/>아무것도 모르고<br/>아낌없이 보내준<br/>너의 사랑이 내겐<br/>어디선가 어디엔가<br/>울려퍼져 가득 하게<br/>오늘도 난 널 부른다<br/>이런 내가 힘들 때면<br/>항상 네가 옆에 있지<br/>그게 날 살아가게한<br/>이유 였던 거야<br/>잊지않아 기억 할게<br/>겁이 많고 두려워<br/>잘해주지 못했던<br/>나의 사랑을 이젠<br/>어디선가 어디엔가<br/>울려퍼져 가득 하게<br/>날 채운다 느껴진다 니가<br/>고마워 항상 나를<br/>지켜준 너를 보며<br/>오늘도 난 불러본다 너를<br/>어디선가 어디엔가<br/>울려퍼져 가득 하게<br/>고마워 항상 나를<br/>지켜준 너를 보며<br/>오늘도 난 불러본다 너를<br/>깊은 밤 그 거리<br/>너와 함께 듣던 소리<br/>
"
5520,별이 지워진다 (Feat. 멜로브리즈),마션 (Martian)마션 (Martian),멜로브리즈: Unsung Melodies Part.1,99,<dd>2019.04.05</dd>,"참아봤지만 이겨내긴 힘든가봐<br/>피가 흘러야 그제서야 아픈가봐<br/>그래 나는 바보야<br/>그래 나는 바보야<br/>밤하늘 별들 뒤지다<br/>잠이 든다<br/>별이 지워진다 지워진다 지워진다<br/>거울이 나를 본다 애처롭게 바라본다<br/>마음에 눈을 둔다<br/>아무리 애써 찾아봐도<br/>나를 비추던 넌 떠났구나<br/>하루하루가 불안한 꿈인것같아<br/>잠을 청하면 아픔이 더 또렷해져<br/>그래 나는 바보야<br/>나는 정말 바보야<br/>이런 날 놀리진마<br/>이런 날 욕하진마<br/>쉽게 말하지마<br/>니가 뭘 안다 그래<br/>별이 지워진다 지워진다 지워진다<br/>거울이 나를 본다 애처롭게 쳐다본다<br/>날 빛내주던 너를 잃어버린 내 얼굴<br/>매일보자니 눈엣가시구나<br/>내가 지워진다<br/>질끈 눈 감는다 잠시도 널<br/>참지 못하니<br/>힘이 드누나<br/>별없는 밤 어찌 버텨낼까<br/>별이 이울고 모두 함께 스러진 밤<br/>
"
5521,"느껴,지니",승헌쓰승헌쓰,"느껴,지니 시즌2 OST","5,153",<dd>2019.04.05</dd>,"한 번도 나 못해봤던 것뿐인데<br/>이 모든 게<br/>한 번도 꿈꾼 적 없이 얼떨결인 날들<br/>처음엔 많이 두려웠어<br/>오늘은 조금 나아질까<br/>난 왜 아직도 이렇게 불안할까<br/>지금 나 잘하고 있는지<br/>무엇이 맞는지 너무 어렵기만 해<br/>몰라도 괜찮아 지금으로 충분해<br/>함께 웃을 때면 너무 행복해<br/>있잖아 내 마음 느껴지니<br/>사람들이 물어봤어<br/>우울한 적 있었냐고<br/>나는 왠지 하루종일 웃을 것 같다며<br/>가끔은 나도 날 모르는<br/>먼 곳으로 도망가고 싶어져<br/>지금 나 잘하고 있는지<br/>무엇이 맞는지 너무 어렵기만 해<br/>몰라도 괜찮아 지금으로 충분해<br/>함께 웃을 때면 너무 행복해<br/>있잖아 내 마음 느껴지니<br/>그 어떤 힘든 일도 함께 웃으면<br/>전부 털어버리고 잊을 수 있어<br/>우리 함께라면<br/>내 맘을 혹시 너는 알까<br/>이 벅찬 마음을<br/>날 보고 웃어주는 널 보며<br/>행복한 내가 되었다는 걸<br/>함께 웃을 때면 너무 고마워<br/>이런 내 마음이 느껴지니<br/>
"
5522,이별약속 (Feat. 동호),앵무앵무,이별약속,40,<dd>2019.04.05</dd>,"멀리있어도 늘 변치 말자던<br/>입버릇이 무색 할 만큼<br/>우린 이별을 하고<br/>전화기 너머로 들은 너의 마지막이<br/>시간이 갈수록 날 힘들게 했어<br/>마지막 함께 나눈 시간속엔<br/>따스했던 네 온기 느껴지는데<br/>네가 없는 텅빈 이 공간속엔 널<br/>더는 느낄수 없잖아<br/>어쩔수  없었다고 후회를 해봐도<br/>혼자남은 날 위로 할수가없어<br/>꼭 함께 할거라 약속했던<br/>그때의 우린<br/>더는 찾을수 없어<br/>하루가 일 년처럼 흘러가고<br/>아무것도 손에 잡히지 않아<br/>눈을 감으면 아직도 네가 떠올라<br/>당장이라도 눈물쏟아 질 것  같은데<br/>어쩔수 없었다고 후회를 해봐도<br/>혼자남은 날 위로 할수가없어<br/>꼭 함께 할거라<br/>약속했던 그때의 우리<br/>찾을 수가 없어<br/>네가 너무보고 싶은데<br/>아무일도 없던것처럼 우리가<br/>몰랐었던 그때로 돌아 갈수있다면<br/>수줍게 웃던 네 미소도<br/>부드러운 네 손길도<br/>모른척 스쳐 지나갈텐데<br/>네가 너무 그리워<br/>견딜수가 없는데<br/>하지못한 말들이<br/>아직 너무 많아서<br/>널 좋아한다고<br/>너를 많이 사랑한다고<br/>더는 말할수 없어<br/>
"
5523,찾을게,백예슬백예슬,찾을게,48,<dd>2019.04.05</dd>,"희미한 빛도 없이<br/>눈물만 고스란히 남겨져<br/>아팠던 한 순간의 소리는<br/>귓가에 오랫동안 머물죠<br/>기대지 못한 맘이<br/>텅 빈 방안을 맴돌죠<br/>아득히 흐려져 버린<br/>그 시간들 위에서<br/>따스한 온기로<br/>너의 마음을 안아줄게<br/>아직 어질러진 맘이라도<br/>반드시 그 곳의 널 찾을게<br/>짙은 어둔 밤 속에<br/>크게 울려 퍼지는 한숨이<br/>잃어버린 내 기도 그 누가 들어줄까<br/>아득히 흐려져 버린<br/>그 시간들 위에서<br/>따스한 온기로<br/>너의 마음을 안아줄게<br/>아직 어질러진 맘이라도<br/>반드시 그 곳의 널 찾을게<br/>잊지 못한 내 추억<br/>웃지 못할 그 기억<br/>걸어가 당당히 숨이 벅차 와도<br/>너를 바라보고 있을게<br/>보이지 않아<br/>헤매이고 망설이더라도<br/>네 옆에 항상<br/>내가 있다는걸 기억해줘<br/>가야할 곳이 멀어보여도<br/>반드시 그곳의 널 찾을게<br/>
"
5524,Cover Off(Prod.TOAD),신자몽신자몽,Cover Off(Prod.TOAD),37,<dd>2019.04.05</dd>,"꺼져가는 불빛<br/>무너져 내린 집<br/>그 안에 있는 널<br/>어떻게 가만히 보고만 있어<br/>나는 가라앉고<br/>점점 깊이 내려가<br/>수없이 많은 날 지나도<br/>내 마음은 변하지 않아<br/>사실 너에게 할 말이 있어<br/>그동안 하지 못한<br/>숨겨왔었던 얘기야<br/>이런 말 해서 미안해<br/>이젠 이젠 안될 것 같아<br/>I don’t love you<br/>I don’t like you<br/>널 사랑하지 않는 것 같아<br/>I feel pathy<br/>I feel pathy<br/>나는 그래 너를 보면<br/>It’s my cover off<br/>It’s my cover off<br/>It’s my cover off<br/>이젠 행복해 보이는 너라서<br/>아무런 걱정 없이<br/>떠날 것 같아 미안해<br/>내 역할은 여기까지<br/>이젠 이젠 기다리지마<br/>I don’t love you<br/>I don’t like you<br/>널 사랑하지 않는 것 같아<br/>I feel pathy<br/>I feel pathy<br/>나는 그래 너를 보면<br/>It’s my cover off<br/>같이 있던 모든 순간 공간들이<br/>싫었냐고 아니 좋았었어<br/>그래서 더욱 떠나려 해<br/>네 곁을 사랑하지 않는 네 품을<br/>I don’t love you<br/>I don’t like you<br/>널 사랑하지 않는 것 같아<br/>I feel pathy<br/>I feel pathy<br/>나는 그래 너를 보면<br/>It’s my cover off<br/>It’s my cover off<br/>It’s my cover off<br/>It’s my cover off<br/>
"
5525,싫어,이채윤이채윤,싫어,9,<dd>2019.04.05</dd>,"들려 너의 마음이<br/>가만 내게 꺼내 놓는<br/>요령 없는 말투와 눈빛 참 낯설다<br/>오늘따라 그래<br/>불안한 생각이 차올라<br/>마음속에 들어와 미친 듯이 뛰어<br/>붉어진 너의 그 눈빛에<br/>애써 매달려진 너의 맘을<br/>모르고 싶은데<br/>가라고 가라고 가라고 넌<br/>나를 보내 나를 보내<br/>가라는 마지막 표정을 난 볼 수 없어<br/>널 볼 수 없어 고개를 돌리네<br/>차가운 바람이 불어와<br/>우리사이 벌어진 틈사이로 스며<br/>자꾸만 한숨이 새나와<br/>네가 하려는 말 그 순간을<br/>모르고 싶은데<br/>가라고 가라고 가라고 넌<br/>나를 보내 나를 보내<br/>가라는 마지막 표정을 난 볼 수 없어<br/>널 볼 수 없어<br/>들려 너의 마음이<br/>
"
5526,Forever And A Day (Feat. 송광식),젠 (ZEN)젠 (ZEN),Forever And A Day – WITH PIANO,123,<dd>2019.04.05</dd>,"아주 먼 곳에 아른거리는<br/>그 희미한 빛을 따라<br/>꿈에 그리던 나만의 낙원<br/>그곳이 맞는 걸까<br/>바람 따라서 물결 가르면<br/>언젠가 닿게 될까<br/>I'll love you forever and a day<br/>영원을 넘어선 이야기<br/>I'll hold you in my heart<br/>Trust in me<br/>멀고도 가까운 사이<br/>너 너 하나만 바라고 바라는 하루<br/>I'll love you forever and a day<br/>영원을 넘어선 이야기<br/>I'll hold you in my heart<br/>Trust in me<br/>멀고도 가까운 사이<br/>I'll love you forever and a day<br/>영원을 넘어선 이야기<br/>I'll hold you in my heart<br/>I can’t stop loving you<br/>멀고도 가까운<br/>차갑고 뜨거운<br/>알 수 없는 그런<br/>아주 먼 곳에 아른거리는<br/>그 희미한 빛을 따라<br/>
"
5527,안녕 봄,젤리프로젝트젤리프로젝트,안녕 봄,14,<dd>2019.04.05</dd>,"At the First onset<br/>첫 번째 계절이 되고파<br/>새롭게 시작하는 기분<br/>너도 좋아하잖아<br/>저기 저기 말이야<br/>은은한 향기 퍼져가<br/>봄이 찾아오려나 봐<br/>Like that 나처럼<br/>기분 좋은 느낌으로 다가갈게<br/>한 발 다가가고<br/>두 발 또 다가가면<br/>내 마음 전해질까<br/>나는 너에게 봄이 되었으면 해<br/>얼었던 너의 마음에 녹아들어볼까 봐<br/>유난히 추운 걸 싫어하고<br/>걷기 좋아하는 넌<br/>내가 필요하잖아<br/>혼자 있기보다는<br/>누군가 옆에 있을 때<br/>행복하잖아<br/>첫 번째 계절이 되고파<br/>새롭게 시작하는 기분<br/>너도 좋아하잖아<br/>저기 저기 말이야<br/>은은한 향기 퍼져가<br/>봄이 찾아오려나 봐<br/>Like that 나처럼<br/>기분 좋은 느낌으로 다가갈게<br/>슬쩍 다가가서<br/>몰래 바라보다가<br/>눈이 딱 마주쳤어<br/>웃으며 다가오는 너에게 물들어<br/>얼었던 마음이 녹아버렸어<br/>유난히 추운 걸 싫어하고<br/>걷기 좋아하는 넌<br/>내가 필요하잖아<br/>혼자 있기보다는<br/>누군가 옆에 있을 때<br/>행복하잖아<br/>첫 번째 사랑 돼줄래<br/>마음 벅차오르는 기분<br/>너도 좋아하잖아<br/>저기 저기 말이야<br/>은은한 향기 퍼져가<br/>사랑 찾아오려나 봐<br/>Like that 나처럼<br/>기분 좋은 느낌으로 다가갈게<br/>우리 오늘 만날까요<br/>조금 더 가까워지고 파<br/>At the First onset<br/>It is awesome<br/>지금 순간 예쁜 그림 같아<br/>너와 함께 있어서 같이 있어서<br/>사랑 찾아오려나 봐<br/>Like that 봄처럼<br/>기분 좋은 느낌 다가와<br/>
"
5528,가슴아 망가지지마,에포스에포스,가슴아 망가지지마,13,<dd>2019.04.05</dd>,"오늘 또 너 없이 하루가 가고<br/>눈물은 멈추지 않고<br/>한숨도 멈추지 않아<br/>밥도 먹을 수 없을 만큼<br/>망가진 하루 속에 버티며<br/>살아가고 있어<br/>아무것도 손에 잡히지 않아<br/>네 생각에 점점 머리가 차오를 때면<br/>이제 놔줘 내 가슴아<br/>어차피 돌아오지 않을 그 사람<br/>잘 살아가고 있어<br/>눈물짓지 마 가슴아 망가지지 마<br/>망가진 하루 속에 버티며<br/>살아가고 있어<br/>아무것도 손에 잡히지 않아<br/>네 생각에 점점 머리가 차오를 때면<br/>이제 놔줘 내 가슴아<br/>어차피 돌아오지 않을 그 사람<br/>잘 살아가고 있어<br/>눈물짓지 마 가슴아 망가지지 마<br/>
"
5529,처음의 설렘,달빛의 봄달빛의 봄,처음의 설렘,8,<dd>2019.04.05</dd>,"자꾸 이것저것 내게<br/>원하기만 하는데<br/>무뚝뚝한 너의 말투<br/>아직 적응이 안 돼<br/>밤 하늘에 눈부신 별처럼<br/>서로를 향해 빛났어<br/>난 괜찮다고 해보지만<br/>좀 서운해져가<br/>함께 보낸 많은 시간<br/>익숙해져 버린 우리 둘<br/>편한 사이좋기만 하진 않아<br/>다시 설레고 싶어져<br/>작은 너의 변화들<br/>느껴지잖아<br/>무심한 듯 날 보는 네 눈빛부터<br/>잦은 다툼까지<br/>밤 하늘에 눈부신 별처럼<br/>서로를 향해 빛났어<br/>난 괜찮다고 해보지만<br/>좀 서운해져가<br/>함께 보낸 많은 시간<br/>익숙해져 버린 우리 둘<br/>편한 사이좋기만 하진 않아<br/>다시 설레고 싶어져<br/>woo woo woo<br/>다시 설레고 싶어져<br/>
"
5530,Like You,UAZUAZ,Like You,8,<dd>2019.04.05</dd>,"이래서 네가 좋고<br/>저래서 네가 좋고<br/>어떤 생각도 내겐 필요 없었어<br/>다른 이유들 보다<br/>마음이 먼저 반응해<br/>그래서 나 네 앞에 서면<br/>긴장돼<br/>이러지 마 너<br/>쉽게 다가오면<br/>빨개진 볼에<br/>어쩔 줄 모르겠어<br/>난 아직 준비가 안됐는데<br/>왜 이래 넌 너무 빨라<br/>차라리 내게<br/>먼저 다가갈<br/>기회를 주면 안 될까<br/>저기 말이야<br/>물밀듯 들어와서<br/>조용히 내 맘 흔들어<br/>불규칙한 심장소리가<br/>크게 나는데<br/>이걸 감추지 못해 나 어떡해<br/>이래서 네가 좋고<br/>저래서 네가 좋고<br/>어떤 생각도 내겐 필요 없었어<br/>다른 이유들 보다<br/>마음이 먼저 반응해<br/>그래서 나 네 앞에 서면<br/>긴장돼<br/>오늘은 내가<br/>쉽게 다가갈까<br/>숨을 내쉬고<br/>너의 옆에 바짝 붙어<br/>순진하게 날 보는 너의 두 눈<br/>왜 이래 또 맘이 떨려<br/>차라리 네가<br/>다가오는 게<br/>마음이 더 편한듯해<br/>저기 말이야<br/>물밀듯 들어와서<br/>조용히 내 맘 흔들어<br/>불규칙한 심장소리가<br/>크게 나는데<br/>이걸 감추지 못해 나 어떡해<br/>이래서 네가 좋고<br/>저래서 네가 좋고<br/>어떤 생각도 내겐 필요 없었어<br/>다른 이유들 보다<br/>마음이 먼저 반응해<br/>그래서 나 네 앞에 서면<br/>긴장돼<br/>간단한 행동 하나도 어려워<br/>좋아하니까<br/>단순해지기도 어려워<br/>좋아서 내 얼굴이<br/>신나나 내 입가에<br/>웃음이 가득해<br/>너로 가득 차올라요<br/>다른 이유들 보다<br/>마음이 먼저 반응해<br/>그래서 나 네 앞에 서면<br/>긴장돼<br/>
"
5531,감정선,자비로운 곰자비로운 곰,감정선,14,<dd>2019.04.05</dd>,"아직 추운 새벽에 무슨 바람이 불어<br/>난 여기까지 왔는지<br/>예전에 널 바래다주던 그 집 앞까지<br/>찬바람에 떠밀려 왔어<br/>일부러 기억해내려<br/>한 것도 아니었는데<br/>친구사이 선을 흐렸던<br/>우리 모습을 보고있네<br/>지금 내 감정은<br/>그 때와 같은 선을그리고 있지만<br/>흘려 놓은 선 아쉬워하지 말라며<br/>바람은 또 다시 나를 밀어내<br/>돌아가라 하더라<br/>네가 끊은 감정이<br/>내게 휘감겨 왔을 때<br/>아직 따스함이 남아있었던<br/>그 선이 나를 한없이<br/>얼어붙게 만들어<br/>홀로 잠드는 밤마다<br/>싸늘한 온도가 그저 나는<br/>이제야 내 맘의 선을<br/>추스렸다고 생각했는데<br/>어째서 난 그 선의<br/>끄트머리만 보고 있는지<br/>이제 내 감정은<br/>그때와 다른 선을 그리고 싶지만<br/>어느 누구도 이해하지 못할 모양을<br/>너 만이 기억할<br/>그 감정선의 형태를 그리고 있네<br/>네가 끊은 감정이<br/>내게 휘감겨 왔을 때<br/>그저 가볍기만 한 줄 알았던<br/>그 선이 나를 무겁게<br/>가라앉게 만들어<br/>문득 깨버린 새벽마다<br/>예전에 그렸던 감정선이<br/>다시 떠오르는 것 같은데<br/>미련이 아니야 추억도 아니야<br/>내 안에 단단히 묶여진<br/>오직 나만의 감정이야<br/>습관이 남아 예전과 같은<br/>선을 그리곤 했지만<br/>이런 모양밖에 그려본 적 없어서<br/>그런 것 뿐일 거야<br/>더 이상 네가 늘어뜨린<br/>그 선에 매달려 있고 싶지 않아<br/>
"
5532,넌 여린 사람이라서,LOWRIDERLOWRIDER,LOWRIDER,17,<dd>2019.04.05</dd>,"가지 말란말을 하지 못해서<br/>그게 내 맘에 너무 남아서<br/>후회가 너무 돼 니가 없다는 게<br/>내 가슴이 참 많이 아프다<br/>예쁜 추억이 너무도 많아서<br/>잊혀지지 않을 기억들이라서<br/>너의 마음이 다칠까 걱정이 되는건<br/>나 밖에 모르던 너라서<br/>넌 정말 여린 사람이라서<br/>그래서 더 걱정이 되는걸<br/>널 남겨두고 가는 길에<br/>다시 뒤돌아 본다<br/>나 없이 살 수 없을 것만 같아서<br/>넌 여린 사람이라서<br/>예쁜 추억이 너무도 많아서<br/>그게 내 맘에 너무 남아서<br/>나의 맘이 쓸쓸해 걱정이 되는걸<br/>나 밖에 모르던 너라서<br/>넌 정말 여린 사람이라서<br/>그래서 더 걱정이 되는걸<br/>널 남겨두고 가는 길에<br/>다시 뒤돌아 본다<br/>나 없이 살 수 없을 것만 같아서<br/>넌 여린 사람이라서<br/>내 걱정은 하지말아줘<br/>이미 끝나버린 사랑이니까<br/>시간을 되돌릴 수 있다면<br/>서로 만나지 않았을텐데<br/>정말 여린 사람이라서<br/>그래서 더 걱정이 되는걸<br/>널 남겨두고 가는 길에<br/>다시 뒤돌아 본다<br/>나 없이 살 수 없을 것만 같아서<br/>넌 여린 사람이라서<br/>
"
5533,희망고문,인빈 (In Been)인빈 (In Been),희망고문,3,<dd>2019.04.05</dd>,"아침에 눈을 뜨면<br/>다시 시작되는 하루<br/>오늘은 왠지 슬픈 감정에<br/>시달릴 것 같아<br/>남들은 어떻게<br/>저 위에 올라서 있을까<br/>나처럼 보잘것 없는<br/>사람도 갈 수 있을까<br/>언제쯤 난 그곳에 올라가<br/>웃을 수 있을까<br/>언제쯤 난 저 위에서<br/>밑을 내려다 볼 수 있을까<br/>유난히도 슬프다 내 꿈은 내꿈은<br/>아직도 이 자리에 머물러 있는데<br/>하지만 난 포기안할래<br/>저 하늘 별이 될 때 까지<br/>사람들이 날 조롱해도<br/>끝까지 달려갈꺼야<br/>넘어지면 또 털고 일어나<br/>괜찮아 겁낼 필요없어<br/>두손을 불끈 쥐고 또 달려봐<br/>조금만 가면 될거야<br/>늦은 밤 눈을 감고<br/>다시 지나가는 하루<br/>내일은 왠지 좋은 일들이<br/>생길것만 같아<br/>
"
5534,앞머리를 내려줘,미소미소,앞머리를 내려줘,45,<dd>2019.04.05</dd>,"섹시하게 세워진 앞머리<br/>판판히 다려진 하얀 셔츠에<br/>꽉 들어찬 니 어깨에 기대고 싶어<br/>웃을 듯 말 듯 내리깐 시선<br/>신경 안 쓴 듯 풀린 단추 두 개<br/>죽여주는 수트 핏 그건 널 위한 말<br/>앞머리를 내려줘<br/>진짜 너를 보여줘<br/>꾸미지 않은 네 모습<br/>뭐든 다 사랑스러울 텐데<br/>섹시한 너 좋지만<br/>꺼벙한 니 모습에 난 미칠 것 같아<br/>이리와 날 안아줘<br/>씻고 나와 젖은 머리칼도<br/>팽팽 도는 두꺼운 네 안경도<br/>그 너머로 작아진 네 두 눈도<br/>헐렁한 맨투맨에 츄리닝도<br/>눈이 마주치면 빙구처럼 웃어도<br/>이런 너도 다 너인 걸<br/>앞머리를 내려줘<br/>진짜 너를 보여줘<br/>꾸미지 않은 네 모습<br/>뭐든 다 사랑스러울 텐데<br/>섹시한 너 좋지만<br/>꺼벙한 니 모습에 난 미칠 것 같아<br/>이리와 날 안아줘<br/>남들 다 보는 꾸며진 모습 말고<br/>괜찮은 척 씩씩한 모습 말고<br/>때론 내게 안긴 널<br/>꾸미지 않아도 사랑스러운<br/>찌질한 너를<br/>네 마음을 보여줘<br/>내꺼라고 말해 줘<br/>말하지 않으면 몰라<br/>그 가면 너머에 진짜 너를<br/>섹시한 너 좋지만<br/>꺼벙한 네 모습에 난 미칠 것 같아<br/>이리와 날 안아줘<br/>영원히 내 꺼 해 줘<br/>
"
5535,그대는 나의인생,소리꾼소리꾼,전성시대 명곡사랑 음악회,2,<dd>2019.04.05</dd>,가사가 없습니다
5536,슬픈달 (Feat. 임혜원),라종원라종원,슬픈달,33,<dd>2019.04.05</dd>,"꽃향기 짙어진 겨울밤<br/>조용히 내리는 눈송이<br/>말없이 떠나는 뒷모습<br/>바라보며 흠칫하던 슬픈 달<br/>어두운 눈동자 사이로<br/>여울진 수많은 생각들<br/>그대가 가는 길 그 길이<br/>온통 검은색 물들어도<br/>침묵으로 가득 차도<br/>그대가 서 있는 곳이 어떤 곳이라도<br/>그대와 내가 다신 만날 순 없겠지만<br/>저 하늘에 홀로 남겨져<br/>그대만 찾을게요<br/>날 잊지 말아요<br/>차가운 저 달빛 사이로<br/>머무는 수많은 생각들<br/>그대가 가는 길 그 길에 홀로 서있게<br/>된다 해도 어둠 속에 버려져도<br/>그대가 서 있는 곳이 어떤 곳이라도<br/>그대와 내가 다신 만날 순 없겠지만<br/>저 하늘에 홀로 남겨져<br/>그대만 찾을게요<br/>날 잊지 말아요<br/>그대가 서 있는 곳이 어떤 곳이라도<br/>그대와 내가 다신 만날 순 없겠지만<br/>저 하늘에 홀로 남겨져<br/>그대만 찾을게요<br/>날 잊지 말아요<br/>
"
5537,느리게 감기 (Feat. leeJoys),싱어스 (SINGUS)싱어스 (SINGUS),SINGURSTORY.1,32,<dd>2019.04.05</dd>,"처음 시작하는 떨림<br/>맘이 기억하는 설렘<br/>가득히 담아 두고픈 나만의 이야기<br/>어릴 적 숨겨놓은 그림일기처럼<br/>좋았던 순간들을 천천히 그려가<br/>느리게 하지만 아름답게<br/>오늘을 느리게 감기<br/>따스한 햇빛의 온기<br/>시원한 그날의 공기<br/>영원히 간직하고픈 우리의 이야기<br/>시간 지나 피어나는<br/>첫눈 뒤의 꽃처럼<br/>소중한 순간들은 천천히 피어나<br/>느리게 하지만 아름답게<br/>오늘을 느리게 감기<br/>시간 지나 피어나는<br/>첫눈 뒤의 꽃처럼<br/>소중한 순간들은 천천히 피어나<br/>
"
5538,여전히 우두커니,강불새강불새,여전히 우두커니,16,<dd>2019.04.05</dd>,"해질 노을 그 자리에<br/>여전히 우두커니 서 있죠<br/>우리가 함께 한 날들 어떤 순간도<br/>아직 떠나 보내지 못한채<br/>조용히 불러본다<br/>기억저편 어딘가 그대 듣기를<br/>한걸음 한걸음 다시 그 곳에 올라<br/>그대 이름 부르면 마치 다을것 같아<br/>그대 어디 있나요<br/>꼭 한번 볼 수 있다면<br/>다시는 놓지 않을 텐데<br/>아련하게 남은 기억들 마저<br/>그대 가져가지 마요 우<br/>조용히 불러본다<br/>기억저편 어딘가 그대 듣기를<br/>한걸음 한걸음 다시 그 곳에 올라<br/>그대 이름 부르면 마치 다을것 같아<br/>그대 어디 있나요<br/>꼭 한번 볼 수 있다면<br/>다시는 놓지 않을 텐데<br/>아련하게 남은 기억들 마저<br/>그대 가져가지 마요<br/>얼마나 그리워 하는지<br/>다시 돌아올 그댈 바라죠<br/>그대 어디 있나요<br/>꼭 한번 볼 수 있다면<br/>다시는 놓지 않을 텐데<br/>아련하게 남은 기억들 마저<br/>그대 가져가지 마요 우<br/>
"
5539,손끝까지 하늘을 가려도,달빛산책 (Midnight Picnic)달빛산책 (Midnight Picnic),손끝까지 하늘을 가려도,0,<dd>2019.04.05</dd>,"집으로 돌아오는 그 길엔<br/>내 곁에 머물러 있던 추억<br/>존재했던 것만으로도<br/>행복했던 시절<br/>우리 사랑했던 지난날<br/>손끝까지 하늘을 가려도<br/>가려지지 않은 추억<br/>잡힐 듯 잡히지 않는 그대 숨결은<br/>뿌연 창문 위로 그리움만<br/>I believe<br/>가만히 눈을 감고<br/>그댈 부르는 이 밤<br/>Ah<br/>널 소리 없이 부르는 이 밤<br/>저 끝까지 소리쳐 불러도<br/>소리 없이 퍼지는 슬픈 목소리<br/>잡힐 듯 잡히지 않는 그대 숨결을<br/>이 밤 지나도록 느껴져<br/>I believe<br/>가만히 눈을 감고<br/>그댈 부르는 이 밤<br/>Ah<br/>달빛 가득한 밤<br/>그대와 지나왔던 그 길엔<br/>놓쳐버린 깊은 추억만<br/>감춰진 슬픔 아픔만 가득<br/>널 그리고 또 그려도<br/>잊고 있었어 소중한 그대<br/>I believe<br/>조용히 그대와 부르던 노래<br/>난 눈을 감고<br/>I just wanna stay with you<br/>이 밤 다 가도록<br/>널 소리 없이 부르는 노래<br/>I believe<br/>가만히 눈을 감고<br/>그댈 부르는 이 밤<br/>I just wanna stay with you<br/>이 밤 다 가도록<br/>널 소리 없이 부르는 이 밤<br/>I I believe<br/>그댈 부르는 이 밤<br/>I just wanna stay with you<br/>이 밤 다 가도록<br/>널 소리 없이 부르는 이 밤<br/>
"
5540,너무너무,희삼이 (heesami)희삼이 (heesami),너무너무,12,<dd>2019.04.05</dd>,"봄이 지나가고 여름이 오네<br/>추위가 물러가고 더위가 찾아오네<br/>난 더운 게 싫은데 넌 추운 게 싫데<br/>하지만 난 니가 너무너무 좋은 걸<br/>우아아 너무너무 우 우우<br/>우아아아 너무너무 우 우우<br/>나는 롤을 너무 좋아하지만<br/>넌 오버워치 베그만해<br/>나보고 올드 하다고 뭐라하지만<br/>싸우는 건 똑같잖아<br/>같이좀하자<br/>너와 게임하고 싶어 같이 놀고 싶어<br/>함께하고 싶어<br/>너랑 함께 하는게 정말 좋아<br/>너무 좋아 너무너무 우<br/>우아아 너무너무 우 우우<br/>우아아아 너무너무 우 우우<br/>치킨이 좋아 내가 좋아<br/>피자가 좋아 내가 좋아<br/>이런 말도 안되는 질투를<br/>내가 계속 할 줄이야<br/>봄이 좋아 내가 좋아<br/>더위가 좋아 내가 좋아<br/>내가 생각해도 별로인<br/>이 질문들을 받아주는 너<br/>우아아 너무너무 우 우우<br/>우아아아 너무너무 우 우우<br/>치킨이 좋아 내가 좋아<br/>피자가 좋아 내가 좋아<br/>이런 말도 안되는 질투를<br/>내가 계속 할 줄이야<br/>봄이 좋아 내가 좋아<br/>더위가 좋아 내가 좋아<br/>이런 말도 안되는 질투를<br/>내가 계속 할 줄이야<br/>치킨이 좋아 내가 좋아<br/>피자가 좋아 내가 좋아<br/>이런 말도 안되는 질투를<br/>내가 계속 할 줄이야<br/>봄이 좋아 내가 좋아<br/>더위가 좋아 내가 좋아<br/>이런 말도 안되는 질투를<br/>내가 계속 할 줄이야<br/>우아아 너무너무 우 우우<br/>우아아아 너무너무 우 우우<br/>
"
5541,하루하루 (feat. 지현),한서진한서진,하루하루,31,<dd>2019.04.05</dd>,"하루하루 지나간 일상들<br/>달라질 것 없는 풍경들<br/>오늘따라 햇살마저 따뜻한 게<br/>왠지 더 우울해지네<br/>무엇을 해야 할까<br/>의미 없이 지나가는 것 같은<br/>나의 하루 창 밖의 저 사람들<br/>모두 행복해 보여<br/>시간은 빠르게 지나고<br/>그래도 나는 계속 걸어야겠지<br/>한 걸음 두 걸음 걷다 보면<br/>이렇게 조금씩 걸어가다 보면<br/>내 목적지를 찾을 수 있을까<br/>누군가 괜찮다고<br/>다들 그렇게 살아간다고<br/>오늘의 내게 말해준다면<br/>힘이 날 것만 같아<br/>시간은 빠르게 지나고<br/>그래도 나는 계속 걸어야겠지<br/>한 걸음 두 걸음 걷다 보면<br/>아주 조금은 가까워질까<br/>시간은 또 다시 흐르고<br/>여전히 내 모습은 제자리라도<br/>한 걸음 두 걸음 걷다 보면<br/>이렇게 조금씩 걸어가다 보면<br/>내 목적지를 찾을 수 있을 거야<br/>
"
5542,전처럼 (Prod. Made In ME),이갱이갱,전처럼 (Prod. Made In ME),960,<dd>2019.04.05</dd>,"다시 만나자는<br/>너의 연락이<br/>솔직히 반가웠었어<br/>친구들 모두<br/>안된다고 해도<br/>너와 내 시간은<br/>우리만 아는 거니까<br/>하지만 너무 두려워<br/>나쁜 게 아니라<br/>달랐던 우리였잖아<br/>전처럼<br/>우리 행복할 수 있을까<br/>전처럼<br/>우리 돌아갈 수 있을까<br/>우리 다시<br/>처음 만났던 그날처럼<br/>사랑할 수 있을까<br/>한 번만 더<br/>믿어보고 싶은데<br/>하지만 너무 두려워<br/>너무 사랑했기에<br/>아팠던 우리였잖아<br/>전처럼<br/>우리 행복할 수 있을까<br/>전처럼<br/>우리 돌아갈 수 있을까<br/>우리 다시<br/>처음 만났던 그날처럼<br/>사랑할 수 있을까<br/>한 번만 더<br/>믿어보고 싶은데<br/>네가 없어도<br/>괜찮다고 한 건<br/>솔직히 거짓말이었어<br/>시간 지나면 다<br/>잊혀진다지만<br/>너와 내 시간은<br/>그런 거 아니었잖아<br/>시간을 다시 돌릴 수만 있다면<br/>널 처음 만났던 그 때로 돌아가<br/>아팠던 기억들 너 모르게<br/>모두 지우고<br/>시작하고 싶은데<br/>한 번만 더 사랑하고 싶은데<br/>
"
5543,이별이 사랑보다,원석원석,이별이 사랑보다,16,<dd>2019.04.05</dd>,"잊을 수 없단 말<br/>잘지내라는 그 말<br/>아무말 못 하는 너여서<br/>쉽게 꺼낼수가 없는 단 한마디가<br/>안녕 쓴 한마디<br/>그만하자 되뇌어 봐도<br/>모질게도 넌 또<br/>가지마 널 향해 외치는 말<br/>너 하나가 다야<br/>이 못난 나라도<br/>사랑해 가슴이 미어지는 나야<br/>미안 나 안녕이란 말 못해<br/>내 곁에 니 모습<br/>이젠 볼 수 없겠지<br/>우리의 추억이 멈춰서<br/>또 니가 그리워<br/>숨도 못 쉴것 같아<br/>정말 끝인 거니<br/>하루가 기나긴 니 모습<br/>보고싶어 난 또<br/>가지마 널 향해 외치는 말<br/>너 하나가 다야<br/>이 못난 나라도<br/>사랑해 가슴이 미어지는 나야<br/>미안 나 안녕이란 말 못해<br/>말할 수 없었어<br/>행복하라는 이 말이 아파서<br/>돌아서서 멀어지는 너의 모습에<br/>울고있잖아 여기 서 있잖아<br/>돌아와 내맘이 외치는 말<br/>너 하나가 다야 너라는 한 사람<br/>사랑해 끝내 널 잡지못한 나야<br/>미안 나 안녕이란말 못해<br/>
"
5544,Illusion,재원재원,Illusion,6,<dd>2019.04.05</dd>,"저문 햇빛 속에 살며시 눈 떠<br/>The moon 달빛 속에 발걸음 옮겨<br/>푸른 밤하늘 내딛는 걸음<br/>번지는 starlights<br/>환상 속에 그곳에 발을 디딜 때<br/>저 먼 곳의 어딘가 소리가 들려와<br/>나를 부르네 두 귀를 막고<br/>뒤로 돌아서 oh oh oh<br/>I don't want to go to fast<br/>여기서 멈춰진 시간 속에<br/>모든 걸 남겨둔 채 <br/>oh 난 이제 떠날래<br/>Let it fly 이제 날아올라가<br/>꿈꾸던 그곳에<br/>Fly 날아갈거야 아무도 모르게<br/>구름 위를 걷고 이젠 두 눈을 감아<br/>Let it fly 깨지않을래<br/>영원히 이곳에<br/>I don't know where I go<br/>어디든 내가 원하는 곳에<br/>모든 걸 버려두고 <br/>oh 난 이제 떠날래<br/>이제 떠날래<br/>Let it fly 이제 날아올라가<br/>꿈꾸던 그곳에<br/>Fly 날아갈거야 아무도 모르게<br/>구름 위를 걷고 이젠 두 눈을 감아<br/>Let it fly 깨지않을래<br/>영원히 이곳에<br/>fly 날아올라<br/>꿈꾸던 그곳에<br/>Fly 날아갈거야 아무도 모르게<br/>구름 위를 걷고 이젠 두 눈을 감아<br/>Let it fly 깨지않을래<br/>영원히 이곳에<br/>
"
5545,내 슬픔을 바라지 않아도 돼,조소현조소현,내 슬픔을 바라지 않아도 돼,20,<dd>2019.04.05</dd>,"내 슬픔 속에<br/>너를 찾으려 하지 마요<br/>운이 좋았단 그런 기적은 없을 거야<br/>흩어진 조각을 맞추면<br/>돌아올 거란 그대 생각도<br/>모두 다 버린 어린 미련일 테니<br/>내 아픔을 바라지는 마요<br/>하나의 모습으로 간직해줬으면 해<br/>네 생각보다 잘 견딜 뿐이니<br/>너는 내 아픔을 바라지 않아도 돼<br/>내 아픔을 바라지는 마요<br/>망가진 모습으로 그러지 않았음 해<br/>네 생각보다 잘 견딜 뿐이니<br/>내 아픔을 바라지 않아도 돼<br/>내 슬픔도 너의 것이 될 테니<br/>더는 내 슬픔을 바라지 않았음 해<br/>
"
5546,날아,나고은나고은,빙의 OST Part.5,561,<dd>2019.04.04</dd>,"어둠 걷힌 자리에 새벽이 번진<br/>뿌연 허공 속을 헤매이다<br/>나지막이 천천히 날아 날아 날아<br/>내 가슴 위로 내려앉아<br/>You are my angel<br/>You are only my life<br/>oh no no no no no<br/>흔들리지마 날아 거센 비 내려도<br/>혼자 외로이 머물던 곳에<br/>이제 곁에서 날아 너와 함께 있는<br/>환한 빛이 있는 걸<br/>꿈에서 만나본 듯 낯설지 않아<br/>하얀 바다 위를 떠다니다<br/>나지막이 천천히 날아 날아 날아<br/>내 가슴 위로 내려앉아<br/>You are my angel<br/>You are only my life<br/>oh no no no no no<br/>흔들리지마 날아 거센 비 내려도<br/>혼자 외로이 머물던 곳에<br/>이제 곁에서 날아 너와 함께 있는<br/>환한 빛이 있는 걸<br/>light you with my heart your soul<br/>your way<br/>never let me go<br/>without you and it's fate<br/>깊은 영혼 속으로 널<br/>흔들리지마 날아 거센 비 내려도<br/>더 이상은 두려움은 없어<br/>이제 곁에서 날아 함께 있는 곳에<br/>환한 빛이 있으니<br/>
"
5547,우우우린,윤지영윤지영,우우우린,"4,124",<dd>2019.04.04</dd>,"너와 나 지금이 아니어도<br/>괜찮았을 거야<br/>우린 외롭지 않았을 거야<br/>멀리서 우리 손을 흔들며<br/>뒷걸음질 쳐도<br/>아마 우린 다시 같은 곳에 올 거야<br/>우-우-우린 너무 닮아서<br/>서로 다른 그 작은 점을 사랑해<br/>우-우-우린 너무 닮아서<br/>서로 다른 그 작은 점을 사랑해<br/>한참을 걸어 거리에 불이 다 꺼지고<br/>걸음을 늦추어 걸어<br/>서로가 세상의 전부인 것처럼<br/>웃어봐봐<br/>우-우-우린 너무 닮아서<br/>서로 다른 그 작은 점을 사랑해<br/>우-우-우린 너무 닮아서<br/>서로 다른 그 작은 점을 사랑해<br/>넌 날 떠나지 않아 날 떠나지 않아<br/>우린 외롭지 않았을 거야<br/>넌 날 떠나지 않아 날 떠나지 않아<br/>우린 외롭지 않았을 거야<br/>넌 날 떠나지 않아 날 떠나지 않아<br/>우린 외롭지 않았을 거야<br/>
"
5548,누구땜에,더히든더히든,THEHIDDEN 1733,"2,694",<dd>2019.04.04</dd>,"나때문에 힘들었다고<br/>저 멀리 떠났잖아<br/>다신 안 볼 사람처럼<br/>혼자 휘청휘청이던 하루<br/>매일 미운 말을 반복하며<br/>그렇게 나는 살았어<br/>오랜만에 전화해<br/>평소처럼 말을 하면<br/>난 뭐라 대답해야 하는 거니<br/>이제와 보고싶다면 어쩌란말야<br/>여전히 난 폐인처럼<br/>그렇게 살아 누구땜에<br/>밥도 먹지 못하고<br/>불쌍해 하며<br/>걱정할 필요 없어<br/>더 좋은 사람 꼭 만날 거라고<br/>누가 그랬거든<br/>너를 욕하다가도<br/>막상 네 목소리 듣고<br/>실없이 웃고 있어 바보처럼<br/>이제와 보고싶다면 어쩌란말야<br/>여전히 난 폐인처럼<br/>그렇게 살아 누구땜에<br/>밥도 먹지 못하고<br/>불쌍해 하며<br/>걱정할 필요 없어<br/>더 좋은 사람 꼭 만날 거라고<br/>누가 그랬거든<br/>혹시 기억하니 오늘처럼<br/>넌 혼자 말했고 나는 들었지<br/>세상이 멈추고<br/>우는 나를 떠난 날처럼<br/>그냥 가버리지 오늘은 왜 쭈뼛거려<br/>너 답지 않게 굴지마<br/>이런 날 보면 넌 어떠니<br/>얼마나 더 괴롭혀야<br/>얼마나 더 많이 울어야<br/>멀쩡하게 될까<br/>끝까지 내 손 뿌리친 누구처럼<br/>뻔뻔하게 나도 살아볼 거야<br/>누구 보란듯이<br/>
"
5549,이상해,"Apink BnN (보미,남주)Apink BnN (보미,남주)",너 미워! 줄리엣 OST,174,<dd>2019.04.04</dd>,"요즘 나를 보는 네 눈빛<br/>너무 신경 쓰이는 걸<br/>무언가 알고 있는 듯해<br/>내 이름을 부르는<br/>네 목소리에 놀라<br/>뭔가 달라졌어<br/>우리 사이<br/>이상해 이상해<br/>자꾸 널 떠올리는 나<br/>이상해 이런 기분<br/>내가 아닌 것 같아<br/>잠을 이룰 수가 없어<br/>이대로는 안될 것 같아<br/>전화기를 들지만<br/>결국 생각지도 못하게<br/>너에게 화 내버리고<br/>네 전화를 기다리고 있어<br/>다른 사람 앞에서<br/>행복하게 웃는 너<br/>흔들리는 내 맘<br/>이런 기분<br/>이상해 이상해<br/>자꾸 널 떠올리는 나<br/>이상해 이런 기분<br/>내가 아닌 것 같아<br/>잠을 이룰 수가 없어<br/>이대로는 안될 것 같아<br/>전화기를 들지만<br/>또 말하지 못해<br/>널 그냥 보낸 채<br/>또 세 번 네 번 돌아보고 있어<br/>혼자서 난 Love Love Love Love<br/>이상해 이상해<br/>자꾸 널 떠올리는 나<br/>이상해 이런 기분<br/>내가 아닌 것 같아<br/>잠을 이룰 수가 없어<br/>이대로는 안될 것 같아<br/>전화기를 들지만<br/>나나나나나<br/>이상한 기분<br/>나나나나나<br/>따리라리라<br/>나나나나나<br/>두루루루<br/>나 나<br/>나나나나나<br/>이상한 기분<br/>나나나나나<br/>자꾸 생각 나<br/>나나나나나<br/>안될 것 같아<br/>나 나<br/>
"
5550,같은 시간,정든정든,같은 시간,153,<dd>2019.04.04</dd>,"눈치도 없는 눈에서 눈물이 흐르고<br/>잘 못들은거 아닐까 또 한 번 물어봐<br/>내가 뭘 잘못 했는지 묻고 싶지만<br/>입이 떨어지지 않아<br/>괜찮아 난 다 이해해<br/>애써 미안한 표정 하지 마<br/>네가 자꾸 미안해하면 나<br/>비참해지니깐 그만해<br/>안 돼 울지 마<br/>슬픈 거 티내지마<br/>애써 웃어야 돼 마지막이니깐<br/>뻔한 인사도 하지 마<br/>오래 전 부터 너의 행동들이<br/>이미 말해줬거든<br/>괜찮아 이제 그만해<br/>사랑했단 말로 흔들지 마<br/>좋은 추억이 되기엔 나<br/>너무 초라해서<br/>그렇게 못해<br/>안 돼 울지 마<br/>슬픈 거 티내지마<br/>애써 웃어야 돼 마지막이니깐<br/>뻔한 인사도 하지 마<br/>오래 전 부터 너의 행동들이<br/>이미 말해줬거든<br/>안 돼 울지 마<br/>슬픈 거 티 내지 마<br/>애써 웃어야 돼 마지막이니깐<br/>뻔한 인사도 하지 마<br/>오래 전부터 너의 행동들이<br/>이미 말해줬거든<br/>
"
