6301,사랑합니다…,양다일양다일,[Vol.6] 유희열의 스케치북 10주년 프로젝트 : 세 번째 목소리 `유스케 X 양다일`,"7,372",<dd>2019.02.23</dd>,"나빠요 참 그대란 사람<br/>허락도 없이 왜 내 맘 가져요<br/>그대 때문에 난 힘겹게 살고만 있는데<br/>그댄 모르잖아요<br/>알아요 나는 아니란 걸<br/>눈길 줄 만큼 보잘것없단 걸<br/>다만 가끔씩 그저 그 미소 여기 내게도<br/>나눠줄 순 없나요<br/>비록 사랑은 아니라도<br/>언젠가 한 번쯤은 돌아봐 주겠죠<br/>한없이 뒤에서 기다리면<br/>오늘도 차마 못 한 가슴속 한마디<br/>그댈 사랑합니다<br/>어제도 책상에 엎드려<br/>그댈 그리다 잠들었나 봐요<br/>눈을 떠보니 눈물에 녹아 흩어져 있던<br/>시린 그대 이름과<br/>헛된 바람뿐인 낙서만<br/>언젠가 한 번쯤은 돌아봐 주겠죠<br/>한없이 뒤에서 기다리면<br/>오늘도 차마 못 한 가슴속 한마디<br/>그댈 사랑할게요<br/>이젠 너무나도 내게 익숙한<br/>그대 뒷모습을 바라보면<br/>흐르는 눈물처럼 소리 없는 그 말<br/>그댈 사랑합니다<br/>그댈 사랑합니다<br/>
"
6302,늦어버렸나,랄라스윗 (lalasweet)랄라스윗 (lalasweet),늦어버렸나,614,<dd>2019.02.23</dd>,"너무 늦어버렸나<br/>아직 가지 못한 길<br/>생각조차 못한 나 으음<br/>아무 미련도 없이 뒤를 돌아보기엔<br/>마음 한 켠에 남아있는 무언가<br/>사람은 정해진 답을 알고 있다고<br/>믿고 있지만 사실은<br/>다들 찾고 있는 무언가<br/>사람은 정해준 길 위에 서서<br/>가만히 걸어갈 수만은 없지만<br/>마냥 벗어나긴 좀 그래<br/>너무 늦어버린걸<br/>아직 갖지 못한걸 욕심조차 내기엔<br/>내가 부족한 사람이라 느꼈어<br/>용기조차 못 내고<br/>너무 금방 돌아서 버렸나<br/>사람은 정해진 답을 알고 있다고<br/>믿고 있지만 사실은<br/>다들 찾고 있는 무언가<br/>사람은 정해준 길 위에 서서<br/>가만히 걸어갈 수만은 없지만<br/>마냥 벗어나긴 좀 그래<br/>그럴싸한 말들로 이게 맞는 거라고<br/>어쩔 수 없다고<br/>믿고 싶은 마음의 사람은<br/>사람은 아직 늦지 않았다고 여전히<br/>무엇이든 할 수 있다고<br/>말해주고 싶은 누군가<br/>사람은 가끔 길을 잃어버린다 해도<br/>길을 벗어나도 언제든<br/>다시 찾아올 수 있다고<br/>
"
6303,나는 너에게,"시간 속의 우리, YY시간 속의 우리, YY",02,166,<dd>2019.02.23</dd>,"나는 더 이상 해줄 말이 없어<br/>이 이상 뱉어내라면 토 할지 몰라<br/>나를 담는 건 거짓뿐인 상자<br/>뭔가 좀 주고 싶지만 양심이 찔려<br/>나 지금 그대 생각하다가 후<br/>나는 더 이상 해줄 말이 없어<br/>이 이상 뱉어내라면 토 할지 몰라<br/>나를 담는 건 거짓뿐인 상자<br/>뭔가 좀 주고 싶지만 양심이 찔려<br/>뱉어 내려해봐도 거짓뿐인 이 말로<br/>그대 마음속에 남으려하는<br/>나약한 내가 원망스러워<br/>얼마 지나지 않고서<br/>다시 또 그리워하겠지 봐봐<br/>나 지금 그대 생각하다가<br/>추억이 됐어 장면이 됐어<br/>나 지금 그대 생각하다가<br/>추억이 됐어 장면이 됐어<br/>나 그대 만을 사랑하다가<br/>날 묻어버렸어 사라져버렸어<br/>나 그대만을 사랑하다가<br/>추억이 됐어 사라져버렸어<br/>우 우우 우우 우우 우우<br/>우우우우우 우우우우<br/>우 우우 우우 우우 우우<br/>우우우우우 우우우우<br/>우우우 우우 우 후<br/>
"
6304,허상,단칸방 로맨스단칸방 로맨스,허상,200,<dd>2019.02.23</dd>,"이 애달픈 마음은<br/>나만의 허상일까<br/>두 눈에 담긴 눈물에<br/>진심이 담겼을까<br/>우리의 거리를 잘 알기에<br/>더 다가가선 안 될<br/>그대여 그댄 아나요<br/>이런 내 맘을<br/>이런 모습을<br/>그대여 그댈 알아요<br/>그 때문에 난<br/>이제 난 이제 난<br/>결국엔 안 되겠죠<br/>이렇게 생각해도<br/>아프기만 하겠죠<br/>바보같이 나 혼자<br/>우리의 거리를 잘 알기에<br/>더 다가가선 안 될<br/>그대여 그댄 아나요<br/>이런 내 맘을<br/>이런 모습을<br/>그대여 그댈 알아요<br/>그 때문에 난<br/>이제 난 이제 난<br/>그대여 그댄 아나요<br/>이런 내 맘을<br/>이런 모습을<br/>그대여 그댈 알아요<br/>그 때문에 난<br/>이제 난 더이상<br/>
"
6305,지나가더라 (With 솜니도어),지은 (ZYEUN)지은 (ZYEUN),지나가더라,98,<dd>2019.02.23</dd>,"지난 겨울 니가 떠나갔던 밤<br/>바람 따라 니가 멀어지더라<br/>이제 겨우 잊은 줄 알았는데<br/>니 생각만 점점 간절하더라<br/>선명해지더라<br/>시간이 지날수록<br/>지워지더라 너만 사랑했던 그 시간이<br/>지나가더라 영원할 것 같던 그리움이<br/>잊혀지더라 사랑이라 말했던 거짓도<br/>전부 다 다 지나가더라<br/>지난 겨울 너와 헤어졌던 밤<br/>그 자리에 니가 멈춰있더라<br/>정말 많이 아플 줄 알았는데<br/>우리 추억이 점점 무뎌지더라<br/>선명해지더라<br/>시간이 지날수록<br/>지워지더라 너만 사랑했던 그 시간이<br/>지나가더라 영원할 것 같던 그리움이<br/>잊혀지더라 사랑이라 말했던 거짓도<br/>전부 다 다 지나가더라<br/>지워지더라<br/>지워지지 않더라<br/>지나가더라<br/>더 짙어지더라<br/>잊혀지더라 사랑이라 말했던 거짓도<br/>전부 다 다 지나가더라<br/>지난 겨울 니가 떠나갔던 밤<br/>바람 따라 니가 멀어졌던 밤<br/>그 자리에 머물 줄 알았는데<br/>다 다 다 다 지나가더라<br/>
"
6306,fate,김소년김소년,fate,114,<dd>2019.02.23</dd>,"이렇게 눈을 감으면<br/>들려오는 목소리<br/>꿈꾸던 그 시절 속으로<br/>돌아갈 수 있다면<br/>I want to stay<br/>어둠 속에 가려진 별 하나<br/>그 빛이 날 존재하게 만들어<br/>끝도 없이 달려온 시간에<br/>세상 모든 것이 깨어날 거야<br/>눈을 감고 내 목소리를 들어봐<br/>작은 어깰 감싸고 위로해줄게<br/>혼자가 아니야<br/>I want to stay<br/>행복했던<br/>내 서랍 속 사진 속 너의 미소<br/>가득하게 영원히<br/>내 안에 모든 것들이<br/>정해진 운명처럼<br/>꿈꾸듯 사라져<br/>다시 볼 수 있다면<br/>I want to stay<br/>눈을 감고 내 목소리를 들어봐<br/>작은 어깰 감싸고 위로해줄게<br/>혼자가 아니야<br/>I want to stay<br/>행복했던<br/>내 서랍 속 사진 속 너의 미소<br/>가득하게 영원히<br/>이 노래를 속사이고 또 사라져<br/>작은 어깰 감싸고<br/>위로해 주던 네가 그리워<br/>I want to stay<br/>행복했던<br/>내 서랍 속 사진 속<br/>너의 미소 간직할게<br/>깊숙이 <br/>
"
6307,고백할거야,JDragonJDragon,고백할거야,0,<dd>2019.02.23</dd>,"그동안 많이 참았었어<br/>너를 사랑한 내 마음을<br/>가슴 깊이 묻어두고<br/>널 그냥 잊으려 했지<br/>시간이 가도 커져가는<br/>널 향한 나의 마음을<br/>더 이상 멈출 수가 없어<br/>이제는 말할 거야<br/>사랑이란 그런 건가 봐<br/>삶을 행복하게 해주는<br/>에너지야 이젠 알아<br/>너에게 다가갈 거야<br/>나의 사랑은 넓고 뜨거운데<br/>넌 받아줄 수 있을까<br/>가슴 벅차 눈물 흘러<br/>그만큼 너를 사랑해<br/>나의 사랑은 넓고 뜨거운데<br/>넌 아직 내 마음 모르지<br/>꼭 고백할 거야 오늘 밤<br/>나의 마음 보여줄 거야<br/>잠 못 이루는 밤이 오면<br/>너의 생각만 했었지<br/>너의 얼굴이 떠오르면<br/>언제나 행복했어<br/>사랑이란 알 수가 없어<br/>널 사랑할 줄 몰랐었어<br/>이젠 알아 내 운명은<br/>바로 너 너뿐이란 걸<br/>나의 사랑은 넓고 뜨거운데<br/>넌 받아줄 수 있을까<br/>가슴 벅차 눈물 흘러<br/>그만큼 너를 사랑해<br/>나의 사랑은 넓고 뜨거운데<br/>넌 아직 내 마음 모르지<br/>꼭 고백할 거야 오늘 밤<br/>나의 마음 보여줄 거야<br/>사랑은 넓고 뜨거운데<br/>넌 받아줄 수 있을까<br/>가슴 벅차 눈물 흘러<br/>그만큼 너를 사랑해<br/>나의 사랑은 넓고 뜨거운데<br/>넌 아직 내 마음 모르지<br/>꼭 고백할 거야 오늘 밤<br/>나의 마음 보여줄 거야<br/>
"
6308,We can Fly,PistisPistis,We can Fly(남양주시 `뮤직메이커 시즌1`),28,<dd>2019.02.23</dd>,"그대 오늘 하루는 어땠나요<br/>생각보다 쉽지는 않았나요<br/>거리에 수많은 사람들 속 내가<br/>오늘따라 초라해 보이나요<br/>Can i fly<br/>Can i fly<br/>괜찮아요 어디든지<br/>We make it fly<br/>우리가 항상 꿈꾸던 곳에<br/>make it fly<br/>할 수 있죠 무엇이든지<br/>We can make anything<br/>우리가 항상 꿈꾸던 곳에<br/>make it fly<br/>도대체 왜 남들의 기준에<br/>나를 맞춰야 하는지<br/>불투명해진 미래<br/>꼭두각시인형같이<br/>왜 나 놀아나는지<br/>내 자아는 이미 잃어버린지 오래<br/>끝없는 경쟁 속에<br/>친구마저 적이 되어가<br/>핏빛 가득한 전쟁터<br/>어른들은 이게 사회라며<br/>우릴 내몰아가<br/>턱 밑까지 옥죄는 듯한 불안감<br/>나 자신보다 나를 대표할 숫자가<br/>더 중요해진 듯 해<br/>1이 아니면 필요가 없어진 세상<br/>내가 내가 아닌 듯 해<br/>진짜 내 모습이 뭘까<br/>내가 뭘 하던 박수쳐주던<br/>그 어릴 때로 돌아가<br/>다시 한 번 두려움 없이<br/>웃어볼 수 있을까<br/>그 해맑던 나로 돌아갈 수 있을까<br/>I wanna go back i wanna go back<br/>Can i fly<br/>Can i fly<br/>괜찮아요 어디든지<br/>We make it fly<br/>우리가 항상 꿈꾸던 곳에<br/>make it fly<br/>할 수 있죠 무엇이든지<br/>We can make anything<br/>우리가 항상 꿈꾸던 곳에<br/>make it fly<br/>괜찮아요 어디든지<br/>We make it fly<br/>우리가 항상 꿈꾸던 곳에<br/>make it fly<br/>할 수 있죠 무엇이든지<br/>We can make anything<br/>우리가 항상 꿈꾸던 곳에<br/>make it fly<br/>
"
6309,What If Love,웬디 (WENDY)웬디 (WENDY),진심이 닿다 OST Part.3,"15,707",<dd>2019.02.22</dd>,"모르는 것 투성이<br/>솔직히 난 어려워 umm<br/>타이밍 그게 뭔지<br/>왜 멋대로 꼬이는지<br/>걸음이 느린 내 맘이<br/>힘을 내서 널 쫓아왔어<br/>한 발짝 닿는 곳에<br/>내가 있어 뭘 망설이니<br/>Ooh love love is 뭘까 what is love<br/>Ooh love 어떡할까 what if love<br/>아마도 나는 널<br/>one one one my one<br/>the only one one one you are<br/>If this is love love love if love<br/>어떡할까 어떡할까<br/>what if this is the love<br/>한참을 널 바라봐<br/>내 맘과 똑같을까 uhm<br/>역시 잘 모르겠어<br/>여전히 참 어려워<br/>걸음이 느린 내 맘이<br/>힘을 내서 널 쫓아왔어<br/>한 발짝 닿는 곳에<br/>네가 있어 뭘 망설이니<br/>Ooh love love is 뭘까 what is love<br/>Ooh love 어떡할까 what if love<br/>아마도 나는 널<br/>one one one my one<br/>the only one one one you are<br/>If this is love love love if love<br/>어떡할까 어떡할까<br/>안개가 가득한 너와 나 사이엔<br/>분명한 게 하나 없잖아<br/>나 너를 원하면 간절히 바라면<br/>결국엔 나 너에게 닿을 수 있을까<br/>one one one my one<br/>the only one one one you are<br/>this is the love love love I know<br/>this is the love this is the love<br/>I know this is the love<br/>
"
6310,Secret Romance,"차오루, 수웅차오루, 수웅",Secret Romance OST,116,<dd>2019.02.22</dd>,"말을 걸까 아님 인사 할까<br/>어떻게 해야할까<br/>모르겠어<br/>지나칠까 아님 아는척을 할까<br/>모르겠어 혹시 눈치챘나<br/>나와 같은 맘 이었을까<br/>너를 처음 본 순간<br/>알 수 없는 미묘한 감정이 들었어<br/>사실 나도 널 본 순간<br/>첨 느낀 심쿵한 기분이 들었어<br/>모르겠어 너가 날 어떻게 생각할지<br/>모르겠어 나만 이런게 아닐까<br/>모르겠어 말이라도 해주면 좋겠다<br/>모르겠어<br/>무얼 할까 아님 자고 있나<br/>문자를 남겨볼까<br/>모르겠어<br/>어디일까 아님 누구랑 있을까<br/>모르겠어 혹시 눈치 챘나<br/>나와 같은 맘이었을까<br/>너를 바라보다 들킨 순간<br/>부끄러워 미쳐버리겠어<br/>사실 나도 널 본 순간<br/>첨 느낀 심쿵한 기분이 들었어<br/>모르겠어 너가 날 어떻게 생각할지<br/>모르겠어 나만 이런게 아닐까<br/>모르겠어 말이라도 해주면 좋겠다<br/>모르겠어<br/>알고싶어 너가 날 어떻게 생각할지<br/>궁금했어 나만 이런 게 아닐까<br/>보고싶어 말이라도 해주면 좋겠다<br/>널 좋아해<br/>
"
6311,Love Distance,"원준 (소년공화국), 소라원준 (소년공화국), 소라",LOVE DISTANCE OST Part.2,46,<dd>2019.02.22</dd>,"우린 조금 먼 곳에서<br/>살았었지만<br/>아주 가까운 곳에서<br/>너와 난 만난 거야<br/>서로 다른 말을 해도<br/>왠지 알 것만 같아<br/>네 표정만 봐도 알잖아<br/>너를 좋아 하나 봐<br/>Love is sometimes<br/>멀리에 있지만<br/>Love is always<br/>느낄 수가 있어<br/>서툴러도 괜찮아 우리 함께 있다면<br/>나는 즐거울 것만 같아<br/>우린 다른 모습으로<br/>처음 만났지만<br/>같은 시간을 보내며<br/>너를 알아간 거야<br/>무슨 말인진 몰라도<br/>맘은 알 것만 같아<br/>모두 다 알 것 같아<br/>네 말투만 봐도 알 잔아<br/>널 좋아 하나 봐<br/>Love is sometimes<br/>멀리에 있지만<br/>Love is always<br/>느낄 수가 있어<br/>서툴러도 괜찮아 우리 함께 있다면<br/>나는 즐거울 것만 같아<br/>Love is sometimes<br/>멀리에 있지만<br/>Love is always<br/>느낄 수가 있어<br/>서툴러도 괜찮아 함께 있다면<br/>나는 즐거울 것만 같아<br/>Love is sometimes<br/>숨어 있는 것 같지만<br/>Love is always<br/>숨겨지지가 않아<br/>좀 달라도 괜찮아 우리 함께 있다면<br/>나는 행복할 것만 같아<br/>Love is sometimes<br/>Love is always<br/>좀 달라도 괜찮아 우리 함께 있다면<br/>행복할 것만 같아<br/>
"
6312,비가와 (feat. 진삼),조남매조남매,비가와,79,<dd>2019.02.22</dd>,"비가와 너는 괜찮은 걸까<br/>대답 없는 너의 모습이<br/>진심이었을까<br/>또다시 상처받을까 두려운 맘<br/>나는 괜찮은 걸까 너는 괜찮은 걸까<br/>차가운 이비에 사랑이 이렇게<br/>빨리 식어 버린 걸까<br/>후회하고 있을까<br/>너를 보는 게 아플까 널 안 보는 게<br/>수천 번 수만 번 쓰고 지웠던<br/>나의 인사말<br/>밤 하늘 별처럼<br/>마치 이별이 되어 버린 걸까<br/>널 안 보는 게 아플까 너를 보는 게<br/>수천 번 수만 번 쓰고 지웠던<br/>작별 인사말<br/>너에게 전하겠지만<br/>내 맘은 널 지울 자신이 없어<br/>너를 보는 게 아플까 널 안 보는 게<br/>수천 번 수만 번 쓰고 지웠던<br/>나의 인사말<br/>밤 하늘 별처럼<br/>마치 이별이 되어 버린 걸까<br/>널 안 보는 게 아플까 너를 보는 게<br/>수천 번 수만 번 쓰고 지웠던<br/>작별 인사말<br/>너에게 전하겠지만<br/>나는 아직 여기 서있을게<br/>
"
6313,걱정돼 (Worried) (Feat. 재즈 피아니스트 이지영),젠 (ZEN)젠 (ZEN),걱정돼 (Worried) - WITH PIANO,124,<dd>2019.02.22</dd>,"차가운 아침 잠결에 널 떠올려<br/>밤새 혹시 전화한 건 아닌지<br/>어젯밤의 넌 좀 괜찮았는지<br/>하루 이틀 일도 아닌데<br/>ring ring 벨이 울리면<br/>무슨 일 생긴 건지 겁이 나<br/>항상 그랬던 거니<br/>아슬아슬한 하루들에<br/>Always worried about you<br/>Care about you<br/>어디론가<br/>떠날 준비를 하는 건 아닌지<br/>난 네가 걱정이 돼<br/>요즘 들어 난 내가 점점 미워져<br/>널 지키기엔 부족한가 봐<br/>Always worried about you<br/>Care about you<br/>어디론가<br/>떠날 준비를 하는 건 아닌지<br/>난 네가 걱정이 돼<br/>시간이 지나면 나아질 거라고<br/>그렇게 믿고 싶지만 그게 잘 안돼<br/>요즘 들어 난 내가 점점 미워져<br/>널 지키기엔 부족한가 봐<br/>널 지키기엔 부족한가 봐<br/>
"
6314,너를 보내는 시간,Mood RotaryMood Rotary,너를 보내는 시간,15,<dd>2019.02.22</dd>,"잊혀져 간다<br/>네가 멀어져 간다 조금씩<br/>너의 빈자리가 차갑게 날 바라보네<br/>밝게 웃던 너의 모습도<br/>고왔던 너의 목소리도<br/>흘러가는 시간 앞에 흩어지잖아<br/>그렇게 바보처럼<br/>널 보내고 후회하는 나야<br/>붙잡지도 못하고<br/>멍하니 서 있었던 거야<br/>이제야 아프고 힘들지만<br/>부족한 나라서<br/>그저 눈물로 웃으며 보낼게<br/>네 뒷모습<br/>같이 웃던 우리 모습도<br/>행복한 우리 이야기도<br/>멈춰버린 시간 속에 남아있잖아<br/>그렇게 바보처럼<br/>널 보내고 후회하는 나야<br/>붙잡지도 못하고<br/>멍하니 서 있었던 거야<br/>이제야 아프고 힘들지만<br/>부족한 나라서<br/>그저 눈물로 웃으며 보낼게<br/>네 뒷모습<br/>너 없는 난 아무 의미 없지만<br/>너를 잡을 순 없잖아 보내야 하잖아<br/>잘 살아가 너를 위해서<br/>나도 잊어갈게<br/>우리의 좋은 추억들<br/>꼭 간직할게 고마워<br/>보잘것없지만<br/>너에게 전하지 못한 이 말<br/>나를 잊고 더 많이 행복해줘<br/>널 사랑해<br/>
"
6315,내게 와 (Come To Me),김보라김보라,내게 와 (Come To Me),20,<dd>2019.02.22</dd>,"나를 바라보는 그런 눈빛<br/>나를 생각하는 그런 표정<br/>봄바람처럼 나를 안아줘<br/>수줍게 내리는 봄비처럼<br/>난 불이 닿은 마쉬멜로우처럼<br/>스르르 난 녹아 버릴래<br/>내게 와 내게 와<br/>올듯 말듯 하지 말고 내게 그냥<br/>내게 와 내게 와<br/>너의 마음을 데리고 내게 와<br/>사랑은 참 너무 이상해<br/>괜히 울었다 웃었다 하잖아<br/>사랑은 참 너무 복잡해<br/>풀기 어려운 수학문제 같아<br/>내게 와 내게 와<br/>올듯 말듯 하지 말고 내게 그냥<br/>내게 와 내게 와<br/>너의 마음을 데리고 내게 와<br/>내게 와 내게 와<br/>긴 밤을 건너 만난 달빛처럼<br/>내게 와 내게 와<br/>수줍게 비치는 저기 별처럼<br/>나를 바라보는 그런 눈빛<br/>나를 생각하는 그런 표정<br/>봄바람처럼 나를 안아줘<br/>수줍게 내리는 봄비처럼<br/>내게 와<br/>내게 와<br/>내게 와 내게 와<br/>수줍게 비치는 저기 별처럼<br/>
"
6316,웃을 날이 또 올까요,네임 (Name)네임 (Name),웃을 날이 또 올까요,7,<dd>2019.02.22</dd>,"한순간이라도<br/>니가 없는 채로<br/>살아내기를 바래<br/>별짓 다 해봐도 안돼<br/>눈을 감아도<br/>너라서<br/>웃을 날이 또 올까요<br/>잊히기를 바래<br/>유난히 더 힘에 겨운 밤에<br/>눈물 흘리는 일밖에 못하는<br/>내가 또 가여워<br/>꿈에서라도 니가 없는 채로<br/>웃길 바래<br/>웃을 날이 또 올까요<br/>잊히기를 바래<br/>유난히 더 힘에 겨운 밤에<br/>눈물 흘리는 일밖에 못하는<br/>내가 또 가여워<br/>꿈에서라도 니가 없는 채로<br/>웃길 바래<br/>
"
6317,그토록 기다려온,하늘하늘,그토록 기다려온,7,<dd>2019.02.22</dd>,"난 네가 너무 좋은데<br/>난 너무 소심해서<br/>다가갈 용기가 안 나<br/>날 쳐다보기만 해도 oh<br/>그런데 네가 날<br/>그렇게 예쁜 네가 왜 날<br/>나 너무 행복해 고마워<br/>꿈인 것 만 같아 지금 이 순간이 내겐<br/>이런 내가 넌 좋다고<br/>너에게 처음 왔던<br/>선톡을 지울 수 없어<br/>날 쳐다보기만 해도 oh<br/>그런데 네가 날<br/>그렇게 예쁜 네가 왜 날<br/>나 너무 행복해 고마워<br/>꿈인 것 만 같아 지금 이 순간이 내겐<br/>
"
6318,별에 대한 기억 (Memory of stars),에녹에녹,ENOCH 1st ALBUM,83,<dd>2019.02.22</dd>,"그날 밤이 선명히 남아 있어<br/>코끝이 바늘로 찌르는 것처럼<br/>시렸던 그 날 밤이<br/>바다 끝에서 불어오는 바람이<br/>주변의 소리를 삼켰던 밤<br/>난 한참을 서 있었어 그곳에<br/>별이 있었거든<br/>별은 도시의 성난 빛과 달라서<br/>낯을 가리는 아이처럼 다가왔어<br/>하나 둘 셋<br/>마음이 닿은 순간<br/>불꽃처럼 터져 버려<br/>내 눈을 덮어 줬지<br/>날 위로한 빛<br/>한밤의 샹들리에<br/>빛이 없을 때 내게 빛이 돼 줬어<br/>날 위로한 빛<br/>누군가의 선물<br/>별이 아니라면<br/>그날 밤은 짙은 어둠뿐이었겠지<br/>그날 밤은 어둠뿐이었겠지<br/>
"
6319,낙엽,보라보라,낙엽,17,<dd>2019.02.22</dd>,"점점 물들어가<br/>더욱 더 물들어가 그렇게<br/>너란 잎이 바래져<br/>어두워져 내 마음처럼<br/>너는 이제 저 멀리 내 곁에서<br/>멀어져 가는구나 아무 말 없이<br/>가슴이 시려와<br/>예전의 네 모습 잊지 않을께<br/>밝고 고왔던 너의 모습<br/>결국 떠나간다 스르르륵<br/>소리없이 고요한 저 구름처럼<br/>예뻤던 너의 그 모습이<br/>스르르륵 스르르륵<br/>사라져간다<br/>가슴이 시려와<br/>예전의 네 모습 잊지 않을께<br/>밝고 고왔던 너의 모습<br/>결국 떠나간다 스르르륵<br/>소리없이 고요한 저 구름처럼<br/>예뻤던 너의 그 모습이<br/>스르르륵 사라져간다<br/>달빛에 빛이 너를 변하게 한걸까<br/>별의 빛이 그런걸까 난 참 궁금해<br/>내 작은 손에 널 담아두어<br/>보고싶어 상처입지 않게<br/>결국 떠나간다 스르르륵<br/>소리없이 고요한 저 구름처럼<br/>예뻤던 너의 그 모습이<br/>스르르륵 스르르륵<br/>사라져간다<br/>
"
6320,눈 (Voice of. 한),둘둘,눈 (Voice of. 한),24,<dd>2019.02.22</dd>,"감싸주네요<br/>포근하게<br/>누군가의 품처럼<br/>덮어주네요<br/>따뜻하게<br/>추운 이 계절관 다르게<br/>아픈 상처를 감싸주고<br/>얼룩진 나를 덮어주죠<br/>추운 계절<br/>입김이 나올 때<br/>하늘에서<br/>별이 하나씩 내릴 때<br/>내 손끝에<br/>닿아 사라질 때<br/>내 손은 얼어도<br/>내 마음은 녹겠죠<br/>잡고 싶어도<br/>다가갈 수 없는<br/>나에겐 그런 존재이죠<br/>손에 닿아도<br/>손에 쥘 수 없는<br/>언제나 허전한 내 맘이죠<br/>아픈 상처를 감싸주고<br/>얼룩진 나를 덮어주죠<br/>추운 계절<br/>입김이 나올 때<br/>하늘에서<br/>별이 하나씩 내릴 때<br/>내 손끝에<br/>닿아 사라질 때<br/>내 손은 얼어도<br/>내 마음은 녹겠죠<br/>
"
6321,할머니에게,감성부부감성부부,할머니에게,27,<dd>2019.02.22</dd>,"할머니 저에요<br/>그동안 잘 지내셨나요<br/>자주 연락 드린다는 게<br/>늘 한발 늦네요<br/>먹고 살기 힘든 건지<br/>마음에 여유가 없던 건지<br/>그만 다시 만날 수 없는<br/>사이가 돼 버렸죠<br/>그대 미안해요<br/>당신에게 조금 더<br/>마음을 보이고 싶었는데<br/>이제 그만 편히 쉬어요<br/>나의 삶의 커다란<br/>의미가 됐던 그대<br/>얼마나 오래<br/>이 무거운 짐을<br/>이 버거운 삶을 버텼는지<br/>감히 상상조차 할 수 없는<br/>그대 여정의 끝을<br/>그 마지막을 배웅해요<br/>기억해요 할머니의<br/>냉장고에 가득 했던<br/>날 위해 챙겨두신 음식들<br/>가끔 전활 드릴 때면<br/>참 반가워 하시던<br/>고맙다 하시던 그대<br/>얼마나 오래<br/>이 무거운 짐을<br/>이 버거운 삶을 버텼는지<br/>감히 상상조차 할 수 없는<br/>그대 여정의 끝을<br/>그 마지막을 배웅해요<br/>사람 마음 참 간사해<br/>그동안 그렇게 잊고 지냈는데<br/>이젠 사무치게 그리워<br/>그대 그동안 잘 지내셨나요<br/>그 곳은 어떤가요<br/>정말 아무 고통 없나요<br/>우리 언젠가 다시 만날 때<br/>환한 미소로 서로 맞이해요<br/>
"
6322,기다릴게,김한김한,기다릴게,67,<dd>2019.02.22</dd>,"너를 보내고<br/>혼자 걷는 길<br/>이렇게도 낯선 건지<br/>거리 가득히<br/>수놓았던 추억이<br/>점점 흩어진다<br/>네가 없는<br/>방 안 가득<br/>남은 너의 향기에<br/>취해 비틀거리는 이 밤<br/>넌 괜찮은 건지<br/>벌써 다 잊은 건지<br/>아직 난 지울 수 없어<br/>널 보낼 수 없어<br/>이렇게 또 말해본다<br/>기다릴게<br/>기다릴게 너를<br/>너 없는 하루하루 아플 테니<br/>한 번만 돌아봐 주겠니<br/>너만 원하고 있는데<br/>다시 너를<br/>사랑할 수 있게<br/>기회를 줘<br/>서랍 속에<br/>숨겨 놓은<br/>웃는 너의 모습에<br/>부은 눈으로 보낸 오늘<br/>다 비워 낼수록<br/>더욱 선명해지는<br/>네가 보고 싶어서<br/>널 안고 싶어서<br/>이렇게 또 외쳐본다<br/>기다릴게<br/>기다릴게 너를<br/>너 없는 하루하루 아플 테니<br/>한 번만 돌아봐 주겠니<br/>너만 원하고 있는데<br/>다시 너를<br/>사랑할 수 있게<br/>기회를 줘<br/>시간이 흘러서<br/>다 변해간대도<br/>난 여기 있을게<br/>기다릴게<br/>기다릴게 너를<br/>너 없인 숨 쉴 수도 없을 테니<br/>한 번만 돌아봐 주겠니<br/>너만 원하고 있는데<br/>다시 내가<br/>살아갈 수 있게<br/>기회를 줘<br/>늦지 않기를<br/>
"
6323,지금처럼만,정인환정인환,지금처럼만,7,<dd>2019.02.22</dd>,"내 옆에 그대가 없었더라면<br/>나의 하루 하루는 지루할 거예요<br/>내 앞에 그대가 나타난 후부터<br/>순간순간이 특별해서 난 설레요<br/>우리 지금처럼만 매일 행복하자<br/>우리 지금보다 더 감사하자<br/>함께 가는 이 길이 외롭지 않도록<br/>내가 늘 그대 곁에 있을게<br/>시간이 설레임을 무디게 해도<br/>첫 만남의 감사를 늘 기억할게요<br/>그대의 작은 속삭임 하나하나<br/>내가 귀 기울이며 늘 들어줄게요<br/>우리 지금처럼만 매일 행복하자<br/>우리 지금보다 더 감사하자<br/>함께 가는 이 길이 외롭지 않도록<br/>내가 늘 그대 곁에 있을게<br/>내 앞에 있는 그대 모습<br/>너무 아름다워요<br/>평생을 함께해줄래요<br/>내 손을 잡아요<br/>우리 지금처럼만 매일 행복하자<br/>우리 지금보다 더 감사하자<br/>함께 가는 이 길이 외롭지 않도록<br/>내가 늘 그대 곁에 있을게<br/>내가 늘 그대 사랑할게요<br/>
"
6324,Love flows like a river,클라인 (Klein)클라인 (Klein),Love flows like a river,4,<dd>2019.02.22</dd>,"소리쳐 불러보아도<br/>대답이 없는 너의 맘<br/>날 떠나간 네 사랑이<br/>내게 아직 남았는데<br/>차디찬 새벽이슬처럼<br/>눈물로 맺힌 너의 말<br/>널 사랑하지 않아<br/>우린 여기까지야<br/>내일보다 먼저 그리움이<br/>올지 이미 알고 있기에<br/>그래 좀 더 일찍 아파할게<br/>하지만 널 잊을 수 없어<br/>잊지 못할 만큼 어려웠고<br/>잡지 못한 만큼 무너졌던<br/>이별의 끝에 서있는 날<br/>일으켜 세워주길<br/>더 사랑하기에도 모자라다<br/>생각한 그 시간들까지<br/>모두 가져가 줘요<br/>너만을 위해 남겨두었던 시간까지<br/>사랑은 그렇게 구름처럼<br/>세월의 강물따라 흘러<br/>어디로 가는지 몰라도<br/>온몸을 던지는 것<br/>부서져 사라져 버리고<br/>손가락 사이로 흩어져<br/>아무것도 남지 않아도<br/>다시 흐르는 강물<br/>
"
6325,미안해 (Vocal. JIK),임장인임장인,미안해,47,<dd>2019.02.22</dd>,"Your feel<br/>Your hate<br/>I knew it oh<br/>I knew it oh<br/>All of that<br/>Your face<br/>Your mouth<br/>I knew it oh<br/>I knew it oh<br/>All of it<br/>Closed sun<br/>Close door<br/>I need it your<br/>그때 했던 말 니가 있던 때로<br/>다시 돌아가고파<br/>Trust mind<br/>Cross heart<br/>I'm only your away<br/>두 번 다시는 볼 수 없단 거<br/>나도 알고 있지만<br/>I'm sorry I'm sorry<br/>I'm sorry I'm sorry<br/>미안해 미안해<br/>미안하단 말도 이젠<br/>I'm sorry I'm sorry<br/>I'm sorry I'm sorry<br/>미안해 미안해<br/>미안하단 말도 이젠<br/>Your fear<br/>Your hand<br/>I knew it oh<br/>I knew it oh<br/>All of it<br/>Your fault<br/>Your mind<br/>I knew it oh<br/>I knew it oh<br/>All of that<br/>Closed sun<br/>Close eyes<br/>I need it your<br/>우연히라도 볼 수 있다면<br/>너를 보러 가고파<br/>Trust mind<br/>Cross heart<br/>I'm only your away<br/>두 번 다시는 볼 수 없단 거<br/>나도 알고 있지만<br/>I'm sorry I'm sorry<br/>I'm sorry I'm sorry<br/>미안해 미안해<br/>미안하단 말도 이젠<br/>I'm sorry I'm sorry<br/>I'm sorry I'm sorry<br/>미안해 미안해<br/>미안하단 말도 이젠 늦었지만<br/>I'm sorry I'm sorry<br/>I'm sorry I'm sorry<br/>미안해 미안해<br/>미안하단 말도 이젠<br/>I'm sorry I'm sorry<br/>I'm sorry I'm sorry<br/>미안해 미안해<br/>미안하단 말도 이젠 늦었지만<br/>
"
6326,밤새도록,오렌지문 (Orange Moon)오렌지문 (Orange Moon),밤새도록,79,<dd>2019.02.22</dd>,"너는 나의 세상이었고<br/>우리에게 이별이란<br/>밤의 해와 같았지<br/>누군가의 행복이 되는 일<br/>그게 너라는 사실이<br/>난 그저 마냥 좋았어<br/>시간은 익숙함을 주고<br/>너의 소중함을 잊게 만들었지<br/>말없이 찾아온 이별에<br/>난 어떻게 대답해야 할지<br/>밤새도록 고민을 해봐도<br/>도무지 난 답을 모르겠어<br/>어떻게 널 보내줘야만 할지<br/>배운적 없는 이별은 나를 울려<br/>후회는 왜 한 발 더딘지<br/>당연했던 네가 너무 그리워서<br/>뻔한 영화 속 주인공처럼<br/>우리 다시 만날 수 있다면<br/>밤새도록 고민을 해봐도<br/>도무지 난 답을 모르겠어<br/>어떻게 널 보내줘야만 할지<br/>배운적도 해본적도 없는데<br/>모르겠어 난 자신이 없어<br/>아직까지 내게 꿈만 같은데<br/>돌아와줘 네가 없는 밤새도록<br/>해줄 수 없는 이별은 나를 울려<br/>
"
6327,Staples Center,조이람조이람,Better Than Special,84,<dd>2019.02.22</dd>,"가는 중이야 바람을 타고<br/>사뿐사뿐 구름을 밟고서<br/>언제부턴가 내 하루는 다<br/>너로 가득 차 있어<br/>내 아침을 깨우고<br/>말도 안 되는 일이야<br/>넌 마치 거짓말 같은데<br/>영원을 바래<br/>더 늦기 전에<br/>널 만나러가 내 맘 속의 너에게로<br/>고마워 내 앞에 빛을 비춰줘서<br/>보지 못했던 이 길을 함께 걸어줘서<br/>내가 있어 지금의 너가<br/>너가 있어 지금의 우리가 있어<br/>그래 난 지금의 우리를 믿어<br/>멈춰있던 시간으로<br/>돌아가는 중이야<br/>오랫동안 혼자였고<br/>자꾸만 더 작아졌어<br/>잠겨있던 내 맘을 열어준<br/>열쇤 바로 너야<br/>고마워 내 앞에 빛을 비춰줘서<br/>보지 못했던 이 길을 함께 걸어줘서<br/>내가 있어 지금의 너가<br/>너가 있어 지금의 우리가 있어<br/>그래 난 지금의 우리를 믿어<br/>내 노래가 되어줘<br/>내 작은 소릴 너에게 줄게<br/>늘 항상 그곳에서 밝은 빛이 되어줘<br/>woo<br/>고마워 내 앞에 빛을 비춰줘서<br/>보지 못했던 이 길을 함께 걸어줘서<br/>니가 있어 지금의 내가<br/>내가 있어 지금의 우리가 있어<br/>우리의 영원한 비행을 믿어<br/>
"
6328,들어줄게요,임시원임시원,들어줄게요,8,<dd>2019.02.22</dd>,"오늘은 어땠나요<br/>하고싶은 얘긴 없나요<br/>희미하게 웃고 있지만<br/>슬퍼보이는 그 미소 뒤엔<br/>지친 뒷모습 아픈 발자국 보이네요<br/>한참을 눈물 짓고 뒤척이며<br/>어떤 날을 지내왔는지 잘은 모르지만<br/>괜찮아요 다 비워내요 털어내요<br/>지친 목소리 아픈 한숨이 들리네요<br/>한참을 눈물 짓고 뒤척이며<br/>어떤 날을 견뎌왔는지 잘은 모르지만<br/>괜찮아요 다 비워내요 털어내요 이젠<br/>얼마나 힘들었는지<br/>또 얼마나 외로웠는지<br/>어쩌면 이미 굳게 마음이<br/>닫혔는진 몰라도<br/>턱 끝까지 숨이 차올라<br/>더는 버틸 수 없을 땐<br/>얘기해요 듣고 있어요<br/>한참을 숨겨왔던 그대 마음<br/>들어줄 누구라도 필요할 때<br/>언제든 괜찮아요 난 언젠가<br/>더 흘릴 눈물이 없는 날<br/>뒤척일 잠도 없는 날<br/>힘에 겨워 찾아와도<br/>괜찮아요 내가 들어줄게요<br/>
"
6329,바라봐줘요,죠지죠지,바라봐줘요,"23,784",<dd>2019.02.21</dd>,"그대를 다시 볼 수 있다는<br/>생각을 해요<br/>아마도 우린 끝없이 멀리<br/>돌아만 왔죠<br/>엊그제부터 또 생각이 나서<br/>이제 더는 안될 것 같아<br/>그대에게 말해요<br/>아무런 의미 없는 일상에<br/>들어와줘요<br/>그대와 함께하고 싶은 게<br/>참 많은걸요<br/>익숙해질 즘 그댈 기다리는 게<br/>왠지 마주칠 것만 같아<br/>마음이 떨려요<br/>I’m the one who found your love<br/>그대 안에 내가 번져서<br/>그간에 맘들이 모두 녹아내리면<br/>내가 꿈꿔왔던 것처럼<br/>그렇게 나를 바라봐줘요<br/>혼자서 잠 못 이루고<br/>널 떠올렸던 밤<br/>별들이 반짝이던 그날에<br/>기도했었죠<br/>그대를 다시 다시 볼 수 있다면<br/>어디에 있건 당장이라도<br/>달려갈 텐데<br/>I’m the one who found your love<br/>그대 안에 내가 번져서<br/>그간에 맘들이 모두 녹아내리면<br/>내가 꿈꿔왔던 것처럼<br/>그렇게 나를 바라봐줘요<br/>I’m the one who found your love<br/>그대 안에 내가 번져서<br/>그간에 맘들이 모두 녹아내리면<br/>내가 꿈꿔왔던 것처럼 <br/>그렇게 나를 바라봐줘요<br/>
"
6330,너의 후회 (Vocal by 예찬),러블리벗 (Lovelybut)러블리벗 (Lovelybut),너의 후회,123,<dd>2019.02.21</dd>,"난 너의 후회이고 싶다<br/>길 한가운데서 널 멈춰서게<br/>만드는 답답함이고 싶다<br/>우연히 내소식 들으면<br/>넌 혼자 취하고<br/>밤을 헤매는 네맘은<br/>결국 내 이름에 멈춰서서<br/>떠나지 말 걸 그랬어<br/>떠나지 말 걸 그랬어<br/>떠나지 말 걸 말걸말걸<br/>날 떠난 너를 너 후회하기를<br/>난 너의 후회이고싶다<br/>새벽잠을 설치고 널 멍하게<br/>만드는 비밀이고 싶다<br/>우연히 날 보게되면<br/>넌 아무것도 못하고<br/>맘을 잡지 못한 네 안은<br/>결국 그리움에 무너져서<br/>떠나지 말 걸 그랬어<br/>떠나지 말 걸 그랬어<br/>떠나지 말 걸 말걸말걸<br/>날 떠난 너를 너 후회하기를<br/>보내지 말 걸 그랬어<br/>보내지 말 걸 그랬어<br/>보내지 말 걸 말걸말걸<br/>널 보낸 나를 나 후회한다<br/>나 후회한다<br/>너의 후회이고싶다 난<br/>너의 후회이고싶다<br/>
"
6331,어땠을까,장덕철장덕철,황후의 품격 OST,764,<dd>2019.02.21</dd>,"왜 이제야 널 만났을까<br/>다른 어느 날이면 좀 나았을까<br/>기대조차 없었던 날들<br/>잠들지 못하게 먹먹하게 아파<br/>네가 가르쳐준 눈물들이<br/>웃을 수 있다는 기대를 꼭 하게 해<br/>어땠을까 그랬다면<br/>줄 수 있는 게 많았더라면<br/>따스한 네 마음 다치지 않을 만큼<br/>행복한 사람 만약 그게 나였다면<br/>왜 여기서 널 만났을까<br/>다른 어느 곳이면 좀 나았을까<br/>바람조차 버겁던 날들<br/>또 너를 그리다 더 그리워 아파<br/>닿지 못한 진심 어린 마음<br/>상처가 된단 걸 전엔 미처 몰랐어<br/>어땠을까 그랬다면<br/>줄 수 있는 게 많았더라면<br/>따스한 네 마음 다치지 않을 만큼<br/>행복한 사람 만약 그게 나였다면<br/>시간이 더 갈수록 선명해지는 걸<br/>흐린 내 마음 너 채워준 거야<br/>지켜주지 못한다 해도<br/>꼭 함께 있을 거야<br/>지금 이대로<br/>어땠을까 그랬다면<br/>조금 더 일찍 알아봤다면<br/>고마운 네 마음 헤매지 않을 만큼<br/>한 걸음 먼저 기다리고 있었다면<br/>
"
6332,너에게 돌아 가는 길 (Feat. 블러셔 (Blusher)),슈슈가슈슈가,너에게 돌아 가는 길,169,<dd>2019.02.21</dd>,"시간이 지나도 안돼<br/>아프게 했던 그 시간<br/>그게 나를 지치고 아프게 해<br/>내가 다 미안했어<br/>어떻게 너를 보내고<br/>살았는지 모르겠어<br/>내가 아닌 시간속에서 살던<br/>지옥같았던 시간<br/>이토록 힘들 줄 몰랐어<br/>너에게 돌아가는 길이<br/>이렇게 바라보기만 해도<br/>마음이 아파서 눈물나<br/>다시 돌아가고 싶어<br/>어떻게 너를 보내고<br/>살았는지 모르겠어<br/>내가 아닌 시간속에서 살던<br/>지옥같던 시간<br/>이토록 힘들 줄 몰랐어<br/>너에게 돌아가는 길이<br/>이렇게 바라보기만 해도<br/>마음이 아파서 눈물나<br/>다시 돌아가고 싶어<br/>너를 아프게 했던<br/>못난 나를 용서해<br/>이제 모두 알것만 같아<br/>이토록 힘들 줄 몰랐어<br/>너에게 돌아가는 길이<br/>이렇게 바라보기만 해도<br/>마음이 아파서 눈물나<br/>다시 돌아가고 싶어<br/>
"
6333,사랑하지만 보낸다는 말 (Feat. 정우),보이스 메모리보이스 메모리,사랑하지만 보낸다는 말,356,<dd>2019.02.21</dd>,"어릴 땐 말야<br/>사랑하지만 보낸다는 말이<br/>정말 말도 안 되는 말이라고<br/>허나 나일 먹어보니<br/>조금은 알 것 같더라<br/>널 볼 때마다<br/>나아닌 다른 사람 만났더라면<br/>훨씬 행복했을 사람이 니까<br/>그럴 자격 충분하니까<br/>보낼 수밖에 없더라<br/>네가 떠난 후 참 원망했었어<br/>잡을 수도 없었던 나를<br/>훗날 너를 데려갈게요<br/>멋진 내가 되어서 행복을 꼭 줄게요<br/>많이 부족한 나라서<br/>그대 떠난 거니까<br/>잠시만 기다려줄래요<br/>아주 조금만 나를 안아줄래요<br/>멀리 가지 말아요 다시 돌아올게요<br/>그대가 없을 내 삶은<br/>이미 죽은 거니까<br/>지켜봐 줘요 널 찾을 거예요<br/>훗날 너를 데려갈 그 사람이 나이길<br/>간절히 바라고 또 바랬는데<br/>행복해 보이네요 그대가 웃고 있네요<br/>이렇게 다시 또 널 보냅니다<br/>정말 많이 미안했어요<br/>내 안에 살아줘서 잃은 게 많았겠죠<br/>아직도 가끔씩 내 생각 하고 있다면<br/>말해줘요 날 기다렸다고<br/>먼 훗날 널 데리러 갈 때에<br/>너는 거기 없겠죠 너무 늦은 거겠죠<br/>그래도 나는 괜찮아 너만 행복하다면<br/>사랑하기에 그댈 보낸 나는<br/>
"
6334,그게 나란 걸,숙희숙희,용왕님 보우하사 OST Part.4,230,<dd>2019.02.21</dd>,"별빛이 빛나던 그 날에<br/>파도가 부서지던 그 날에<br/>햇살이 가득한 그 날을 그리며<br/>흐르는 눈물 참아보네<br/>힘들고 지치는 하루에<br/>때로는 힘이 들지만<br/>언제라도 달려와 내게 웃어주는 너<br/>그대가 있어 힘을 내보죠<br/>괜찮냐 하고 묻는 그대의 안부에<br/>웃으면서 애써 태연할 수는 없었지만<br/>사실 힘들어 또 하루하루 나 견뎌내<br/>대신 눈물지우고 살아가<br/>그게 나라는 걸<br/>아파도 괜찮다는 말들에<br/>나보다 아파하는 너<br/>한 번이라도 날 위해<br/>살아보라 하던 너<br/>돌아선 그댈 잡을수는 없죠<br/>괜찮냐 하고 묻는 그대의 안부에<br/>웃으면서 애써 태연할 수는 없었지만<br/>사실 힘들어 또 하루하루 나 견뎌내<br/>대신 눈물 지우고 살아가<br/>힘들면 힘들다 말해줘<br/>가끔씩 기대도 괜찮아<br/>그대만 행복해 행복하기만을<br/>그렇게 기도해<br/>괜찮냐 하고 묻는 그대의 안부에<br/>웃으면서 애써 태연할 수는 없었지만<br/>사실 힘들어 또 하루하루 나 견뎌내<br/>대신 눈물 지우고 살아가<br/>그게 나라는 걸<br/>
"
6335,바래진다,케이드 (CADE)케이드 (CADE),바래진다,17,<dd>2019.02.21</dd>,"언젠가 너와 내가<br/>우리 같은 모습으로<br/>다시 만나질 수 있다면<br/>그때는 지금 내가<br/>후회할 일들을 없애볼 텐데<br/>그땐 몰랐던 내 어린 모습을<br/>지금 네가 감당하기 힘들 거라<br/>놓아버렸던<br/>그 모든 것들을 다 이해해<br/>흔하지 않았던 그 첫 만남도<br/>두 손을 맞잡고 한 그 약속도<br/>바래지 않을 것 같던<br/>그 모든 것들이<br/>이젠 저 멀리 아주 저 멀리 가네<br/>그땐 몰랐던 내 어린 모습을<br/>지금 네가 감당하기 힘들 거라<br/>놓아버렸던<br/>그 모든 것들을 다 이해해<br/>흔하지 않았던 그 첫 만남도<br/>두 손을 맞잡고 한 그 약속도<br/>바래지 않을 것 같던<br/>그 모든 것들이<br/>이젠 저 멀리 아주 저 멀리 가네<br/>
"
6336,내 어머니 스무 살 적에,오세준오세준,내 어머니 스무 살 적에,3,<dd>2019.02.21</dd>,"내 어머니가 스무 살 적에<br/>지내시던 전라남도 여수<br/>종고산 아래<br/>동산동 성당 골목길에서<br/>나는 세월을 거슬러<br/>곱고 어여쁜 소녀였던<br/>스무 살의 내 어머닐 그려보네<br/>내 어머니 스무 살 적에<br/>따사로운 햇살 가득한 봄날<br/>민들레꽃 빛깔 어여쁜 소녀<br/>그 소녀가 여기에 있네<br/>뒷동산에 올라<br/>쑥이랑 냉이 봄나물 캐며<br/>동무들과 무슨 얘길 나눴을까<br/>집으로 돌아가던 길<br/>돌 틈에 핀 봄꽃들과 마주하며<br/>어떤 것을 헤아렸을까<br/>노을 물든 저녁 집에 돌아가<br/>할머니랑 삼촌들께<br/>무슨 자랑하셨을까<br/>별들이 쏟아져 내린 저녁 잠이 들어<br/>무슨 꿈을 꾸며 미소 지었을까<br/>가을 그리고 겨울이 지나<br/>여수 오동도에<br/>동백꽃이 다시 필 때면<br/>봄바람 보다 더 포근하고<br/>햇살보다 더 따뜻했던<br/>루시아 우리 엄마가<br/>너무 보고 싶습니다<br/>내 어머니 스무 살 적에<br/>따사로운 햇살 가득한 봄날<br/>민들레꽃 빛깔 어여쁜 소녀<br/>그 소녀가 여기에 있네<br/>
"
6337,2월21일,"김미진, 영선김미진, 영선",2월21일,245,<dd>2019.02.21</dd>,"두 계절의 시작과 끝을<br/>함께하는 너의 날<br/>겨울의 끝을 아쉬워 하는 이유<br/>오늘을 소중하게 해준 그사람<br/>하루를 더 살아봐도 괜찮을것같아<br/>너와 함께하는날<br/>그리움만 쌓이던 외로운 사람들에게<br/>눈물만 흘리던 바보같은 나에게<br/>꿈에 그리던 너는 행복을 주는 사람<br/>바람 불어오는 곳에서 불러요<br/>잊지말아요 그대 우리의 노래를<br/>한동안 뜸했던 편지를<br/>따뜻했던 4월의 어느 날<br/>꿈만같던 우리 목소리<br/>함께 부르던 그때의 그 노래가<br/>우리를 하나로 만들어주었지<br/>여기에서 다시 만나<br/>그날을 추억하는 오늘<br/>그리움만 쌓이던 외로운 사람들에게<br/>눈물만 흘리던 바보같은 나에게<br/>꿈에 그리던 너는 행복을 주는 사람<br/>바람 불어오는 곳에서 불러요<br/>잊지말아요 그대 우리의 노래를<br/>한동안 뜸했던 편지를<br/>그리움만 쌓이던 외로운 사람들에게<br/>눈물만 흘리던 바보같은 나에게<br/>꿈에 그리던 너는 행복을 주는 사람<br/>바람 불어오는 곳에서 불러요<br/>잊지말아요 그대 우리의 노래를<br/>그때에 우리의 순간들<br/>
"
6338,창 (Window),최원유최원유,창 (Window),15,<dd>2019.02.21</dd>,"널 그려보고 있어<br/>창 밖엔 비가 내려<br/>어느덧 습해진 이곳에는 김이 서려<br/>볼 수 없어<br/>창 밖엔 비가 내려<br/>울고 웃던 우리 지난 날이 희미해져<br/>그때는 좋았었는데<br/>그때는 행복했는데<br/>못내 벅차오른 눈물<br/>빗물처럼<br/>애써 억누르며<br/>널 그려보고 있어<br/>창 밖엔 비가 내려<br/>어느덧 습해진 이곳에는 김이 서려<br/>볼 수 없어<br/>창 밖엔 비가 내려<br/>울고 웃던 우리 지난 날이 희미해져<br/>그때는 좋았었는데<br/>그때는 행복했는데<br/>못내 벅차오른 눈물<br/>빗물처럼<br/>애써 억누르며<br/>못내 벅차오른 눈물<br/>빗물처럼<br/>애써 억누르며<br/>널 그려보고 있어<br/>창 밖엔 비가 내려<br/>어느덧 습해진 이곳에는 김이 서려<br/>볼 수 없어<br/>창 밖엔 비가 내려<br/>울고 웃던 우리 지난 날이 희미해져<br/>
"
6339,아낌없이,엠블러썸엠블러썸,아낌없이,5,<dd>2019.02.21</dd>,"특별하지 내 삶이<br/>너를 만난 그 날<br/>이후부터<br/>따스한 울림 <br/>나의 영혼이 떨려오네<br/>멈춰있던 내 맘이<br/>너를 품에 안은<br/>순간부터<br/>산들한 바람에<br/>봄의 향기가 간지럽혀<br/>커져만가는 사랑은<br/>행복을 심어주는 꿈<br/>깊이 잠든 그 꿈속에서<br/>포근한 곁을 내어준 너<br/>아낌없이 그대만을<br/>영원토록 변함없이<br/>처음처럼 사랑할게요<br/>내 삶속에 그 끝에서<br/>다한대도 그대와 나<br/>우리둘은 놓지않을게<br/>커져만가는 사랑은<br/>행복을 심어주는 꿈<br/>깊이 잠든 그 꿈속에서<br/>포근한 곁을 내어준 너<br/>아낌없이 그대만을<br/>영원토록 변함없이<br/>처음처럼 사랑할게요<br/>내 삶속에 그 끝에서<br/>다한대도 그대와 나<br/>우리둘은 놓지않을게<br/>햇살처럼 다가와<br/>날 설레이게 만들었던 그대<br/>그렇게 벌써 우린<br/>서로에게 스며들어가<br/>아낌없이 아낌없이 그대만을<br/>영원토록 변함없이<br/>처음처럼 사랑할게요<br/>내 삶속에 그 끝에서<br/>다한대도 그대와 나<br/>우리둘은 놓지않을게<br/>
"
6340,새로운 시작,하늘하늘,새로운 시작,10,<dd>2019.02.21</dd>,"수고했던 오늘을 <br/>마무리하며 잠드는 <br/>고생했던 오늘을 <br/>쓰다듬으며 잠드는 <br/>안녕 반가운 내일아 <br/>오늘처럼 날 반겨줘 <br/>오늘은 잊고 새로운 시작 <br/>나만의 오늘 나만의 내일 <br/>가벼운 발걸음으로 다시 <br/>그 모든 게 담겨있는 <br/>달달한 꿈속에서 <br/>기다려온 내일을 <br/>기다리는 이 시간 <br/>안녕 아쉬운 오늘아 <br/>이제는 잘 시간 <br/>오늘은 잊고 새로운 시작 <br/>나만의 오늘 나만의 내일 <br/>가벼운 발걸음으로 다시 <br/>오늘은 잊고 새로운 시작<br/>나만의 오늘 나만의 내일<br/>가벼운 발걸음으로 다시<br/>
"
6341,혼자걷던 날,박재형박재형,2018 한림연예예술고등학교 실용음악과 작품집,42,<dd>2019.02.21</dd>,"오랜만에 연락해봐<br/>이러면안된단 것도알아<br/>하지만난 이렇게는<br/>도저히 못살것같은데<br/>함께걷던 그거리를<br/>혼자서 힘차게 걸을땐<br/>왠지너가 저멀리서<br/>달려와 안길것만같아<br/>기억나 이젠 안돌아갈<br/>행복했던 우리의 시간이<br/>함께지냈던 그날밤으로<br/>되돌릴 수없을까<br/>늦은밤 손잡고 걷던날<br/>잘가라며 포옹하던널<br/>어떻게잊어 그소중한 추억들을<br/>알아 안되는거 너를볼수없지만<br/>이렇게나 혼자 웃으며간직할게<br/>행복했었어 너와 함께한날들<br/>지난날에 멈춰서 언제나 널기다릴게 <br/>알아 안되는거 너를볼수없지만<br/>이렇게나 혼자 웃으며간직할게<br/>행복했었어 너와 함께한날들<br/>지난날에 멈춰서 언제나 널기다릴게 <br/>늦은밤 손잡고 걷던날<br/>잘가라며 포옹하던 널<br/>어떻게 잊어 그 소중한 추억들을<br/>
"
6342,웃으며 안녕,네임 (Name)네임 (Name),웃으며 안녕,5,<dd>2019.02.21</dd>,"어떻게든 돌리고 싶어서 그래<br/>웃음으로 넘기려 해<br/>웃는대도 흘러내리는<br/>눈물이 귀찮게<br/>오랜동안 참아왔던 건가 봐<br/>멈출 생각 없나 봐<br/>작은 하나까지도 소중하게<br/>간직했던 모든 게<br/>사라질까 봐<br/>제발 가지 말아 달라고<br/>울어봐도 돌아서는<br/>끝내 너는 말하네<br/>안녕<br/>오랜동안 참아왔던 건가 봐<br/>멈출 생각 없나 봐<br/>작은 하나까지도 소중하게<br/>간직했던 모든 게<br/>사라질까 봐<br/>제발 가지 말아 달라고<br/>울어봐도 돌아서는<br/>끝내 너는 말하네<br/>안녕<br/>
"
6343,우연히 내게 다시,다준다준,우연히 내게 다시,8,<dd>2019.02.21</dd>,"아나요 얼마나 내가<br/>그리워하고 있는지<br/>눈을 뜨는 아침에<br/>외롭지 않게 온통 그대만이<br/>웃다가도 자꾸 눈물이 나요<br/>보고 싶어도 안되니까<br/>이미 다른 누군가에게<br/>전부니까 우연에라도 기댈 뿐이죠<br/>언제나 여기 이곳에<br/>그래도 있어줄 테니<br/>혹시 그대 힘들어<br/>지친 어느 날 내게로 와줄래요<br/>웃다가도 자꾸 눈물이 나요<br/>보고 싶어도 안되니까<br/>이미 다른 누군가에게<br/>전부니까 우연에라도 기댈 뿐이죠<br/>
"
6344,미련,남 이야기 잡화점남 이야기 잡화점,미련,4,<dd>2019.02.21</dd>,"헤어지고 나서도 너를<br/>붙잡고서 놓아주지를 못해<br/>아닌척해 보려고 해도 나는<br/>이미 너라는 성에 갇혀서 사는 걸<br/>지우려고도 해봤어<br/>잊으려고도 해봤어<br/>근데 그럴수록 더<br/>선명하게 네가 그려져<br/>어떻게 하면 좋겠니<br/>너를 잊지 못해 상처만 남아<br/>시간이 가면 너를 잊을 수 있을까<br/>흔한 이별이라고 나도 점점<br/>너를 밀어낼 수 있을까<br/>다른 사랑하면 잊는단 그 말<br/>미련 없이 너를 놓아줄 수 있을까<br/>미워하기도 해봤어<br/>원망하기도 해봤어<br/>그런 내 모습이 너무나 싫어<br/>힘들기만 해<br/>어떻게 하면 잊을까<br/>아픈 상처들은 다 잊혀질까<br/>시간이 가면 너를 잊을 수 있겠지<br/>
"
6345,안녕 안녕 안녕 (Feat. 이결),갈프로젝트갈프로젝트,안녕 안녕 안녕,13,<dd>2019.02.21</dd>,"세상 모든 일이 뜻대로 야 되겠소만<br/>그래도 그대 없이 잘 살아왔소<br/>잊으려 애써봐도 지우려<br/>노력해봐도 힘든 일<br/>언제 가는 만나겠지 바라던 게<br/>하루하루 살다 보니 여기까지 오<br/>그대도 이 하루 잘 사는지<br/>나 없이 행복한지<br/>안녕 안녕 안녕<br/>하루에도 몇 번씩 인사를 건네오<br/>오늘도 그댄 역시 대답 없지만<br/>그 또한 받아들이면서<br/>안녕 안녕 안녕<br/>언젠가는 한 번쯤 지나쳐가겠죠<br/>그날을 기다리며 살아가는 게<br/>내게 남겨진 몫이라오<br/>같은 하늘 아래에 살고 있으니<br/>한 번쯤은 만나겠지 기다린다오<br/>그대도 내 생각 해보는지<br/>내가 보 고 싶은지<br/>안녕 안녕 안녕<br/>하루에도 몇 번씩 인사를 건네오<br/>오늘도 그댄 역시 대답 없지만<br/>그 또한 받아들이면서<br/>안녕 안녕 안녕<br/>언젠가는 한 번쯤 지나쳐가겠죠<br/>그날을 기다리며 살아가는 게<br/>내게 남겨진 몫이라오<br/>
"
6346,니 생각을 안하는게 어려워,NILE (나일)NILE (나일),니 생각을 안하는게 어려워,143,<dd>2019.02.21</dd>,"니 생각을 안하는게 어려워<br/>아침에 눈을 뜨기가 어려워<br/>흰 눈처럼 쌓여가는 그 말 그리워<br/>떠나질 않네 머리속에서 맴돌아<br/>헤어질 때 마다 아쉬워했던<br/>우리 입맞춤이<br/>그 얘기들이 어제 일처럼 선명해서<br/>난 그게 잘 안되던데 너는<br/>난 너만큼 행복하기가 어려워<br/>니 생각을 하지 않는 게 어려워<br/>널 잊겠단 말을 지키기가 어려워<br/>계절이 몇 번씩이나 바꼈는데<br/>니 모습 지워지지가 않아<br/>니 생각이 안날까봐 두려워<br/>이대로 남이 될까봐 두려워<br/>서로 얼굴만 봐도 웃음이 나던<br/>우린 좋았는데<br/>여기까지가 끝이라는 걸 알면서도<br/>니가 오길 기다리네 나는<br/>남들만큼 이별하기가 어려워<br/>니 생각을 하지 않는 게 어려워<br/>니 행복을 빌어주기가 난 어려워<br/>계절이 몇 번씩이나 바꼈는데<br/>니 모습 지워지지 않아<br/>널 마지막에 본 게 봄이였고<br/>어느새 다시 봄이 오고<br/>버려진 나무 마저도 꽃이 피는데<br/>우리 볼 수 있을까<br/>다시 널 만날 수 있을까<br/>아니 널 잊을 수 있을까<br/>내가 널 지울 수 있을까<br/>난 너만큼 행복하기가 어려워<br/>니 생각을 하지 않는 게 어려워<br/>널 잊겠단 말을 지키기가 어려워<br/>계절이 몇 번씩이나 바꼈는데<br/>지워지지가 않아<br/>니 생각을 안하는게 어려워<br/>
"
6347,미운가봐,Mr.GeppettoMr.Geppetto,상실(喪失)의 시대,18,<dd>2019.02.21</dd>,"마지못해서 꺼낸 말이 바빠 <br/>아직도 니가 미운가봐 <br/>익숙해졌을 텐데 <br/>처음이 아닌데 <br/>언젠가부터 점점 사람이 어려워 <br/>그래 너무 어려워 <br/>난 그냥 니가 필요해 <br/>작아도 너무 작아진 <br/>모난 내 맘이 더 아파와<br/>지나가 모른 척해줘 <br/>스치듯 걷지 말아줘 <br/>견디지 못해 사랑하고 싶지 않았어 <br/>혹시나 뒤돌아보면 <br/>무너질 것 같아서 <br/>하루하루를 이렇게 또 지워가는 중 <br/>괜찮아 질 거라고 지나갈 거라고 <br/>언젠가부터 자꾸 되뇌이는말 <br/>그래 너무 어려워 <br/>난 그냥 니가 필요해 <br/>작아도 너무 작아진 <br/>모난 내 맘이 더 아파와<br/>그렇게 고개를 돌리고 <br/>모른 척 살아가 <br/>나를 태워가 <br/>보고 싶고 보고 싶던 <br/>너를 만나도 아무 말도 할 수 없었어 <br/>보고 싶고 보고 싶던 <br/>너를 그렇게 보낼 수밖에 난 없었어 <br/>혹시나 뒤돌아보면 <br/>무너질 것 같아서 <br/>하루하루를 이렇게 또 지워가는 중<br/>
"
6348,지워줄게 (Vocal by 스티브언니),아재아재,지워줄게,103,<dd>2019.02.21</dd>,"그냥 내 곁을 떠나줘 변할게 없잖아<br/>이미 끝난 우리<br/>널 지워버렸어 이미<br/>할말이 없어 제발<br/>너무 바보 같았었어<br/>의심도 안한채 믿어버린 내가<br/>참 다행이라 믿어 알았으니까<br/>늘 함께 걷던 길에<br/>깜짝 놀래켜 주려고<br/>연락도 없이 갔을 때<br/>니 옆에 그여 자 누구야<br/>팔짱 끼고 입맞추는 나는 바보니<br/>이젠 잊어줄게<br/>아름다운 사랑을 했다고 믿었었어<br/>넌 변치 않겠다고<br/>버릇처럼 다짐하고<br/>나만 사랑할 것 같았어<br/>니 옆에 그 여자 누구야<br/>팔짱 끼고 입맞추는 나는 바보니<br/>이젠 잊어줄게<br/>아름다운 사랑을 했다고 믿었었어<br/>아름답지 않은 이 사랑을 지워줄게<br/>
"
6349,스크래치 (Scratch) (Feat. Han),모락 (Morock)모락 (Morock),스크래치 (Scratch),12,<dd>2019.02.21</dd>,"닫아요 나에게 열었던 마음<br/>할 수 있는 건 비겁한 변명이죠<br/>내 모습은 덧나서 오려진 거죠<br/>노랗게 곪고 바래진 눈물 흘러서요<br/>언젠가 얘기했던<br/>달의 뒤편 그 너머로<br/>천천히 걸어가면 사라질까요<br/>사랑에도 손톱이 길게 자라 있어서<br/>서로를 할퀸단 걸<br/>그때 우린 알지 못했죠<br/>다시 널 보고 싶은데<br/>나는 자신이 없어<br/>아무 일 없듯 웃으며<br/>다가설 수가 없어<br/>깨달음도 있지요 견딤과 버팀이란<br/>그 말 죽음보다 무거운 슬픔인 걸<br/>할켜요 내 안에 바닥끝까지<br/>자국이 나서 그댈 잊지 않게요<br/>또 들어봐요 당신은 숨어야 해요<br/>나의 기억이 그대를 찾고 있으니<br/>언젠가 얘기했던<br/>달의 뒤편 그 너머로<br/>천천히 걸어가면 사라질까요<br/>사랑에도 손톱이 길게 자라 있어서<br/>서로를 할퀸단 걸<br/>그때 우린 알지 못했죠<br/>이따금 웃고 말지요<br/>가슴에 긴 줄마다<br/>붉은 생채기 꽃잎들 번져 물들어요<br/>서로 바라는 대로 될 수 없던 날들이<br/>우리가 가려던 그곳에 모습이죠<br/>아팠던 지난 시간이 어쩌면<br/>슬픈 그림잘 가슴 속에 남겼나<br/>낡은 배터리처럼 자꾸 꺼져가는<br/>소중했던 사랑 그것은<br/>다시 널 보고 싶은데<br/>나는 자신이 없어<br/>아무 일 없듯 웃으며<br/>다가설 수가 없어<br/>할퀴는 마음만이 할켜진 마음만이<br/>우리가 꿈꿨던 그 곳에 모습이죠<br/>
"
6350,지나서 하는 말 (vocal 김송이),김혜지김혜지,지나서 하는 말,26,<dd>2019.02.21</dd>,"그렇게 많이 좋아했었나 봐요<br/>그렇게도 많이 사랑했었나 봐요<br/>그땐 정말 몰랐어요<br/>아무 생각 없이 만났었죠<br/>이제는 알 것도 같은데<br/>이제는 어떻게<br/>할 수 없을 것만 같아요<br/>이미 끝나버린 사랑이란 걸<br/>확실히 알고 있음에<br/>이제는 정말 어떻게 할 수 없네요<br/>다시 기억이 나는 그땐<br/>니가 날 찾아주길<br/>아쉬운 것만 많고<br/>잠깐의 추억만 있네<br/>너를 볼 때 생각나는<br/>너의 작은 습관들까지<br/>이제는 어떻게<br/>하지 않을 수가 없어요<br/>이미 너와 나는 끝이란 걸 알기에<br/>정말로 확실하기에<br/>어떻게 할까 고민하지 말아요<br/>다시 찾아올 사랑들이 있을 테니까<br/>이젠 다 추억으로 남겨진<br/>우리의 사랑<br/>다시는 잊혀지지 않을 추억이 됐길<br/>다시는 잊지말아야 할 추억이 됐길<br/>
"
