3901,남과 여,Music For UMusic For U,Celebrate Love Song Best 15 Vol. 24,0,<dd>2019.07.08</dd>,가사가 없습니다
3902,선녀와 나무꾼,구본웅 (Ku Bon Woong)구본웅 (Ku Bon Woong),선녀와 나무꾼,1,<dd>2019.07.08</dd>,"아주 먼 옛날<br/>나무꾼이 살았네<br/>그는 몹시 부끄러워<br/>어느날 나무 하다가<br/>목욕하는 선녀 보았네<br/>아 아름다워라<br/>아 사랑이어라<br/>선녀와 나무꾼<br/>선녀와 나무꾼<br/>도사님께서<br/>알려주었네<br/>그녀의 옷을 감춰라<br/>그래서 선녀와 결혼을 했고<br/>아이들도 두명 생겼네<br/>아 아름다워라<br/>아 사랑이어라<br/>아 가슴아파라<br/>아 아아<br/>선녀와 나무꾼<br/>선녀와 나무꾼<br/>선녀와 나무꾼<br/>선녀와 나무꾼<br/>
"
3903,goodbye,정소리정소리,long ago,14,<dd>2019.07.08</dd>,"아직도 우리 지난 날들을 <br/>뒤돌아 가지 못해<br/>잡았던 두손 그 온기까지 <br/>하나 잊지를 못해<br/>너와 걸었던 거리를 <br/>혼자걸어 보지못한 그때가 보여<br/>그렇게 오랜시간 사랑했는데 <br/>미안한 일만 생각이나<br/>love you <br/>내 하루는 온통 너로 가득차 설레이고<br/>need you <br/>너만이 전부였어 벅찼었던 순간들<br/>love is you love is you<br/>그날 마지막인줄 알았다면 <br/>한번더 웃어줄걸<br/>끝까지 이기적인 나였잖아 <br/>멀어지는 너를 모르고<br/>니가 내게 이별을 말하고 <br/>나를 차갑게 돌아서가<br/>영원을 말하던 네 입술이 <br/>이별을 말해 눈물이나<br/>love you <br/>내 하루는 온통 너로 가득차 설레이고<br/>need you <br/>너만이 전부였어 벅찼었던 순간들<br/>love is you love is you<br/>이렇게 가끔 니가 그리워도 <br/>널 찾지는 않을 거야<br/>say goodbye <br/>사랑했던 너를 이제는 놓아줄게<br/>miss you <br/>그리워도 참을게 고마웠어 나의 사랑<br/>
"
3904,그 시절 내게 전부였던 소녀,박성하박성하,첫사랑,9,<dd>2019.07.08</dd>,"오늘은 쏟아질 것처럼<br/>이곳엔 많은 비가 내렸어<br/>비가 많이 오는 곳은 아닌데<br/>문득 니 생각이나<br/>바보같이 널 좋아했지만<br/>말 한 번 못 하고 헤어졌기에<br/>니가 날 기억할진 모르지만<br/>난 니 걱정에 보고 싶어져<br/>너도 알잖아 우산을<br/>자주 깜빡하던 너기에<br/>그 빌 다 맞고 흠뻑 젖은 채로<br/>돌아다닌 것은 아닌지<br/>오늘따라 내리는 빗소리가<br/>유난히 더 크게 들려와<br/>이런 게 내 마음인건지<br/>아니면 끊지 못할 미련인지<br/>한참이 지나간 후에도<br/>아직 난 너를 잊지 못했어<br/>언젠간 너에게 말하고 싶어<br/>너를 좋아한다고<br/>그때로 다시 돌아가서<br/>우산 없이 서있는 널 봤다면<br/>말없이 모르는 척 씌어주고서<br/>같이 가자 할 수 있을까<br/>너도 알잖아 우산을<br/>자주 깜빡하던 너기에<br/>그 빌 다 맞고 흠뻑 젖은 채로<br/>돌아다닌 것은 아닌지<br/>오늘따라 내리는 빗소리가<br/>유난히 더 크게 들려와<br/>이런 게 내 마음인건지<br/>아니면 끊지 못할 미련인지<br/>한참이 지나간 후에도<br/>아직 난 너를 잊지 못했어<br/>언젠간 너에게 말하고 싶어<br/>너를 좋아한다고<br/>손 틈새로 스치고 간 비처럼<br/>놓치듯 흘려보냈지만<br/>티 없는 내 진심이었고<br/>그 시절엔 내게 전부 너였어<br/>거울을 보듯 너에게서<br/>다른 걸 비춰본 게 아니야<br/>너라서 그저 난 너란 사람을<br/>좋아했던 거라고<br/>
"
3905,마주,김민정김민정,마주,20,<dd>2019.07.08</dd>,"꽃잎 흩날리던 밤 기억해<br/>아마 너는 알고 있었니<br/>우리가 만난 그 밤 오래된 약속처럼<br/>온 우주를 수놓은 별빛이 우릴 비춰<br/>끝나지 않는 노랠 할거야 너와 함께<br/>멈추지 않는 춤을 출거야 너와 함께<br/>끝나지 않는 노랠 할거야 너와 함께<br/>멈추지 않는 춤을 출거야 너와 함께 <br/>짙은 겨울 밤을 걸었지<br/>아마 너도 기다려왔니<br/>우리가 만난 그 밤 오래된 약속처럼<br/>온 우주를 수놓은 별빛이 우릴 비춰<br/>끝나지 않는 노랠 할거야 너와 함께<br/>멈추지 않는 춤을 출거야 너와 함께<br/>끝나지 않는 노랠 할거야 너와 함께<br/>멈추지 않는 춤을 출거야 너와 함께<br/>끝나지 않는 노랠 할거야 너와 함께<br/>멈추지 않는 춤을 출거야 너와 함께<br/>
"
3906,해질녘,T-rol (티롤)T-rol (티롤),해질녘,11,<dd>2019.07.08</dd>,"해가 지려고 하는 그 땐<br/>왠지 슬픈 기분이 들어<br/>눈앞에 있는 모든 것들이<br/>희미하게 변해갈 때 난<br/>눈감고 잠깐 시간지나<br/>다시 눈을 떳을 때<br/>그대가 서 있는 모습이<br/>웃고 있는 모습이길<br/>슬픈 멜로디 안에는<br/>꼭 기쁜 말들이길<br/>해질녁 노을 안에는<br/>꼭 아름다움 뿐이길<br/>그 댈 사랑한 단 말<br/>대신 웃음이 함께 하길<br/>난 그댈너무 사랑해요<br/>노을 지나도 헤어지지는 마요<br/>눈감고 눈이 흐려져서<br/>조금 시간이 가도<br/>그대가 서있는 모습이<br/>웃고 있는 모습이길<br/>슬픈 멜로디 안에는<br/>꼭 기쁜 말들이길<br/>해질녁 노을 안에는<br/>꼭 아름다움 뿐이길<br/>그 댈 사랑한 단 말 대신<br/>웃음이 함께 하길<br/>난 그댈너무 사랑해요<br/>노을 지나도 헤어지지는 마요<br/>노을 질 무렵 그대 얼굴이<br/>햇빛에 비쳐 아름다울 때<br/>매일 아침 나 눈물 흘리는<br/>이유가 되나요<br/>슬픈 멜로디 안에는<br/>꼭 기쁜 말들이길<br/>해질녁 노을 안에는<br/>꼭 아름다움 뿐이길<br/>그 댈 사랑한 단 말 대신<br/>웃음이 함께 하길<br/>난 그댈 너무 사랑해요<br/>노을 지나도 잊어버리 진 마요<br/>
"
3907,철 (지난 기억),나모 (Namo)나모 (Namo),Where is Happiness?,34,<dd>2019.07.08</dd>,"한창 사랑했었지<br/>참 어렸는데 말야<br/>어려도 사랑은 할 수 있잖아<br/>그 시절만의 만남을<br/>아무것도 몰랐기에<br/>더 용감했던 것 같아<br/>철 없던 시절이<br/>그렇게 지나갔지<br/>가끔 그 때를 생각해<br/>스무살 초반의 어리숙하지만<br/>풋풋했던 사랑을<br/>아름다운 건<br/>때를 가리지 않아<br/>세상 예뻐보일 그 시절의<br/>내가 너가 조금은 그립다<br/>처음이라 특별한<br/>소중했던 장면들<br/>사소한 것에도 참 떨렸는데<br/>무뎌지기도 하더라<br/>이별이란 감정에는<br/>못 이겼었던 것 같아<br/>우리의 이야기가<br/>그렇게 끝이 났지<br/>가끔 그 때를 생각해<br/>스무살 초반의 어리숙하지만<br/>풋풋했던 사랑을<br/>아름다운 건<br/>때를 가리지 않아<br/>세상 예뻐보일 그 시절의<br/>내가 너가 조금은 그립다<br/>가끔 그 때를 생각해<br/>언제나 서롤 바라보며<br/>나중을 약속했던 우리를<br/>여린 기억이<br/>다시 날 찾아와<br/>참 따뜻했던 그 시절의<br/>내가 너가 조금은 그립다<br/>
"
3908,Something (Feat. 손승용 Horn),FM43FM43,Something (Horn),7,<dd>2019.07.08</dd>,가사가 없습니다
3909,Something (Feat. 최재문 Trombone),FM43FM43,Something (Trombone),12,<dd>2019.07.08</dd>,가사가 없습니다
3910,Something (Feat. 장효석 Melodion),FM43FM43,Something (Melodion),10,<dd>2019.07.08</dd>,가사가 없습니다
3911,Something (Vocal. 숨),FM43FM43,Something,11,<dd>2019.07.08</dd>,"아주 오래 전<br/>널 봤을 때<br/>친구이길 원했지<br/>내 얘기는 아냐<br/>전해 들은 걸<br/>친구처럼 너<br/>편히 말을 해<br/>내 얘기는<br/>절대 아냐<br/>친구 얘기<br/>전해들은 말일뿐<br/>들어볼래 내 얘기를<br/>어디서 들은 말인걸<br/>사람들 소문<br/>내 얘기 아닌데<br/>사랑한단 말<br/>그건 사람들의<br/>Something<br/>소문처럼 넌<br/>전부 사실 같은 걸<br/>싫어한단 말<br/>그건 사람들의<br/>Something<br/>들어볼래<br/>내 얘기를<br/>널 믿었어<br/>내 얘기는<br/>절대 아냐<br/>친구 얘기<br/>전해들은 말일 뿐<br/>들어볼래 내 얘기를<br/>어디서 들은 말인걸<br/>사람들 소문<br/>내 얘기 아닌데<br/>사랑한단 말<br/>그건 사람들의<br/>Something<br/>소문처럼 넌<br/>전부 사실 같은 걸<br/>싫어한단 말<br/>그건 사람들의<br/>Something<br/>들어볼래<br/>내 얘기를<br/>널 믿었어<br/>사랑한단 말<br/>그건 사람들의<br/>Something<br/>소문처럼 넌<br/>전부 사실 같은 걸<br/>싫어한단 말<br/>그건 사람들의<br/>Something<br/>들어볼래<br/>내 얘기를<br/>널 믿었어<br/>
"
3912,"DNMC,우리는 원",디엔엠씨 (DNMC)디엔엠씨 (DNMC),Since1989,4,<dd>2019.07.08</dd>,"초록색 철문 너머로 오색 멜로디<br/>나의 마음을 뜨겁게 만들었어<br/>그렇게 우린 서로의 음을 모아서<br/>하나의 화음을 쌓을 수 있었어<br/>때론 힘에 겨워 눈물도 났지만<br/>서로에게 기댈 어깨가 있었어<br/>어떤 걱정이나 아픔이 온대도<br/>우린 함께니까 견딜 수 있었어<br/>우리는 원 하나되어 이루고<br/>작은 고리를 엮어<br/>커다란 원이 되어<br/>서로에게 힘이 되고<br/>정 그리고 단단한 믿음<br/>너무 빠르지 않게<br/>너무 느리지 않게<br/>하늘 끝까지 난 비상하리라<br/>우리는 원 하나되어 이루고<br/>작은 고리를 엮어<br/>커다란 원이 되어<br/>서로에게 힘이 되고<br/>정 그리고 단단한 믿음<br/>너무 빠르지 않게<br/>너무 느리지 않게<br/>하늘 끝까지 난 비상하리라<br/>시간을 감아서 추억을 재생해<br/>그 때의 모습으로 노래 불렀어<br/>우리는 원 하나되어 이루고<br/>작은 고리를 엮어<br/>커다란 원이되어 서로에게 힘이 되고<br/>정 그리고 단단한 믿음<br/>너무 빠르지 않게<br/>너무 느리지 않게<br/>나 나나나나나<br/>하늘 끝까지 난 비상하리라<br/>
"
3913,기억의 저편,지태현지태현,기억의 저편,0,<dd>2019.07.08</dd>,"멀어진 시간이 떠나고<br/>다시 기억 되어도<br/>닿을수 없는건 그리움일까<br/>내게 멈춰진 시간은 아닐까<br/>나에게 너는 메아리<br/>너의 맘은 구름에 숨어<br/>하늘을 날아서 갈수만 있다면<br/>나는 새가 되어도 좋아<br/>사랑은 그렇게 오고<br/>이별은 그렇게 가고<br/>노을에 이젠 지워져가네<br/>아름다운 세상을 품에 안고 달린다<br/>다시 못올 내 청춘 위하여<br/>나에게 너는 메아리 <br/>너의 맘은 구름에 숨어<br/>하늘을 날아서 갈수만 있다면<br/>나는 새가 되어도 좋아<br/>사랑은 그렇게 오고<br/>이별은 그렇게 가고<br/>노을에 이젠 지워져가네<br/>아름다운 세상을 품에 안고 달린다<br/>다시 못올 내 청춘 위하여<br/>아무도 모르게 기억을 가둬줘<br/>기억에서 사라진 너<br/>하늘아 내려와줘<br/>나를 데려가<br/>사랑은 그렇게 오고<br/>이별은 그렇게 가고<br/>노을에 이젠 지워져가네<br/>아름다운 세상을 품에 안고 달린다<br/>다시 못올 내 청춘 위하여<br/>아름다운 세상을 품에 안고 달린다<br/>다시 못올 내 청춘 위하여<br/>기억의 저편에<br/>
"
3914,다시 만나자,가비엔제이가비엔제이,다시 만나자,"4,109",<dd>2019.07.07</dd>,"멀쩡해 고작 한다는 말 그게 전부니<br/>너 아팠으면서 웃지만<br/>내 눈엔 다 보여<br/>어떻게 지냈니 보고도 몰라<br/>다 너 때문이잖아<br/>잘 지냈을 리 없잖아<br/>잘했다 그러길 잘했다<br/>헤어지면 다 될 줄 알았어<br/>사실 보고 싶었어<br/>늦었지만 다시 만나자 우리<br/>처음부터 시작해보자<br/>그때처럼 아프고 다쳐도<br/>다시 만날 테니까<br/>결국 사랑할 테니까<br/>미안해 내가 다 미안해<br/>그 말이 뭐가 어려웠는지<br/>너무 오래 걸렸어<br/>늦었지만 다시 만나자 우리<br/>처음부터 시작해보자<br/>그때처럼 아프고 다쳐도<br/>다시 만날 테니까<br/>결국 사랑할 테니까<br/>내 말이 많은 두 눈이<br/>안아 달라 하잖아<br/>쉽진 않지만<br/>우리 몇 번이고 사랑해보자<br/>어차피 날 붙잡고 막아도<br/>너에게 갈 테니까<br/>그만 미안해 이 바보야<br/>그냥 나에게로 돌아와<br/>오랜만에 꼭 안아보자<br/>우리 마지막처럼 널 사랑해<br/>바보처럼 속아도 괜찮아<br/>다시 너일 거잖아<br/>결국 사랑할 거잖아<br/>언젠가 또 미워진대도 사랑하자<br/>
"
3915,그 골목,시하시하,그 골목,574,<dd>2019.07.07</dd>,"우연히 널 보게 됐어<br/>혹시 다른 사람 생긴 거니<br/>넌 다 잊은 건가 봐 날<br/>다정해 보이는 뒷모습<br/>이별보다 난 더 아픈 것 같아<br/>난 힘들어<br/>밤새 주고받던 많은 얘기<br/>수없이 읽다가<br/>한 글자도 지우지 못해<br/>마지막 네 얼굴 네 말투 표정<br/>자꾸만 생각나게 해<br/>늦은 밤 날 데려다주던 골목<br/>이제는 혼자 걷는데<br/>한 번이라도 널 볼 수 있다면<br/>그럴 수 있다면<br/>다시 내게 돌아와 주길 바라고 있어<br/>헤어질 걸 알았더라면<br/>널 조금만 덜 사랑했다면 우린<br/>어땠을까<br/>돌이킬 수 없는 맘이지만<br/>널 붙잡고 싶어<br/>너 없는 난 자신 없는데<br/>마지막 네 얼굴 네 말투 표정<br/>자꾸만 생각나게 해<br/>늦은 밤 날 데려다주던 골목<br/>이제는 혼자 걷는데<br/>한 번이라도 널 볼 수 있다면<br/>그럴 수 있다면<br/>다시 내게 돌아와 주길 바라고 있어<br/>기다린다는 말도 못 하고<br/>날 버려두고 떠나가지 마<br/>난 못해 널 두고 또 다른 사랑<br/>도저히 자신이 없어<br/>어떻게 널 잊어 널 떠나보내<br/>이별은 멀기만 한데<br/>한 번이라도 널<br/>볼 수 있다면 그럴 수 있다면<br/>다시 내게 돌아와 주길 바라고 있어<br/>
"
3916,"온통, 너로 물들어",변진섭변진섭,세상에서 제일 예쁜 내 딸 (KBS 2TV 주말드라마) OST - Part.8,615,<dd>2019.07.07</dd>,"사랑은 이렇게 오네요<br/>눈을 감으면 너만 보이고<br/>세상은 눈부신 나날들<br/>그렇게 그대가 다가와<br/>너를 만나 모든 것들이<br/>새롭고 행복해져<br/>모든 순간들 소중해서<br/>하루하룰 가슴에 담아<br/>나를 감싸준 따스한 네 품<br/>부족한 날 채워주는 고마운 사람<br/>사랑 눈부시게 내리면 난<br/>온통 너로 물들어<br/>어두운 세상을 밝혀준<br/>네가 있어서 아름다워져<br/>빛나는 너의 눈빛은<br/>내 맘처럼 가슴 설레여<br/>바라보는 것만으로<br/>꿈꾸듯 행복해져<br/>모든 순간들 소중해서<br/>하루하룰 가슴에 담아<br/>난 너에게 받은 사랑을<br/>영원토록 내 곁에서 간직하고파<br/>너의 사랑이 내 가슴속에<br/>오래도록 함께해<br/>나를 감싸준 따스한 네 품<br/>부족한 날 채워주는 고마운 사람<br/>사랑 눈부시게 내리면 난<br/>온통 너로 물들어<br/>온통 너로 물들어<br/>
"
3917,사랑해서 아픈 거겠죠,란 (RAN)란 (RAN),여름아 부탁해 OST Part.16,384,<dd>2019.07.07</dd>,"뭐가 이렇게 우릴 힘들게 하는 거죠<br/>시작부터 그래왔어<br/>맘과는 다른 말들 차갑게 대했었죠<br/>모두 미안해요<br/>서로만 보며 우리 걸어갈래요<br/>그대의 곁에서 머물며 살고 싶어요<br/>사랑해서 아픈 거겠죠<br/>이것조차 사랑이겠죠<br/>그대 눈이 슬퍼보여서<br/>나도 가슴이 아파와<br/>지금은 힘들지만<br/>시간이 지나고 지나면<br/>괜찮아질 그날이 올 거야<br/>오늘도 지쳐보여 위로해 주고싶어<br/>내게 기대봐요<br/>서로만 보며 우리 걸어갈래요<br/>그대의 곁에서 머물며 살고 싶어요<br/>사랑해서 아픈 거겠죠<br/>이것조차 사랑이겠죠<br/>그대 눈이 슬퍼보여서<br/>나도 가슴이 아파와<br/>지금은 힘들지만<br/>시간이 지나고 지나면<br/>괜찮아질 그날이 올 거야<br/>눈물나도 아파와도 이젠 괜찮아요<br/>지켜갈게요 그대와 나<br/>사랑해서 아픈 거겠죠<br/>이것조차 사랑이겠죠<br/>그대 눈이 슬퍼보여서<br/>나도 가슴이 아파와<br/>지금은 힘들지만<br/>시간이 지나고 지나면<br/>괜찮아질 그날이 올 거야<br/>
"
3918,뻔한 이야기처럼 (Feat. 김태현 of 더브라더스),신현승신현승,뻔한 이야기처럼,124,<dd>2019.07.07</dd>,"꿈이라면 절대 깨우지 말아요<br/>이대로 멈추면 너무 아플 테니까<br/>예쁜 눈이 별빛처럼 반짝인 그대<br/>마음을 모르죠<br/>다시 나를 찾아온 건가요<br/>무심하게 바라보는 시선이<br/>여전히 내 전부인 걸 아나요<br/>한 번 더 날 바라봐요<br/>조금만 다가와 줘요<br/>사랑이 기다려주는 것 같아서<br/>두 번은 아니겠죠 뻔한 이야기처럼<br/>내 사랑은 처음 그 순간부터<br/>기대뿐인가요<br/>고민 속에 늘 우리의 밤이 무겁죠<br/>아픔마저 안을게요 날 가리지 마요<br/>무심하게 바라보던 시선이<br/>여전히 내 전부인 걸 아나요<br/>한 번 더 날 바라봐요<br/>조금만 다가와 줘요<br/>사랑이 기다려주는 것 같아서<br/>두 번은 아니겠죠 뻔한 이야기처럼<br/>내 사랑은 늘 그 순간부터<br/>외로웠죠<br/>나를 찾아온 마음에<br/>내 뒤에 남겨진 그리움도<br/>끝을 기다리겠죠<br/>닿은 순간이 달랐어도<br/>애를 쓰며 노력했던<br/>우리의 이야기를 떠나지 말아요<br/>남아 있는 시간 속에 살 수 있도록<br/>사랑에 늘 주저하던 나에요<br/>이런 내가 당신만을 꿈꿔요<br/>마지막 이길 바래요<br/>사랑할 수 있어요<br/>뻔할 수는 없죠<br/>
"
3919,Believe,레이니 (Rainy)레이니 (Rainy),Rainy No.12,11,<dd>2019.07.07</dd>,"내게 다른 행복 슬픔이 달라<br/>바라보고 싶은데<br/>마음이란 것 몰라서<br/>시작 만으로 두려워도<br/>사랑이 다가서길 꼭<br/>우리란 그리움이 다가서길<br/>비와 같이 흐르는<br/>나의 숨결에 널 지켜볼 수<br/>있다는 것이란 걸<br/>어떻게 좋아한다고<br/>돌아서지 않을 텐 데<br/>마음이 그리워<br/>지워지지 않는다는 걸<br/>바라보길 따스함으로<br/>너의 마음 곁에 나이기를 너 만을<br/>잊혀 지지 않기를 바라보면서<br/>너 가 흔들려서 그래<br/>괜찮아 네 게 있어 너 만은<br/>오랜 시간 기다림도 지킬 거라고<br/>너 만을 지켜줄 수 있다는 것을 아멘<br/>눈물이란 시간 속에 너 뿐이라고<br/>함께 할 시간 속에<br/>서로 다른 마음은 당연할진 몰라도<br/>함께하는 사랑 그건 바라보는<br/>믿음이란 그 이름인 걸<br/>예수<br/>
"
3920,허밍(Humming),"대원 (DAEWON), 김채원 (에이프릴)대원 (DAEWON), 김채원 (에이프릴)",동네앨범 OST,501,<dd>2019.07.06</dd>,"나 콧노래를 흥얼거렸니<br/>나도 모르게 리듬을 탔던 거니<br/>너를 만나고 난 늘 새로워<br/>변한 것 같대 다른 사람이 된 것 같대<br/>날씨가 좋았으면 해<br/>바람은 적당히 불고<br/>햇살이 좋은 날<br/>꿈이라고 해도 믿을까<br/>너와 손을 잡고 걷는 이 길 위에<br/>예쁜 꽃 흩날리고 우<br/>널 비추는 햇살<br/>반짝이는 니 미소에<br/>Humming Humming<br/>완벽할 만큼 너의 모든 게 난 좋은데<br/>Humming Humming<br/>그 멜로디에 노랠 불러봐<br/>화음 맞출 테니<br/>별 볼 일 없던 평범한 내게<br/>자랑 하고픈 게 마침 하나 생겼어<br/>오 유난히도 하늘은 높고 파래<br/>구름이 둥둥 나의 마음 덩달아 둥둥<br/>난 이미 설레고 있어<br/>약속하진 않았지만<br/>너에게 가는 중<br/>꿈이라고 해도 믿을까<br/>너와 손을 잡고 걷는 이 길 위에<br/>예쁜 꽃 흩날리고 우<br/>널 비추는 햇살<br/>반짝이는 니 미소에<br/>You can make me smile<br/>나에게도 봄이 와<br/>마음껏 날 부러워해<br/>내 안에 피어나는 꽃<br/>마침내 찾아온 행운<br/>깨고 싶지 않아<br/>나는 너의 너는 나의 반쪽<br/>산소 같아 공기 같아 숨인 거야<br/>예쁘네 목소리도 우<br/>느낌 좋다 그 곡<br/>나랑 같이 불러볼래<br/>Humming Humming<br/>완벽할 만큼 너의 모든 게 난 좋은데<br/>Humming Humming<br/>그 멜로디에 노래를 불러봐<br/>화음 맞출 테니<br/>
"
3921,I Dream,케이윌케이윌,[Vol.23] 유희열의 스케치북 10주년 프로젝트 : 열 번째 목소리 `유스케 X 케이윌`,"3,222",<dd>2019.07.06</dd>,"상상했었어<br/>무대에 오르는 그 순간을<br/>따뜻한 햇살<br/>마이크를 잡은 내 위로 쏟아질 그 빛을<br/>사람들에게 들려주고 싶은 노래가<br/>나는 너무나 많아<br/>내 마음이 닿기를<br/>널 볼 수 있기를<br/>꿈만 같아 너의 앞에 선 이 순간<br/>너를 웃게 할 이 노래<br/>Oh I dream 내 목소리를 타고<br/>너를 움직일 이 노래 듣고 있니<br/>그 짙은 어둠 속에<br/>혼자 갇히지 않게<br/>영원히 너를 위해 노래할게<br/>이제 시작해<br/>네 맘으로 가는 긴긴 여행<br/>외로워지면 눈물 날 것 같으면<br/>너의 손을 잡을게<br/>Oh I dream 내 목소리를 타고<br/>너를 움직일 이 노래<br/>지금 너도 듣고 있는지<br/>그 짙은 어둠 속에<br/>혼자 갇히지 않게<br/>영원히 너를 위해 노래할게<br/>Oh I dream 내 목소리를 타고<br/>너를 웃게 할 이 노래<br/>Oh I dream 말라버린 네 맘에<br/>비처럼 내릴 이 노래<br/>오래 맘을 적실 비처럼<br/>네 맘속의 사랑이 혼자 시들지 않게<br/>언제나 날 지켜준<br/>처음부터 나를 지켜본 네 앞에서<br/>널 그리고 그리며<br/>꿈꾸던 마음 하나로 난 노래할게<br/>
"
3922,할 수만 있다면 (feat. 홍찬미),유지은유지은,할 수만 있다면,221,<dd>2019.07.06</dd>,"여느 때처럼 내 걸음은<br/>그리 멀리 가지를 못하네<br/>쉰 적이 없었던 것 같은데<br/>난 왜 멈춘 자리마다<br/>늘 같은 바닥이 보일까<br/>고갤 들면 넌 아직도 왜 뒷모습일까<br/>다시 너에게 닿을 수 있을까<br/>우리 함께 있으면 어떨까<br/>혹시라도 잊은 건 아닐까<br/>여기 흔들리지 않게<br/>느껴지지 않게<br/>널 바라보는 한사람 여기 있다는 걸<br/>할 수만 있다면 너에게로 다가가<br/>마음껏 안아볼 텐데 그럼 이 마음이<br/>참았던 말들이 더 헤매지 않고<br/>너를 향할 텐데<br/>끝맺지 못한 길<br/>너로 시작하면 될 텐데<br/>할 수만 있다면 너에게로 다가가<br/>마음껏 안아볼 텐데 그럼 이 마음이<br/>참았던 말들이 더 헤매지 않고<br/>너를 향할 텐데<br/>끝맺지 못한 길 너로 시작하면<br/>멎었던 시간이 또다시 흐르고<br/>너와 함께 갈 수 있겠지<br/>너에게로 달려가<br/>나에게로 달려와<br/>힘껏 사랑할 텐데<br/>그럼 내 맘이<br/>그럼 네 맘이<br/>내 모든 꿈들이<br/>너의 꿈들이<br/>더 헤매지 않고 그대가 될 텐데<br/>우리가 될 텐데<br/>너로 시작한 길 할 수만 있다면<br/>내가 갈 텐데<br/>네가 올 텐데<br/>
"
3923,그대곁에,데이앤나잇(Day n Night)데이앤나잇(Day n Night),그대곁에,145,<dd>2019.07.06</dd>,"눈을 뜨면 모든 게 그대죠<br/>참을 수 없는 설레임들이<br/>또 밀려오네요<br/>어쩜 그래 이런 맘 첨이야<br/>항상 곁에서 항상 그대에게<br/>다 주고 싶네요<br/>이제는 상처 다 잊고서<br/>눈물 흘린 날 내게 줘요<br/>내 품에서 꼭 약속할게요<br/>그대곁에 나를<br/>그런 나를 보는 그대<br/>많이 사랑해요<br/>가끔은 다툴 일도 있겠지만<br/>고마워요 그대<br/>지금 같은 마음 내가<br/>꼭 지킬게요 still with you<br/>이젠 내 손 잡아요<br/>사랑해<br/>그대 두 눈 속에 비친 내가<br/>웃고 있네요 아무 말 없이<br/>입 맞추고 있네요<br/>그대 두 손잡은 내 손길이<br/>느껴지나요 그대 마음속에<br/>나 다가설게요<br/>나를 다 줄 만큼 더<br/>아껴줄게요<br/>지금처럼 영원토록<br/>꼭 약속할게요<br/>그대곁에 나를<br/>그런 나를 보는 그대<br/>많이 사랑해요<br/>가끔은 다툴 일도 있겠지만<br/>고마워요 그대<br/>지금 같은 마음 내가<br/>꼭 지킬게요 still with you<br/>이젠 내 손 잡아요<br/>사랑해<br/>수줍은 그대<br/>내게 다가오네요<br/>이제 멈춰서요<br/>지금처럼 영원히<br/>그대곁에 나를<br/>그런 나를 보는 그대<br/>많이 사랑해요<br/>가끔은 다툴 일도 있겠지만<br/>고마워요 그대<br/>지금 같은 마음 내가<br/>꼭 지킬게요 still with you<br/>이젠 내 손 잡아요<br/>사랑해<br/>
"
3924,기억할게,이가은이가은,기억할게,"4,344",<dd>2019.07.05</dd>,"기억할게 기억할게<br/>기억할게 널 기억할게 다<br/>추운 길 위에 날 기다려 주던<br/>그 발이 얼마나 고단했을지<br/>내겐 너무 큰 따뜻함으로 남았어<br/>미안해 자꾸 기다리게 한 거<br/>고마워 아낌없이 좋아해 준 거<br/>항상 마음 속에 남겨둘게<br/>포기 할 수 없던 수많은 이유 속<br/>가장 큰 이유 바로 너<br/>기억할게 널 잊지 않을게<br/>버텨왔던 이유<br/>기억할게 기억할게<br/>기억할게 널 기억할게 다<br/>날 만나 힘들었던 건 아닌지<br/>서툴러 서운하진 않았는지<br/>이런 내 맘을 어떻게 전해야할지<br/>포기할 수 없던 수많은 이유 속<br/>가장 큰 이유 바로 너<br/>기억할게 널 잊지 않을게<br/>버텨왔던 이유<br/>함께 했던 순간 너와 나눈 시간들<br/>그 모든 것이 매일 반짝였어<br/>약속할게 절대로 멀어지지 않을거야<br/>기억할게 기억할게<br/>기억할게 널 기억할게 다<br/>기억할게 기억할게<br/>기억할게 널 기억할게 다<br/>추운 길 위에 홀로였던 내게<br/>언제나 가장 큰 응원을 준 너<br/>내겐 너무 큰 따뜻함으로 남았어<br/>
"
3925,그 날에,임도혁임도혁,녹두꽃 OST Part.7,406,<dd>2019.07.05</dd>,"햇살에 두 눈을 감아본다<br/>그리웠던 온기에<br/>지친 마음을 녹인다<br/>가시밭 같던 길이었어도<br/>잡은 손은 놓지 않았기에<br/>동이 트면 푸르른 저 언덕에<br/>밤새 내린 이슬이 다 날아가듯이<br/>그 아픈 날의 많은 눈물도<br/>길이 되고 뜻이 됐소 바래온 날에<br/>거친 바람이 더 불어도<br/>이대로 영원히 시들지 않을 꽃이여<br/>하늘이여 다신 꺼지지 않을 빛으로<br/>어둠 속에도 더는<br/>두렵지 않게 해주오<br/>해가 지고 달이 차오를 때면<br/>그리운 마음 밤하늘 아래 수놓아<br/>더 함께 하지 못한 아픔이<br/>두 눈이 부시게 별이 되어서<br/>거친 바람이 더 불어도<br/>이대로 영원히 시들지 않을 꽃이여<br/>하늘이여 다신 꺼지지 않을 빛으로<br/>환히 비추오 더 환히 비추오<br/>먼 훗날 이 모든 기억이<br/>언제라도 이 길에 꽃이 돼주오<br/>설움에 묻힌 그 말을 목놓아 부르며<br/>한순간도 놓지 않길 바랬던<br/>그 날에<br/>
"
3926,너를 보낸다,김찬호김찬호,너를 보낸다,544,<dd>2019.07.05</dd>,"나 아직도 믿기질 않는걸<br/>이런 사랑이 내게 왔다는게<br/>나 아직도 좀 어색하지만<br/>요즘 들어 가끔은<br/>웃기도 하는걸<br/>니가 다주지 못했던<br/>사랑을 나 다시 받고 있어<br/>새로운 인연에<br/>더 아파 한대도<br/>내게 다가올 사랑 놓치지<br/>않을 꺼야<br/>나 아직도 꿈속에 니가 나와<br/>행복했던 그때에<br/>우리 추억 처럼<br/>나 아직도 이렇게 아프지만<br/>이제는 다음 사람에게<br/>니 자리를 내어 주려 해<br/>이젠 보낼께<br/>너를 다시 찾진 않을꺼야<br/>너는 내게 말했지<br/>더 좋은 사람 만날 꺼라고<br/>그래 니 말처럼<br/>너 아닌 사람과<br/>새로운 사랑 시작 하려해<br/>그때 그날 처럼<br/>나 아직도 꿈속에 니가 나와<br/>행복했던 그때에<br/>우리 추억 처럼<br/>나 아직도 이렇게 아프지만<br/>이제는 다음 사람에게<br/>니 자리를 내어 주려해<br/>이젠 보낼께<br/>너를 다신 찾진 않을 꺼야<br/>너는 손톱 처럼<br/>작아질 테지만<br/>평생토록<br/>자라나겠지<br/>나 그래도 너를 다시는<br/>찾을 일은 없을것 같아 아<br/>나 아직도 꿈속에 니가 나와<br/>행복했던 그때에<br/>우리 추억 처럼<br/>나 아직도 이렇게 아프지만<br/>이제는 다음 사람에게<br/>니 자리를 내어 주려해<br/>이젠 보낼께<br/>너를 다신 찾진 않을 꺼야<br/>너를 다시 찾진 않을 꺼야<br/>
"
3927,매일 너에게 (beautiful moment),가을로 가는 기차가을로 가는 기차,여름아 부탁해 OST Part.15,366,<dd>2019.07.05</dd>,"이상하게 너를 생각하면<br/>가슴 한켠이 환해지곤 해<br/>나도 모르게 웃음이 나고<br/>내가 아닌 것 만 같아<br/>사랑에 또 다칠것만같은<br/>두려움마저 사라지곤 해<br/>설레던 맘은 보고픈 맘으로<br/>변해가는 이맘 너는 아니<br/>매일 너에게 말해도 되겠니<br/>사랑해 너를 사랑한다고<br/>참아온 나의 시간만큼 너에게<br/>행복만 준다고 말해도 되겠니<br/>한순간의 봄이 아닐 거야<br/>영원한 너의 계절이 될게<br/>너의 아픔도 그 눈물까지도<br/>녹여주는 내가 되고싶어<br/>매일 너에게 말해도 되겠니<br/>사랑해 너를 사랑한다고<br/>참아온 나의 시간만큼 너에게<br/>행복만 준다고 말해도 되겠니<br/>오늘부터 너는 나이고 나는 너일 꺼야<br/>하나인거야<br/>매일 너에게 말해도 되겠니<br/>사랑해 너를 사랑한다고<br/>참아온 나의 시간만큼 너에게<br/>행복만 준다고 말해도 되겠니<br/>사랑해<br/>
"
3928,잠들기엔 너무 아름다운 밤이에요,달빛산책 (Midnight Picnic)달빛산책 (Midnight Picnic),잠들기엔 너무 아름다운 밤이에요,0,<dd>2019.07.05</dd>,가사가 없습니다
3929,5분 만 (Feat. elppa),UAZUAZ,5분 만,6,<dd>2019.07.05</dd>,"하루가 지나갔지만 <br/>오늘도 난 네 생각해<br/>어쩌면 당연 한 걸까 나 <br/>너는 이미 내게 특별해진걸 느껴 난 <br/>난 지나버린 순간들로 널 <br/>기억하고 싶지 않아 <br/>내겐 지금이 중요해 <br/>놓지 마요 <br/>걷다가 네 생각이 날 때 <br/>또 전화를 거네 <br/>지금 뭐해 나와 <br/>나 너네 집 다 와 가니깐 <br/>무슨 옷을 입을지 고민 안 해도 돼<br/>난 No No<br/>오분 도 아까워 난 보고싶어서 <br/>매일 매일 네 생각에 난 <br/>하루가 너무 느려<br/>어쩌면 당연 한 걸까 나 <br/>너는 이미 내게 특별해진걸 느껴 난 <br/>난 지나버린 순간들로 널 <br/>기억하고 싶지 않아 <br/>내겐 지금이 중요해 <br/>놓지 마요 <br/>네가 하루 종일 보일 때 <br/>또 전화를 거네 <br/>지금 뭐해 나와 <br/>나 너네 집 다 와 가니깐 <br/>무슨 옷을 입을지 고민 안 해도 돼<br/>난 No No<br/>오분 도 아까워 난 보고싶어서 <br/>나 나 나나 나 나 나나<br/>나 나 나나 <br/>나 나 나나 나 나 나나<br/>오분 도 아까워 난<br/>너와 있으면 하루가 빨라 <br/>오분만 더 나와 같이 있자<br/>조금만 더 조금만 더 <br/>나와 같이 있어줘 <br/>네가 하루 종일 보일 때 <br/>또 전화를 거네<br/>지금 뭐해 나와<br/>나 너네 집 다 와 가니깐<br/>무슨 옷을 입을지 고민 안 해도 돼<br/>난 No No<br/>오분 도 아까워 난 보고싶어서<br/>
"
3930,보면안돼,탁훈탁훈,보면안돼,51,<dd>2019.07.05</dd>,"두 번 다시는 너를 보지<br/>않겠다고 스스로 다짐해<br/>먹먹하게 눈물이나<br/>항상 내 곁에 있었던 너<br/>하루가 일주일이 되고<br/>어느덧 한 달이나 되어<br/>문득 너에게 잘 지냈었냐는<br/>보면 안돼 독하게 먹은 마음을<br/>너를 위해 돌아서야 하는 나<br/>널 만나 또다시 사랑을 하는 건<br/>날 행복하게 해 줄진 몰라도<br/>구속하게 한다는 건<br/>사랑이 아냐 이제 조금만 깨달았어<br/>쓰라리고 너무 아픈 건<br/>너 뿐이 아닌걸<br/>네 눈물 내가 가져줄테니<br/>우린 아파도 서로 보면 안돼<br/>보면 안돼 독하게 먹은 마음을<br/>너를 위해 돌아서야 하는 나<br/>널 만나 또다시 사랑을 하는 건<br/>날 행복하게 해 줄진 몰라도<br/>구속하게 한다는 건<br/>사랑이 아냐 이제 조금만 깨달았어<br/>쓰라리고 너무 아픈 건<br/>너 뿐이 아닌걸<br/>네 눈물 내가 가져줄테니<br/>우린 아파도 서로 보면 안돼<br/>
"
3931,마지막눈물,광수광수,마지막눈물,4,<dd>2019.07.05</dd>,"언젠간 너도 잊혀 지겠지 <br/>아련한 추억의 그림자속에 <br/>아무런 흔적도 남기긴 싫어 <br/>모두 가져가 남은 미련 까지도 <br/>수많은 사람들중에 <br/>널 만나 행복했었다 <br/>꿈속에서나 볼수있을까 <br/>오늘만 네 모습 그려본다 <br/>이밤지나면 지워지겠지 <br/>되돌아 갈순 없잖아 <br/>오늘 하루만 소리쳐운다 <br/>마지막 눈물 흘러 내린다 <br/>수많은 사람들 중에 <br/>널 만나 행복했었다 <br/>꿈속에서나 볼수있을까 <br/>오늘만 네 모습 그려본다 <br/>이 밤 지나면 지워지겠지 <br/>되돌아 갈순 없잖아 <br/>오늘 하루만 소리쳐운다 <br/>마지막 눈물 흘러 내린다 <br/>이 밤 지나면 지워지겠지 <br/>되돌아 갈순 없잖아 <br/>오늘 하루만 소리쳐운다 <br/>마지막 눈물 흘러 내린다 <br/>마지막 눈물 흘러 내린다<br/>
"
3932,Your Star,박진솔(YASS)박진솔(YASS),"YASS, You Are So Special",17,<dd>2019.07.05</dd>,"수 많은 저 별들 속<br/>저기 어딘가<br/>나만의 작은 별이 있을거야<br/>아주 평범한 별<br/>난 그런 평범한 별이 되기를<br/>제각각 의미있고<br/>제각각 가치있는<br/>평범한 듯 평범하지 않은<br/>그 안에 재미와 의미들<br/>하늘 높이 날아가<br/>너의 세상 너만의 세계<br/>찬란한 저 별들처럼<br/>너도 빛날거야<br/>누구나 저 별들 속<br/>혜성이 되라하지만<br/>나만의 빛으로<br/>난 반짝일거야<br/>아주 평범한 별<br/>난 그런 평범한 별이 되기를<br/>제각각 의미있고<br/>제각각 가치있는<br/>평범한 듯 평범하지 않은<br/>그 안에 재미와 의미들<br/>하늘 높이 날아가<br/>너의 세상 너만의 세계<br/>찬란한 저 별들처럼<br/>너도 빛날거야<br/>때론 넘어지고 쓰러질 수도 있어<br/>때론 너만의 빛을 잃어버릴 수 있어<br/>그 누가 뭐래도 너는 정말 특별해<br/>너를 믿어<br/>너와 나 함께라는<br/>소중한 가치속에<br/>너로부터 시작되는<br/>이야기를 시작해봐<br/>넌 정말 아름다워<br/>그 누구보다 특별한 존재<br/>하늘의 별들처럼<br/>너의 삶이 빛날거야<br/>
"
3933,너에게 물들다 (Falling into you),쿠아 (Qua)쿠아 (Qua),너에게 물들다,11,<dd>2019.07.05</dd>,"너를 알게 된 지난 가을<br/>우린 마치 원래 알던 것처럼<br/>가까워졌지<br/>살랑이듯 부는 바람처럼<br/>있는 듯 없는 듯 나의 일부가 된 너<br/>네가 없는 시간이 어색했는지<br/>너만 그리다 하루를 보내는 나<br/>그리움에 think of you<br/>사랑을 알아 I love you<br/>늘 혼자 남던 그 순간도<br/>네 흔적을 찾아<br/>여름이 다 지나고<br/>가을이 오는 것처럼<br/>자연스레 물든 네가<br/>다시 사라지지 않길 바라<br/>네가 좋아하던 장소에도<br/>가장 좋다던 글귀도 다시 찾아보고<br/>추억 하나하나 그리면서<br/>미소 짓는 날 발견해<br/>되려 허망해진 걸<br/>나보다 더 빠른 이 마음이<br/>훌쩍 달려가 너를 찾는데<br/>그리움에 Think of you<br/>사랑을 알아 I love you<br/>늘 혼자 남던 그 순간도<br/>네가 그리워져<br/>여름이 다 지나고<br/>가을이 오는 것처럼<br/>자연스레 물든 너를<br/>다시 지울 수는 없을 걸<br/>다시 보는 날 너에게 말할게<br/>널 사랑해<br/>
"
3934,말한 말,Merry CobaltMerry Cobalt,말한 말 (The Saying Words),13,<dd>2019.07.05</dd>,"내색하지 않아도<br/>요즘 힘이들죠 그대<br/>부담주지 않으려는<br/>배려가 보여요<br/>나누고 안아주는 표현이 서툰 나<br/>그래도 안아주고 싶어<br/>그래도 힘이 되고 싶어<br/>그대의 그 숨소리를 따라<br/>그대 눈빛을 바라보는<br/>이런 나라도 위로가 되나요<br/>그대의 입술에서 나오는<br/>말 한마디 한마디<br/>다 들어줄게요<br/>위로가 될까요<br/>받는 것이 익숙한걸까<br/>주는건 서툴러요<br/>그래도 어떠한 당신이라도<br/>나는 끝까지 그대옆에<br/>내색하지 않아도<br/>요즘 힘이들죠 그대<br/>부담주지 않으려는<br/>배려가 보여요<br/>입술안에 가둔 말들을<br/>삼키지 말아줘요<br/>그래요 안아주고 싶어<br/>내게 말해줄래요<br/>그대의 그 숨소리를 따라<br/>그대 눈빛을 바라보는<br/>이런 나라도 위로가 되나요<br/>그대의 입술에서 나오는<br/>말 한마디 한마디<br/>다 들어줄게요<br/>위로가 될까요<br/>받는 것이 익숙한걸까<br/>주는건 서툴러요<br/>그래도 어떠한 당신이라도<br/>나는 끝까지 그대옆에<br/>그대의 그 숨소리를 따라<br/>그대 눈빛을 바라보는<br/>이런 나라도 위로가 되나요<br/>그대의 입술에서 나오는<br/>말 한마디 한마디<br/>다 들어줄게요<br/>위로가 될까요<br/>
"
3935,Falling In Love,전민아전민아,Falling In Love,7,<dd>2019.07.05</dd>,"어두웠던 내게 빛처럼 다가와<br/>나의 달콤한 꿈인 걸까 um<br/>그대와 두 눈 마주친 날<br/>떨리는 심장이 느껴져<br/>난 그 순간 꿈이어도 좋았어 um<br/>언제부턴가 내 머릿속에 맴돌아<br/>늘 떠올라 그대가 보고 싶기만 해<br/>Everyday<br/>처음 느낀 이 감정은 뭘까<br/>나도 몰래 설레고 두근거려 와<br/>이런 게 사랑일까 싶어<br/>나를 보는 그대 눈빛<br/>내게 건넨 그대 미소가<br/>얼었던 내 맘을 녹여줬어<br/>Falling in love<br/>마법처럼 내게 짠하고 나타나<br/>나의 달콤한 꿈인 걸까 um<br/>그대의 손 길 닿은 그날<br/>터질 듯 심장이 뛰어와<br/>난 그 순간 그대에게 빠졌어 um<br/>언제부턴가 내 머릿속에 맴돌아<br/>늘 떠올라 그대가 보고 싶기만 해<br/>Everyday<br/>처음 느낀 이 감정은 뭘까<br/>나도 몰래 설레고 두근거려 와<br/>이런 게 사랑일까 싶어<br/>나를 보는 그대 눈빛<br/>내게 건넨 그대 미소가<br/>얼었던 내 맘을 녹여줬어<br/>Falling in love<br/>
"
3936,나의 그대 (Feat. 프론),젤리프로젝트젤리프로젝트,나의 그대,13,<dd>2019.07.05</dd>,"살며시 다가온<br/>너에게 조금씩 반응해<br/>살살 불어오는 바람처럼<br/>포근하게 느껴져 넌<br/>눈을 뜨면 제일 먼저<br/>생각나는 단 한사람<br/>매일 보고픈<br/>네가 오면 나는 설레<br/>네가 가면 난 좀 아쉬워<br/>온 세상 작은 일 하나에도<br/>오늘 내 하루가 변해<br/>그게 너야 바로 너야<br/>내겐 특별함으로 가득 차<br/>커다란 일이 되었어<br/>점점 더 가깝게 다가온<br/>너에게 조금씩 반응해<br/>밝게 비춰주는 햇살처럼<br/>따뜻하게 느껴져 넌<br/>눈을 뜨면 제일 먼저<br/>생각나는 단 한사람<br/>매일 보고픈<br/>네가 오길 기다려난<br/>헤어지기 싫은 날이야<br/>온 세상 작은 일 하나에도<br/>오늘 내 하루가 변해<br/>그게 너야 바로 너야<br/>나에겐 특별함으로 가득 차<br/>놓지 않을 거야 이 두 손<br/>떨리는 내 마음도<br/>숨기지 않을 거야<br/>너와 나 사이 감정에<br/>우리 서로 반응하고 있어<br/>빠져가 좀 더 깊이<br/>여전히 떨리는 너<br/>다랏다 닷다다<br/>I like you<br/>다랏다 닷다다<br/>다랏다 닷다다<br/>다랏다 닷다다<br/>
"
3937,길,소파 (SoFar)소파 (SoFar),길,18,<dd>2019.07.05</dd>,"눈을 감아보면 아득한 불빛에<br/>나도 모르게 따라 흔들려<br/>지금 어디로 가고 있는 걸까<br/>모든 게 다급한 시간 속에서<br/>나만 홀로 서 있지 않을까<br/>어디서 날 바라보지 않을까<br/>바보처럼 우두커니 서 있어<br/>눈을 뜨고 나를 향해 걸어가<br/>한걸음 한걸음<br/>내가 서 있는 그곳에<br/>손을 내밀어보면<br/>내가 그린 꿈을 볼 수 있기를<br/>뒤를 돌아보면 아득히 먼 곳을<br/>나도 모르게 따라 걸어가<br/>지금 어디로 가고 있는 걸까<br/>모든 게 아련한 외로움 속에<br/>나만 홀로 머물러 있을까<br/>어디서 날 기다리지 않을까<br/>바보처럼 조금 더 용기를 내<br/>눈을 뜨고 나를 향해 걸어가<br/>한걸음 한걸음<br/>내가 서 있는 그곳에<br/>손을 내밀어보면<br/>내가 그린 꿈을 볼 수 있기를<br/>한참을 지나온<br/>내가 바래왔던 나의 모습이<br/>내 눈앞에 서 있어<br/>믿을 수가 없었어<br/>그게 바로 나인걸<br/>눈을 뜨고 나를 향해 걸어가<br/>한걸음 한걸음<br/>내가 서 있는 그곳에<br/>손을 내밀어보면<br/>내가 그린 꿈을 볼 수 있기를<br/>
"
3938,잠시 스쳐갔던,하늘하늘,잠시 스쳐갔던,2,<dd>2019.07.05</dd>,"내가 없었나 봐 너의 기억에는<br/>혼자 사랑해서 나만 그랬나 봐<br/>여기 이곳에서 너를 기다리면<br/>스쳐 지나갈까 오늘 다시 한 번<br/>그 눈 빛을 잊을 수 없어<br/>넌 너무 예뻤으니까<br/>아름다운 두 손으로 나를<br/>한 걸음 다가가면 조금 가까워질까<br/>말 한 번 걸어보면<br/>그저 그랬나 봐 너에게는 내가<br/>나의 존재조차 모르는 것 같아<br/>그 눈 빛을 잊을 수 없어<br/>넌 너무 예뻤으니까<br/>아름다운 두 손으로 나를<br/>한 걸음 다가가면 조금 가까워질까<br/>말 한 번 걸어보면<br/>
"
3939,이게 그 사랑이야,정준형정준형,"이게 그, 그 사랑이야",6,<dd>2019.07.05</dd>,"떨려 내 심장이<br/>뛰는 소리가<br/>내 귀에 들려<br/>내 의지대로<br/>되지않는<br/>이해할수 없는<br/>이느낌 뭘까<br/>떨려 널 생각만 해도<br/>함께 있는 것 같은 느낌이야<br/>내 안에서<br/>날 움직이는<br/>이 감정은 뭘까<br/>너를 보면<br/>멈춰버려<br/>내모든것이<br/>내표정도<br/>내마음도<br/>뜻대로 되지않아<br/>눈감아도<br/>눈을 떠도<br/>너가 보여<br/>너만 생각나<br/>만지고 싶어<br/>너와 함께<br/>있고싶어<br/>이게 그 사랑이야 워 워<br/>서로 웃고<br/>울고 애태우는<br/>내게 올수 없는<br/>사랑이라는 것<br/>I fell in love with you<br/>이게그사랑이야 워 워<br/>서로 웃고<br/>울고 아파하는<br/>널 위해 모든 것<br/>줄수 있어<br/>only I love you<br/>떨려 내 심장이<br/>뛰는 소리가<br/>내 귀에 들려<br/>내 의지대로<br/>되지않는<br/>표현할수 없는<br/>낯선 이느낌<br/>떨려 널 생각만 해도<br/>어느새 난 혼자<br/>또 웃고 있어<br/>내안에서<br/>날 움직이는<br/>이감정 뭘까 워<br/>이게 그 사랑이야<br/>서로 웃고<br/>울고 애태우는<br/>내게 올수 없는<br/>사랑이란것<br/>I fell in love with you<br/>이게 그 사랑이야 워 워<br/>서로 웃고<br/>울고 아파하는<br/>널 위해 모든 것<br/>줄수 있어<br/>only I love you<br/>내 모든것이 사라져도<br/>내 모든기억 지워져도<br/>널 사랑하는 내마음은<br/>지워 지지않아<br/>이게 그 사랑이야<br/>서로 웃고<br/>울고 애태우는<br/>내게 올수 없는<br/>사랑이란것<br/>I fell in love with you<br/>이게 그 사랑이야 워 워<br/>서로 웃고<br/>울고 아파하는<br/>널 위해 모든 것<br/>줄수 있어<br/>only I love you<br/>I fell in love with you<br/>
"
3940,툭툭,BoisBois,툭툭,11,<dd>2019.07.05</dd>,"이 터널을 너는<br/>쉽게 지나갈거야<br/>아무렇지 않아<br/>그냥 스윽<br/>툭툭 털고 가면 되지 뭘 그래<br/>숨지마 나와<br/>어둠의 내 불빛을 놓아둘게<br/>적을 가리지마<br/>네 마음대로 해봐<br/>넘어지면 어때<br/>뭘 그래<br/>어떤 공간에<br/>너를 가두려 말고<br/>너만의 기차를 타고<br/>스윽 그냥 굴러 가면 되지<br/>뭘 그래<br/>어딜가던 너의 길에<br/>주문을 걸어 놓을게<br/>적을 가리지만<br/>네 마음대로 해봐<br/>오늘이야 스윽<br/>In to the shine In to the sky<br/>보이지도 않는걸 믿지마<br/>확인해 보지 않고 믿지마<br/>이유 없는 소문을 듣지마<br/>그렇게 너 혼자 Oh 울지마<br/>발길 닿는데로 가는 거야<br/>마음 가는대로 하는 거야<br/>과거 미련 이거<br/>두 개만 버리고 가<br/>어떤 길이든<br/>걸어 가보면 알아<br/>바람이 불어도<br/>그냥 스윽<br/>이 노랠 부르면서<br/>걷지 뭘 그래<br/>램프를 켜고 그 길에<br/>꽃잎을 뿌려 놓을게<br/>주저 앉지는 마<br/>네 마음대로 해봐<br/>오늘이야 스윽<br/>In to the shine In to the sky<br/>보이지도 않는걸 믿지마<br/>확인해 보지 않고 믿지마<br/>이유 없는 소문을 듣지마<br/>그렇게 너 혼자 Oh 울지마<br/>발길 닿는대로<br/>가는 거야<br/>마음 가는대로<br/>하는 거야<br/>과거 미련<br/>이거 두 개만 버리고 가<br/>시동을 걸어 걸어<br/>모든걸 다 뱉어 보는 거야<br/>하늘을 걸어 걸어<br/>이 좋은 하늘이<br/>오랜만이야 설레<br/>과거 미련 이거<br/>두 개만 버리고 가<br/>이 터널을<br/>너는 쉽게 지나갈거야<br/>아무렇지 않아<br/>그냥 스윽<br/>툭툭 털고 가면 되지<br/>뭘 그래<br/>어떤 길이든<br/>걸어 가보면 알아<br/>
"
3941,그런데 왜,시율시율,그런데 왜,2,<dd>2019.07.05</dd>,"봄이 왔어<br/>널본지 꽤 됐어<br/>비가오면<br/>네 생각이 났어<br/>8번의 봄꽃이 피었고<br/>수만번의<br/>상처가 되었어<br/>가슴아픈<br/>사랑이 되었고<br/>행복하길<br/>간절히 바랬어<br/>이해할 순<br/>없을꺼야 널<br/>상상조차<br/>안되니까 나도<br/>행복은<br/>빠르게 지났고<br/>상처는<br/>자꾸만 쌓여가<br/>그런데 왜<br/>난 하루가<br/>일년과 같아<br/>그런데 왜<br/>너의 모습<br/>보이지 않아<br/>그런데 왜 왜<br/>나는 너를 잊지못해<br/>왜 왜 왜 너는<br/>나를 아프게 해<br/>가끔 생각해<br/>살며시 안겨준 그대<br/>함께한 시간<br/>영원히 간직하기로 해<br/>우연히 널<br/>길에서 마주하면<br/>여전히 난<br/>잘 지낸다고<br/>나는 괜찮았어<br/>행복했어 왜<br/>나는 나보다 너를<br/>많이 사랑했나 봐<br/>그 시간속에서 멈춰<br/>네가 변하지 않게<br/>그런데 왜<br/>난 하루가<br/>일년과 같아<br/>그런데 왜<br/>너의 모습<br/>보이지 않아<br/>그런데 왜 왜<br/>나는 너를 잊지못해<br/>왜 왜 왜 너는<br/>나를 아프게 해<br/>그대가 보고 싶은데<br/>너에게로 가고 싶은데<br/>이미 나는<br/>늦었나봐<br/>이미 나는<br/>늦었나봐<br/>그대가 보고 싶은데<br/>너에게로 가고 싶은데<br/>난 변하지 않아<br/>그런데 왜<br/>난 하루가<br/>일년과 같아<br/>그런데 왜<br/>너의 모습<br/>보이지 않아<br/>그런데 왜 왜<br/>나는 너를 잊지못해<br/>왜 왜 왜 너는<br/>나를 아프게 해<br/>
"
3942,카네이션 Carnation,Acoustic FlowerAcoustic Flower,Acoustic Flower Vol.1,7,<dd>2019.07.05</dd>,가사가 없습니다
3943,"좋아해, 너를",Pizzikato (피치카토)Pizzikato (피치카토),"좋아해, 너를",6,<dd>2019.07.05</dd>,"갑자기 신경 쓰이고<br/>우리 둘 사이 궁금해지고<br/>특별히 할 말 없어도<br/>자연스럽게 전화를 해<br/>스치는 코튼향에 설레어 두근거리고<br/>화내고 토라져도 귀여워 자꾸 생각나<br/>어느샌가 너만 보면 바보같이 웃어<br/>네가 하는 건 나도 하고 싶어<br/>너와 걷는 이 세상이 멈춰줬으면 해<br/>이젠 알겠어 좋아해 너를<br/>넌 내게 뭐라 말할까<br/>너도 내 맘을 알고 있을까<br/>아무 일 없듯 숨겨도<br/>널 마주치면 다 티가 나<br/>어느샌가 너만 보면 바보같이 웃어<br/>네가 하는 건 나도 하고 싶어<br/>너와 걷는 이 세상이 멈춰줬으면 해<br/>이젠 알겠어 좋아해 널<br/>언제나 함께한 친구였지만<br/>새로운 너를 보면 친구는 싫어<br/>어느샌가 너만 보면 바보같이 웃어<br/>네가 하는 건 나도 하고 싶어<br/>너와 걷는 이 세상이 멈춰줬으면 해<br/>이젠 알겠어 좋아해 너를<br/>
"
3944,봄날의 기적,D&TD&T,봄날의 기적,14,<dd>2019.07.05</dd>,"너와 헤어졌던 계절에<br/>아직 멈춰있는 시간은<br/>그때 겨울처럼 차가운 날들이야<br/>언제나 봄날 같았던<br/>따뜻했던 너를 다시 보고싶어<br/>너도 기억하니 그날을<br/>유독 차가웠던 바람에<br/>오래 발걸음을 못 떼고 서있던 날<br/>갈 곳을 잃은 사람들처럼<br/>한참을 서서 그저 지켜보던 밤<br/>바라보다 함께 잠들던<br/>무수히 많은 우리 밤들이<br/>꿈처럼 떠올라 이젠<br/>시간의 틈 사이<br/>너라는 그리움 불어온다<br/>단 하나의 기적 널 바란다<br/>다시오지 않을 것 같은<br/>봄을 그린다<br/>우리 사랑했던 날들에<br/>아름다웠던 그 날들에<br/>아직 그 자리에 여전히 널 기다려<br/>지금쯤 너는 어디에 있니<br/>천천히 와도 좋아 여기 있을께<br/>시간따라 무뎌진다던<br/>이별의 아픔까지 얼마나<br/>더 많이 걸어야 할까<br/>시간의 틈 사이<br/>너라는 그리움 불어온다<br/>단 하나의 기적 널 바란다<br/>다시오지 않을 것 같은<br/>봄을 그린다<br/>니 목소릴 들을 수 없고<br/>니 미소를 볼 수가 없는<br/>날들이 내게는 춥다<br/>춥고 또 아파와<br/>시간의 틈 사이<br/>너라는 그리움 불어온다<br/>단 하나의 기적 널 바란다<br/>얼마나 더 걸어야 너에게 닿을까<br/>다시 오지 않을 것 같은<br/>봄을 그린다<br/>
"
3945,음악은 풍경 앞에,연희다방연희다방,음악은 풍경 앞에,82,<dd>2019.07.05</dd>,"Right here 바로 여기야<br/>내가 머물다 가는 곳<br/>저녁노을이 질 때면<br/>지친 내 발걸음이<br/>이곳 여기에 닿곤 해<br/>조금만 안아줘<br/>바람아 지는 노을아<br/>음악은 풍경 앞에<br/>나를 멈추게 하고<br/>지는 노을이 날<br/>함께 안아줘<br/>이곳에 작아지는<br/>나를 위하는 노래<br/>I'm still me here yeah<br/>조금만 안아줘<br/>바람아 지는 노을아<br/>음악은 풍경 앞에<br/>나를 멈추게 하고<br/>지는 노을이 날<br/>함께 안아줘<br/>이곳에 작아지는<br/>나를 위하는 노래<br/>I'm still me here yeah<br/>I'm still me here yeah<br/>I'm still me here<br/>
"
3946,소야곡 (Serenade),윤 솔윤 솔,달의 편지,6,<dd>2019.07.05</dd>,"아무도 없는 방 홀로 남겨진<br/>한 남자의 앞에 놓여진<br/>작은 피아노 하나<br/>어디로 흘러가는지 모르는<br/>작은 선율에 떠올린다<br/>작디 작은 아이의 숨을 불어넣어준<br/>세상을 비추는 빛을<br/>바라볼 수 있게 만들어 준<br/>당신의 그 모든 하루는<br/>부디 온전히 그대만을 위하기를<br/>사랑이라는 가장 아름다운<br/>그 말들로 표현할 수 없는<br/>이 마음을 내 진심을 이사랑을<br/>당신은 아십니까<br/>그 한마디 말하기 어렵던<br/>그 아이는 홀로 창가를 바라보며<br/>당신이 내게 주었던 그 모든걸<br/>떠올리며 노래하죠<br/>사랑이라는 가장 아름다운<br/>그 말들로 표현할 수 없는<br/>이 마음을 내 진심을 이 사랑을<br/>아실까요<br/>추억은 불어오는 바람 되어<br/>우리 먼훗날 다시 마주치겠죠<br/>부디 늦지 않을 그때 그대와 나<br/>아직 함께이기를<br/>이 멜로디 들리시길<br/>
"
3947,서린이,김난고(Kim Nango)김난고(Kim Nango),서린이,4,<dd>2019.07.05</dd>,"나어릴 적 서른은 어른 같았지<br/>아무것도 모르고 하늘같이 대했어<br/>스무 살 신입생 햇병아리와<br/>계란 한 판 복학생<br/>말을 놓지 못했지<br/>군대 대학생 취준생<br/>어느덧 내가 서른<br/>난 아직 어린데<br/>서른이라지만 멘탈은 스무살같아<br/>마음은 아직 동화 속에 있지만<br/>사람들은 나를 보고<br/>서른이라고 부르네<br/>서린이 서서서서 서린이<br/>서른인데 서른이 아닌데<br/>서른이 아닌데 서른인<br/>몸은 벌써 서른의 어른이 되었는데<br/>난 아직 어린데<br/>서른이라지만 멘탈은 스무 살 같아<br/>서른 즈음엔 매일<br/>이별하며 살고 있다던<br/>김광석은 나를 봐도<br/>같은 노랠 부를까<br/>서린이 서서서서 서린이<br/>서른인데 서른이 아닌데<br/>서른이 아닌데 서른인<br/>난 아직 동화 속에서 살고 싶은데<br/>세상은 나에게 그걸 허락하지 않는데<br/>마음은 아직 동화 속에 있지만<br/>사람들은 나를 보고<br/>서른이라고 부르네<br/>서린이 서서서서 서린이<br/>서른인데 서른이 아닌데<br/>서른이 아닌데 서른인<br/>서린이<br/>
"
3948,니가 길게 혼자면 좋겠어,지아지아,니가 길게 혼자면 좋겠어,"13,242",<dd>2019.07.04</dd>,"이별은 나만 좋아해<br/>너보다 훨씬 더 그래주네<br/>눈 뜰 때부터 감을 때까지<br/>싫다고 해도 쭉 곁에 있네<br/>니가 없으면 죽을 것 같던 내가<br/>니가 죽었으면 하던 날도 있었고<br/>다시 또 그립고<br/>다시 또 널 미워해 하던<br/>내 하루가 어떤지 넌 알아<br/>반반이야<br/>널 사랑하는 마음과<br/>안 사랑하는 마음이 똑같아서<br/>기다려볼까 아니면 잊을까<br/>매일 망설여<br/>난 말이야<br/>차라리 그랬으면 해<br/>나보다 너 먼저<br/>다른 사람과 사랑을 해줘<br/>이별이 쉬워질 수 있도록<br/>아무도 몰랐으면 해<br/>우리가 꽤 전에 헤어진 거<br/>위로에 고마움 느낄 만큼<br/>맘 착한 나는 아닌가 봐<br/>니가 사는 세상에는<br/>차가운 비만 내리길<br/>열나고 기침하다가 잠 못 들길<br/>그러다 어느 날<br/>내 생각나 뒤돌아 와주길<br/>이러는 내가 나도 이해가 안 돼<br/>반반이야<br/>널 사랑하는 마음과<br/>안 사랑하는 마음이 똑같아서<br/>기다려볼까<br/>아니면 잊을까 매일 망설여<br/>난 말이야<br/>차라리 그랬으면 해<br/>나보다 너 먼저<br/>다른 사람과 사랑을 해줘<br/>반반이야<br/>니가 늘 행복하기를<br/>아니 늘 불행하기를 바라는 걸<br/>얼마나 못돼질 건지<br/>이러고 싶지 않지만<br/>난 말이야<br/>솔직히 말을 한다면<br/>나보다 조금 더<br/>니가 길게 혼자면 좋겠어<br/>
"
3949,Error,이시은이시은,절대그이 OST Part.8,575,<dd>2019.07.04</dd>,"I think I`m out of order<br/>눈 앞이 캄캄해<br/>I feel like something error<br/>난 잘 모르겠어<br/>마지막일지 몰라 날<br/>고치려 하지는 마 널<br/>더 아프게할테니 더<br/>슬플테니<br/>처음 입 맞추던 니 모습<br/>차가운 내 맘을 더 따뜻하게<br/>감싸줘<br/>절대 완벽한 그이가<br/>되어 주지못해서 미안해<br/>다시 널 볼수있을까<br/>I Feel like<br/>I got something Error 네<br/>마지막 모습을 저장할게<br/>밝은 미소를 지어줘<br/>슬픈 표정은 그만해 줘<br/>언젠가 내 오류를 찾을 때<br/>지금 이 미소를 지어 줄래<br/>내가 널 기억하도록<br/>다시 널 안을 수 있도록<br/>이제 빛이 꺼질듯해<br/>너무 슬퍼 하지는 마<br/>난 니가 힘들어할 때<br/>니가 슬퍼할 때 아파할 때 마다<br/>절대 완벽한 그이가<br/>되고 싶었지만 그러기엔<br/>지금 넌 울고있는데<br/>I Feel like<br/>I got something Error 네<br/>마지막 모습을 저장하게<br/>밝은 미소를 지어줘<br/>슬픈 표정은 그만해 줘<br/>언젠간 내 오류를 찾을 때<br/>그 때 그 미소를 지어 줄래<br/>내가 널 기억하도록<br/>다시 널 안을 수 있도록<br/>Oh ohohoh<br/>Oh ohohoh<br/>Oh ohohoh<br/>Oh ohohoh<br/>Oh ohohoh<br/>Oh ohohoh<br/>Oh ohohoh<br/>Oh ohohoh<br/>이제 빛이 꺼질듯해<br/>너무 슬퍼 하지는 마<br/>
"
3950,이런 날엔,헤일리정헤일리정,이런 날엔,247,<dd>2019.07.04</dd>,"오늘은 밖에 비가 왔어<br/>오늘은 많이 아팠어<br/>니 생각이 났어<br/>자꾸 니 모습이<br/>어두운 날 더 어둡게 해<br/>넌 니가 내게 줬던 사랑을<br/>생각나게 해<br/>지금은 없는 그 사랑을<br/>어차피 불러봤자 대답도 없을텐데<br/>마음이라도 편해지면<br/>don’t know why<br/>또 너야<br/>다른 누굴 만나도 다시<br/>이런 날엔 너야<br/>텅 빈 하루는 온통<br/>시간들로 흘러넘쳐<br/>차라리 바쁘면 생각도 안날텐데<br/>자꾸 비와 함께 날 찾아와<br/>don’t know why<br/>또 너야<br/>다른 누굴 만나도 다시<br/>이런 날엔<br/>이런 날엔<br/>why<br/>또 너야<br/>널 못 잊은 마음은 다시<br/>갈 곳 잃고 너야<br/>오늘은 밖에 비가 왔어<br/>오늘은 많이 아팠어<br/>
"
