4701,"그대, 마지막 편이겠소",더필름더필름,"그대, 마지막 편이겠소","1,497",<dd>2019.05.18</dd>,"아침이면 졸린 눈 부비면서<br/>일어나는 그대 좀 괜찮나요<br/>왜 사람들은 같은 시간 일을 할까<br/>이 흔들리는 버스 속에<br/>내 하루가 벌써 지쳐<br/>괜찮아 잘될거야<br/>말하지 않아도 느낄 수 있어<br/>아프다고 말하지 않아도<br/>충분히 너의 마음 느낄 수 있어<br/>힘내요 잘할거야<br/>누구도 아닌 당신을 믿기에<br/>세상 모든 사람들 그댈 비웃어도<br/>난 그대 마지막 편이겠소<br/>주말은 왜 빛보다 빠르게 갈까<br/>해두려고 했던 일은<br/>반의 반도 못했는데<br/>사람들은 너무 쉽게 말하지<br/>마치 내 인생 다 아는 것처럼<br/>괜찮아 잘될거야<br/>말하지 않아도 느낄 수 있어<br/>아프다고 말하지 않아도<br/>충분히 너의 마음 느낄 수 있어<br/>힘내요 잘할거야<br/>누구도 아닌 당신을 믿기에<br/>세상 모든 사람들 그댈 비웃어도<br/>난 그대 마지막 편이겠소<br/>단 하나의 빛이 되겠소<br/>그대 옆에 은은히 머물겠소<br/>때론 그대가 흘리는 눈물들이<br/>너의 걱정을 고민을 외로움을<br/>모두 흘려 줄거야<br/>괜찮아 잘할거야<br/>모두가 네 편이 안 될 때에도<br/>세상 유일하게 너의 옆에 머물러줄<br/>난 그대 마지막 편이겠소<br/>난 그대 마지막 힘이겠소<br/>
"
4702,I miss you (feat 아미),태사비애태사비애,이몽 OST Part.3,303,<dd>2019.05.18</dd>,"시간이 멈춘 것 같아<br/>하루가 이리 길었나<br/>모두 그대론데<br/>너만 없는<br/>오늘이 서러워 눈물만 흘러<br/>들리지 않니<br/>나의 목소리가<br/>이렇게 나<br/>너만 부르는데<br/>i miss you<br/>입술 끝에 맺힌 이름<br/>i miss you<br/>한순간도 잊지 못해<br/>넌 어디 있니<br/>지금 내 맘이<br/>들린다면 대답해줘 제발<br/>이렇게 나 아파하잖아<br/>모두 그대론데<br/>너만 없어<br/>갑자기 모든게 낯설기만 해<br/>들리지 않니<br/>나의 목소리가<br/>이렇게 나<br/>너만 부르는데<br/>i miss you<br/>입술 끝에 맺힌 이름<br/>i miss you<br/>한순간도 잊지 못해<br/>넌 어디 있니<br/>지금 내 맘이<br/>들린다면 대답해줘 제발<br/>꿈에라도 너를 볼 수 있을까<br/>눈 감아도 눈물에 니 얼굴이 번져<br/>혹시 너 돌아올까봐<br/>한발짝도 못 떼는 나<br/>i miss you<br/>입술 끝에 맺힌 이름<br/>i miss you<br/>한순간도 잊지 못해<br/>넌 어디 있니<br/>지금 내 맘이<br/>들린다면 돌아와줘 제발<br/>이렇게 나 아파하잖아<br/>i miss you<br/>
"
4703,안아줘,거미거미,[Vol.18] 유희열의 스케치북 10주년 프로젝트 : 여덟 번째 목소리 `유스케 X 거미`,"5,701",<dd>2019.05.18</dd>,"서러운 맘을 못 이겨<br/>잠 못 들던 어두운 밤을 또 견디고<br/>내 절망관 상관없이<br/>무심하게도 아침은 날 깨우네<br/>상처는 생각보다 쓰리고<br/>아픔은 생각보다 깊어가<br/>널 원망하던 수많은 밤이<br/>내겐 지옥 같아<br/>내 곁에 있어 줘 내게 머물러줘<br/>네 손을 잡은 날 놓치지 말아줘<br/>이렇게 네가 한걸음 멀어지면<br/>내가 한 걸음 더 가면 되잖아<br/>하루에도 수천 번씩<br/>네 모습을 되뇌이며 생각했어<br/>내게 했던 모진 말들<br/>그 싸늘한 눈빛 차가운 표정들<br/>넌 참 예쁜 사람이었잖아<br/>넌 참 예쁜 사람이었잖아<br/>제발 내게 이러지 말아줘<br/>넌 날 잘 알잖아<br/>내 곁에 있어 줘 내게 머물러줘<br/>네 손을 잡은 날 놓치지 말아줘<br/>이렇게 네가 한걸음 멀어지면<br/>내가 한 걸음 더 가면 되잖아<br/>내겐 내가 없어 난 자신이 없어<br/>네가 없는 하루 견딜 수가 없어<br/>이젠 뭘 어떻게 해야 할지 모르겠어<br/>네가 없는 난<br/>그냥 날 안아줘 나를 좀 안아줘<br/>아무 말 말고서 내게 달려와 줘<br/>외롭고 불안하기만 한 맘으로<br/>이렇게 널 기다리고 있잖아<br/>난 너를 사랑해 난 너를 사랑해<br/>긴 침묵 속에서 소리내 외칠게<br/>어리석고 나약하기만 한 내 마음을<br/>어리석고 나약하기만 한 내 마음을<br/>
"
4704,우리 얘기 좀 하자 (With 예빈(다이아)),단칸방 로맨스단칸방 로맨스,우리 얘기 좀 하자,"2,105",<dd>2019.05.18</dd>,"소란한 마음에 그냥<br/>집 앞에 나와<br/>생각에 잠겨<br/>혼자서 걷는다<br/>소란한 마음에 그냥<br/>침대에 누워 조용한<br/>핸드폰만 자꾸 쳐다본다<br/>different 우린 너무 달라<br/>하나부터 열까지<br/>나 혼자 연애를 하나 봐<br/>우우우<br/>different 그래 우린 달라<br/>먹는 것 영화 취향도<br/>처음엔 우리<br/>이렇게 따지지 않았잖아<br/>우리 얘기 좀 하자 지금<br/>우리 얘기 좀 하자 잠깐<br/>같은 공간 속에 다른 우리<br/>이건 true<br/>또 같은 주제야 너는<br/>또 같은 결말이야 너는<br/>또 내가 잘못했나요<br/>어려워<br/>혼자 끙끙 앓았다가<br/>연락해보면<br/>세 시간 뒤 답장이 와<br/>이래도 문제가 없는 게 맞니<br/>하루 종일 의문이야<br/>뭔가 오해가 있어 너<br/>요즘 왜 이렇게 예민해<br/>일부러 그런 것도 아닌데<br/>왜 나쁜 역할만 시켜<br/>different 우린 너무 달라<br/>화를 내도 말이 없어<br/>나 혼자 애타고 있나 봐<br/>우 우우<br/>different 그래 우린 달라<br/>너와 나 성격차이인 것뿐이야<br/>조금만 나를<br/>이해해주면 안 되는 거니<br/>우리 얘기 좀 하자 지금<br/>우리 얘기 좀 하자 잠깐<br/>같은 공간 속에 다른 우리<br/>이건 true<br/>또 같은 주제야 너는<br/>또 같은 결말이야 너는<br/>또 내가 잘못했나요<br/>어려워<br/>매일 핑계만 대고<br/>설명은 안 하는데<br/>배려를 바라는 건<br/>도대체 뭐야<br/>어떤 마음이야<br/>우리 지금 만날까 잠깐<br/>우리 얘기 좀 하자 나와봐<br/>서운하게 해서 미안 미안해<br/>
"
4705,걱정 (feat. 이아립),한희정한희정,걱정,268,<dd>2019.05.18</dd>,"난 네가 걱정이 돼<br/>나도 네가 걱정이 돼<br/>고마워 그 사실이<br/>가끔은 날 따뜻하게 해<br/>시간은 정 없이 흘러가는데<br/>마음은 마음대로 흘러가지 않고<br/>내버려두면 길을 잃을 것 같아<br/>걱정이 돼<br/>난 네가 걱정 안 돼<br/>나도 네가 걱정 안 돼<br/>미안해 그 사실이<br/>가끔은 날 쓸쓸하게 해<br/>시간은 정 없이 흘러가는데<br/>마음은 마음대로 흘러가지 않고<br/>시간은 정도 마음은 마음<br/>시간은 정도 없이<br/>마음은 마음대로<br/>흘러가고 흘러가지 않고<br/>내버려두면 길을 잃을 것 같아<br/>걱정이 돼<br/>
"
4706,괜스레,이은미이은미,더뱅커 OST,89,<dd>2019.05.18</dd>,"저녁노을 지는 해와 그리고 너 와 나<br/>하나 될 때 깊은 밤에 빠져서<br/>허우적거리고 지쳐서<br/>잃어버린 기억들이 생각난다<br/>괜스레 울고 싶을 때가 있다<br/>가끔은 가슴 아픈 추억 속에<br/>그리움에 내 눈가에<br/>비가 내린다<br/>이젠<br/>안으로 안으로 말라 가는 나<br/>괜스레 눈물이 날 때<br/>그럴 때가 있다<br/>아마 그래 그럴 거야<br/>나도 너 와 같아<br/>외로움에 헤어지기 싫어서<br/>붙잡고 싶은 내 청춘<br/>묻어버린 기억들이 생각난다<br/>괜스레 울고 싶을 때가 있다<br/>가끔은 가슴 아픈 추억 속에<br/>그리움에 내 눈가에<br/>비가 내린다<br/>이젠<br/>안으로 안으로 말라 가는 나<br/>괜스레 눈물이 날 때<br/>그럴 때가 있다<br/>
"
4707,비교하게 돼,18th Letter18th Letter,비교하게 돼,222,<dd>2019.05.18</dd>,"몇년을 너와 힘들게 만나고<br/>생채기만 남은 이별 한 후<br/>어느새 내게도<br/>따뜻한 사람이 생긴거야<br/>너무나도 좋은 사람이야<br/>자기보다 날 먼저<br/>생각해주는 사람이야<br/>근데 나<br/>자꾸 나도 모르게<br/>너와 비교하게돼<br/>그땐 넌 이랬는데<br/>너라면 이럴텐데<br/>이러면 안된다는걸<br/>알면서도<br/>이 사람 앞에서<br/>너를 떠올려<br/>죄를 지으며<br/>사는거만 같아<br/>내 곁에 이 사람에게<br/>벌 받을 거야<br/>그래서 더 노력해<br/>이 사람에게 집중하려 노력해<br/>그래도<br/>자꾸 나도 모르게<br/>너와 비교하게돼<br/>그땐 넌 이랬는데<br/>너라면 이럴텐데<br/>이러면 안된다는걸<br/>알면서도<br/>이 사람 앞에서<br/>너를 떠올려<br/>사실은 니가 많이도 남아있단 말야<br/>불어도 넌 꺼지지가 않아<br/>너는 안 그럴꺼야<br/>나처럼 안 할꺼야<br/>비교할 수 없겠지<br/>나보다 더 훨씬 예쁘고<br/>더 잘 맞는 여자를<br/>만날테니까<br/>아니 더 그전에 훨씬 더 전에<br/>날 잊었을거야<br/>
"
4708,아프지마요,유선유선,아프지마요,85,<dd>2019.05.18</dd>,"힘들다는 얘기 전해 들었어<br/>밥도 먹지를 않고<br/>웃은지도 오래고<br/>이젠 그런데도 난<br/>갈 수가 없는데<br/>안아 줄 수 없는데<br/>늦은 밤에 내게 전활 걸어서<br/>잘 지내는 거냐고<br/>별일 없었느냐고<br/>그냥 생각나 안부전하려<br/>별 뜻 없이 걸어본거라 하지<br/>내 맘을 가져간 사람 그대<br/>아프지마요 아프지마요<br/>그대가 떠난 거잖아<br/>원망하지 않을게요<br/>괜찮아요 괜찮아요<br/>헤어지던 날도 너는 울었어<br/>아무 말 못하다가 끝내 미안하다고<br/>너는 지금도 울고 있잖아<br/>말 안해도 나는 알 수 있잖아<br/>내 맘을 가져간 사람 그대<br/>아프지마요 아프지마요<br/>그대가 떠난 거잖아<br/>원망하지 않을게요<br/>괜찮아요 괜찮아요<br/>내 맘을 가져간 사람 그대<br/>아프지마요 아프지마요<br/>원한다면 돌아와도 돼요<br/>나는 늘 그자리에요<br/>돌아와도 괜찮아요<br/>
"
4709,Wait,LukeLuke,Wait,1,<dd>2019.05.18</dd>,"처음부터 난 오직 너뿐이었어 <br/>다른 사람은 보이지 않았지 <br/>다른 남자의 연인이 돼버린 너 <br/>하지만 포기할 수 없어 <br/>그 사람이 널 슬프게 할 때마다 <br/>울고 있는 너를 보는 내 맘이 <br/>찢어질 듯 아파서 나 같이 울고 <br/>너를 위해 기도했었어 <br/>앞에 서지 못하는 바보야 <br/>행여 내가 부담이 될까 봐 <br/>그저 그 사람이 <br/>널 떠나길 바랄 뿐이야 <br/>내가 그땐 널 책임질 테니 <br/>너만 보는 바보라서 <br/>너만 사랑하는 바보라서 <br/>영원히 널 포기 안 해 <br/>넌 마지막 사랑 <br/>언제까지나 너만을 사랑할 거야 <br/>내 맘 알아줘 <br/>시간이 지나면 알게 될 거야 <br/>내 진실한 사랑 <br/>너를 생각하면 난 행복에 빠져들고 <br/>네가 있어서 난 힘이 난다고 <br/>너에게 고백할 거야 언젠가는 <br/>용기 내서 다가갈 거야 <br/>제발 그때까지만 기다려 <br/>너의 운명의 사랑 나인걸 <br/>결국 알게 될 거야 깊은 나의 사랑을 <br/>느껴보면 다 알게 될 거야 <br/>너만 보는 바보라서 <br/>너만 사랑하는 바보라서 <br/>영원히 널 포기 안 해 <br/>넌 마지막 사랑 <br/>언제까지나 너만을 사랑할 거야 <br/>내 맘 알아줘 <br/>시간이 지나면 알게 될 거야 <br/>내 진실한 사랑 <br/>
"
4710,그대를 지우고,피아노스타피아노스타,그대를 지우고,1,<dd>2019.05.18</dd>,"내 맘속에 그대가 분다 <br/>이루어질 수 없는 사랑이죠 <br/>그저 멀리서 그대만 보고 <br/>그대만 생각합니다 <br/>사랑할 수 없는 거겠죠 <br/>그대는 이미 결혼한 사람 <br/>미친 거겠죠 이러면 안 되죠 <br/>그런데도 자꾸만 생각나 <br/>슬픈 그대가 분다 내 맘속에 퍼진다 <br/>나는 이대로 뒷걸음치며 돌아설게요 <br/>이 마음 접지만 <br/>다른 세상에서 그댈 만난다면 <br/>그땐 절대로 포기 안 해요 <br/>사랑해선 안되는 사람 <br/>내 맘속에 지워야 할 사람 <br/>오늘까지만 사랑할 거예요 <br/>영원토록 기억합니다 <br/>슬픈 그대가 분다 내 맘속에 퍼진다 <br/>나는 이대로 뒷걸음치며 돌아설게요 <br/>이 마음 접지만 <br/>다른 세상에서 그댈 만난다면 <br/>그땐 절대로 포기 안 해요 <br/>그댄 꼭 행복하세요 <br/>절대로 슬프면 안돼요 <br/>슬픈 그대가 분다 내 맘속에 퍼진다<br/>나는 이대로 뒷걸음치며 돌아설게요<br/>이 마음 접지만<br/>다른 세상에서 그댈 만난다면<br/>그땐 절대로 포기 안 해요<br/>
"
4711,너에게 못했던 내 마지막 말은,다비치다비치,너에게 못했던 내 마지막 말은,"123,174",<dd>2019.05.17</dd>,"아직 남았을까<br/>못 잊을 이유가 남아 있을까<br/>나만 왜 이렇게<br/>바보같이 혼자 널 기다릴까 음<br/>애꿎은 바람들은<br/>말도 안 되는 네 말을<br/>또 믿고 싶게 해<br/>달라질 게 없는데 끝인 걸 아는데<br/>생각이 나 그 모든 게<br/>나 어쩌면 너에게 하고 싶은 말은<br/>긴 밤을 지새도<br/>아직 너를 많이 사랑한다고<br/>이 아픈 시간이 어서 지나가기를<br/>조금만 더 버텨볼게<br/>네가 없는 하루가 버겁긴 하지만<br/>보고 싶은 마음 꾹 참고<br/>하루에 하나씩 잊어볼게 그래 볼게<br/>매일 이런 다짐을 해 습관처럼<br/>생각보다 길어진<br/>그리움이 익숙해져 가는 날들에<br/>제법 웃기도 하다 또 괜찮다가도<br/>생각이 나 네 모든 게<br/>나 어쩌면 너에게 하고 싶은 말은<br/>긴 밤을 지새도<br/>아직 너를 많이 사랑한다고<br/>이 아픈 시간이 어서 지나가기를<br/>조금만 더 버텨볼게<br/>네가 없는 하루가 버겁긴 하지만<br/>보고 싶은 마음 꾹 참고<br/>하루에 하나씩 잊어볼게 그래 볼게<br/>매일 이런 다짐을 해 습관처럼<br/>괜찮은 척 비워낸 척해봐도<br/>사실 많이 힘들어서<br/>당장이라도 네게 가고 싶어<br/>지금은 아니어도<br/>끝내 내 손잡아 줘 oh<br/>너에게 못했던 내 마지막 말은<br/>언젠가 한 번쯤 나를<br/>떠올리다 그리워지면<br/>언제든 돌아와 난 여기 있을 거야<br/>아무 일 없던 것처럼<br/>너 없는 하루가 어렵긴 하지만<br/>이 정도쯤은 꾹 참고<br/>하루에 하나씩 기억할게 그래 볼게<br/>사랑을 시작하던 그때처럼<br/>
"
4712,기도 (with Pianist 임주연),호란호란,기도 (with Pianist 임주연) - The Piano Project no.1,249,<dd>2019.05.17</dd>,"산다는 것이 모두 순간인지라<br/>설익은 지혜로 걸어왔네<br/>가벼이 나부끼는 바람<br/>그 무게만큼만 고민하라<br/>아름다워 이 세상 살아가는 이<br/>애처로워 한 평생 피고 지는 꽃<br/>그리워라 지난 날 부르던 노래<br/>또 부르자 다시 또 순간을 살자<br/>어제는 가고 시간은 오늘이다<br/>내일은 누구도 알 수 없다<br/>하루를 열고 닫는 태양<br/>하늘의 약속은 어김없다<br/>아름다워 이 생에 웃음짓는 이<br/>애처로워 한 평생 기도하는 밤<br/>그리워라 지난 날 부르던 노래<br/>또 부르자 다시 또 순간을 살자<br/>알고 있지 첨부터 정해진 길을<br/>마주하네 선택과 선택을 사네<br/>꿈을 꾸고 조금 더 희망을 하고<br/>살아내자 오늘 내 사랑을 위해<br/>영원한 사랑을 위해<br/>오늘 내 사랑을 위해<br/>
"
4713,볼 수 있다면,반광옥반광옥,녹두꽃 OST Part.3,424,<dd>2019.05.17</dd>,"말 없이 그댈 바라보며<br/>밤에 물들어 가죠<br/>가질 수 없는 인연 그댈 지라도<br/>그대 그리워요<br/>흩어진 그대의 향기가<br/>점점 더 가슴 가득 채우죠<br/>그댄 듣고 있나요<br/>아무 말도 전할 수 없어<br/>녹두꽃이 흩날리면<br/>다시 볼 수 있을까<br/>그대여<br/>말 없는 그댈 바라보며<br/>마음 더해만 가죠<br/>세상 아픔을 가진 그댈 지라도<br/>그대 기다려요<br/>그댄 듣고 있나요<br/>아무 말도 전할 수 없어<br/>녹두꽃이 흩날리면<br/>다시 볼 수 있을까<br/>그대여<br/>내 손 잡아 주오<br/>찬란한 햇살이 비출 때까지<br/>그댄 알고 있나요<br/>이젠 내 맘 감출 수 없어<br/>바람결에 전해지면<br/>그댄 알 수 있을까<br/>그대여<br/>그댈 볼 수 있다면<br/>
"
4714,살만하니까,HOON.JHOON.J,살만하니까,304,<dd>2019.05.17</dd>,"좀 살만하니까<br/>처음 먹어본 음식이 늘고<br/>미뤄뒀던 여행<br/>사고싶었던 물건도 사고<br/>끊임없이 보고싶던 영화들<br/>밤을 새며 계속 보곤해<br/>좀 살만하니까<br/>제일 먼저 네 생각이 난다<br/>그리워서 불러보아도<br/>내 곁에 없는 너<br/>지금 어디쯤에 서서<br/>나 아닌 누군가와 행복하게 지내니<br/>떠난 네가 너무 밉고 밉다<br/>비틀거리며 또 술에취해<br/>혼자 걷는 밤<br/>그 드라마처럼 또 흔해빠진<br/>노래들처럼<br/>아주 우연히라도 멀리서도 좋아<br/>못 이긴척 널 만날까봐<br/>좀 살만하니까<br/>제일 먼저 네 생각이 난다<br/>그리워서 불러보아도<br/>내 곁에 없는 너<br/>지금 어디쯤에 서서<br/>나 아닌 누군가와 행복하게 지내니<br/>떠난 네가 너무 밉고 밉다<br/>돌아보면 그랬지<br/>내겐 너 하나만 가득한<br/>가진 것 없던 그때<br/>난 꿈 같은 이 시간들과 <br/>내 모든것보다<br/>네가 있던 그때가 그리워<br/>불어오는게 그저 바람인건지<br/>아님 우리 추억인건지<br/>또 너를 부른다<br/>그래 다시 와줄까봐<br/>오늘도 내 품에서 잊지 못한 사람아<br/>떠난 네가 너무 밉고 밉다<br/>
"
4715,그늘 (Feat. 윤웅대),놀이터의 그네놀이터의 그네,그늘,4,<dd>2019.05.17</dd>,"방황이 길어 헤메던 날<br/>그 길에서 만난 그늘은<br/>드리운 휴식을 줬었어<br/>위로하는 너는 서늘하게 가리고<br/>나만이 쉬어간 그늘 빛 무린<br/>잠시 신비롭게 나를 비쳐 봐주고<br/>언젠간 찾을지 모를 나에게<br/>여기 서서 다시 외로울 나만을<br/>기다려줬으면 있기만 해줬음 해<br/>그늘은 그늘로 남아<br/>방황이 깊어 헤메던 나<br/>그 길에서 만난 그늘은<br/>평온한  휴식을 줬었어<br/>아름다운 너는 서늘하게 가리고<br/>나만이 쉬어간 그늘 빛 무린<br/>잠시 신비롭게 나를 비쳐봐주고<br/>언젠간 찾을지 모를 나에게<br/>여기 서서 다시 외로울 나만을<br/>기다려줬으면 있기만 해줬음 해<br/>그늘은 그늘로 남아<br/>나만이 쉬어간 그늘 빛 무린<br/>잠시 신비롭게 나를 비춰봐주고<br/>어느날 찾을지 모를 나지만<br/>여기 서서<br/>다시 외로울 나지만<br/>기다려줬으면 있기만 해줬음 해<br/>그늘은 그늘로 남아<br/>
"
4716,바다가 돼줄게 (Vocal by 소문자 b형),홍기훈홍기훈,바다가 돼줄게,27,<dd>2019.05.17</dd>,"지친 하루에 다친<br/>여린 그대의 떨림<br/>다가가 말을 걸까 아니 뭐라 할까<br/>그냥 제자리에<br/>애써 웃는 얼굴이<br/>조용한 슬픔에 무거운<br/>마음의 상처를 난 알아<br/>다 괜찮아<br/>내가 너의 등대가 될게<br/>바다가 돼줄게<br/>잠시라도 숨 쉴 수 있게<br/>오오 나 그대 마음 품을 수 있게<br/>있어줄게<br/>늘 그곳에 있던 것처럼<br/>그대만의 바다로<br/>있어줄게<br/>찬 비바람이 불어와도<br/>거친 파도처럼 밀려와도<br/>내가 있잖아 여기<br/>뒤를 돌아봐<br/>묵묵히 그대 곁을 지킬 테니 <br/>바다가 돼줄게<br/>잠시라도 숨 쉴 수 있게<br/>오오 나 그대 마음 품을 수 있게<br/>있어줄게<br/>늘 그곳에 있던 것처럼<br/>그대만의 바다로<br/>바다가 돼줄게<br/>잠시라도 숨 쉴 수 있게<br/>오오 나 그대 마음 품을 수 있게<br/>있어줄게<br/>늘 그곳에 있던 것처럼<br/>그대만의 바다로<br/>있어줄게<br/>
"
4717,Moonlight,장희선장희선,"MOON, LIGHT",43,<dd>2019.05.17</dd>,"반복되는 밤<br/>바라보기만 하는 널 알고도<br/>나는 또 같은 말을 건네<br/>in the moonlight<br/>궁금해 네 빛이 닿는 곳에<br/>in the moonlight<br/>나와 같은 사람이 또 있는지<br/>Please say something good<br/>in the moonlight<br/>넌 나를 비추며<br/>어떤 생각을 하는지<br/>내가 던졌던 질문들을<br/>넌 기억할까<br/>in the moonlight<br/>궁금해 네 빛이 닿는 곳에<br/>in the moonlight<br/>나와 같은 사람이 또 있는지<br/>Please say something good<br/>in the moonlight<br/>
"
4718,봄봄봄,발라드 녀석들발라드 녀석들,최강 발라드 미식회 14집,1,<dd>2019.05.17</dd>,"봄봄봄 봄이 왔네요 우리가 처음 만났던 그때의 향기 그대로<br/>그대가 앉아 있었던 그 벤치 옆에 나무도 아직도 남아있네요<br/><br/>살아가다 보면 잊혀질 거라 했지만<br/>그 말을 하면 안될 거란걸 알고 있었소<br/><br/>그대여 너를 처음 본 순간 나는 바로 알았지<br/>그대여 나와 함께 해주오 이 봄이 가기 전에 (휘파람)<br/><br/>다시 봄봄봄 봄이 왔네요 그대 없었던 내 가슴 시렸던 겨울을 지나<br/>또 벚꽃 잎이 피어나듯이 다시 이 벤치에 앉아 추억을 그려 보네요<br/><br/>사랑하다 보면 무뎌질 때도 있지만 흠~<br/>그 시간 마저 사랑이란 걸 이제 알았소<br/><br/>그대여 너를 처음 본 순간 나는 바로 알았지<br/>그대여 나와 함께 해주오 이 봄이 가기 전에<br/><br/>우리 그만 참아요 이제 더 이상은 망설이지 마요<br/>아팠던 날들은 이제 뒤로 하고 말할 거예요<br/><br/>그대여 너를 처음 본 순간 나는 바로 알았지<br/>그대여 나와 함께 해 주오 이 봄이 가기 전에<br/><br/>봄봄봄보보봄보보봄보보보봅모모모~~~~~
					"
4719,사랑했지만,"												
												
												Various ArtistsVarious Artists",발라드 1990년대 기억으로 4집,1,<dd>2019.05.17</dd>,가사가 없습니다
4720,Moon & Back,젠 (ZEN)젠 (ZEN),Moon & Back – WITH PIANO,119,<dd>2019.05.17</dd>,"달그림자 따라 걷는 밤<br/>별 하나 이끄는 대로<br/>날이 좋아서 쏟아지는 마음<br/>널 향하는 시간<br/>좀 더 가까이 내가 더 다가갈게<br/>내 모든 건 다 all about you<br/>온 세상이 다 달라진 것 같아<br/>너로 I'm so into you<br/>Oh 이젠 날 보여줄게<br/>Love you to the moon & back<br/>널 부르고 부르는 이유는 다<br/>첨부터 너였어 난 너였어<br/>널 찾는 하루<br/>Till the moon turns blue<br/>널 데리러 갈 테니까 my everything<br/>기다려줘 영원까지 닿을 수 있게<br/>너의 모든 순간 속에<br/>Just me & you<br/>To the moon & back<br/>어둠에 갇힌 생각이 막아서도<br/>눈부신 네가 빛나는 곳<br/>하루하루가 따뜻해진 건<br/>It's you I'm so into you<br/>Oh 이젠 다 말해줄게<br/>내 전부는 너야<br/>Love you to the moon & back<br/>널 부르고 부르는 이유는 다<br/>첨부터 너였어 난 너였어<br/>널 찾는 하루<br/>Till the moon turns blue<br/>널 데리러 갈 테니까 my everything<br/>기다려줘 영원까지 닿을 수 있게<br/>Pray I pray<br/>꿈꾸던 그날 만날 수 있게<br/>널 알아볼게<br/>Love you to the moon & back<br/>널 부르고 부르는 이유는 다<br/>첨부터 너였어 난 너였어<br/>널 찾는 하루<br/>Till the moon turns blue<br/>널 데리러 갈 테니까 my everything<br/>기다려줘 영원까지 닿을 수 있게<br/>너의 모든 순간 속에<br/>Just me & you<br/>To the moon & back<br/>
"
4721,고백,윤재인윤재인,고백,33,<dd>2019.05.17</dd>,"가끔은 널 보며<br/>정말 이상할 만큼<br/>떨리는 내 맘을<br/>어떻게 해야 할지 모르겠어<br/>괜히 수줍어<br/>자꾸 어색해하는 내 모습<br/>왜 이렇게도 바보 같은 지<br/>늦은 밤 걸려온<br/>너의 전화 한 통에<br/>두근거리는 내 맘<br/>멋대로 설레어 잠도 못 자는<br/>날 보면 아마<br/>너를 사랑하게 된 건가 봐<br/>이젠 내 맘 다 말할래<br/>나 너에게 달려가<br/>떨리는 내 맘 안고서<br/>너에게 말할래<br/>갑작스런 내 고백에<br/>네가 당황해하진 않을까<br/>불안한 마음을 감추며<br/>나 네게 가고 있어<br/>벅찬 가슴 꼭 안고서<br/>널 사랑한다고<br/>어떻게 말하면 네가<br/>이런 내 고백을 받아줄까<br/>머릿속엔 널 그리며<br/>며칠 전부터 나<br/>두근거리는 이 맘<br/>뭐라 하며 전할까<br/>하루 종일 밤새며 고민했어<br/>이젠 너에게<br/>솔직히 내 맘을 털어놓을래<br/>이젠 내 맘 다 말할래<br/>나 너에게 달려가<br/>떨리는 내 맘 안고서<br/>너에게 말할래<br/>갑작스런 내 고백에<br/>네가 당황해하진 않을까<br/>불안한 마음을 감추며<br/>나 네게 가고 있어<br/>벅찬 가슴 꼭 안고서<br/>널 사랑한다고<br/>어떻게 말하면 네가<br/>이런 내 고백을 받아줄까<br/>머릿속엔 널 그리며<br/>나 너에게 달려가<br/>떨리는 내 맘 안고서<br/>너에게 말할래<br/>매일 밤 너의 생각에<br/>설레어 한숨도 못 잔다고<br/>널 사랑한다고<br/>
"
4722,그렇게 어른이 된다,전기영전기영,그렇게 어른이 된다,3,<dd>2019.05.17</dd>,"기억나니<br/>어린 시절 우리 모습들<br/>많이 부족했지만<br/>순수하고 아름답기만 하던<br/>그때<br/>어느덧 시간은 지나서<br/>우린 한 여자의 남자가 되고<br/>기억조차 희미해진<br/>졸업과 제대<br/>어색한 정장의 모습들<br/>늘어버린 걱정과 한숨 속에<br/>밤하늘의 별들을<br/>쳐다보는 것조차 잊은 채<br/>익숙해진 아저씨란 이름의<br/>우리들<br/>돌아가고 싶은 건<br/>후회와 아쉬움 때문이겠지만<br/>부족했던 우리의<br/>지난날을 사랑하며<br/>소중히 간직 하리<br/>어른이 된다는 건<br/>어릴 적 꿈꾸던 세상과는<br/>다르겠지만<br/>외롭고 힘들어도<br/>함께할 우리기에<br/>당당히 걸어가리<br/>늘어버린 걱정과 한숨 속에<br/>밤하늘의 별들을 <br/>쳐다보는 것조차 잊은 채<br/>익숙해진 아저씨란 이름의<br/>우리들<br/>돌아가고 싶은 건<br/>후회와 아쉬움 때문이겠지만<br/>부족했던 우리의<br/>지난날을 사랑하며<br/>소중히 간직 하리<br/>어른이 된다는 건<br/>어릴 적 꿈꾸던 세상과는<br/>다르겠지만<br/>외롭고 힘들어도<br/>함께할 우리기에<br/>당당히 걸어가리<br/>
"
4723,시간아 멈춰라,태민태민,시간아 멈춰라,5,<dd>2019.05.17</dd>,"사랑합니다 사랑합니다<br/>내 마음 다 바쳐서 사랑합니다<br/>처음 그대를 본 순간부터<br/>내 인생 달라졌죠 행복해졌죠<br/>사랑한다는 말을 천 번을 해도<br/>모자란 그대를 사랑해<br/>믿을 수가 없어요<br/>다른 별에서 온 듯한<br/>눈부시게 빛나는<br/>그대 모습이 좋아서<br/>이렇게 난 오늘도 그대만 봅니다<br/>영원히 시간이 멈추기를 바래요<br/>사랑할게요 사랑할게요<br/>영원히 그대만을 사랑할게요<br/>믿어도 돼요 그댈 슬프게<br/>절대 안 할 겁니다<br/>약속할게요<br/>그저 곁에 있는 것만으로도<br/>난 행복해요<br/>바랄게 없죠<br/>믿을 수가 없어요<br/>다른 별에서 온 듯한<br/>눈부시게 빛나는<br/>그대 모습이 좋아서<br/>이렇게 난 오늘도 그대만 봅니다<br/>영원히 시간이 멈추기를 바래요<br/>고마워요 그대가<br/>날 사랑해서 고마워<br/>꿈이 아니길 바래<br/>나 매일 밤 기도하죠<br/>사랑해요 그대만 사랑할 거예요<br/>진실한 내 마음 그대 알아주세요<br/>내가 약속합니다 당신은 나의 운명<br/>
"
4724,미세먼지,정상헌정상헌,미세먼지,8,<dd>2019.05.17</dd>,"미세먼지도 아니면서<br/>넌 멋대로 내 안에 들어와<br/>숨쉬기가 곤란 할 정도로<br/>예쁘거나 멋있거나 귀엽거나<br/>제발 하나만 해<br/>부탁이야<br/>나를 둘러싼 온 세상이<br/>보이지 않게 아무도 모르게<br/>너로 가득해 벗어날수도 없어<br/>굳이 그러고 싶지도 않아<br/>제발 이대로 해<br/>부탁이야<br/>뿌연 창밖처럼 머리는 멍해<br/>니 생각에 하루종일 붕 뜬 기분<br/>너의 전화에 또 잠 못드네<br/>목소리에 꿀을 발라 놓은건지<br/>미세먼지도 아니면서<br/>넌 멋대로 내 안에 들어와<br/>숨쉬기가 곤란 할 정도로<br/>예쁘거나 멋있거나 귀엽거나<br/>제발 하나만 해<br/>부탁이야<br/>가슴 속이 간지럽네 자꾸<br/>미세먼지 마신것 보다도<br/>치명적인 걸 알아도<br/>숨을 참을 수 없는 것 처럼<br/>너를 참을 수가 없어서<br/>미세먼지도 아니지만<br/>넌 멋대로 내 안에 들어와<br/>나를 둘러싼 모든세상이<br/>온통 너 뿐이야<br/>이대로 영원히 함께해줘<br/>부탁이야<br/>
"
4725,내안의 왈츠(Eternal Waltz),정마루정마루,내안의 왈츠(Eternal Waltz),6,<dd>2019.05.17</dd>,"나는 너를 사랑한다<br/>따듯한 빛을 가진 너를<br/>너의 품에 안겨있으면<br/>나의 세상은 모두 너야<br/>기다려 난 우리만의 이곳에서<br/>포근한 너와 함께 그려갈 순간들<br/>서로 닮아갈 우리<br/>마주 앉아 숨을 나누며 보낼 날들<br/>Oh my love<br/>You are my today<br/>and all of my tomorrows<br/>나에게 와서 너를 밝혀줘<br/>내 안에서 너를 들려줘<br/>난 끝도 없이 너를 원해<br/>온전한 나의 꿈이 돼주겠니<br/>나에게로 와요<br/>Oh my love<br/>You are my today<br/>and all of my tomorrows<br/>내가 가진 욕심이 어쩜 널<br/>가둬버릴까 겁이 나지만<br/>난 끝도 없이 너를 원해<br/>나를 봐 너의 꿈이 되어줄게<br/>나에게로 와요<br/>
"
4726,마지막 인사 (Last Goodbye),홍영구홍영구,나의 뮤즈에게 (Dear My Muse),13,<dd>2019.05.17</dd>,"알아 난 말이 많아<br/>알아 난 답도 없지<br/>다 알아 우리 다시<br/>사랑을 하기엔 이미 멀어진 걸<br/>난 네게 받았던 사랑만큼<br/>또 누굴 갈 위해서 나눠줄 거야<br/>그 말이 맞아 난 바보 같고<br/>세월이 흐르면 나아질 거야<br/>잘 가 고마운 사람<br/>정말 너무 좋았지<br/>오 아냐 울진 않을 거야<br/>너 가는데 짐이 될 테니까<br/>난 네게 받았던 사랑만큼<br/>또 누굴 갈 위해서 나눠줄 거야<br/>그 말이 맞아 난 바보 같고<br/>세월이 흐르면 나아질 거야<br/>믿을 수 없지만<br/>함께 한 시간들로<br/>어쩔 수 없나 봐<br/>너의 약속과 너의 고운 눈 속에서<br/>영원한 사랑을 보았는데<br/>난 네게 받았던 사랑 모두<br/>내 가슴 안 가득히 남겨 둘 거야<br/>그 말이 맞아 난 바보 같고<br/>세월이 흐르면 나아질 거야<br/>난 네게 받았던 사랑만큼<br/>또 누굴 갈 위해서 나눠줄 거야<br/>그 말이 맞아 난 바보 같고<br/>세월이 흐르면 나아질 거야<br/>아프지 말고 행복하길 바라<br/>
"
4727,Not U.,SUNSUN,Not U.,7,<dd>2019.05.17</dd>,"내가 초라했을 때<br/>아무 희망 없을 때<br/>항상 뛰어넘으라 날 다그치며<br/>애써 손 내민 사람<br/>우린 일년을 함께<br/>음악을 하며 보냈고<br/>어느 겨울날 잡았던 그 손을<br/>차갑게 놓았던 기억<br/>이 삶이 가기 전에<br/>끝나는 그 순간에<br/>꼭 만나고 싶은 한사람 있다면<br/>그건 바로 그 사람이야<br/>이 노랠 듣는다면<br/>당신이란 착각은 마<br/>오 지금 말하는 그사람이<br/>바로 내 마음속 깊은 사랑이야<br/>각자 생각하겠지<br/>날 스쳐간 많은 남자들이<br/>내 사랑이라 자부하겠지만<br/>결코 당신은 아니란걸<br/>알게될거야<br/>그러니 기억속에서<br/>영원히 날 지워주길 바랄게<br/>
"
4728,보고싶다 그리워,DNDN,보고싶다 그리워,6,<dd>2019.05.17</dd>,"너의 얘길 들었어<br/>새로운 사람이 생겼다고<br/>너도 내 얘기를 들을까<br/>내가 무너지고 있다는걸<br/>그리워 보고싶어<br/>널 안고 싶어<br/>사랑한다 말하고<br/>또 듣고 싶어<br/>우리 예전 그 때로<br/>다시 돌아갈수 없는걸까<br/>지난 우리 추억 그 때로<br/>다시 사랑했던 그 때로<br/>그리워 보고싶어<br/>널 안고 싶어<br/>사랑한다 말하고<br/>또 듣고 싶어<br/>사랑해 널 사랑해<br/>수백번 불러도<br/>미친듯이 외쳐도<br/>이젠 볼 수 없는 너<br/>사랑해 널 사랑해<br/>수백번 불러도<br/>미친듯이 외쳐도<br/>이젠 볼 수 없는 너<br/>사랑해 널 사랑해<br/>수백번 불러도<br/>미친듯이 외쳐도<br/>이젠 볼 수 없는 너<br/>
"
4729,눈내린 마을에 다녀간 당신에게,반내림반내림,눈내린 마을에 다녀간 당신에게,39,<dd>2019.05.17</dd>,"하얗게 쌓인 눈밭에<br/>조그만 발자국을 남겨주세요<br/>혹시 발이 시려우면<br/>포근한 푸른달을 건내드릴게요<br/>그날의 당신은 별똥별처럼<br/>내앞에 떨어져 부서져 내렸고<br/>여전히 당신이 남긴 발자국은<br/>하얗게 그을려 갑니다<br/>영원히 녹지 않았으면<br/>영원히 녹아 들었으면<br/>나의 시간이 당신의 시간속에<br/>영원히 스며 들었으면<br/>난 조심스레<br/>당신의 발자국위를<br/>따라걸어요<br/>언제든 또 놀러오세요<br/>눈내린 마을에 다녀간 당신에게<br/>
"
4730,서툰 작별(Clumsy Farewell),"트루베르, 마리트루베르, 마리",트루베르 프로젝트 2 : 서툰 작별(Clumsy Farewell),18,<dd>2019.05.17</dd>,"이제 그만 너를 보내려 해<br/>멀리 놓아주고 찾을 수 없게<br/>미련한 미련은 아무 힘도 없어<br/>비련의 주인공도 사양할게<br/>이제 가 멀리 최대한 빨리<br/>내 기억은 걸음이 느리니까<br/>니가 먼저 달려가 도망치는 거야<br/>멈추거나 돌아보지 말고<br/>머리를 흔들어도 털어지지 않는<br/>질긴 추억이 괴로워<br/>가슴을 두드려도 개운하지 않은<br/>이런 매일매일이 지겨워<br/>이제 그만 너를 보내려 해<br/>잠깐만<br/>아니 난 못 보내<br/>갑자기 왜 그러는 건데<br/>밑도 끝도 없이 어쩌라는 건데<br/>어떤 말 한마디 어떤 행동 때문에<br/>헤어질 거면 미리 말을 하지 왜<br/>니 잘못이 아냐<br/>니 생각 몰랐던 내가 억울하지만<br/>그래도 미안<br/>미안해<br/>내 표정 외면하는 널 알 것 같지만<br/>저만치 앞서가 서운함<br/>밤새 고민해봤자 고작 니 생각만<br/>내 걱정만 해도 답답<br/>해진다 하루가 모자라<br/>사소한 거 전부다<br/>내 잘못 같아 한번 사과도 없었어<br/>후회만 혼자<br/>그만해<br/>보낸 시간 네 목소리 점점 흐려져<br/>둘에서 하나 뺄 수 없을 거라 믿었어<br/>쉽진 않겠지 날 지워버린 너<br/>아팠던 말 헤아려볼게<br/>너만 기다리면서<br/>기다릴게<br/>머리를 흔들어도 털어지지 않는<br/>질긴 추억이 괴로워<br/>너를 보고 싶어<br/>가슴을 두드려도 개운하지 않은<br/>이런 매일매일이 지겨워<br/>둘에서 하날 빼면 답은 간단한데<br/>하나인데<br/>왜 나는 답이 없을까<br/>정답이 있기는 할까<br/>어제는 지났고 오늘이 됐는데<br/>난 왜 계속 어제일까<br/>언제쯤이면 될까<br/>아마 안될 거야<br/>얼만큼이면 될까<br/>
"
4731,늦마,파란파란,"소품곡, 하나",17,<dd>2019.05.17</dd>,"정신없이 달려온 뒤에<br/>돌아본 나의 지난 길엔<br/>무수히 많은 발자국<br/>나는 길을 잃었구나<br/>돌아갈 곳을 잃은 걸음<br/>난 더 앞으로 가야 할까<br/>망설이던 길 끝에<br/>결국 멈춰 섰어<br/>오래가면 분명히 맞을 거야<br/>믿고 있었는데<br/>숨 하나 쉬어갈 곳 없이<br/>가파른 곳에<br/>조금 더 서둘러야 닿을 거야<br/>믿었었는데<br/>난 길을 잃은 것 같아<br/>
"
4732,사랑을 가르쳐 줄 학원이 필요해,바코드바코드,그사이,8,<dd>2019.05.17</dd>,"아침 7시반 항상 마주치는 너야<br/>매일 똑같은데<br/>항상 너는 매번 달라져<br/>오늘만큼 너와 같이 걷고 싶은데<br/>너는 무슨 생각하는지 몰라<br/>너만 보면 자꾸 자꾸만 웃음이 나와<br/>하루하루 지나갈 때<br/>항상 마지막엔 네 생각뿐<br/>오늘만큼 너와 같이 웃고 싶은데<br/>내겐 너무 어렵잖아 oh oh<br/>I love you I need you<br/>너의 뒤에서 있어줄게<br/>너무 서툴러서<br/>바라보기만 하게 되는 걸<br/>I need you oh baby<br/>너를 이렇게 기다리는데<br/>지금 나에게<br/>사랑을 가르쳐 줄 학원이 필요해<br/>저녁 8시 반 네가 보고 싶은 나야<br/>하루종일 너 때문에<br/>다른 일을 할 수가 없잖아<br/>매일 아침 너와<br/>마주보며 웃고 싶은데<br/>이런 내 마음을 전해 볼까<br/>I love you I need you<br/>나의 옆에서 있어줄래<br/>너무 서툴러서<br/>바라보기만 해도 좋은 걸<br/>I need you oh baby<br/>너를 이렇게 기다리는데<br/>지금 나에게<br/>사랑을 가르쳐 줄 학원이 필요해<br/>똑같은 일상 속에 지루할때도<br/>매일 너만 생각하는 나야<br/>이런 바보 같은 나에게 다가와<br/>주겠니<br/>지금 내겐 네가 필요해<br/>I love you I need you<br/>항상 옆에서 웃어줄래<br/>내가 서툴러도<br/>바라봐주는 네가 좋은걸<br/>I love you I need you<br/>너의 옆에서 있어줄게<br/>너무 서툴러서<br/>바라보기만 하게 되는 걸<br/>I need you oh baby<br/>너를 이렇게 기다리는데<br/>지금 나에게<br/>사랑을 가르쳐 줄 학원이 필요해<br/>사랑을 가르쳐 줄 학원이 필요해<br/>
"
4733,별빛처럼,박정현박정현,절대그이 OST Part.1,"2,455",<dd>2019.05.16</dd>,"그대 나를 보고 있네요<br/>멀리 돌고 돌아 내게 왔네요<br/>한참을 꿈이라면 깨고 싶은 날들<br/>우리 다신 헤어지지 말아요<br/>운명처럼 나를<br/>그대가 있는곳으로 끌어 줘요<br/>you are my destiny<br/>이제 잡은 두 손 놓지 말아요<br/>바람처럼 스쳐 지나는<br/>그런 인연이 아니길 바래요<br/>끝까지 곁에 두고 싶은 단 한사람<br/>나에게만 허락된 끝사랑 인거죠<br/>내 가슴이 그대이길 원하는걸요<br/>운명처럼 나를<br/>그대가 있는곳으로 끌어 줘요<br/>you are my destiny<br/>지금 이 순간이 멈춰도<br/>내 마음을 멈출순 없죠<br/>오늘 처럼만 날 안아주길<br/>참아왔던 나의 그리움이<br/>영원한 꿈일까 아련한 시간속에<br/>흩어져간 내 기억을<br/>붙잡고 불러보죠<br/>별빛처럼 나를 <br/>그대가 있는곳으로 끌어 줘요<br/>you are my destiny<br/>우리 잡은 두 손 놓지 말아요<br/>
"
4734,Think of You,하성운하성운,그녀의 사생활 OST Part 6,"21,984",<dd>2019.05.16</dd>,"나를 비추는<br/>빛나는 너의 눈에<br/>다른 누군가<br/>들어올까봐<br/>괜한 걱정만<br/>또 바보 같은 난<br/>너를 향해 여기 활짝 핀 맘<br/>감춰 보네<br/>Think of you<br/>길어진 하루해만큼<br/>짙게 내린 어둔 달빛 틈에도<br/>이대로 천천히 나<br/>다가가고 싶어<br/>If you think about me<br/>살짝 스치듯이<br/>마주친 눈빛<br/>닿지 못한 맘이<br/>너를 기다려<br/>말해줄래<br/>꼭 숨겨둔 그 말 이제<br/>I'll be there for you<br/>나도 모르게<br/>네 눈이 닿는 곳에<br/>자꾸 내 마음<br/>두고 싶어져<br/>깊어질수록<br/>왠지 불안한 난<br/>너를 향해 온통 흩어진 맘<br/>챙겨 보네<br/>Think of you<br/>길어진 하루해만큼<br/>짙게 내린 어둔 달빛 틈에도<br/>이대로 천천히 나<br/>다가가고 싶어<br/>If you think about me<br/>살짝 스치듯이<br/>마주친 눈빛<br/>닿지 못한 맘이 너를 기다려<br/>말해줄래<br/>꼭 숨겨둔 그 말 이제<br/>I'll be there for you<br/>서투르게<br/>조금은 어색해도<br/>진심을 가득 여기 담아<br/>My heart belongs to you<br/>Love of you<br/>짙어진 밤하늘만큼<br/>깊게 베인 봄의 설렘까지도<br/>이대로 천천히 나<br/>전해주고 싶어<br/>If you feel oh my mind<br/>점점 포개지는<br/>작은 이 마음<br/>눈을 감아도 난 너를 그려<br/>말해줄래<br/>꼭 숨겨둔 그 말 이제<br/>I'll be there for you<br/>
"
4735,내성,더 브라더스 (The Brothers)더 브라더스 (The Brothers),내성,385,<dd>2019.05.16</dd>,"하루가 또 끝나가면 시작돼<br/>끝나지 않아 내 통증은<br/>니 향기 니 기억 모두 잊은거라고<br/>거짓말로 날 달래도 소용 없는걸<br/>모든 것을 다 잊은 것만 같은데<br/>다시 생각 날 이유도 없는데<br/>어느 누굴 만나도<br/>난 깨어나 너란 사람<br/>막으려 막으려 해도<br/>내 맘에 있는 너를 불러<br/>아물지가 않아 그저 어떻게든 살아<br/>더이상 시간이란 약도<br/>이제 소용 없잖아<br/>너를 못잊은 채 살아<br/>내게 사라지지 않아<br/>내일 더 아플 하루야<br/>너를 만나며 난 해 준 것보다<br/>주지 못한 것이 더 많다 했잖아<br/>너 때문에 생겨난 병<br/>그래서 아픈가봐<br/>또 기다리고 기다려<br/>난 아직 이별이 아니야<br/>아물지가 않아 그저 어떻게든 살아<br/>더이상 시간이란 약도<br/>이제 소용 없잖아<br/>너를 못잊은 채 살아<br/>내게 사라지지 않아<br/>내일 또 아플 하루야<br/>나 모르게 또 알지 못하게<br/>지나간 너의 사랑이<br/>괴롭혀 다시 아픈 나를 찾아와<br/>또 붙잡아<br/>이별 후 난 계속 아파<br/>어떤 약도 듣지않아<br/>다시 돌아온다 말해<br/>이별이 아니라 말해<br/>너는 나에게 어떤 말도<br/>하지 않았으니까<br/>너와의 아픔은 이제<br/>절대 사라지지 않아<br/>오늘 또 아픈  아니 내일 더 아픈<br/>니가 올 때까지 난<br/>
"
4736,엄마의 프로필 사진은 왜 꽃밭일까,김진호 (SG워너비)김진호 (SG워너비),엄마의 프로필 사진은 왜 꽃밭일까,"7,436",<dd>2019.05.16</dd>,"여행을 가는 게 옷 한 벌 사는 게<br/>어색해진 사람<br/>바삐 지내는 게 걱정을 하는 게<br/>당연해진 사람<br/>한 번이라도 마음 편히 떠나보는 게<br/>어려운 일이 돼버린 사람<br/>동네 담벼락 피어있는 꽃들을 보면<br/>아직도 걸음 멈추는 사람<br/>엄마의 사진엔 꽃밭이 있어<br/>꽃밭 한가운데 엄마가 있어<br/>그녀의 주변엔 꽃밭이 있어<br/>아름답게 자란 꽃밭이 있어<br/>티브이를 켜고<br/>잠이 들어버리는 일이<br/>어느새 익숙해진 한 사람<br/>티브이 속에서<br/>나오는 수많은 얘기에<br/>혼자서 울고 웃는 한 사람<br/>엄마의 사진엔 꽃밭이 있어<br/>꽃밭 한가운데 엄마가 있어<br/>그녀의 주변엔 꽃밭이 있어<br/>아름답게 자란 꽃밭이 있어<br/>초록빛 머금은 새싹이었지<br/>붉은빛 머금은 꽃송이였지<br/>나를 찾던 벌과 사랑을 했지<br/>그 추억 그리워 꽃밭에 있지<br/>나는 다시 피어날 수 없지만<br/>나를 찾던 벌도 사라졌지만<br/>나의 사랑 너의 얼굴에 남아<br/>너를 안을 때 난 꽃밭에 있어<br/>
"
4737,어느샌가 찾아온 예쁜 너,플랏나인플랏나인,어느샌가 찾아온 예쁜 너,554,<dd>2019.05.16</dd>,"널 처음 봤던 그날 카페에서<br/>목 늘어난 그 티셔츠도<br/>내게는 예뻐서<br/>덤벙거리며 커피를 쏟던<br/>그 모습마저<br/>어느샌가 찾아온 예쁜 너<br/>그렇게 웃으며<br/>내 맘을 설레게 흔들어 놓고<br/>나에겐 아무 관심 없는 너<br/>난 그게 싫어서<br/>예쁜 네 두 눈이 너무 아름다워<br/>입술 위 그 점 하나까지<br/>시간이 지날수록<br/>내 머릿속엔 네가<br/>떠나질 않는데<br/>어느샌가 찾아온 예쁜 너<br/>그렇게 웃으며<br/>내 맘을 설레게 흔들어 놓고<br/>나에겐 아무 관심 없는 너<br/>난 그게 싫어서<br/>그날 밤이었지 우리<br/>밤 하늘 바라보며<br/>많이 떨던 네 모습이<br/>얼마나 귀엽던지<br/>네 손을 잡고<br/>널 안아 주고<br/>이젠 고백할 거야<br/>나의 맘을 전했던 그날 밤<br/>밝은 별 아래<br/>넌 웃으며 말했지<br/>기다렸다고<br/>티도 냈는데<br/>왜 몰랐냐고<br/>예쁜 두 눈으로 쳐다보며<br/>내 손을 잡던<br/>너에게 다가가<br/>입을 맞추며<br/>그렇게 우린 마주 보면서<br/>미소 지었던<br/>그날에 우리<br/>
"
4738,발걸음 (Vocal by Henzie),프리즘 톤 (Prism Tone)프리즘 톤 (Prism Tone),발걸음 (Vocal by Henzie),232,<dd>2019.05.16</dd>,"또 여기까지 왔어<br/>익숙하게 걷던 길을<br/>또 다른 사람과 모른 척 걸었어<br/>다시 오지 않을 거라<br/>얼마나 더 내게 다짐해야<br/>네가 잊혀질까<br/>오늘따라 이 길을 걷는<br/>내 발걸음이 자꾸만 느려져<br/>어디로 가야 할지 몰라서<br/>함께 걷는 일이<br/>서툴기만 해서 나는<br/>네가 얼마나 날 위해 그토록<br/>발걸음을 맞췄는지<br/>잘 몰랐어 이제야 알아서<br/>난 아직도 이렇게<br/>느린 걸음을 걷고 있어<br/>넌 작은 습관처럼<br/>처음엔 알지 못해도<br/>결국엔 이렇게 고치기 힘들어<br/>애써 나를 바꿔봐도<br/>낯설어진 모습조차<br/>난 너를 닮아있어<br/>헤어지자는 그 한마디가<br/>정말 우리의 끝인 줄 몰라서<br/>아무런 말도 하지 못했어<br/>함께 걷는 일이<br/>서툴기만 해서 나는<br/>네가 얼마나 날 위해 그토록<br/>발걸음을 맞췄는지<br/>잘 몰랐어 이제야 알아서<br/>매일 네 품에 안겨 숨 쉬고<br/>잠든 네 얼굴 어루만지던<br/>그때 그날에 나는 여전히 남아<br/>너는 나의 전부라는 걸<br/>난 몰랐어 이제야 알았어<br/>난 아직도 이렇게<br/>느린 걸음을 걷고 있어<br/>
"
4739,무게,라데라데,숨 & 놓아주다,73,<dd>2019.05.16</dd>,"한숨만 깊어져 갈 때<br/>널 지워보려<br/>바쁜 듯 흘러만 갈 때<br/>난 아직도<br/>그땐 왜 서로의 무겔<br/>참을 수 없었을까<br/>그땐 왜 서로의 무겔<br/>안을 수 없었을까<br/>my love is sinking heavily<br/>끝없이 떨어져<br/>차갑게 커진 시간에 머물러줘<br/>my love is getting empty<br/>반복될 기억은<br/>한없이 번진 추억의 그리움만<br/>더 가슴에 남는걸<br/>생각은 커져만 갈때<br/>다 잊었다고<br/>걱정은 우습기 만해<br/>난 지금도<br/>그땐 왜 서로의 무겔<br/>참을 수 없었을까<br/>그땐 왜 서로의 무겔<br/>안을 수 없었을까<br/>my love is sinking heavily<br/>끝없이 떨어져<br/>차갑게 커진 시간에 머물러줘<br/>my love is getting empty<br/>반복될 기억은<br/>한없이 번진 추억의 그리움만<br/>더 가슴에 남는걸<br/>기억의 소음들 떠나질 않고<br/>조금씩 스며 날 붙잡고<br/>익숙한 거리 흔적의 무겐<br/>뒤엉켜 커져만 가<br/>my love is sinking heavily<br/>끝없이 떨어져<br/>차갑게 커진 시간에 머물러줘<br/>my love is getting empty<br/>반복될 기억은<br/>한없이 번진 추억의 그리움만<br/>더 가슴에 남는걸<br/>my love is sinking heavily<br/>끝없이 떨어져<br/>차갑게 커진 시간에 머물러줘<br/>my love is getting empty<br/>반복될 기억은<br/>한없이 번진 추억의 그리움만<br/>더 가슴에 남는걸<br/>
"
4740,"봄, 그리고 그대",테스 (Tess)테스 (Tess),"봄, 그리고 그대",84,<dd>2019.05.16</dd>,"향기로운 바람에<br/>내 기분도 꽃이 피듯<br/>설렘이 가득해요<br/>햇살 가득 담은 미소가 생각나<br/>또 웃고 있네요<br/>손끝에 느껴지는 따뜻한 온기<br/>기다리던 그대인가요<br/>오늘도 같이 하고 싶은 게<br/>쌓여 있어요<br/>핑크빛 목소리가 달콤해<br/>내 귓가에 봄이<br/>피었나 봐요 눈부신 하늘과<br/>핑크빛 꽃들과 봄 그리고 그대가<br/>파란 하늘같이 시원한<br/>그대의 꽃을 닮은 눈에<br/>빠질 듯 어지러운 나의 맘<br/>나의 사랑스런 그대인가요<br/>오늘도 같이 가고 싶은 곳<br/>많이 있어요<br/>핑크빛 목소리가 달콤해<br/>내 귓가에 봄이<br/>피었나 봐요 눈부신 하늘과<br/>핑크빛 꽃들과 봄 그리고 그대가<br/>하루 종일 그대 생각에 나 웃죠<br/>날 웃게 해준 만큼<br/>예쁜 눈에 눈물 흘리지 않게<br/>평생 행복하게 해줄게요<br/>늘 봄처럼 곁에 있을게 봄마다<br/>피는 꽃이 되어 항상 웃어주기를<br/>
"
4741,아무도 나만큼 당신을 사랑하지 못해요,호소호소,아무도 나만큼 당신을 사랑하지 못해요,273,<dd>2019.05.16</dd>,"평생토록 한 사람만을<br/>사랑한다고 생각해봐요<br/>그건 말처럼 쉽지만은 않을지 몰라요<br/>누구나 할 수 있는<br/>달콤한 말들 너무나 쉽지만<br/>누구도 이런 솔직한 말을<br/>할 수 없겠죠<br/>Oh 내 눈에 담긴<br/>Oh 진심을 봐요 그대<br/>느껴지나요 망설이네요 알고있죠<br/>Oh 듣고 싶나요<br/>Oh 당신이 나여야만 하는 이유는<br/>너무 간단해요<br/>아무도 나만큼 당신을<br/>사랑하지 못해요<br/>아무도 나만큼 당신을<br/>사랑하지 못해요<br/>반짝이는 모든 건 시간 속에<br/>언젠가 빛을 잃고<br/>사라져 버리겠죠<br/>혹 당신이 세상에 단 한 가지<br/>변하지 않는 걸 찾는다면<br/>멀리서 찾을 필요없죠<br/>그건 그댈 향한 내 마음뿐이니까요<br/>Oh 내 눈에 담긴<br/>Oh 진심을 봐요 그대<br/>느껴지나요 망설이네요 알고있죠<br/>Oh 듣고 싶나요<br/>Oh 당신이 나여야만 하는 이유는<br/>나여야 하는 이유는<br/>아무도 나만큼 당신을<br/>사랑하지 못해요<br/>아무도 나만큼 당신을<br/>사랑하지 못해요<br/>
"
4742,내가 나쁜 놈,투엠투엠,내가 나쁜 놈,3,<dd>2019.05.16</dd>,"내 곁을 떠난 사람 <br/>네가 그리워 <br/>이젠 너무도 멀어져 버린 너의 모습 <br/>참 많이 널 울려버렸던 내가 <br/>정말 나쁜 놈이지 <br/>못된 놈이지 <br/>나를 용서해 줄 수는 없는지 <br/>마지막 기회를 한번 <br/>내게 줄 순 없는지 <br/>미안해 정말 <br/>내가 미쳤어 <br/>너를 두고 그렇게 <br/>나만 보며 살았던 거야 <br/>한 번만 내게 <br/>돌아와 줘 내 진심 <br/>보여주고 싶은데 <br/>넌 지금 어디에 있니 <br/>너와 걷던 길을 이제 혼자서 <br/>걷고 있는 내 마음은 <br/>눈물만 흘러내려 <br/>미안해 정말 <br/>내가 미쳤어 <br/>너를 두고 그렇게 <br/>나만 보며 살았던 거야 <br/>한 번만 내게 <br/>돌아와 줘 내 진심 <br/>보여주고 싶은데 <br/>넌 지금 어디에 있니 <br/>너무나 부족한 나만 바라보면서 <br/>나를 위해 살았던 너를 <br/>내가 배신한 거야<br/>미안해 정말 <br/>내가 미쳤어 <br/>너를 두고 그렇게 <br/>나만 보며 살았던 거야 <br/>한 번만 내게 <br/>돌아와 줘 내 진심 <br/>보여주고 싶은데 <br/>넌 지금 어디에 있니 <br/>넌 지금 어디에 있니<br/>
"
4743,유영,자흔자흔,유영,25,<dd>2019.05.16</dd>,"바다를 조용히 걸으면<br/>멈춰진 조약돌이 숨을 쉬고<br/>갈매기 하나가 죽어있고<br/>내 발은 신이나 발을굴러<br/>하지 못할 것을 꿈꾸고<br/>죽지 못해 살고<br/>하지 못할 것을 꿈꾸고<br/>죽지 못해 살고<br/>바다를 혼자서 걸으면<br/>차가움도 따뜻함도 하나없이<br/>저 곳에 끝이 있긴 한걸까<br/>보이지 않는 벽이 날 가로막네<br/>하지 못할 것을 꿈꾸고<br/>죽지 못해 살고<br/>하지 못할 것을 꿈꾸고<br/>죽지 못해 살고<br/>하지 못할 것을 꿈꾸고<br/>죽지 못해 살고<br/>하지 못할 것을 꿈꾸고<br/>죽지 못해 살고<br/>모두가 사실 저<br/>바다 너머로 떠나고 싶을껄<br/>모두가 사실 저<br/>바다 너머로 떠나고 싶을껄<br/>모두가 사실 저<br/>바다 너머로 떠나고 싶을껄<br/>모두가 사실 저<br/>바다로 떠나고 싶을껄<br/>
"
4744,우리아가,김신우김신우,우리아가,18,<dd>2019.05.16</dd>,"선물처럼 와준 고마운 아가<br/>꿈속에서도 보고픈 사랑<br/>새하얀 너의 손 예쁜 눈망울<br/>너의 걸음에 손모아 기도해<br/>조금이라도 아파울때면<br/>너의 곁에 밤을 지세고<br/>다시 해맑게 미소지면<br/>그땐 너무 감사해<br/>햇살이 눈부신 널 만난<br/>세상 행복한 우리<br/>선물처럼 와준 고마운 아가<br/>행복한 우리<br/>
"
4745,원하고 원망하죠,"												
												
												Various ArtistsVarious Artists",BALLAD 2000 4집,1,<dd>2019.05.16</dd>,가사가 없습니다
4746,행복하자 (Trombone Ver.) (Feat. 최재문),FM43FM43,행복하자 (Trombone Ver.),17,<dd>2019.05.16</dd>,가사가 없습니다
4747,행복하자 (Piano Ver.) (Feat. 이요셉),FM43FM43,행복하자 (Piano Ver.),10,<dd>2019.05.16</dd>,가사가 없습니다
4748,위로 (Feat. 쥰니 (june_Ny)),온리 (Only)온리 (Only),위로 (Feat. 쥰니 (June_Ny)),26,<dd>2019.05.16</dd>,"커튼 사이로 들어온 햇살처럼<br/>포근한 미소로 날 보는 너<br/>깨끗한 마음으로 날<br/>어루어 만져주는너 달래 주는 너<br/>힘든 하루 속에서도 네가 있어서<br/>주말이 아주 빨리가도 넌 남아있어서<br/>위로가 되 위로가 되<br/>넌 내게 언제나<br/>위로가 되 위로가 되<br/>네 존재 만으로<br/>U Teacthed Me How To Love<br/>U Teacthed Me How To Smile<br/>어둠속에서도 내게 빛이 되주는 너<br/>이젠 너와 함께 이제 내게 남은<br/>평생을 너와 함께 행복하고 싶어<br/>그래 가끔 싸울지는 몰라도<br/>다 좋을거야 너와 다투는 일까지도<br/>난 당신의 그림자 그댄 나의 태양<br/>그래서 우린 항상 함께해야해<br/>내곁에만 언제나 있어주면 돼<br/>넌 하늘이 내게준 가장 큰 선물<br/>I Love You I Need You<br/>Forever With U<br/>영원히 변치말고 우리지금 처럼만<br/>힘든 하루 속에서도 네가 있어서<br/>주말이 아주 빨리가도 넌 남아있어서<br/>위로가 되 위로가 되<br/>넌 내게 언제나<br/>위로가 되 위로가 되<br/>네 존재 만으로<br/>가끔씩 싸우고 또 너를 울리고<br/>조끔씩 안맞고 등 돌리더라도<br/>니가 있어야해 아무것도 안해도되<br/>그냥 지금 이대로 내옆에만 있어<br/>힘든 하루 속에서도 네가 있어서<br/>주말이 아주 빨리 가도<br/>넌 남아있어서<br/>위로가 되 위로가 되<br/>넌 내게 언제나<br/>위로가 되 위로가 되<br/>네 존재 만으로<br/>힘든 하루 속에서도<br/>힘든 하루속에서<br/>네가 있어서<br/>주말이 아주 빨리 가도<br/>넌 남아있어서<br/>위로가 되 위로가 되<br/>넌 내게 언제나<br/>위로가 되 위로가 되<br/>네 존재 만으로<br/>
"
4749,슬픈사랑,조순종조순종,슬픈사랑,1,<dd>2019.05.16</dd>,"왜 그렇게 나는 너에게<br/>이기적이었을까<br/>답답해하는 너의 목소리<br/>외면했을까 그건<br/>아마도 너보다 나를<br/>사랑하는 슬픈사랑 그건<br/>아마도 너보다 나를<br/>미워하는 슬픈사랑<br/>왜 그렇게 나는 너에게<br/>이기적이었을까<br/>답답해하는 너의 목소리<br/>외면했을까 그건<br/>아마도 너보다 나를<br/>사랑하는 슬픈사랑 그건<br/>아마도 너보다 나를<br/>미워하는 슬픈사랑<br/>왜 그렇게 나는 너에게<br/>이기적이었을까<br/>답답해하는 너의 목소리<br/>외면했을까 그건<br/>아마도 너보다 나를<br/>사랑하는 슬픈사랑 그건<br/>아마도 너보다 나를<br/>미워하는 슬픈사랑<br/>
"
4750,숲 (Forest),홍차바다 (Hongba)홍차바다 (Hongba),숲 (Forest),46,<dd>2019.05.16</dd>,"숲 속은 때론 고요하고<br/>큰 나무들이 시야를 가리면<br/>그 속에 우리는 서로마주 서있네요<br/>나뭇잎이 떨어지는 소리<br/>조차 들을 수 있는 그곳에서<br/>당신의 숨소리에 모든 것을 기울여요<br/>우리는 함께 있지만<br/>그대는 눈을 감고 있어요<br/>당신의 눈동자 속에 내가 있다면<br/>메아리로 대답해주세요<br/>새들이 노랠 주고받는<br/>나무 아래서 아무도 모르게<br/>당신의 마음을 알게 되어 울었어요<br/>우리는 함께 있지만<br/>그대는 꿈을 꾸고 있어요<br/>당신의 무의식 속에 들어간다면<br/>그 곳에 편지를 두고 올게요<br/>곁에 있는 것만으로 나는<br/>숲을 가진 것처럼 행복해요<br/>그 속에 우리는 서로 될 수 없더라도<br/>차가운 아침 공기에 당신이 서리어<br/>꿈이 아니란 걸 알게 해줄 거예요<br/>
"
