1601,이별의 이유,박남영박남영,이별의 이유,2,<dd>2019.11.25</dd>,"혹시나 하는 마음 그 끝은<br/>언제나 그 밤 아래 멈춰있어<br/>나에게 물었지 넌<br/>수 많은 물음 속에 정답은 없었어<br/>어떻게 말해 내가<br/>우리 평생을 삼켜버린 그 밤을<br/>이별의 이유는 묻지 말아줘<br/>어떤 말로도 붙잡지 말아줘<br/>널 위해 떠나는 날 위해<br/>그냥 돌아서 안녕 안녕<br/>혹시나 하며 혼자 울던 밤<br/>그 밤에 이미 우린 끝났나봐<br/>너에게 묻고 싶어<br/>우리의 시간 속에 진심은 있었니<br/>어떻게 말해 내가<br/>우리 평생을 삼켜버린 그 밤을<br/>이별의 이유는 묻지 말아줘<br/>어떤 말로도 붙잡지 말아줘<br/>널 위해 떠나는 날 위해<br/>그냥 돌아서 안녕<br/>잊지마 오늘을 평생을<br/>내가 아픈만큼 후회하길 바래<br/>이별의 이유는 묻지 말아줘<br/>어떤 말로도 붙잡지 말아줘<br/>널 위해 떠나는 날 위해<br/>그냥 돌아서 안녕 안녕<br/>
"
1602,사소한 편지,노엘 (Noel)노엘 (Noel),사소한 편지,29,<dd>2019.11.25</dd>,"너를 알았잖아<br/>아무도 모르는 널<br/>나란히 걷거나 마주 앉아 웃을 때<br/>차가운 동경의 눈빛들 사이에서<br/>네 곁에 설 수 있어 고마웠어<br/>짧은 안부 인사도<br/>주저하게 된 지금<br/>내게도 잊고 싶은 불편한 기억이 있어<br/>혹시 내가 너에게<br/>그런 사람은 아닌지<br/>좀 더 솔직하게 널 대했어야 했어<br/>지친 생활은 자꾸 그 때를 불러와<br/>내가 온전히 살아있던 그 때를<br/>난 네게 빛났었지<br/>눈부신 듯 날 바라보던 너 때문에<br/>널 잘 안다고 생각했어<br/>널 가졌다고 착각했어<br/>빛난 건 너였는데<br/>따뜻한 네 눈빛에 오만했었던 난<br/>벌을 받고 있어<br/>내가 없는 네 삶을<br/>우리가 잃은 모든 순간을<br/>마주하기 두려워<br/>난 우연조차 겁이 나<br/>미칠 듯이 널 원하고<br/>그립지만 보고 싶진 않아<br/>서로가 원해 만든 순간이 아니면<br/>네가 기댈 만큼 내가 어른이 아니었어<br/>사실은 나도 참 어렸어<br/>이해할 수 있을까<br/>남은 건 이런 늦은 변명들뿐인데<br/>너보다 큰 내 마음이 우스워서<br/>네 마음을 지나치는 척 했어<br/>울지 않는 척 했어<br/>어설픈 노력으로 날 지키려 했던<br/>벌을 받고 있어<br/>
"
1603,널 닮은 구름,하여름하여름,널 닮은 구름,17,<dd>2019.11.25</dd>,"아주 오래 전에 보았던 하늘엔<br/>널 닮은 구름만이 가득했었는데<br/>끝이 보이지 않던 우리 사이엔<br/>낯선 오해만이 쌓여 멀어지겠지<br/>싫다고 무섭다고<br/>아니라고 기다려달라고<br/>너는 그게 문제라고<br/>표현을 하지 않는다고<br/>사랑 나만 말하냐고 모르겠다고<br/>표현해서 뭐 하는데<br/>매일 싸우기만 하는데<br/>필요 없어 이제 그만하자<br/>계속 오고 가던 날이 선 말들엔<br/>네 맘을 의심하게 만들기만 했고<br/>어쩔 줄 몰라 하던 우는 내 모습엔<br/>한숨을 내쉬는 너만 남겨져 있네<br/>너는 그게 문제라고<br/>표현을 하지 않는다고<br/>사랑 나만 말하냐고 모르겠다고<br/>표현해서 뭐 하는데<br/>매일 싸우기만 하는데<br/>필요 없어 이제 그만하자<br/>버텼어 돌아올 줄 알아서<br/>바랬어 행복했던 날들을<br/>애타게 기다리던 마음에<br/>이제는 놓아주자 서로를<br/>너는 그게 문제라고<br/>표현을 하지 않는다고<br/>사랑 나만 말하냐고 모르겠다고<br/>표현해서 뭐 하는데<br/>끝을 알고 있는 우린데<br/>필요 없어 이제 그만하자<br/>
"
1604,아이(Child),힐러 (Healer)힐러 (Healer),아이,23,<dd>2019.11.25</dd>,"어렸을땐 나 혼자<br/>방구석에 주저 앉아서<br/>밤새도록 누군갈 기다렸어<br/>그땐 그게 무서워<br/>세상이 너무 캄캄해서<br/>눈물로 지새우다 잠이 들었어<br/>상처 받은 아이는<br/>너무 일찍 어른이 된대<br/>나는 아직 준비가 안됐는데<br/>그 오랜 고단<br/>빛을 따라 여기까지 왔는데<br/>아직 내겐 세상은 깊은 밤 같아서<br/>두려워<br/>언제부터 난 항상<br/>웅크린채로 잠이 들어<br/>매일 밤 늘 똑같은 꿈을 꿨어<br/>그게 너무 아파서<br/>꿈 속이 너무 겁이나서<br/>아침에 눈을 뜨면 울기만 했어<br/>상처 받은 아이는<br/>너무 일찍 어른이 된대<br/>나는 아직 준비가 안됐는데<br/>그 오랜 고단<br/>빛을 따라 여기까지 왔는데<br/>아직 내겐 세상은 깊은 밤 같아서<br/>늘 기도해 너를 기다리다가<br/>지친 나를 구원해줄까봐<br/>아직 내겐 세상은<br/>깊은 밤 같아서 두려워<br/>그 작은 아이가<br/>깊은 어둠속을 헤메다<br/>세상은 여전히<br/>깊은 밤 같아서<br/>두려워<br/>
"
1605,희망과 함께 살아갈 시간,구본웅 (Ku Bon Woong)구본웅 (Ku Bon Woong),희망과 함께 살아갈 시간,0,<dd>2019.11.25</dd>,"아 봄의 햇살은<br/>따뜻하고 평화로워라<br/>한해 하루 지나면<br/>지난 시간 그리워 져라<br/>한때 힘들어도<br/>그시간은 지나갔으니<br/>이제 나의 미래<br/>희망과 함께 살아갈 시간<br/>아 너의 미소는<br/>감미로운 음악과 같아<br/>매일 내일 또 봐도<br/>오늘 처럼 기분 좋더라<br/>한때 힘들어도<br/>그시간은 지나갔으니<br/>이제 나의 미래<br/>희망과 함께 살아갈 시간<br/>한때 힘들어도<br/>그시간은 지나갔으니<br/>이제 나의 미래<br/>희망과 함께 살아갈 시간<br/>희망과 함께 살아갈 시간<br/>
"
1606,그렇게 우린(Vocal.신예영),즌즌즌즌,Sad Ending,83,<dd>2019.11.25</dd>,"처음 만났던 그 순간 우리는<br/>어느 누구보다 예뻤었는데<br/>우린 정말 그랬었는데<br/>좀 더 참았다면 괜찮았을까<br/>버릇 같았던 핑계들 속에서<br/>바보같이 애쓰며 지냈을까<br/>행복했던 우리의 순간도<br/>없었던 것처럼 어떻게 그럴 수 있니<br/>헤어지자는 말이 얼마나 힘든지<br/>이럴 거면<br/>시작을 하지도 말걸 그랬어<br/>나만 노력하면 뭐해<br/>변한 건 없을 텐데<br/>이렇게 점점 멀어 지면 돼<br/>그렇게 우린<br/>잘 해보잔 서로의 다짐도<br/>의미 없는 말로<br/>지킬 수 없는 거잖아<br/>헤어지자는 말이 얼마나 힘든지<br/>이럴 거면<br/>시작을 하지도 말걸 그랬어<br/>나만 노력하면 뭐해<br/>변한 건 없을 텐데<br/>이렇게 점점 멀어 지면 돼<br/>그렇게 우린<br/>안되잖아 노력만으로는<br/>무던히도 힘들던 우리 사랑<br/>다시 잘하겠다고 매달리면 뭐해<br/>이럴 거면<br/>네 마음 받지도 말걸 그랬어<br/>많이 미워하다 보면<br/>영원히 잊혀질까<br/>이렇게 점점 멀어 지면 돼<br/>그렇게 우린<br/>
"
1607,이 노래를 듣게 된다면 (Feat. 이소진),어쿠스틱 멜로디 (Acoustic Melody)어쿠스틱 멜로디 (Acoustic Melody),이 노래를 듣게 된다면,38,<dd>2019.11.25</dd>,"삼 년쯤 전에 너를 처음 보았죠<br/>멀리서 바라만 보고 있죠<br/>널 반대하는 사람들<br/>답답한 맘을 숨기고 지냈어요<br/>가끔 날 보며 환하게 미소 지으면<br/>가슴이 떨려 아무것도 못하고<br/>바보같이 그대 얼굴만<br/>몰래 바라보네요<br/>왜 사랑하는 사람 앞에만 서면<br/>꿀 먹은 벙어리가 되는지<br/>혹시 내 맘을 알까요<br/>안다면 모른 척 다가와주세요<br/>가끔 날 보며 반갑게 인사 할 때면<br/>애써 태연한 척 하는 날 아나요<br/>하고 싶은 말도 많은데<br/>그대는 모르겠죠<br/>피아노 앞에 앉아 연주를 하고<br/>널 위한 노래도 만들었죠<br/>이 노랠 듣게 된다면<br/>놀라지 말고 반갑게 웃어줘요<br/>향기가 가득한 숲 속에서<br/>
"
1608,끝난 사이,보라미유보라미유,끝난 사이,"15,314",<dd>2019.11.24</dd>,"허전함이 날 괴롭혀<br/>생각이 많아 잠들 수 없어<br/>몇 시간째 하얀 천장만 봤어<br/>마음이 답답하고<br/>한숨만 자꾸 나와<br/>출근 만원 버스에도<br/>길을 걷다가도 생각나<br/>모질게 떠나가지<br/>좋았었던 기억만<br/>남기고 갔어<br/>끝난 사인데 이제 와 뭘 어떡해<br/>끝난 사인데 후회해도 소용없잖아<br/>우연히라도 마주치면 좋겠다<br/>전화할 용기는 없으니까<br/>다들 하는 이별인데<br/>아직도 나는 맘이 아프다<br/>나만 빼고 다들 즐거워 보여<br/>모든 게 건조하고<br/>뭘 해도 재미없어<br/>서툴렀던 그때 우리<br/>이기적이었던 너와 나<br/>헤어지던 그날 밤<br/>붙잡고 싶었는데<br/>아무 말 못했어<br/>끝난 사인데 이제 와 뭘 어떡해<br/>끝난 사인데 후회해도 소용없잖아<br/>우연히라도 마주치면 좋겠다<br/>전화할 용기는 없으니까<br/>헤어진 사람이<br/>말하는 흔한 이별 얘기<br/>서운함이 쌓여 서로 지쳤다고<br/>탓하는데<br/>끝난 사인데 이제 와 뭘 어떡해<br/>끝난 사인데 후회해도 소용없잖아<br/>우연히라도 마주치면 좋겠다<br/>전화할 용기는 없으니까<br/>
"
1609,끝을 알고 보는 영화처럼,옐로우 벤치 (Yellow Bench)옐로우 벤치 (Yellow Bench),끝을 알고 보는 영화처럼,499,<dd>2019.11.24</dd>,"그렇게도 싫던 너를 떠올리는데<br/>아무 이유 없이 너를 되뇌이는데<br/>추억이란 이름으로 덮어두기엔<br/>도무지 난<br/>이 아픔의 끝이 보이지 않아<br/>잠을 자도 잔 것 같지 않고<br/>누굴 만나도 덩그러니<br/>나만 다른 세상에<br/>있는 것 같아<br/>내게 남아있는 시간들 모두<br/>이제는 슬픈 사연만<br/>가득 남아있지만<br/>숨차게 너만 보고 달려왔었던<br/>사랑이 전부였었던<br/>그때 우리는<br/>기억 저편에 사라지겠죠<br/>만일 우리<br/>끝을 알고 보는 영화처럼<br/>이 이별도<br/>미리 알았더라면<br/>처음부터 서로 못 본 척<br/>그렇게 지나칠 텐데<br/>내게 남아있는 시간들 모두<br/>이제는 슬픈 사연만<br/>가득 남아있지만<br/>숨차게 너만 보고 달려왔었던<br/>사랑이 전부였었던<br/>그때 우리는<br/>기억 저편에 사라지겠죠<br/>서로 상처 줬던 말<br/>다툰 기억까지<br/>모든 게 다 그리워<br/>내 맘은 아직 끝난 게 아냐<br/>이별의 무게 난 감당하기 어려워<br/>온전히 너만 보며 살았던 날들<br/>모든 게 너였던 세상<br/>아주 길었던 꿈을 꾼 거라<br/>생각할 테니<br/>다시 사랑을 꿈꿀 수 있을까<br/>
"
1610,I Miss You,이지형이지형,I Miss You,408,<dd>2019.11.24</dd>,"이불속에 웅크리고 누워<br/>괜찮아질 거라 생각했어<br/>뜬눈으로 새벽이 올 때까지<br/>너를 너를<br/>아무 일도 없던 사람처럼<br/>어떤 기대도 없는 꿈처럼<br/>무작정 견뎌내야만 했던 겨울 겨울<br/>I Miss You I Miss You I Miss You<br/>아침에 눈을 뜰 때마다<br/>Miss you I Miss You I Miss You<br/>네가 내 곁에 있었으면 해<br/>찬바람에 곁을 내어주면<br/>슬픔조차 말라버릴까 봐<br/>옷깃을 여미고<br/>여미어봐도 나는 너를<br/>I Miss You I Miss You I Miss You<br/>아침에 눈을 뜰 때마다<br/>Miss you I Miss You I Miss You<br/>네가 내 곁에 있었으면 해<br/>I Miss You I Miss You I Miss You<br/>아침에 눈을 뜰 때마다<br/>Miss you I Miss You I Miss You<br/>이젠 내 곁에 있었으면 해<br/>
"
1611,"내게 겨울은 너야 (Vocal by 주단, Beverley)",선스그루브 (Sun`s Groove)선스그루브 (Sun`s Groove),"내게 겨울은 너야 (Vocal by 주단, Beverley)",158,<dd>2019.11.24</dd>,"내게 내게 내게 겨울은 너야<br/>내게 내게 내게 겨울은 너야<br/>수북이 쌓인 눈길도 <br/>눈길 속에 쓱싹 그려진 발걸음도<br/>털 달린 패딩 입고도 <br/>주머니 속에 슬쩍 마주 잡은 두 손도<br/>온기 가득 품었던 입김도 그 눈빛도<br/>언덕을 내려오는 길 <br/>길을 따라 멍멍 따라온 강아지도<br/>어느새 새벽도 지고 <br/>이불 속에 퐁당 빠져들던 게으름도<br/>아주 잠시도 못 견뎌 <br/>아니 살 수도 없었던 우리 그 겨울<br/>다 어디 갔나 눈 송이처럼 사라져 스르륵<br/>그 길 위에 있어 창문이 <br/>예쁜 그 카페 그 골목에 나 서있어<br/>우우우우우 우우우우우 넌<br/>우우우우우 괜찮은 거니 <br/>다시 한 번만 해보고 싶어 <br/>그 겨울처럼 <br/>내게 내게 내게 겨울은 너야<br/>내게 내게 내게 겨울은 너야<br/>다 어디 갔나 거짓말처럼 사라져 스르륵<br/>그 길 위에 있어 햇살 잘 들던 <br/>그 카페 그 골목에 나 서있어<br/>우우우우우 우우우우우 넌<br/>우우우우우 괜찮은 거니 <br/>다시 한 번만 해보고 싶어 <br/>그 겨울처럼 <br/>우우우우우 우우우우우 난<br/>우우우우우 아직도 아파 <br/>근데 아파도 해보고 싶어 <br/>그 겨울처럼<br/>
"
1612,사랑해요 그대,더 데이지 (The Daisy)더 데이지 (The Daisy),꽃길만 걸어요 OST Part.08,410,<dd>2019.11.24</dd>,"힘이 들 때 생각납니다 <br/>그대 얼굴 내게 큰 힘이죠<br/>어딜가든 그댄 내 마음에 <br/>있어 나는 외롭지않죠<br/>그댄 내게 행복이죠 <br/>무엇과도 바꿀 수가 없는<br/>나의 사랑 나의 그대라서<br/>사랑해요 그대 내 하나뿐인 그대 <br/>늘 내 모습 밝게 비춰주네요<br/>변함없는 사랑을 다 줄게요<br/>그대와 나 약속해요<br/>그대 눈을 바라보면 <br/>아무말도 하지 않아도 난<br/>그대 마음 알 수가 있어요 <br/>사랑해요 그대 내 하나뿐인 그대 <br/>늘 내 모습 밝게 비춰주네요<br/>변함없는 사랑을 다 줄게요<br/>그대와 나 약속해요<br/>내게 와줘 고마워요 상처가 많이있던<br/>나를 품에 안아주었죠<br/>사랑해요 그대 내 하나뿐인 그대 <br/>늘 내 모습 밝게 비춰주네요<br/>변함없는 사랑을 다 줄게요<br/>그대와 나 약속해요<br/>
"
1613,웃겨,심가을심가을,웃겨,102,<dd>2019.11.24</dd>,"기껏 한다는 말이<br/>고작 헤어지자는 거니<br/>사랑하기는 했을까<br/>그렇다 하기엔 무책임한 이별인걸<br/>아무 일 없었다는 듯<br/>태연하게 떠나가는 너<br/>그렇게 내가 싫었니<br/>잘 지내란 한마디 정돈 건네줄 수 있잖아<br/>자 어때 니가 그토록 바라던 이별이<br/>1초라도 빨리 벗어나고 싶었니<br/>굳이 뒤는 돌아보지 말고 가<br/>애써 아련한척하는 널 보는 게<br/>더 싫어 아쉬움 하나 없는 니 표정<br/>날 위한 배려 끝내 해줄 순 없는 거니<br/>끝이라 말하면 그게 정말 끝인 거니<br/>웃겨 너랑 사랑을 했다는 게<br/>웃겨서 눈물이 나<br/>나도 모르게 고갤 숙인다<br/>그렇게까지 못 될 필요는 없을 텐데<br/>어이없는 그 이별 따위에<br/>억지로 잘려나간 이 사랑 어떡해<br/>니가 있던 자리엔 남은 게 없어<br/>자 어때 니가 그토록 바라던 이별이<br/>1초라도 빨리 벗어나고 싶었니<br/>들떠 보이던 마지막 뒷모습<br/>어지럽게 내 곁을 아른거려도<br/>미친 듯 웃어버리면 괜찮을 거야<br/>날 위한 배려 끝내 해주고 떠난 거니<br/>죽을 만큼 아파야 모든 게 끝인 거니<br/>웃겨 너랑 이별을 했다는 게<br/>웃겨서 눈물이 나<br/>나도 모르게 고갤 숙인다<br/>웃겨<br/>
"
1614,괜찮은 척,OYEON (오연)OYEON (오연),괜찮은 척,"1,531",<dd>2019.11.23</dd>,"아침이 오는 소리가 들려와<br/>잠도 못 자고 멍하니<br/>방안에 앉아 있어<br/>불안한 마음 가득 차서<br/>아무것도 할 수가 없어서<br/>괜찮은 척했어<br/>잡고 싶었지만 뒤돌아서서<br/>눈물로 얼룩진 얼굴을 감추며<br/>너에게서 멀어져 걷고 걸었어<br/>괜찮지가 않아 다 돌리고 싶어<br/>설레었던 순간 그때 그날로<br/>기억하니 우리가 마주 보던 그때<br/>괜찮은 척했어<br/>잡고 싶었지만 뒤돌아서서<br/>눈물로 얼룩진 얼굴을 감추며<br/>너에게서 멀어져 걷고 걸었어<br/>괜찮지가 않아 다 돌리고 싶어<br/>설레었던 순간 그때 그날로<br/>기억하니 우리가 마주 보던 그때<br/>항상 이러지 또 후회할 거면서<br/>그게 너를 위한다면서<br/>아무 말 못 했던 답답했던<br/>내가 미워져<br/>후회만 가득 차있잖아<br/>괜찮은 척했어<br/>잡고 싶었지만 뒤돌아서서<br/>눈물로 얼룩진 얼굴을 감추며<br/>너에게서 멀어져 걷고 걸었어<br/>괜찮지가 않아<br/>다 돌리고 싶어<br/>설레었던 순간 그때 그날로<br/>기억하니 우리가 마주 보던 그때<br/>
"
1615,너는 나를,NeD (네드)NeD (네드),너는 나를,"1,813",<dd>2019.11.23</dd>,"미안한 게 많아<br/>니 앞에만 서면<br/>그냥 내가 죄인인 듯해<br/>너에게 받은 게 너무나 커서<br/>어디서부터 갚아야 할지<br/>너는 나를 마냥 웃게 해 내가<br/>어떤 힘든 일도 견딜 수 있게<br/>너는 나를 꿈을 꾸게 만들어 내가<br/>영원토록 너와 함께하는 꿈<br/>너 없는 날들은 어떻게 가는지<br/>하루가 참 길게 느껴져<br/>어느새부턴가<br/>나의 일상들이 너로 다<br/>가득 채워져있어<br/>너는 나를 마냥 웃게 해 내가<br/>어떤 힘든 일도 견딜 수 있게<br/>너는 나를 꿈을 꾸게 만들어 내가<br/>영원토록 너와 함께하는 꿈<br/>수많은 사람들 그 중에 너와 내가<br/>서로 사랑할 수 있는 건<br/>기적 같은 일이야<br/>정말 소중한 일이야<br/>너는 그냥 행복하기만 해 매일<br/>너는 나를 살아가게 해<br/>우리에게 무슨 일이 있어도<br/>내가 너는 지킬 게<br/>그 어떤 것보다 사랑하니까<br/>내 곁에만 있어줘 항상<br/>
"
1616,그때 내가 지금의 나라면,김재환김재환,배가본드 OST Part.9,"10,743",<dd>2019.11.23</dd>,"오늘 하루만 바람이 되어<br/>너의 곁에서 머물고 싶어<br/>슬퍼 울고 있는 너 두 볼에 닿아<br/>눈물자국 지울 텐데<br/>허락한다면 그리움 되어<br/>너의 마음에 빛나고 싶어<br/>깊은 밤엔 별처럼 낮엔 해처럼<br/>영원히 기억되고 싶어<br/>그때 내가 지금의 나라면<br/>널 혼자 두고 후회하진 않았을 텐데<br/>조금 더 간절한 맘으로<br/>너 멀어지지 못하게<br/>붙잡았을 텐데<br/>그때 네가 바라던 나라면<br/>그 상처까지 안아줄 수 있는 나라면<br/>한 번 더 돌아봐 주겠니<br/>멈춘 시간을 되돌려<br/>사랑할 수 있니<br/>아름다웠던 순간을 모아<br/>지칠 때마다 꺼내어 보네<br/>제일 예쁜 추억이<br/>가장 아프단 걸 깨달아<br/>바보처럼 난<br/>그때 내가 지금의 나라면<br/>널 혼자 두고 후회하진 않았을 텐데<br/>조금 더 간절한 맘으로<br/>너 멀어지지 못하게<br/>붙잡았을 텐데<br/>그때 네가 바라던 나라면<br/>그 상처까지 안아줄 수 있는 나라면<br/>한 번 더 돌아봐 주겠니<br/>멈춘 시간을 되돌려<br/>사랑할 수 있니<br/>우리<br/>조금 더 간절한 맘으로<br/>너 멀어지지 못하게<br/>매달렸을 텐데<br/>그렇게 바라던 나라고<br/>먼 곳에서 더 사랑하고 있는 나라고<br/>너에게 난 말하고 싶어<br/>멈춘 시간을 되돌려<br/>사랑할 수 있게<br/>우리<br/>
"
1617,그대로도 아름다운 너에게,옥상달빛옥상달빛,그대로도 아름다운 너에게,"2,879",<dd>2019.11.23</dd>,"오늘따라 하늘이<br/>참 예쁘다고 하는 너<br/>이름모를 꽃을 보며<br/>수줍게 사진을 찍던 너<br/>tv에서 본 영화가 슬프다고<br/>펑펑우는 너<br/>난 아직 어리고 서툴다고<br/>잘못된거라 생각하지 마<br/>그대로도 정말 아름다운 걸<br/>널 바꾸려고도<br/>아직은 널 정하지도 마<br/>그대로도 정말 기특해<br/>엄마 아빠가 서로 눈을<br/>마주한 그 순간부터 넌<br/>오래전부터 넌 이미 완전한 모습인걸<br/>니가 나쁘든 좋든<br/>이유없이 괜찮아지고<br/>나완 상관없이<br/>세상은 널 괴롭힐때도 있지<br/>잘못들어온 길가에<br/>꽃밭이 있을수도 있고<br/>흙탕물에서 연꽃이 피듯이<br/>넌 어디서든 빛이나는걸<br/>그대로도 정말 아름다운 걸<br/>널 바꾸려고도<br/>아직은 널 정하지도 마<br/>그대로도 정말 훌륭해<br/>엄마 아빠가 서로 눈을 마주한<br/>그 순간부터 넌 오래전부터 넌<br/>가장 소중한 넌<br/>이미 완전한 모습인걸<br/>
"
1618,그건 너이니까,정승환정승환,나의 나라 OST,"1,100",<dd>2019.11.23</dd>,"어쩌다 한 번에 알아봤을까<br/>모른척 했더라면 쉬웠을까<br/>나의 밤은 불안하기만 해<br/>갈수록 넌 멀어지기만 해<br/>별빛 같은 너<br/>그건 너이니까<br/>나의 조각처럼 내겐<br/>너 같은 사람은 너뿐이라서<br/>그게 꼭 너여서<br/>먼 길을 돌아도 떨쳐내도<br/>그 자리니까<br/>나는 어쩔 수 없나봐<br/>야윈 마음은 앙상하기만 해<br/>갈수록 왜 아득해지는데<br/>봄날 같은 너<br/>그건 너이니까<br/>나의 조각처럼 내겐<br/>너 같은 사람은 너뿐이라서<br/>그게 꼭 너여서<br/>먼 길을 돌아도 떨쳐내도<br/>그 자리니까 나는<br/>끝도 없는 질문과<br/>대답 없는 하루를 달려가면<br/>언젠가는 닿을 수 있을까<br/>어둠뿐이라도 네게<br/>이런 나라도 꿈꿀 수 있다면<br/>그래도 된다면<br/>실컷 놀려대고 웃음 짓던<br/>평범한 하루가 내겐<br/>나의 꿈이야<br/>넌 나의 꿈이야<br/>
"
1619,어떻게 해,어쿠스틱 콜라보어쿠스틱 콜라보,사랑은 뷰티풀 인생은 원더풀 OST Part.3,"1,537",<dd>2019.11.23</dd>,"마음이 가려는 길을 <br/>외면하고 돌릴 수 있다면<br/>이뤄질 수 없는 널 <br/>사랑할 일은 없었을텐데<br/>참 쉽지가 않아<br/>가슴이 말하는 길을 <br/>모른 척 외면했다면<br/>지울 수 없는 널 <br/>사랑하지는 않았을텐데<br/>참 쉽지가 않아 <br/>널 바라보면 안되는 걸 알아 <br/>우리 함께할 수 없다는 걸 알아<br/>머리는 아는데 마음은 모른대 <br/>나는 어떻게 해<br/>네게 다가가면 안되는 걸 알아 <br/>우리 깊어지면 안되는 걸 알아<br/>머리는 아는데 마음은 모른대 어떻게 해 <br/>너에게 멀어지는 일 <br/>내 맘대로 할 수 있다면<br/>애써 헤어지려고 <br/>상처내지는 않았을텐데 <br/>참 쉽지가 않아 <br/>널 바라보면 안되는 걸 알아 <br/>우리 함께할 수 없다는 걸 알아<br/>머리는 아는데 마음은 모른대 <br/>나는 어떻게 해<br/>네게 다가가면 안되는 걸 알아 <br/>우리 깊어지면 안되는 걸 알아<br/>머리는 아는데 마음은 모른대 어떻게 해<br/>
"
1620,Rain,죠지죠지,[Vol.40] 유희열의 스케치북 10주년 프로젝트 : 스무 번째 목소리 `유스케 X 죠지`,"4,897",<dd>2019.11.23</dd>,"오늘도 이 비는 그치지 않아<br/>모두 어디서 흘러오는 건지<br/>창밖으로 출렁이던<br/>헤드라잇 강물도<br/>갈 곳을 잃은 채 울먹이고<br/>자동응답기의 공허한 시간<br/>모두 어디서 흘러가는 건지<br/>기다림은 방 한 구석<br/>잊혀진 화초처럼<br/>조금씩 시들어 고개 숙여가고<br/>너를 보고 싶어서<br/>내가 울 준 몰랐어<br/>그토록 오랜 시간들이 지나도<br/>나에게 마르지 않는 눈물을 남겼네<br/>모든 흔적 지웠다고 믿었지<br/>그건 어리석은 착각이었어<br/>이맘때쯤 네가 좋아한<br/>쏟아지는 비까진<br/>나의 힘으로도 어쩔 수 없는 걸<br/>너를 보고 싶어서<br/>내가 울 준 몰랐어<br/>그토록 오랜 시간들이 지나도<br/>나에게 마르지 않는 눈물을 남겼네<br/>그토록 오랜 시간들이 지나도<br/>나에게 마르지 않는 눈물을 남겼네<br/>
"
1621,With You (겨울이야기) (Vocal by 은비),AcouRain(어쿠레인)AcouRain(어쿠레인),With You (겨울이야기) (Vocal by 은비),123,<dd>2019.11.23</dd>,"하얗게 물들어간 겨울 어느 날<br/>내 맘도 설레었는지 문을 열고서<br/>꿈만 같았던 지난날들이<br/>이대로 녹아 버리지 않게<br/>사랑한다고 좋아한다고 고백할래<br/>우리의 사랑이 이뤄지길<br/>저 하얀 눈이 내리는<br/>축복 속에 드리워진<br/>천사들의 노랫소리에<br/>취해서 함께 걸을 수 있게<br/>수많은 사람들 그 속에서<br/>따뜻하게 감싸줄<br/>너의 미소와 숨소리가<br/>내 마음 가득히 채워 줄 수 있게<br/>그대와 함께 있을래<br/>이젠 솔직하게 후회하지 않게<br/>두근거리는 내 맘이<br/>멈춰 버리지 않도록<br/>우리 함께 이 세상을 함께 하기로 해<br/>때론 달콤하게 때론 부드럽게<br/>내게 다가와 살며시<br/>웃어 주는 네 모습을<br/>이대로 간직할 수 있게 영원히<br/>우리의 사랑이 이뤄지길<br/>저 하얀 눈이 내리는<br/>축복 속에 드리워진<br/>천사들의 노랫소리에<br/>취해서 함께 걸을 수 있게<br/>수많은 사람들 그 속에서<br/>따뜻하게 감싸줄<br/>너의 미소와 숨소리가<br/>내 마음 가득히 채워 줄 수 있게<br/>너와 함께 있을래<br/>우리의 사랑이 이뤄지길<br/>저 하얀 눈이 내리는<br/>축복 속에 드리워진<br/>천사들의 노랫소리에<br/>취해서 함께 걸을 수 있게<br/>수많은 사람들 그 속에서<br/>따뜻하게 감싸줄<br/>너의 미소와 숨소리가<br/>내 마음 가득히 채워 줄 수 있게<br/>언제나 함께 있을래<br/>
"
1622,허수아비,함수현함수현,보컬플레이 : 캠퍼스 뮤직 올림피아드 [학교 대표 지목전] PART 1,618,<dd>2019.11.23</dd>,"너의 마음 얻어 낼 필요가 없어졌어<br/>모든 게 마치 이날을 위해<br/>준비된 각본 같아<br/>날 주저앉게 하고 사람들은 움직이고<br/>멀어지는 나의 발은 이곳에 묶여있고<br/>멍하니 선 채로 고개 들<br/>힘조차 이젠 없는걸<br/>어떤 말도 닿지 못하고<br/>이렇게 조금씩 사라진다<br/>널 잡으려 애써 여기까지 왔어<br/>소용없는 짓이었지만<br/>얼굴이라도 한번 더 보려고<br/>그의 손을 잡는 널 본 순간<br/>마침내 눈물바다가 돼버린 내 맘<br/>멀리서 멀리서<br/>나 멀리서 나 멀리서<br/>멀리서 그의 손을 잡는 널 본 순간<br/>마침내 눈물바다가 돼버린 내 맘<br/>
"
1623,우리 사겨보면 어때,비비안 (BBAHN)비비안 (BBAHN),꽃길만 걸어요 OST Part.07,154,<dd>2019.11.23</dd>,"조심스레 내 맘을 전해볼까요<br/>oh 나도 몰래 마음이 커져만 가<br/>딴 사람은 몰라요 난 오직 너만<br/>내일이 되면 네게 고백할까요<br/>니 눈을 보면 가슴이 뛰기만 해<br/>다 들릴 것만 같아 어쩜 좋아요<br/>우리 사겨보면 어때 사랑하면 어때<br/>난 준비되어 있어 너만 내게 오면 돼<br/>너도 싫지 않은 표정같아<br/>두근두근 요란스런 내맘 들리니<br/>우리 사겨보면 어때<br/>사랑하면 어때<br/>난 너라면 다 좋아 생각만해도 좋아<br/>나도 몰래 어느새<br/>사랑에 빠져 버렸나봐<br/>I love you boy<br/>하루하루가 설렘이 가득하죠<br/>oh 이렇게도 좋아도 되는거죠<br/>나 지금 꿈만같아 나 행복하죠<br/>내 마음속에 니가 들어온후로<br/>내 마음속은 심란해 두근거려<br/>널 사랑하고 있어 어쩜 좋아요<br/>우리 사겨보면 어때<br/>사랑하면 어때<br/>난 준비되어 있어 너만 내게 오면 돼<br/>너도 싫지 않은 표정같아<br/>두근두근 요란스런 내맘 들리니<br/>우리 사겨보면 어때 사랑하면 어때<br/>난 너라면 다 좋아 생각만해도 좋아<br/>나도 몰래 어느새<br/>사랑에 빠져 버렸나봐<br/>너와 내가 사랑하고<br/>서로 곁에 있으면<br/>어디든지 좋아 지금 너만 보여 난<br/>너의 품에 안겨 속삭일래<br/>밤새도록 내 마음을 다 보여줄래<br/>우리 사겨보면 어때 사랑하면 어때<br/>난 너라면 다 좋아 생각만해도 좋아<br/>나도 몰래 어느새<br/>사랑에 빠져 버렸나봐<br/>I love you boy<br/>
"
1624,두 눈을 감아,콜링스 (Collings)콜링스 (Collings),두 눈을 감아,76,<dd>2019.11.23</dd>,"하얀 바람이 불어<br/>햇살이 따뜻해지고<br/>어느새 모든게 녹아<br/>봄이 오는걸 알려주네<br/>발걸음을 멈추고<br/>주위를 둘러보고<br/>숨겨 놓은 추억을 찾고<br/>그 때로 돌아가고<br/>두 눈을 감아<br/>네 모습을 가리고<br/>너무 미안해<br/>매일 매일 울지만<br/>하루가 가고<br/>네 웃음을 돌려주고<br/>아무 의미 없이<br/>너와 다시 인사를 하고<br/>발걸음을 맞추고<br/>너의 얘기를 듣고<br/>너의 노래를 듣고<br/>네게 상처를 주고<br/>두 눈을 감아<br/>네 모습을 가리고<br/>너무 미안해<br/>매일 매일 울지만<br/>하루가 가고<br/>네 웃음을 돌려주고<br/>아무 의미 없이<br/>너와 다시 인사를 하고<br/>또 하루를 널 내게서 보내려<br/>스스로를 탓 해<br/>또 하루를 전부 너로 보내고<br/>아직도 너를 괴롭혀<br/>두 눈을 감아<br/>네 모습을 가리고<br/>너무 미안해<br/>매일 매일 울지만<br/>하루가 가고<br/>네 웃음을 돌려주고<br/>아무 의미 없이<br/>너와 다시 인사를 하고<br/>
"
1625,꼬마야 (Vocalplay ver.),요술발요술발,보컬플레이 : 캠퍼스 뮤직 올림피아드 [학교 대표 연합전] PART 3,375,<dd>2019.11.23</dd>,"꼬마야 꽃신 신고<br/>강가에나 나가보렴<br/>오늘 밤엔 민들레 달빛 춤출 텐데<br/>꼬마야 꽃신 신고<br/>강가에나 나가보렴<br/>오늘 밤엔 민들레 달빛 춤출 텐데<br/>꼬마야 너는 아니<br/>보랏빛의 무지개를<br/>너의 마음 달려와서<br/>그 빛에 입 맞추렴<br/>비가 온 날엔 밤빛도<br/>퇴색되어 마음도 울적한데<br/>그건 아마도 산길처럼<br/>굽은 밭길일 거야<br/>꼬마야 꽃신 신고<br/>강가에나 나가보렴<br/>오늘 밤엔 민들레 달빛 춤출 텐데<br/>너는 들리니 바람에<br/>묻어오는 고향 빛 노랫소리<br/>그건 아마도 불빛처럼<br/>예쁜 마음일 거야<br/>꼬마야 강가에나 나가보렴<br/>꼬마야 그 빛에 입 맞추렴<br/>꼬마야 꽃신 신고<br/>강가에나 나가보렴<br/>
"
1626,내 안의 겨울,배소연배소연,내 안의 겨울,14,<dd>2019.11.23</dd>,"또 계절이 지나고<br/>수많은 사람 곁을 지나도<br/>기억 속에 네가 있을 것 같아<br/>너와 내가 사랑했던 그 날들<br/>얼음처럼 차가워진<br/>너의 두 눈 마저도<br/>흐릿해지잖아 멀어져만 가잖아<br/>Love you<br/>꼭 너만을 Love you<br/>하얀 눈이 내리던<br/>그 따뜻했던 크리스마스도<br/>Love you<br/>꼭 너만을 Love you<br/>그렇게 사랑했었던<br/>시간도 녹아 버리잖아<br/>눈을 감아도<br/>이제는 괜찮다고 말해도<br/>행복했었던 우리의 시간이<br/>한순간에 무너져만 가잖아<br/>봄날처럼 따뜻했던<br/>너의 환한 웃음도<br/>볼 수가 없어<br/>나 떠오르지가 않아<br/>Love you<br/>꼭 너만을 Love you<br/>하얀 눈이 내리던<br/>그 따뜻했던 크리스마스도<br/>Love you<br/>꼭 너만을 Love you<br/>영원할 것만 같았던<br/>시간도 녹아 버리잖아<br/>바래져만 가는 너와의<br/>추억들이 살아 스며 들겠지<br/>하나 둘씩 잊혀져 가겠지<br/>너의 따뜻한 웃음마저도<br/>지울 수가 없어 나 떠오르지가 않아<br/>Love you<br/>꼭 너만을 Love you<br/>하얀 눈이 내리던<br/>그 따뜻했던 크리스마스도<br/>Love you Love you Love you<br/>그댈 위해 사랑했던<br/>시간도 녹아 버리잖아<br/>
"
1627,Lullaby,적재적재,하루,"8,686",<dd>2019.11.22</dd>,"잠들지 못한 밤<br/>모두가 잠든 밤<br/>멀어진 사람과<br/>지나간 시간<br/>잊었던 기억들<br/>잊혀진 얼굴들<br/>떠올리다<br/>오늘도 눈 감아본다<br/>잠이 들면<br/>사라질까 봐<br/>복잡한 마음에<br/>쉽게 잠들지 못하고<br/>너 하나면<br/>충분했었던<br/>수많은 밤을 뒤로한 채<br/>하루를 닫는다<br/>눈을 감으면<br/>떠오르니까<br/>보고픈 마음에<br/>끝내 보내지 못하고<br/>너 하나면<br/>충분했었던<br/>그날의 우릴 뒤로 한 채<br/>다시 또 눈을 감는다<br/>하루를 닫는다<br/>하루를 닫는다<br/>
"
1628,오르골 (Orgel),성민 (SUNGMIN)성민 (SUNGMIN),오르골 (Orgel) - The 1st Mini Album,221,<dd>2019.11.22</dd>,"혼자 있을 때면 말없이<br/>습관처럼 또 열어보게 돼<br/>고장 한번 없이 여전히<br/>작은 상자 속 그대로<br/>어린 날 닮은<br/>인형들이 춤추고<br/>꿈을 꾸던 멜로디가<br/>아직도 울려<br/>아무도 모르죠<br/>밤새 왜 쉬지 않고<br/>돌아가는지<br/>혼자만 알아요<br/>태엽을 돌려서<br/>그때의 꿈 멈추지 않게<br/>아무도 모르게 해요<br/>불평 한번 없이 온종일<br/>내 모습 같아 보게 돼<br/>두 손 꼭 잡은<br/>인형들이 춤추고<br/>위로하듯 멜로디가<br/>내 귀에 들려<br/>아무도 모르죠<br/>밤새 왜 쉬지 않고<br/>돌아가는지<br/>혼자만 알아요<br/>태엽을 돌려서<br/>그때의 꿈 멈추지 않게<br/>아무도 모르게 해요<br/>혹시 언제<br/>내 맘이 지칠까<br/>매일 꺼내 놔요<br/>매일 열어 둬요<br/>다들 물어보죠<br/>내가 왜 쉬지 않고<br/>돌아가는지<br/>혼자만 알아요<br/>시간이 흘러서<br/>그때 내가 후회가 없게<br/>오늘도 열어 보아요<br/>
"
1629,나의 길,현진영현진영,나의 길,292,<dd>2019.11.22</dd>,"집으로 돌아가는 길 <br/>하루를 버텨낸만큼 <br/>눈물이 앞을 가리고<br/>흐릿해지는 길 위에서 <br/>방향을 잃고 난 멍하니 서 있어<br/>오늘도 나는 포기할까 <br/>선택의 길에 서서 고민을 하네<br/>하지만 또다시 걸어본다 <br/>끝이 보이지 않아도<br/>내일의 나를 볼 수는 없지만 <br/>이길의 끝은 밝게 빛날거야<br/>조금 헤매여도 좋아 <br/>다다를 나의 이길 끝에<br/>어제는 어떻게 버텼는지 <br/>또 오늘은 어떻게 해야 할까<br/>하지만 또다시 걸어본다 <br/>끝이 보이지 않아도<br/>내일의 나를 볼 수는 없지만 <br/>이길의 끝은 밝게 빛날거야<br/>조금 헤매여도 좋아 <br/>다다를 나의 이길 끝에<br/>잠깐 쉬어가도 돼 눈감은듯 <br/>어둔 길이지만 다시 걸어본다<br/>내일의 나를 볼 수는 없지만 <br/>이길의 끝은 밝게 빛날거야<br/>조금 헤매여도 좋아 <br/>다다를 나의 이길 끝에<br/>
"
1630,언젠가(Someday),"배현철, 강홍석배현철, 강홍석",언젠가(Someday),141,<dd>2019.11.22</dd>,"잊을 수가 있었는지 아무렇지 않았는지<br/>가끔씩 바보처럼 난 널 그려봤어<br/>조금씩 아주 조금씩 <br/>나의 외로움이 커질까 봐<br/>난 또 이유 없는 웃음 되뇌이면서 <br/>하루하루를 보낼 수밖에 <br/>희미해지는 기억 속에<br/>스쳐 지나는 사람들처럼 <br/>내 기억 속에서도<br/>언젠가 기억할 수 조차 없는 니가 되겠지<br/>빛바랜 사진들 중에 그저<br/>흔한 사진들처럼 너도<br/>그렇게 잊혀져가면 가슴 깊이<br/>지켜온 사랑까지도 <br/>기억 속에 지워야겠지<br/>기억 속에 지친 너의 모습이<br/>한참 동안 내게 머물러 있지만 <br/>끝내 잡지 못했던 나의 그 모습까지<br/>내 기억 속에서도<br/>언젠가 기억할 수 조차 없는 니가 되겠지<br/>빛바랜 사진들 중에 그저<br/>흔한 사진들처럼 너는<br/>잊혀질 수 없을 거야 나에게서<br/>언젠가 다시 어떤 날에 다가와 부를까 봐 <br/>
"
1631,walk in space,하나 (구구단)하나 (구구단),연남동 패밀리 OST part.1,278,<dd>2019.11.22</dd>,"안녕 내 맘을 들킨 밤하늘에 <br/>똑똑똑 노크해 인사 건네요 <br/>말없이 걷는 동네 산책이 특별한 건 <br/>한두 번은 그 앨 마주치니까 <br/>몰래 좋아하는 짜릿한 설레임이 <br/>이젠 용기내야 할 <br/>남모를 고민이 돼버렸죠 <br/>A daring walk in space <br/>My darling walk in heart <br/>언젠가 그 애를 만난다면 <br/>A daring walk in space <br/>My darling walk in heart <br/>이런 상상 진짜가 된다면 난 좋겠어 <br/>원래 알던 척 먼저 말을 걸까 <br/>소심한 인사로 내 맘 전할까 <br/>한동안 바빠 빛을 잃었던 걸 알아요 <br/>힘들 때면 같이 걸어줄게요 <br/>몰래 함께 했던 사소한 일상들이 <br/>매일 용기내야 할 <br/>떨리는 일상이 되어가죠 <br/>A daring walk in space <br/>My darling walk in heart <br/>언젠가 그 애를 만난다면 <br/>A daring walk in space <br/>My darling walk in heart <br/>이런 상상 진짜가 된다면 <br/>How would you feel <br/>나의 우주로 그 앨 초대할래요 <br/>유난히도 빛나는 빨간 레드카펫 위로 <br/>까만 밤 나의 별이 돼줘요 <br/>A daring walk in space <br/>My darling walk in heart <br/>언젠가 내 맘을 받아주면 <br/>A daring walk in space <br/>My darling walk in heart <br/>이런 상상 진짜가 된다면 <br/>na na na<br/>na na na<br/>na na na<br/>na na na<br/>
"
1632,유독 생각나는 사람아,한경일한경일,유독 생각나는 사람아,142,<dd>2019.11.22</dd>,"문득 생각나는 사람 바로 너였어<br/>요즘 들어서 내 머리를 가득 채워<br/>너와 보낸 시간들이 소중했기에<br/>잊을 수가 없었기에<br/>여전히 생각나<br/>미치도록 그립다가<br/>어떤 날은 참을만 해<br/>왜 이러지 나도 나를 모르겠어<br/>바람이 불어오는 이런 날<br/>유독 생각나는 사람아<br/>마음 한구석 공허한 느낌<br/>그게 너의 자리라 그런 가봐<br/>바람처럼 나에게서<br/>사라졌던 그날 그때 그때<br/>내가 잡았다면 어땠을까<br/>바람이 불어오는 이런 날<br/>유독 생각나는 사람아<br/>마음 한구석 공허한 느낌<br/>그게 너의 자리라 그런 가봐<br/>다른 사랑도 모두 소용없구나<br/>니가 정말 그리워진다<br/>사는 게 의미없게 느껴져<br/>너와 나 행복했었는데<br/>너는 어떨까 나와 같을까<br/>잠못이루고 매일 널 그린다<br/>
"
1633,Feel and touch (필 앤드 터치),Vic Mars (빅마스)Vic Mars (빅마스),Feel and touch (필 앤드 터치),18,<dd>2019.11.22</dd>,"Tell em all<br/>아무 걱정하지마<br/>You never know<br/>나의 초점은 너야 eh<br/>우리 만남에 조금<br/>브레이크가 많아도<br/>Let keep it going to me<br/>너의 아주 작은 표정들<br/>그 작은 걱정도 내가 다 담을게<br/>편하게 누워도돼<br/>현실이 목을 조여 걱정이 앞서도<br/>지금만큼은 내게<br/>입맞춰줘<br/>Feel and touch baby<br/>풀린 눈속엔<br/>Feel and touch<br/>Feel and touch<br/>Feel and touch baby<br/>Feel and touch<br/>Feel and touch<br/>Feel and touch baby<br/>너의 아주 작은 표정들<br/>그 작은 걱정도 내가 다 담을게<br/>편하게 누워도돼<br/>현실이 목을 조여 걱정이 앞서도<br/>지금만큼은 내게<br/>입맞춰줘<br/>Feel and touch baby<br/>풀린 눈속엔<br/>Feel and touch<br/>Feel and touch<br/>Feel and touch baby<br/>Feel and touch<br/>Feel and touch<br/>Feel and touch baby<br/>Feel and touch baby<br/>풀린 눈속엔<br/>Feel and touch<br/>Feel and touch<br/>Feel and touch baby<br/>Feel and touch<br/>Feel and touch<br/>Feel and touch baby<br/>
"
1634,오전 8시 날 깨우는 빛,유란 (uran)유란 (uran),오전 8시 날 깨우는 빛,16,<dd>2019.11.22</dd>,"나를 감싸오는 아침<br/>온화한 엄마의 품처럼<br/>이제는 아득한 어린 기억처럼<br/>창문 사이로 오네<br/>고단한 새벽을 품는<br/>나른하게 날 안아주는<br/>내 안의 두려움도 바람을 타고<br/>풍경이 되네<br/>
"
1635,Paper Airplane,오드리노 (Audrey No)오드리노 (Audrey No),Paper Airplane,452,<dd>2019.11.22</dd>,"i never get it right<br/>always looking for fight<br/>i need the tension<br/>i need the pain<br/>watch your reaction <br/>when i push you away<br/>test you test you<br/>so i can feel safe<br/>put your love in writing <br/>fold it in a paper airplane<br/>send it send it off <br/>blindly<br/>leave it where it lands<br/>in my hands <br/>leave it where it lands<br/>in my hands <br/>leave it where it lands<br/>in my hands <br/>in my hands<br/>you never get it right<br/>always stepping on my pride<br/>you need an answer<br/>you need a home<br/>watch my reaction<br/>when you pull me close<br/>tell me tell me<br/>what you want<br/>put my love in sketches <br/>fold them in a paper airplane<br/>send it send it off<br/>blindly<br/>leave it where it lands<br/>in your hands <br/>leave it where it lands<br/>in your hands <br/>leave it where it lands<br/>in your hands <br/>in your hands<br/>in your hands <br/>in your hands<br/>take a walk with me <br/>hand in hand<br/>we'll be alright<br/>we'll be alright<br/>take a walk with me <br/>hand in hand<br/>we'll be alright<br/>we'll be just fine<br/>take a walk with me <br/>hand in hand<br/>we'll be alright<br/>we'll be alright<br/>take a walk with me <br/>hand in hand<br/>we'll be alright<br/>we'll be just fine<br/>
"
1636,Lost…,Matilda Rose (마틸다 로즈)Matilda Rose (마틸다 로즈),사계(The Four Seasons),7,<dd>2019.11.22</dd>,"I was once in love<br/>Like dive into deep<br/>and deep blue sea<br/>The whole world looked beautiful<br/>I felt like walking on the clouds<br/>I did not breath well<br/>My heart was going to burst<br/>Yes I was crazy<br/>I was crazy about you<br/>Right I was your prisoner<br/>You were the only one in my head<br/>Right I was your prisoner<br/>I was all you had in my heart<br/>Um-<br/>I do not love anyone anymore<br/>I swam out of the deep blue sea<br/>The whole world looked cold<br/>Wherever I walked I made a sigh<br/>Right I was your prisoner<br/>You were the only one in my head<br/>Right I was your prisoner<br/>I was all you had in my heart<br/>The pouring starlight<br/>The beautiful moonlight<br/>And the warmth of the wind<br/>is no longer for us<br/>The pouring starlight<br/>The beautiful moonlight<br/>And the warmth of the wind<br/>is no longer for us<br/>Now we are do not love anymore<br/>Now we are do not love anymore<br/>
"
1637,길을 걷다(with민주),이상수이상수,길을 걷다(with민주),16,<dd>2019.11.22</dd>,"우연이라는 우리<br/>처음 만난 그 순간들이<br/>인연이 되고<br/>2년이라는 우리<br/>사랑한 그 시간들이<br/>운명이 되어<br/>평생이라는 우리<br/>살아갈 그 먼길들도<br/>너 나와 함께 가주겟니<br/>같은 곳을 바라보고<br/>같은 길을 손꼭잡고 걷자<br/>길을 걷다<br/>네가 힘들때면 내 어깨에 기대고<br/>네가 슬플때면 내 품에 안겨울다<br/>네가 기쁠때면 사랑한다 해줄래<br/>혹시 내가 길을 헤멜때면<br/>내 손 꼭잡고 나를 안아줄래<br/>그렇게 살아가고<br/>그렇게 사랑하자 우리<br/>평생이라는 우리<br/>살아갈 그 먼길들도<br/>너 나와 함께 가주겟니<br/>같은 곳을 바라보고<br/>같은 길을 손꼭잡고 걷자<br/>길을 걷다 혹시 비가 오면<br/>네 우산이 되주고<br/>어두운 밤이 오면 네 등불이 되줄께<br/>햇살 밝은날엔 사랑한다 해줄래<br/>혹시 서로 길을 잃었을땐<br/>두손 잡았던 지금을 기억하자<br/>지금을 잊지말고<br/>지금처럼 사랑하자 우리<br/>사랑할께<br/>배불뚝 아줌마 되도 사랑할께<br/>꼬부랑 할머니 되도 널 사랑할께<br/>이 길 끝나는 날까지 널 사랑할께<br/>혹시 우리 이길 끝날때쯤<br/>그땐 웃으며 내게 말해줄래<br/>너무 행복했었다고<br/>너무 사랑했었다고 우리<br/>
"
1638,중년남자,곤 (GON)곤 (GON),중년남자,19,<dd>2019.11.22</dd>,"너를 한번쯤은 <br/>스친 듯이 만날 거라는 <br/>그런 마음 이미 잊었다 <br/>바람 불고 비내리는 날이 <br/>몇 번 지나고 <br/>그래 나는 너를 잊었다 <br/>지난 밤길을 홀로 걷다가 <br/>그저 한 잔 술에 젖어 버렸어 <br/>희미한 불빛에 똑같은 거리에 <br/>갈 길이 흐려져 헤맬 뿐이지 <br/>너의 웃음이 너의 눈물이 <br/>비를 따라 흘러가는데 <br/>가슴에 새겨진 희미한 흉터만 <br/>이제 내게 남아 있을 뿐 <br/>낙엽 굴러가듯 <br/>마음 속에 쌓인 기억도 <br/>추억이라 할 수 있을까 <br/>걸은 거리만큼 <br/>더 먼 길을 다시 걸으면 <br/>그때 우리 웃을 수 있을까 <br/>사랑이란 건 부질 없다고 <br/>그저 한 번 속아 두 번 주는 것 <br/>오래전 그날의 아득한 얘기만 <br/>가로등 불빛에 어릴 뿐이지 <br/>너의 웃음이 너의 눈물이 <br/>비를 따라 흘러가는데 <br/>가슴에 새겨진 희미한 흉터만 <br/>이제 내게 남아 있을 뿐 <br/>사랑이란 건 부질 없다고 <br/>그저 한 번 속아 두 번 주는 것 <br/>오래전 그날의 아득한 얘기만 <br/>가로등 불빛에 어릴 뿐이지 <br/>너의 웃음이 너의 눈물이 <br/>비를 따라 흘러가는데 <br/>가슴에 새겨진 희미한 흉터만 <br/>이제 내게 남아 있을 뿐 <br/>이제 내게 남아 있을 뿐<br/>
"
1639,My Friend,선묵선묵,My Friend,63,<dd>2019.11.22</dd>,"내 품에 한껏 안긴채<br/>얼굴을 부벼대는 너<br/>단 한번도 변한적 없네<br/>그런 너를 보면 행복해져<br/>너와 자주 걷던 동네<br/>넌 항상 앞서 걸었지<br/>이제는 날 배려하나봐<br/>내가 힘들까봐 숨을 고르는 척<br/>한다고 믿고 싶은데<br/>점점 약해지는 너를<br/>다 알고 있지만 가만히<br/>네 곁을 지킬게<br/>문을 열면 날 반기던<br/>얼굴을 부벼대던 너<br/>언제나 한결같던 넌데<br/>요즘따라 너는 내게 토라진 듯<br/>문을 열어도 모른척<br/>괜히 장난치는 건지<br/>들리지않는 척 자는 척<br/>한다고 믿고 싶은데<br/>넌 곧 멀리 떠날거같아<br/>내 품에 한껏 안긴 채<br/>얼굴을 부벼대는 너<br/>단 한번도 변한적 없던<br/>그런 너는 내게 선물인 걸<br/>문을 열면 날 반기던<br/>까만색 눈동잔 이제<br/>이제는 깊은잠에 빠진<br/>네 곁을 지킬게<br/>My friend<br/>
"
1640,손을 잡아줘,동우동우,I'm,33,<dd>2019.11.22</dd>,"꿈이라는건 마치 촛불같아서<br/>어두운 내 길 위를 밝히고<br/>시간이 지나 세상이란 바람이<br/>촛불을 하나 둘씩 꺼트려<br/>어느샌가 한치 앞도<br/>보이지 않았고<br/>잡고있던 손조차<br/>모두 놓고 말았네<br/>이제 어디로<br/>이제 어디로<br/>왜 내 세상은<br/>나를 몰아 세우는지<br/>왜 내 마음은<br/>이다지도 연약한지<br/>내게 알려줘<br/>누가 대답해줘<br/>듣고 있다면<br/>어느샌가 한치 앞도<br/>보이지 않았고<br/>잡고있던 손조차<br/>모두 놓고 말았네<br/>이제 어디로<br/>이제 어디로<br/>왜 내 세상은<br/>나를 몰아 세우는지<br/>왜 내 마음은<br/>이다지도 연약한지<br/>내게 알려줘<br/>누가 대답해줘<br/>듣고있다면<br/>왜 이 세상은<br/>내게 이토록 차가운지<br/>왜 이 모든게<br/>나를 비참하게 하는지<br/>내게 알려줘<br/>제발 대답해줘<br/>듣고있다면<br/>손을 잡아줘<br/>
"
1641,이 노래의 끝이 슬픔이 아니었으면 (with HYEEUN),HumnyHumny,이 노래의 끝이 슬픔이 아니었으면 (With HYEEUN),102,<dd>2019.11.22</dd>,"어디서부터 내 맘 <br/>전해야할지 몰라서 <br/>한참을 고민하다 하얀 종이 위에 <br/>그냥 몇 글자 적어보네요<br/>이 몇 마디 말로는<br/>내 맘 다 담지 못해서 <br/>멍하니 바라만 보다 결국 접어두죠<br/>그렇게 하나 둘씩 쌓인 마음이 이내<br/>날 한가득 채우고<br/>혹여나 넘쳐버릴까 겁나 <br/>맘 졸이던 날들에 부서진 달 감싸 안으면<br/>휑하니 텅 빈 마음에 가려져<br/>아무것도 하지 못하던 내게 <br/>따스한 봄처럼 나를 피웠죠<br/>이런 내 맘 그댄 알까요<br/>어렴풋이 느껴진 바람에 내 마음을<br/>살며시 담아보려다<br/>홀로 너무도 많이 앞서가 <br/>초라히 흐느끼며 고개숙인 나만 남을까<br/>휑하니 텅 빈 마음에 가려져<br/>아무것도 하지 못하던 내게 <br/>따스한 봄처럼 나를 피웠죠<br/>이런 내 맘 그대는 아나요<br/>한 걸음이라도 다가갔다면<br/>내 맘 알아 손 잡아주었을까요<br/>혼자 생각함이 너무도 버거워<br/>이런 맘 전해도 될까요<br/>이렇게 내 마음을<br/>
"
1642,내 마음의 바다 (Vocal 지홍),깊이깊이,내 마음의 바다,19,<dd>2019.11.22</dd>,"살며시 불어와 내 마음을 적시는<br/>언젠가 내게도 올 거라 믿었던<br/>그 마음의 동요<br/>아득하게 펼쳐진 하늘 아래 고요한<br/>귓가에 맴도는 작고 소중한<br/>그 순간의 떨림 내 마음의 바다<br/>속삭이는 파도에 귀를 기울여<br/>눈을 감고 흐르는 나의 시간<br/>나를 들여다 본다<br/>내 마음을 들어 본다<br/>잔잔해져 가는 나의 바다가<br/>나를 들여다 본다<br/>살며시 다가가 조심스레 담아본<br/>잔잔한 바다에 넘치듯<br/>커다란 그 마음의 동요<br/>아득하게 펼쳐진 태양 아래 빛나는<br/>귓가에 맴도는 작고 소중한<br/>그 순간의 떨림 내 마음의 바다<br/>나를 들여다 본다<br/>내 마음을 들어 본다<br/>잔잔해져 가는 나의 바다가<br/>나를 들여다 본다<br/>
"
1643,갈림길,화노화노,갈림길,4,<dd>2019.11.22</dd>,"아직은 찬 공기가 내 뺨을 스치는 밤<br/>니가 내게 건넨 말도<br/>차갑던 날 그 밤<br/>얼마나 더 걸어야<br/>이 길의 끝이 보일지<br/>얼마나 더 울어야<br/>난 널 잊을 수 있을지<br/>이젠 내가 아닌<br/>다른 사람과 같은 곳을 보며<br/>서로 다른 길에 서서<br/>가끔씩 추억하는 우리가 되겠지<br/>이 길위에 모든 것도<br/>날 비웃던 밤 그 날<br/>얼마나 더 울어야<br/>난 널 잊을 수 있을지<br/>이젠 내가 아닌<br/>다른 사람과 같은 곳을 보며<br/>서로 다른 길에 서서<br/>가끔씩 추억하는 우리가 되겠지<br/>변해버린 널 봤을 때<br/>울지도 못 했었어<br/>너와 함께 그린 그 하루하루를<br/>이제 다 지워 보려해<br/>이젠 내가 아닌 다른 사람과<br/>같은 곳을 보며<br/>서로 다른 길에 서서<br/>가끔씩 추억하는 우리가 되겠지<br/>
"
1644,사랑한다는 말 대신,이즈유 (isYou)이즈유 (isYou),모두 다 쿵따리 OST Part 19,6,<dd>2019.11.22</dd>,"언제나 내게 손을 내밀어주며<br/>항상 내편이 되어준 당신에게<br/>수많은 계절 함께 보낸 시간이 <br/>정말 많이도 흘러갔네요 <br/>당신의 손을 잡고<br/>몇번의 벚꽃이 지고 피어나고<br/>마주 잡은 두 손 위 주름 깊어져도<br/>사랑한다는 말 대신<br/>고맙다는 말 더 많이 할게요<br/>많이도 달랐던 우리 <br/>이제 닮아있는건<br/>다 당신의 덕분이랍니다<br/>비바람 치고 넘어져 지쳐가며<br/>우리 힘들게 버티며 살아왔죠<br/>그럴때마다 주저 앉아 있었던<br/>나를 항상 꼭 안아주었죠<br/>당신의 품 가득히<br/>몇번의 햇살이 밝게 뜨고 지며<br/>마주 보던 눈가 위 주름 깊어져도 <br/>사랑한다는 말 대신<br/>고맙다는 말 더 많이 할게요<br/>많이도 달랐던 우리 <br/>이제 닮아있는건<br/>다 당신의 덕분이랍니다<br/>언젠가 세상이 끝이난대도<br/>당신 옆에 있을게요 <br/>사랑한다는 말 대신<br/>고맙다는 말 더 많이 할게요<br/>많이도 달랐던 우리 <br/>이제 닮아있는건<br/>다 당신의 덕분이랍니다<br/>모두 당신의 덕분이랍니다<br/>
"
1645,사랑해 (Vocal. 경은),FM43FM43,사랑해,5,<dd>2019.11.22</dd>,"그대를 만나<br/>사랑을 하고<br/>함께했던 추억들이<br/>사랑해 그대만을<br/>너보다 더 사랑해<br/>우리의 소중한 꿈<br/>그대가 함께여서<br/>한 동안 우리 잊고 있었죠<br/>그대와 나<br/>소중한 우리 만남<br/>질투가 맞죠<br/>늘 바쁜 그대가<br/>이해해요 다<br/>날 위한 걸<br/>그대 미안해요<br/>오해해서 그대를<br/>사랑해 그대만을<br/>너보다 더 사랑해<br/>우리의 소중한 꿈<br/>그대가 함께여서<br/>그대 없는 이 순간<br/>나 너무 그대 보고 싶어 정말<br/>사랑해 그대만을<br/>너보다 더 사랑해<br/>우리의 소중한 꿈<br/>그대가 함께여서<br/>사랑해 그대만을<br/>너보다 더 사랑해<br/>우리의 소중한 꿈<br/>그대가 함께여서<br/>
"
1646,고백 하루전 (With 이혜민),르미에르미에,고백 하루전,57,<dd>2019.11.22</dd>,"나만 좋아하는데<br/>넌 아무 말 없는데<br/>나만 기다리는데<br/>너의 뒤에 서서<br/>바라보고 난 있는데<br/>넌 아무 말 없는데<br/>마지못해 참아왔던 말이<br/>너를 찾아가서<br/>부담주기엔 너무 싫었어<br/>함께했던 지난 나의 착각들<br/>이젠 모두 다 끝내려는데<br/>아무렇지 않았던 행복했던<br/>너의 말 한마디에도 설렜던<br/>아무런 이유 없던 그때로<br/>아무렇지 않은 너의 옆에서<br/>담담한 척 하기에<br/>지친 나는 이젠 정말<br/>마지못해 참아왔던 말이<br/>너를 찾아가서<br/>부담주기엔 너무 싫었어<br/>함께했던 지난 나의 착각들<br/>이젠 모두 다 끝내려는데<br/>아무렇지 않았던 행복했던<br/>너의 말 한마디에도 설렜던<br/>아무런 이유 없던 그때로<br/>아무렇지 않은 너의 옆에서<br/>담담한 척 하기에<br/>지친 나는 이젠 정말<br/>하고 싶은 말을 할수록<br/>점점 멀어지는데<br/>내일이면 친구라는 핑계로<br/>같이 아무것도 난 할 수가 없잖아<br/>아무렇지 않았던 행복했던<br/>너의 말 한마디에도 설렜던<br/>아무런 이유 없던 그때로<br/>아무렇지 않은 너의 옆에서<br/>담담한 척 하기에<br/>지친 나는 이젠 정말<br/>
"
1647,지금보다 조금 (Feat. 이원),어쿠스틱 멜로디 (Acoustic Melody)어쿠스틱 멜로디 (Acoustic Melody),지금보다 조금,40,<dd>2019.11.22</dd>,"니가 떠날까봐 <br/>너없는 하루를 살 까봐<br/>떠나는 널 <br/>볼 자신이 없어<br/>네 마음 알고도 <br/>말하지 못한 게 많았던 <br/>그때로 돌아가고 싶어<br/>니가 없는 시간이 <br/>너무 두려워<br/>아무말 못하고 아파해야 했던<br/>외로워도 그땐 <br/>내 옆에 네가 있을땐<br/>버틸 수 있었어 <br/>지금 보다 조금<br/>하루를 버티면 <br/>다시 또 하루를 살아<br/>너 없이도 괜찮을 거라고<br/>차리리 우리둘 <br/>서로를 모르고 살았던 <br/>그 때로 돌아 가고 싶어 <br/>니가 없는 시간이 <br/>너무 두려워<br/>아무말 못하고 아파해야 했던<br/>외로워도 그땐 <br/>내 옆에 네가 있을땐<br/>버틸 수 있었어 <br/>지금 보다 조금<br/>널 원망해봐도<br/>널 미워해봐도<br/>잊을 자신이 없어<br/>네가 없는 시간이 <br/>너무 두려워<br/>아무말 못하고 아파해야 했던<br/>외로워도 그땐 <br/>내 옆에 네가 있을땐<br/>버틸 수 있었어 <br/>지금 보다 조금<br/>버티고 싶었어<br/>
"
1648,I Think About You,진신 (RAOCHENCHEN)진신 (RAOCHENCHEN),I Think About You,1,<dd>2019.11.22</dd>,"내가 왜 이러는지 <br/>잘 모르겠어요 <br/>온종일 나 그대 생각에 빠져 <br/>헤어나오지 못한 체 하루를 보냈죠<br/>그댈 바라보면 내 맘은 떨려요 <br/>가슴이 쿵 심장은 콩닥대죠<br/>애써 부정해도 사랑에 빠졌나 봐요 <br/>I think about you <br/>I think about us <br/>I think about love <br/>I think i wanna <br/>fall in love with you <br/>너와 내가 함께 한다면<br/>이 세상 그 무엇도 두렵지 않아<br/>I think about you <br/>I think about us <br/>I think i wanna <br/>fall in love with you <br/>너와 내가 함께 한다면<br/>이 세상 모든 게 환하게만 보여<br/>사랑인가봐요 그댈 향한 내 맘<br/>감춰봐도 자꾸만 커져가죠<br/>혹시 그대 맘도 내 맘과 같은 건가요<br/>I think about you <br/>I think about us <br/>I think about love<br/>I think i wanna <br/>fall in love with you <br/>너와 내가 함께 한다면<br/>이 세상 그 무엇도 두렵지 않아<br/>I think about you <br/>I think about us <br/>I think i wanna <br/>fall in love with you <br/>너와 내가 함께 한다면<br/>이 세상 모든 게 환하게만 보여<br/>이런 감정 너무 오랜만이라<br/>당황스럽지만<br/>기분 좋은 느낌 왠지 설레는 이 느낌<br/>I think about you <br/>I think about us <br/>I think about love <br/>I think i wanna <br/>fall in love with you <br/>너와 내가 함께 한다면<br/>이 세상 그 무엇도 두렵지 않아<br/>I think about you <br/>I think about us <br/>I think i wanna <br/>fall in love with you <br/>너와 내가 함께 한다면<br/>이 세상 모든 게 환하게만 보여<br/>Love Love you<br/>
"
1649,변했어,디에이드 (The Ade)디에이드 (The Ade),사랑론,"2,754",<dd>2019.11.21</dd>,"너 참 변했어<br/>점점 더 말이 없어져<br/>나만 알던 너의 눈엔<br/>이젠 내가 안 보여<br/>왜 날 피하는데<br/>바빠진 거 아는데<br/>언제부턴가 네 일들이<br/>나보다 더 중요해진 것만 같아서<br/>나를 바라보던 눈빛이 변했어<br/>나를 안아주던 포근했던 네 품이<br/>다 변했어 달라졌어<br/>나를 불러주던 따뜻한 목소리가<br/>언젠지 기억이 안 나<br/>바보처럼 나만 알던 네가 그리워<br/>내 손 꼭 잡고<br/>어디든 함께 다니던<br/>참 서툴러도 설레었던<br/>그날들이 좋았어<br/>영원이란 건<br/>없다는 걸 알지만<br/>언제부턴가 네 옆의 내가<br/>너무나 당연해진 것만 같아서<br/>나를 바라보던 눈빛이 변했어<br/>나를 안아주던 포근했던 네 품이<br/>다 변했어 달라졌어<br/>나를 불러주던 따뜻한 목소리가<br/>언젠지 기억이 안 나<br/>바보처럼 나만 사랑했던<br/>둘만으로 세상이 가득했던<br/>사랑 하나로 충분했던<br/>그때의 우리가 부러워<br/>나만 사랑한단 약속도 변했어<br/>내가 그렇게도 믿어왔던 모든 게<br/>다 변했어 다 끝났어<br/>다시 돌아갈 수 없는 그때 우리가<br/>너무나 그리워도<br/>이젠 나 너를 놓아줘야 하나 봐<br/>
"
1650,아프고 아파 (feat. 묘수),연애세포연애세포,아프고 아파,123,<dd>2019.11.21</dd>,"어두워진 골목을 걷는다 <br/>가로등불 그 아래 <br/>무거워진 발걸음 이끌고 <br/>터덜터덜 걷는다 <br/>이별이란 비참한거야 <br/>남겨져버린 사람에겐 <br/>작은 웃음도 허락되지 않잖아 <br/>아프고 아파 어떻게 살아 <br/>처음처럼 지금도 아파 <br/>시간가면 괜찮아질거라 <br/>내 생각이 틀렸잖아 <br/>애써 참았던 눈물이 흘러 <br/>오늘은 더 보고싶어 <br/>사랑이 있어 나 행복했어 <br/>그 시간이 그리워져 돌아와줘 <br/>어딜가야 할지를 몰라서 <br/>촛점없는 눈동자 <br/>기댈 곳이 없어져 버려서 <br/>하염없이 공허해 <br/>너와 내가 웃고 울었던 <br/>아름다웠던 사랑인데 <br/>끝낼 수 없어 너를 놓지 못해 난 <br/>아프고 아파 어떻게 살아 <br/>처음처럼 지금도 아파 <br/>시간가면 괜찮아질거라 <br/>내 생각이 틀렸잖아 <br/>애써 참았던 눈물이 흘러 <br/>오늘은 더 보고싶어 <br/>사랑이 있어 나 행복했어 <br/>그 시간이 그리워져 돌아와줘 <br/>아프고 아파 어떻게 살아<br/>처음처럼 지금도 아파<br/>시간가면 괜찮아질거라<br/>내 생각이 틀렸잖아<br/>애써 참았던 눈물이 흘러<br/>오늘은 더 보고싶어<br/>사랑이 있어 나 행복했어<br/>그 시간이 그리워져 돌아와줘<br/>
"
