3601,그래도 그대를 사랑하는 일은,폴린딜드 (Fallin` Dild)폴린딜드 (Fallin` Dild),그래도 그대를 사랑하는 일은,147,<dd>2019.07.26</dd>,"그대는 행복한가요 <br/>우리는 행복할까요 <br/>사실 나는 말이에요 <br/>행복해지려 사는 게 아니에요 <br/>그럼 왜 사냐고 물으면 <br/>내가 무슨 말을 할까요 <br/>그대는 알고 있나요 <br/>나는 모르는 것이 너무 많아요 <br/>그래도 그대를 사랑하는 일은 <br/>포기하지 않을 거예요 <br/>그래도 그대를 사랑하는 일은 <br/>포기하지 않을 거예요 <br/>걱정하지 말아요 <br/>시간이 흐르고 나면 <br/>흐릿하던 많은 것들은 <br/>우리를 위해 선명해져요 <br/>그렇지 않더라도 <br/>때로 흘러가는 시간은 <br/>어머니의 약손처럼 <br/>우리를 치유해 줄 거예요 <br/>그래도 그대를 사랑하는 일은 <br/>포기하지 않을 거예요 <br/>그래도 그대를 사랑하는 일은 <br/>포기하지 않을 거예요 <br/>그래도 그대를 사랑하는 일은<br/>포기하지 않을 거예요<br/>걱정하지 말아요<br/>시간이 흐르고 나면<br/>흐릿하던 많은 것들은<br/>우리를 위해 선명해져요<br/>
"
3602,널 많이 사랑했던 게,비비안 (BBAHN)비비안 (BBAHN),널 많이 사랑했던 게,155,<dd>2019.07.26</dd>,"우리가 사랑을 하고 이별을 하고 <br/>이렇게 남이 되고<br/>나 처음엔 견딜만 했어 <br/>잘 지낼 것 같았어 그런데 아니야<br/>너와 나 사랑을 하고 또 서로를 믿고 <br/>그렇게 좋았는데<br/>이별앞에 서 있는 나 <br/>아무것도 할수가 없어 <br/>한 없이 초라해 <br/>널 많이 사랑했던 게 너무나 후회 돼 <br/>너같은 사람 다시 만나 <br/>사랑할 수가 있을까<br/>너와의 기억을 모두 지울 수가 있다면 <br/>깨끗하게 지울래<br/>짓밟힌 내안의 사랑 난 견딜 수 없어 <br/>이렇게 많이 아파<br/>너와 내가 바랬었던 사랑지나 <br/>뒤돌아 가야 하는게 힘들어<br/>널 많이 사랑했던 게 너무나 후회 돼 <br/>너같은 사람 다시 만나 <br/>사랑할 수가 있을까<br/>너와의 기억을 모두 지울 수가 있다면 <br/>깨끗하게 지울래<br/>왜 사랑을 했을까 <br/>그렇게 너만 바라만 보던 내가 미워<br/>널 많이 사랑했던 게 너무나 후회 돼 <br/>너같은 사람 다시 만나 <br/>사랑할 수가 있을까<br/>너와의 기억을 모두 지울 수가 있다면 <br/>깨끗하게 지울래<br/>
"
3603,The Water Is Wide,김유경김유경,Songs Of The World Part.19,1,<dd>2019.07.26</dd>,가사가 없습니다
3604,비가 와 (Rainy Day) (Feat. 그루비디 (GROOVY.D)),젠 (ZEN)젠 (ZEN),비가 와 (Rainy Day) – WITH PIANO,111,<dd>2019.07.26</dd>,"비가 와 우산 챙겨야지<br/>걱정하던 네 목소리<br/>기억나 넌 뭐가 그렇게<br/>걱정거리가 많았는지<br/>그땐 몰랐는데<br/>그게 좋았나 봐<br/>비가 와 지난 그날처럼<br/>잊어가던 날 또 두드린다<br/>미안해 차마 못 했던 말<br/>몇 번을 또 되뇌어본다<br/>빗속에<br/>빗소리에<br/>너에게<br/>비가 와 우울한 내 맘을<br/>다 아는 듯 울어준다<br/>지나간 시간 나무라듯<br/>사정없이 내려온다<br/>비가 와 지난 그날처럼<br/>잊어가던 날 또 두드린다<br/>미안해 차마 못 했던 말<br/>몇 번을 또 되뇌어본다<br/>빗속에<br/>빗소리에<br/>너에게<br/>닿을까<br/>빗속에<br/>빗소리에<br/>너에게<br/>닿을까<br/>
"
3605,슬프지 않은 노래 (Feat. 이요셉 Piano Only),FM43FM43,슬프지 않은 노래 (Piano Only),8,<dd>2019.07.26</dd>,"슬프지 않은 노래 불러<br/>웃고 싶어 노래를 불러<br/>생각해 보면 우리는 <br/>웃고 싶어서 만나<br/><br/>웃고 싶어 노래를 불러 보고 <br/>웃고 싶어 노래를 하고<br/><br/>헤어진 너의 남자 친구<br/>다시 만나는 거 다 알아<br/>하지만 난 모르체 할거야<br/><br/>울지 않을게 웃지 않을게<br/>슬프지도 않을 노래 부르지 않아<br/>울지 않을게 웃지 않을거야<br/>그냥 이렇게 불러<br/><br/>일년하고 반을 만났어 우리<br/>딴 생각만 하고 있는 너 <br/><br/>헤어진 너의 남자 친구<br/>다시 만나는 거 다 알아<br/>하지만 난 모른체 할거야<br/><br/>울지 않을게 웃지 않을게<br/>슬프지도 않을 노래 부르지 않아<br/>울지 않을게 웃지 않을거야 <br/>그냥 이렇게 불러
					"
3606,슬프지 않은 노래 (Feat. 이요셉 Piano),FM43FM43,슬프지 않은 노래 (Piano),7,<dd>2019.07.26</dd>,가사가 없습니다
3607,장마,이틀밤 (2night)이틀밤 (2night),장마,73,<dd>2019.07.26</dd>,"먹먹한 하늘 아래<br/>빗방울은 떨어지고<br/>우산 없이 길을 잃은 내 모습이<br/>잠시 스쳐 지나가는<br/>소나기인 줄만 알았는데<br/>아무리 기다리고 피해봐도<br/>그치지 않는 이 비가<br/>한참을 그렇게 쏟아져내리다<br/>나를 흠뻑 적신 채로<br/>결국 내 마음도 함께 울게 했다<br/>잠시 지나가는<br/>소나기인 줄만 알았는데<br/>아무리 기다리고 피해봐도<br/>그치지 않는 이 비가<br/>한참을 그렇게 쏟아져내리다<br/>나를 흠뻑 적신 채로<br/>결국 내 마음도 함께 <br/>나에게 네가 유일한 우산이었음<br/>
"
3608,"너의 노을이 (Feat. 김성령, leeJoys)",싱어스 (SINGUS)싱어스 (SINGUS),SINGURSTORY.4,8,<dd>2019.07.26</dd>,"아주 작은 시골 마을에<br/>별을 보고 노래하는 너 소녀야<br/>어젯밤은 무슨 꿈을 꾸었니<br/>땅거미 진 어두운 밤에<br/>너의 길이 보이지 않아도<br/>감출 수 없는 너의 색깔이<br/>내 하늘을 물들여<br/>너 아팠던 만큼 난 더 깊이 물들어<br/>깊은 상처도 언젠가는 아물어<br/>더 아름답게 행복하게 살아갈 거야<br/>누구도 네 인생을<br/>대신 살아주지는 않아<br/>잠시 멈춰서 가만히 두 눈을 감아<br/>가슴속에서 외치는<br/>소리에 귀 기울여봐<br/>두려워 말아 한 번 더 용기 내봐<br/>구름처럼 지나간 시간은<br/>이제 다시 돌아오지 않아<br/>어둠 속에도 가장 빛나게<br/>후회가 남지 못하게 살아<br/>
"
3609,Repeat,Okho (오코)Okho (오코),Repeat,20,<dd>2019.07.26</dd>,"어딘지조차 모를 만큼<br/>쫓기다 보면 벼랑 끝<br/>제자리만 돌다 닿는 꼭짓점들엔<br/>별자리도 안 보이지만<br/>계속 돌아요 바보처럼<br/>누가 시켰는지<br/>모를 숙제는 영원하고<br/>내 어두운 욕심도 버리지 못해<br/>제자리만 계속 돌아요<br/>내 맘처럼 비좁은 침대에 누워<br/>까마득함에 몸을 숨겨요<br/>사실 이대로 난 좋아요<br/>이제 그만 쉬고 싶어요<br/>계속 돌아요 더 이대로도 난 좋은데<br/>감정 없는 시선들로 가득한 이곳엔<br/>어차피 내 자리는<br/>여기까지 또 그렇듯 익숙하죠<br/>겨우 내 맘 감싸줄 침대에 누워<br/>비집고 들어온 생각에 잠겨요<br/>사실 이대로 난 좋아요<br/>이제 그만 웃고 싶어요<br/>계속 돌아요 더 멈추지 않아요<br/>이대로도 난 좋은데<br/>이제 그만 쉬고 싶어요<br/>계속 돌아요 더 멈추지 말래요<br/>I've been looking<br/>for the faded happiness<br/>And i don't even know who i am<br/>
"
3610,너에게 미치다,김소년김소년,너에게 미치다,27,<dd>2019.07.26</dd>,"너에게 빠져든다<br/>하나 둘씩 물들어간다<br/>다시는 사랑 같은 거<br/>하기 싫었는데 음<br/>안 보이게 눈을 감아도<br/>안 들리게 귀를 막아도<br/>네 얼굴 네 목소리<br/>하루 종일 맴돌아서 나 미치겠다<br/>처음이 아니잖아<br/>이런 감정 이런 설렘이<br/>왜 가슴이 뛰고 왜 궁금해지고<br/>너는 지금 뭐 할까<br/>숨겨도 들키잖아<br/>나의 눈이 부푼 내 가슴이<br/>늘 눈길이 가고<br/>네 생각 만나고 너는 지금 어디에<br/>지난 사랑에 깊이 베인 상처를<br/>아물게 해준 넌 내 사랑이야<br/>내 전부를 다 걸 사람<br/>너에게 빠져든다<br/>하나 둘씩 물들어간다<br/>다시는 사랑 같은 거<br/>하기 싫었는데 음<br/>안 보이게 눈을 감아도<br/>안 들리게 귀를 막아도<br/>네 얼굴 네 목소리<br/>하루 종일 맴돌아서 나 미치겠다<br/>슬픔이 아니잖아<br/>두 눈 가득 고인 눈물은<br/>행복이 넘쳐도<br/>눈물은 나나 봐 너는 지금 어디에<br/>지난 사랑에 깊이 베인 상처를<br/>아물게 해준 넌 내 사랑이야<br/>내 전부를 다 걸사람<br/>너에게 빠져든다<br/>하나 둘씩 물들어간다<br/>다시는 사랑 같은 거<br/>하기 싫었는데 음<br/>안 보이게 눈을 감아도<br/>안 들리게 귀를 막아도<br/>네 얼굴 네 목소리<br/>하루 종일 맴돌아서 나 미치겠다<br/>너에게 달려간다<br/>내 마음을 고백해 본다<br/>너무나도 서툴러 늘 미뤄왔는데<br/>안 보이면 보고 싶어서<br/>안 들리면 듣고 싶어서<br/>네 얼굴 네 목소리<br/>하루 종일 곁에 있어줘 널 사랑해<br/>
"
3611,그리움,이재백이재백,그리움,2,<dd>2019.07.26</dd>,"늦은밤 거리를 거닐며<br/>널 집으로 데려다 주었지<br/>하고 싶은 말이 많아서<br/>끊지않던 전화기에 참 행복했었어<br/>너와 찍은 사진 너와 걷던 거리<br/>이제는 추억이 되버렸지만<br/>너를 붙잡기엔 너무 늦었나봐<br/>나의 마지막 나의 전부였는데<br/>우리 함께 걸어왔던 시간들<br/>너는 기억 하고있을까<br/>비록 곁에 없지만<br/>비록 곁에 없지만<br/>난 아직 너의 곁에있어<br/>너와 찍은 사진 너와 걷던 거리<br/>이제는 추억이 되버렸지만<br/>너를 붙잡기엔 너무 늦었나봐<br/>나의 마지막 나의 전부였는데<br/>우리 함께 걸어왔던 시간들<br/>너는 기억 하고있을까<br/>비록 곁에 없지만<br/>비록 곁에 없지만<br/>난 아직 너의 곁에있어<br/>한번쯤은 너도<br/>날 생각하니<br/>난 아직도 널 잊지못하는데<br/>혹시 한번쯤은 너도<br/>뒤돌아 볼까봐<br/>작은 희망에 기대어본다<br/>우리 함께 걸어왔던 시간들<br/>너는 기억 하고있을까<br/>비록 곁에 없지만<br/>비록 곁에 없지만<br/>난 아직 너의 곁에 있어<br/>
"
3612,그게 너였어,정동하정동하,그게 너였어,"3,857",<dd>2019.07.25</dd>,"내 맘에 닿을 듯 말 듯이<br/>순간 스치듯<br/>내 안에 들어온 너<br/>햇살만큼이나 따뜻했어<br/>너의 눈물도<br/>네 손도 따뜻했지<br/>마치 이 순간이<br/>내 마지막인 것처럼<br/>이 모든 순간은 너야<br/>Every day Every night<br/>마주치는 끌림이 좋아<br/>나를 부르는 너의 미소가 좋아<br/>I am your destiny<br/>Feeling you My heart is you<br/>아주 멀고 먼 시간 너머<br/>마치 우주에서 내게 온 것만 같은<br/>모든 순간은 너야<br/>날 보는 너의 눈에 떨림<br/>말은 안 해도<br/>나는 다 알 것 같아<br/>때로는 기쁘기도 하고<br/>아프기도 한<br/>그런 사랑이잖아<br/>찰나의 그 느낌으로<br/>나를 웃게 만드는 너<br/>그 찡한 이유는 뭐야<br/>Every day Every night<br/>마주치는 끌림이 좋아<br/>나를 부르는 너의 미소가 좋아<br/>I am your destiny<br/>네가 있는 곳으로 여행을 떠날래<br/>너란 신비의 우주<br/>그 깊고 푸른 그곳으로<br/>Every day Every night<br/>마주치는 끌림이 좋아<br/>나를 부르는 너의 미소가 좋아<br/>I am your destiny<br/>Feeling you My heart is you<br/>아주 멀고 먼 시간 너머<br/>마치 우주에서 내게 온 것만 같은<br/>모든 순간은 너야<br/>너였어<br/>너였어<br/>
"
3613,낯선 계절이와,정한정한,낯선 계절이와,188,<dd>2019.07.25</dd>,"툭 스치는 비처럼 몰래 날 두드린 감정<br/>소리조차 없이 스며 들었었나 봐<br/>자꾸만 네가 생각 나<br/>문득 낯선 계절이 와 <br/>말없이 나를 흔들어 와<br/>바람처럼 내게 불어오는 네가<br/>그저 착각일까<br/>처음 본 낯선 어느 거리 속에<br/>홀로 서 있는 것 같아<br/>이 감정이 뭔지 내겐 어렵기만 해<br/>아직 헤매고 있어 난<br/>문득 낯선 계절이 와 <br/>말없이 나를 흔들어 와<br/>바람처럼 내게 불어오는 네가<br/>그저 착각일까<br/>혼란스러운 시간들이 <br/>마냥 싫진 않아<br/>알게 해 줘 제발 <br/>이 계절의 이름을<br/>여전히 모르겠어<br/>내 착각일까<br/>빗물처럼 내게 젖어 드는 네가<br/>그저 착각일까<br/>문득 낯선 계절이 와 <br/>말없이 나를 흔들어 와<br/>바람처럼 내게 불어오는 네가<br/>그저 착각일까<br/>그저 착각일까 <br/>너란 계절이 와<br/>
"
3614,Down,김훨김훨,DOWN,152,<dd>2019.07.25</dd>,"You make me confused<br/>I just float in your world<br/>I miss you I think you<br/>in all my time<br/>Love you I'm just in your world<br/>Down Down Down Down oh Down<br/>You and I fallin to an abyss together<br/>Down Down Down<br/>There's no one there to rescue me<br/>Down Down Down<br/>There's only light for you<br/>Down Down Down Down oh Down<br/>You and I fallin to an abyss together<br/>Down Down Down<br/>There's no one there to rescue me<br/>Down Down Down<br/>There's only light for you<br/>There's only light for you<br/>There's only light for you<br/>There's only light for you<br/>There's only light for you<br/>You make me confused<br/>I just float in your world<br/>
"
3615,좋은 일이 생길 것 같아,Raon LeeRaon Lee,[레드슈즈] OST,475,<dd>2019.07.25</dd>,"나 감춰보려 해봐도 눈을 감아도<br/>숨길 수가 없는 걸 운명인가봐<br/>기대조차 아니 생각 조차한적 없는데<br/>흩어져 버리고 공기가 돼버려<br/>말이 나오지 않아 달라졌어<br/>너와의 만남 그 짧은 순간<br/>새로운 세상이 열리고<br/>좋은 일이 생길 것 같아<br/>별들도 멀리서 지켜보고 있어<br/>바로 지금 이곳에서<br/>좋은 일이 생길 것 같아<br/>좋은 일이 생길 것 같아<br/>좋은 일이 생길 것 같아<br/>헤어 나올 수 없어 강한 느낌<br/>나 달라질래 함께할 수 있도록<br/>나 멀어져도 다시 너에게<br/>갈 수 있게 항상<br/>흩어져 버리고 공기가 돼버려<br/>말이 나오지 않아 달라졌어<br/>너와의 만남 그 짧은 순간<br/>새로운 세상이 열리고<br/>좋은 일이 생길 것 같아<br/>별들도 멀리서 지켜보고 있어<br/>바로 지금 이곳에서<br/>좋은 일이 생길 것 같아<br/>좋은 일이 생길 것 같아<br/>좋은 일이 생길 것 같아
					"
3616,"그 때, 그 순간",이태형이태형,MOMENT,31,<dd>2019.07.25</dd>,"너를 본 순간<br/>아주 특별했던 그날<br/>혼자 있던 그길에<br/>문득 생각했어<br/>네 손을잡고 나<br/>너와 길을걸으며<br/>너와 함께 말하고 싶다고<br/>지금 네 앞에 날<br/>항상 바라봐 주겠니<br/>매일 너만 생각하고 나<br/>함께 걸어보려하니까<br/>지금 나의 곁에 있는 널<br/>항상 아껴주며<br/>너의 하루속에 언제나<br/>행복하게 남아<br/>너의 행복한 기억속에<br/>그 끝은 언제나<br/>항상 내가 너와 남아<br/>평생 함께 할게<br/>지금 네 앞에 날<br/>항상 기억해 주겠니<br/>항상 너만 생각하고 난<br/>너와 함께 걸어보려하니까<br/>지금 나의 곁에 있는 널<br/>항상 아껴주며<br/>너의 하루속에 언제나<br/>행복하게 남아<br/>너의 행복한 기억속에<br/>그끝은 언제나<br/>항상 내가 너와 남아<br/>평생 함께 할게<br/>
"
3617,내게 가는 길,반D반D,치유: 내게 가는 길,22,<dd>2019.07.25</dd>,"길었던 하루 끝<br/>새어 나온 하얀 숨만큼<br/>그 겨울이 찾아왔네요<br/>또다시 내 곁으로<br/>저무는 노을 끝<br/>떠오르는 찬란한 날들<br/>물어오네요<br/>스치는 바람이<br/>지금도 기다리냐고<br/>어느 날 흩어져버린 바랜 기억이<br/>한걸음 내게 다가오네요<br/>멀어져 보이지 않는 꿈을 찾던<br/>그날의 그대 곁으로 돌아가<br/>들려주고 싶어요 끝이 아닌걸요<br/>불러봐도 그댄 모르죠<br/>하얀 눈이 쌓여와 짙은 밤에 가려도<br/>지울 수가 없는 그 길을 걸어가요<br/>말해주고 싶어요 꿈이 아닌걸요<br/>깨어나도 그대일 테죠<br/>바람결에 기대어<br/>잠시 멈출 수 있다면<br/>잊을 수가 없는<br/>빛나던 우리 그날처럼<br/>가려진 그림자<br/>차오르는 밤 여울만큼<br/>내린 별들이<br/>내게 오네요<br/>그 겨울 이야기처럼<br/>조금씩 흐려져 가는 지난날들이<br/>또다시 내게 말을 거네요<br/>아득해 잡을 수 없는 빛을 쫓던<br/>그날의 그대 곁으로 돌아가<br/>들려주고 싶어요 끝이 아닌걸요<br/>불러봐도 그댄 모르죠<br/>하얀 눈이 쌓여와 짙은 밤에 가려도<br/>지울 수가 없는 그 길을 걸어가요<br/>말해주고 싶어요 꿈이 아닌걸요<br/>깨어나도 그대일 테죠<br/>바람결에 기대어<br/>잠시 멈출 수 있다면<br/>잊을 수가 없는<br/>빛나던 우리 그날처럼<br/>그저 꿈인 걸까요 겨울 눈꽃처럼<br/>부서지는 꿈인 건가요<br/>흩날리는 꽃잎에 여린 나의 그대가<br/>쓰러진다 해도 울지 않길 바라요<br/>말해주고 싶어요 꿈이 아닌걸요<br/>깨어나도 내가 있을 테죠<br/>그대를 지켜줘요<br/>그곳에 서 있을게요<br/>길을 잃지 마요<br/>빛나던 우리 그날처럼<br/>그렇게 걸어요<br/>빛나는 우리 오늘처럼<br/>
"
3618,슬프지 않은 노래 (Feat. 장효석 Melodion),FM43FM43,슬프지 않은 노래 (Melodion),7,<dd>2019.07.25</dd>,가사가 없습니다
3619,늦은 사랑,하늘하늘,늦은 사랑,3,<dd>2019.07.25</dd>,"너는 몰랐겠지 나의 준비를<br/>너를 지워가며 했던 생활을<br/>수도 없이 얘기했었어 나의 마음을<br/>지금 넌 아직도 나를 모르지<br/>항상 나는 너를 채워줬는데<br/>오늘도 넌 참 바보처럼 웃고만 있어<br/>그렇게 애타게 너를 바라보았고<br/>너무도 사랑해 나의 품에 안았어<br/>하지만 돌이킬 수 없잖아<br/>이미 늦은 사랑이니까<br/>네가 알았다면 나의 진심을<br/>너를 사랑하며 했던 행동을<br/>알 수 없는 너의 마음은<br/>날 참 아프게<br/>그렇게 애타게 너를 바라보았고<br/>너무도 사랑해 나의 품에 안았어<br/>하지만 돌이킬 수 없잖아<br/>이미 늦은 사랑이니까<br/>그렇게 애타게 너를 바라보았고<br/>너무도 사랑해 나의 품에 안았어<br/>하지만 돌이킬 수 없잖아<br/>이미 늦은 사랑이니까<br/>
"
3620,푸름한 새벽이 지나고 당신이란 동이 틀 때,이제인이제인,푸름한 새벽이 지나고 당신이란 동이 틀 때,200,<dd>2019.07.25</dd>,"당신을 내게 보여줘요<br/>조용한 당신의 한숨도<br/>그 허무한 모든 것을<br/>안아줄게요<br/>사랑하니까요<br/>맞아요 따가운 상처는<br/>애정한 것들로부터 오죠<br/>다정했던 시간들만<br/>보물 서랍에 고이 간직해요<br/>푸름한 새벽이 지나고<br/>당신이란 동이 틀 때<br/>계절을 잊었던 우리들의<br/>여름날이 기억나요<br/>푸름한 새벽이 지나고<br/>당신이란 동이 틀 때<br/>계절도 잊었던 우리들의<br/>여름날이 기억나요<br/>푸름한 새벽이 지나고<br/>당신이란 동이 틀 때<br/>계절을 잊었던 우리들의<br/>여름날이 기억나요<br/>푸름한 새벽이 지나고<br/>당신이란 동이 틀 때<br/>계절도 잊었던 우리들의<br/>여름날이 기억나요<br/>당신을 내게 보여줘요<br/>당신도 모르는 한숨을<br/>
"
3621,은하수(feat.윤슬),데이치데이치,은하수,8,<dd>2019.07.25</dd>,"나에게 무슨짓을 했는지<br/>말해주지 않아도 난<br/>왠지 알수있을것만 같아요<br/>그대는 내게 그저 눈길만<br/>잠시 줬을뿐인데 난<br/>온통 그대 생각뿐이죠<br/>왜 밤하늘 별처럼<br/>왜 멀게만 느껴져<br/>또 그댈 보고싶어<br/>자꾸 그리워만 지네<br/>그대의 이름은 은하수<br/>모습은 슬픈별<br/>외로이 흐르는 눈물은 별똥별<br/>그리운 나만의 사람아<br/>손 내밀면 닿을수있나<br/>불러도 대답없는 그대여<br/>왜 꿈에서조차<br/>왜 만날수없는지<br/>또 꿈에서 깨면<br/>다시 그리워만 지네<br/>그대의 이름은 은하수<br/>모습은 슬픈별<br/>외로이 흐르는 눈물은 별똥별<br/>그리운 나만의 사람아<br/>손내밀면 닿을수있나<br/>불러도 대답없는 그대여<br/>왜 수많은 별중에<br/>그댄 슬퍼보이는지<br/>잠시 나에게 기대어<br/>맘껏 울어도 좋은데<br/>우리의 사이가 멀어서<br/>오는길 힘들면<br/>내가 단숨에 달려가 줄텐데<br/>그리운 나만의 사람아<br/>손내밀면 닿을수 있나<br/>불러도 대답없는 그대여<br/>
"
3622,위로,장우재장우재,SERIES : 4,56,<dd>2019.07.25</dd>,"오늘<br/>어떤 마음 속에 하루를 보냈니<br/>셀 수 없는 많은 일들이<br/>또 너를 괴롭게 했니<br/>오늘<br/>어떤 마음 속에 하루를 보냈니<br/>지나쳐가는 순간들이<br/>널 그리 지치게 했니<br/>난 잘 몰라<br/>네 마음<br/>새까맣게 타버렸을<br/>여리고 여린 그 맘 속에<br/>내가 들어가고 싶은데<br/>알수 없어서<br/>감히 다 알수 없어서<br/>그저 너의 등을 토닥이며<br/>함께 눈시울을 붉히지<br/>난 잘 몰라<br/>네 마음<br/>부서지고 깨어졌을<br/>더 없이 아플 네 마음을<br/>내가 안아주고 싶은데<br/>알 수 없어서<br/>내가<br/>감히 다 알 수 없어서<br/>음<br/>그저 너의 등을 토닥이며<br/>함께 눈시울을 붉히지<br/>그저 너의 손을 꼭 쥐고<br/>숨죽여 눈물을 삼켰지<br/>
"
3623,그렇게 그렇게,ChordMinChordMin,그렇게 그렇게,9,<dd>2019.07.25</dd>,"그렇게 그렇게 난 가을이 참 좋다<br/>널 만난 날이 가을이라 가을이 참 좋다<br/>그렇게 그렇게 난 가을이 참 좋다<br/>저 파란 하늘 아름다운 가을이 참 좋다<br/>그렇게 그렇게 난 겨울이 참 좋다<br/>둘이서 걷던 하얀길에 발자욱 참 좋다<br/>그렇게 그렇게 난 겨울이 참 좋다<br/>하얀 눈 세상 포근하게 덮은 <br/>겨울이 참 좋다<br/>노오란 단풍잎 뒹굴던 골목길 따라 걷던<br/>연인들 뒷모습 따라걷던 그때가 그립다<br/>아무도 오지 않는 길 위 누군가 기다리던<br/>하얀 눈 따라 사라지던 노을 빛 그림자들<br/>그리워 그리워 난 그 시절 그 친구들<br/>세월을 함께 노래하던 그때가 그립다<br/>그리워 그리워 난 돌릴 수 없는 시절<br/>한번 더 그 때 다시 올 수 없나 <br/>그때가 그립다<br/>그렇게 그렇게 난 가을이 참 좋다<br/>널 만난 날이 가을이라 가을이 참 좋다<br/>그렇게 그렇게 난 가을이 참 좋다<br/>저 파란 하늘 아름다운 가을이 참 좋다<br/>가을이 참 좋다<br/>
"
3624,그래도 이순간 영원히,구본웅 (Ku Bon Woong)구본웅 (Ku Bon Woong),그래도 이순간 영원히,0,<dd>2019.07.25</dd>,"우리 언제나 변치 말자고<br/>태양을 등지며 얘기 했지<br/>수많은 세월속에 어깨는 휘청<br/>우리의 맹세는 잊혀지네<br/>언제나 같을 순 없겠지<br/>바람과 파도에 적응해<br/>이 여정 언제나 끝이 나겠지<br/>그래도 이순간 영원히<br/>사랑 그것은 정말 달콤해<br/>바닷가 해지는 풍경속에<br/>꿈같던 그순간은 어느덧 현실<br/>그래도 사랑은 마음속에<br/>언제나 같을 순 없겠지<br/>바람과 파도에 적응해<br/>이 여정 언제나 끝이 나겠지<br/>그래도 이순간 영원히<br/>언제나 같을 순 없겠지<br/>바람과 파도에 적응해<br/>이 여정 언제나 끝이 나겠지<br/>그래도 이순간 영원히<br/>언제나 같을 순 없겠지<br/>바람과 파도에 적응해<br/>이 여정 언제나 끝이 나겠지<br/>그래도 이순간 영원히<br/>
"
3625,안돼 난 (Feat. 진효),ONZONZ,안돼 난,2,<dd>2019.07.25</dd>,"다 지운것 같아 너와 나의 기억들<br/>시간이 이렇게 많이 흘렀으니까<br/>다 괜찮은 듯 만나 이야기도하고<br/>그래 멀어졌던 만큼 이젠 웃을수있어<br/>날보며 빛났던 눈동자<br/>가늘고 길던 손가락<br/>날 보려 돌아섰던 어깨와<br/>내 이름을 불러주던 목소리<br/>너를 갖기위해 몸부림친 시간들<br/>너를 잊기위해 몸부림친 시간들<br/>너는 시간속에 편해질 수 있지만<br/>난 절대 잊고 살수가 없어<br/>그래 너 너는<br/>그래 너 너는<br/>그래 너 너는<br/>그게 되니까 떠날 수 있어<br/>넌 기억이나니 내게 선물했었던<br/>아니 선물이라기엔 아주 작은 메모장<br/>내가 지친 어느 저녁 위로하면서<br/>내게 줬던 짧은 편질 가끔 꺼내보곤해<br/>너를 갖기위해 몸부림친 시간들<br/>너를 잊기위해 몸부림친 시간들<br/>너는 시간속에 편해질 수 있지만<br/>난 절대 잊고 살수가 없어<br/>너를 갖기위해 몸부림친 시간들<br/>너를 잊기위해 몸부림친 시간들<br/>너는 시간속에 편해질 수 있지만<br/>난 절대 잊고 살수가 없어<br/>그래 너 너는<br/>그래 너 너는<br/>그래 너 너는<br/>그게 되니까 떠날 수 있어<br/>
"
3626,보내는 사람(언제라도 그대다시 나에게로 돌아5길 90-100),그남자 (ThatGuy)그남자 (ThatGuy),Love Prologue_#사랑사서함,17,<dd>2019.07.25</dd>,"오늘도 그댈 피해 엉뚱한 곳에<br/>눈을 뒀지만 단지 <br/>조금 겁이난 것 뿐이죠<br/>그렇게 아무런 생각 없이<br/>바라만 본 것 같지만<br/>사실은 그대 돌아봐주길<br/>기다린거죠<br/>매번 그렇게 마주하길 바라던 설램<br/>당연해져가는 뒷모습<br/>눈 마주쳐 버리면 다시 멍해져<br/>말 못하는 나도 바보같지만<br/>이렇게 까지도 눈치 못채는<br/>너도 참 바보 아냐<br/>사랑도 똑같더군 혼자하면 외토리<br/>기다림도 힘들더군 돌아서면 빈자리<br/>오늘도 내맘에 찢었다 구겼다 <br/>편지를 쓰죠<br/>나는 언제나 보내는 사람<br/>항상 난 주기만 하죠<br/>그저 멍하니<br/>바라보다가 또 아닌가 싶어 <br/>고갤 떨구죠<br/>주는건 나인데 <br/>서운하게 내 마음 다 열어보곤<br/>뜯어져 헤어져 <br/>망가진채로 돌아오죠<br/>사랑도 떠남도 <br/>모두다 내가 보내고<br/>모든것 아픔으로 받고<br/>겁이나서 주는것도 받는것도 <br/>아무것도 이젠 하기싫은데<br/>다시는 사랑을 못하게 될까<br/>그게 더 겁이나요<br/>아직도 모르고있군 <br/>어찌하면 좋으리<br/>상처도 번지는군 만지면 응어리<br/>누가 보냈을까 뭐가 들었을까<br/>하지만 내겐<br/>그대가 가장 궁금하죠<br/>멀리 있어 보내는게 <br/>가까이 다가가 말할수 있기를<br/>그대 안에 들어가기엔 내사랑이<br/>부담이 된다면<br/>천천히 조심스레 다가갈께요<br/>열려있어요 내자린<br/>그대 모자란 사랑도<br/>빈자리도 상처 까지도 <br/>다 들어올만큼<br/>이렇게도 내 마음엔 <br/>군데군데 상처가<br/>그대 내게 와 준다면<br/>아픔마저 잊으리<br/>아직도 변명아닌 <br/>상처아닌 그 대답을<br/>기다립니다<br/>나는 오늘도 기다리는 사람<br/>여전히 그댄 사랑하는 사람<br/>
"
3627,기적같은 일 (Feat. 허니애플),슈슈가슈슈가,기적같은 일,129,<dd>2019.07.24</dd>,"내가 좋아하는 네가 <br/>나를 좋아하는 그런 <br/>기적같은 일들이 생길거야<br/>그리고 오랜시간이 흘러도 <br/>처음처럼 언제나 <br/>변함없이 행복할거야<br/>알고있었어 너를 본 순간 <br/>언젠가 우리 둘 <br/>특별해질거란 걸<br/>일기장 가득 <br/>채워진 너의 이름을 보며 <br/>오늘도 이렇게 주문을 걸어<br/>내가 좋아하는 네가 <br/>나를 좋아하는 그런 <br/>기적같은 일들이 생길거야<br/>그리고 오랜시간이 흘러도 <br/>처음처럼 언제나 <br/>변함없이 행복할거야<br/>바라만봐도 포근한 느낌 <br/>그 속에 우리 나란히 서 있잖아<br/>걷는 길마다 <br/>너라는 향기 가득해서 <br/>오늘도 행복해 <br/>미소가 번져<br/>내가 좋아하는 네가 <br/>나를 좋아하는 그런 <br/>기적같은 일들이 생길거야<br/>그리고 오랜시간이 흘러도 <br/>처음처럼 언제나 <br/>변함없이 행복할거야<br/>밤하늘 떠있는 별처럼 <br/>이 자리에서 언제나 <br/>너를 비춰줄게<br/>내가 좋아하는 네가 <br/>나를 좋아하는 그런 <br/>기적같은 일들이 생길거야<br/>그리고 오랜시간이 흘러도 <br/>처음처럼 언제나 <br/>변함없이 행복할거야<br/>
"
3628,노란도화지,이연주이연주,연노랑,87,<dd>2019.07.24</dd>,"노란 도화지 속 아름다움이<br/>잊혀져만 갈 때 그리움 되어<br/>우리의 아름다운 이 시간을<br/>전부 다 가져가진 않을까<br/>don’t be cry don’t be sad<br/>이젠 울지 마요<br/>너 앞엔 내가 항상 있을게요<br/>don’t be cry don’t be sad<br/>이젠 울지 말아요<br/>나와 함께 웃어요<br/>don’t be cry don’t be sad<br/>이젠 울지 마요<br/>너 앞엔 내가 항상 있을게요<br/>don’t be cry don’t be sad<br/>이젠 울지 말아요<br/>너의 앞을 내가 지켜줄게<br/>노란 도화지 속 아름다움이<br/>잊혀져만 갈 때 그리움 되어<br/>행복을 위해서라면<br/>항상 우리는 이대로는 안 되는데<br/>don’t be cry don’t be sad<br/>이젠 울지 마요<br/>너 앞엔 내가 항상 있을게요<br/>don’t be cry don’t be sad<br/>이젠 울지 말아요<br/>나와 함께 웃어요<br/>비가 올 때나 눈이 올 때나<br/>너의 앞을 지켜보다가<br/>힘이 빠질 때쯤에 뒤를 돌아 봐줘요<br/>그리울 때나 보고플 때나<br/>나는 언제나 나는 언제나<br/>너의 앞에 항상 있을게요<br/>
"
3629,감기 (feat. 신예영),빅가이로빈 (bigguyrobin)빅가이로빈 (bigguyrobin),Cold,200,<dd>2019.07.24</dd>,"아무렇지 않은 척 해도<br/>다시 제자리에 와있고<br/>어느샌가 나도 모르게<br/>잊지 않고 반겨주네<br/>이렇게 내 맘 어지럽게 해놓고<br/>그대는 웃고 있네요<br/>그대가 멀어지면 손틈새로<br/>쉰 바람이 불어오겠죠<br/>기다림에 끝은 참 쉽게도<br/>어제와도 같은 한숨이죠<br/>이제 다른 공간 안에서<br/>서로를 이해해요<br/>이렇게 내 맘 어지럽게 해놓고<br/>그대는 웃고 있네요<br/>그대가 멀어지면 손틈새로<br/>쉰 바람이 불어오겠죠<br/>기다림의 끝은 참 쉽게도<br/>어제와도 같은 한숨이죠<br/>이제 다른 공간 안에서<br/>서로를 이해해요<br/>바래왔던 순간에<br/>눈물로 가슴을 내렸죠<br/>조금만 시간이 빨리 간다면<br/>이 모든게 돌아오겠죠<br/>기다림의 끝은 참 쉽게도<br/>어제와도 같은 한숨이죠<br/>이제 다른 공간 안에서<br/>서로를 이해해요<br/>
"
3630,Someday (Piano Ver.)(with 이츠허밍),언마크드언마크드,Someday (Piano Version),14,<dd>2019.07.24</dd>,"아무것도 들리지 않아<br/>아무것도 보이지 않아<br/>남들은 다 듣고 보는 걸<br/>나는 왜 못하는 걸까<br/>내가 이상한걸까<br/>너무 힘겨운걸<br/>칠흙 같은<br/>이 어둠이<br/>나를 덮쳐오는게<br/>더 이상<br/>견딜수가 없어<br/>나는 할 수 없나봐<br/>돌아와 내가 늘 너와 함께 하잖아<br/>나를 봐 너만<br/>바라보고 있잖아<br/>너를 위해<br/>모든걸 주는 나를<br/>바라봐<br/>괜찮아 너만<br/>난 너만 있으면 되<br/>그럴 자격이 없어<br/>너무 모자란 걸<br/>아무런<br/>희망도<br/>미래도 없어<br/>이대로<br/>잠들어 버리면 좋겠어<br/>나는 살 수 없는데<br/>돌아와 내가 늘 너와 함께 하잖아<br/>나를 봐 너만<br/>바라보고 있잖아<br/>너를 위해<br/>모든걸 주는 나를<br/>바라봐<br/>괜찮아 너만<br/>난 너만 있으면되<br/>제발 돌아와<br/>내가 늘 너와 함께 하잖아<br/>나를 봐 너만<br/>바라보고 있잖아<br/>너를 위해 모든걸 주는 나를<br/>바라봐<br/>괜찮아 너만<br/>괜찮아 너만<br/>난 너만 있으면 되<br/>
"
3631,나의 하루 (Vocal. 선데이 무드),트웬티밀리세컨즈 (20ms)트웬티밀리세컨즈 (20ms),나의 하루,6,<dd>2019.07.24</dd>,"의미 없이 눈을 뜨고 <br/>또 아침이 오면<br/>흘러가는 게 두려웠어<br/>괜찮은 척한다면 조금 나아질까<br/>많이 애쓰기도 했어<br/>세상 모든 게 그대로인데<br/>나만 아무것도 할 수가 없어<br/>참아보아도 너를 그리고 있는<br/>내 하루는 그런 날 뿐이야<br/>그저 넌 내 곁에 있으면 돼<br/>내가 널 잊어갈 때까지 아마도<br/>알 수 없겠지 넌 모르겠지<br/>이런 나의 맘을 내 하루를<br/>그저 넌 그대로 있으면 돼<br/>내가 다 아파할 때까지 아마도<br/>말 못 하겠지 넌 모르겠지<br/>이런 나의 맘을 나의 하루를<br/>쓸데없는 바램 하나를 또 지워<br/>아쉬움이 남아도 안되는 걸 알아서<br/>하지만 그것마저도 바람인 걸 깨달아<br/>그리움만 돌아와<br/>세상 모든 게 그대로인데<br/>나만 아무것도 할 수가 없어<br/>애써보아도 너를 놓지 못하는<br/>내 하루는 그런 날 뿐이야<br/>그저 넌 내 곁에 있으면 돼<br/>내가 널 잊어갈 때까지 아마도<br/>알 수 없겠지 넌 모르겠지<br/>이런 나의 맘을 내 하루를<br/>그저 넌 그대로 있으면 돼<br/>내가 다 아파할 때까지 아마도<br/>말 못 하겠지 넌 모르겠지 <br/>넌 나의 맘을 <br/>나의 하루를<br/>
"
3632,조금만 기다려줘,ShaviShavi,조금만 기다려줘,5,<dd>2019.07.24</dd>,"문득 거리를 걷다가<br/>스치는 생각에 잠겨<br/>너를 그리며 떠올려보다가<br/>소리 없이 니가 내려와<br/>어디에서 혼자 이렇게<br/>눈물흘리며 쓸쓸히 있겠지<br/>수없이 많은 날을 애태우며<br/>가슴이 시리도록<br/>힘겨운 날을 보내며<br/>혼자 이렇게 그 자리에서<br/>너를 지킬꺼야<br/>다시 만날 그 날을 위해<br/>너를 보고플 때마다<br/>스치는 생각에 잠겨<br/>너를 그리며 떠올려보다가<br/>소리 없이 니가 내려와<br/>아무것도 혼자할수 없어<br/>이젠 영원히 둘이서 함께해<br/>수없이 많은 날이 아팠지만<br/>행복한 모습을 상상하며 떠올려봐<br/>그땐 너혼자가 아닌 나와 함께<br/>내 손 꼭 붙잡고<br/>함께일꺼야 기다려줘<br/>
"
3633,그럴 때 있잖아,조유미조유미,그럴 때 있잖아,33,<dd>2019.07.24</dd>,"그럴 때 있잖아<br/>하루종일 열심히 웃다가<br/>집에 들어와서 멍해질 때<br/>그럴 때 있잖아<br/>잘해보려는 다짐과는 달리<br/>모든 것이 엉키고 빗나갈 때<br/>오늘은 욕심내지 말아야지 하고<br/>집을 나섰는데<br/>자꾸만 옹졸해지는 내 모습을 볼 때<br/>인생은 결국 혼자라고<br/>누구에게도 기대지 않을거라<br/>마음 먹었는데<br/>누군가 안아 준다면<br/>그대로 품에 안겨<br/>울어버릴 것만 같을 때<br/>잘하고 있는 거라며<br/>수고했다 한 마디에<br/>따듯한 위로가 될 것 같을 때<br/>그럴 때 있잖아<br/>한없이 초라하고 작아질 때<br/>나만 빼고 행복해 보일 때<br/>인생은 결국 혼자라고<br/>누구에게도 기대지 않을거라<br/>마음 먹었는데<br/>누군가 안아 준다면<br/>그대로 품에 안겨<br/>울어버릴 것만 같을 때<br/>잘하고 있는 거라며<br/>수고했다 한 마디에<br/>따듯한 위로가 될 것 같을 때<br/>누군가 아무 말 없이<br/>옆에 다가와 앉아<br/>움츠린 어깨를 감싸며<br/>떨리는 목소리로<br/>네가 있어 행복해<br/>말해줬으면 말해줬으면<br/>그럴 때 있잖아<br/>그럴 때 있잖아<br/>
"
3634,"이젠, 그렇게",SUNJIN (선진)SUNJIN (선진),사랑할 수 있을까? OST,26,<dd>2019.07.24</dd>,"내 옆에 있지만 너는<br/>자꾸 멀어지고<br/>내 손을 잡아줘<br/>그때처럼<br/>밤하늘에 숨어 또 난<br/>널 닮은 노래를 찾고<br/>너의 모든 걸 뒤로 한 채<br/>다시 너를 나는 찾고 있어<br/>이젠 우리에게도<br/>끝이 온 걸까<br/>함께 있어도 서로를 찾던 날은 없어<br/>이젠 보내 주려 해<br/>많이 아프겠지만<br/>두 눈을 꼭 감고 그렇게<br/>그렇게<br/>그때의 우리 또 지금의 우리<br/>그 느낌<br/>너를 향하던 그 많던 질문이<br/>더는 생각 나지 않아<br/>이젠 우리에게도<br/>끝이 온 걸까<br/>함께 있어도 서로를 찾던 날은 없어<br/>이젠 보내 주려 해<br/>많이 아프겠지만<br/>두 눈을 꼭 감고 그렇게<br/>그렇게<br/>
"
3635,슬프지 않은 노래 (Vocal. 송민곤),FM43FM43,슬프지 않은 노래,12,<dd>2019.07.24</dd>,"슬프지 않은 노래 불러<br/>웃고 싶어 노래를 불러<br/>생각해 보면 우리는<br/>웃고 싶어서 만나<br/>웃고 싶어 노래를 불러 보고<br/>웃고 싶어 노래를 하고<br/>헤어진 너의 남자 친구<br/>다시 만나는 거 다 알아<br/>하지만 난 모른체 할거야<br/>울지 않을게 웃지 않을게<br/>슬프지도 않을 노래 부르지 않아<br/>울지 않을게 웃지 않을거야<br/>그냥 이렇게 불러<br/>일년하고 반을 만났어 우리<br/>딴 생각만 하고 있는 너<br/>헤어진 너의 남자 친구<br/>다시 만나는 거 다 알아<br/>하지만 난 모른체 할거야<br/>울지 않을게 웃지 않을게<br/>슬프지도 않을 노래 부르지 않아<br/>울지 않을게 웃지 않을거야<br/>그냥 이렇게 불러<br/>
"
3636,아직도 겨울인가봐,지나 (Jina)지나 (Jina),아직도 겨울인가봐,4,<dd>2019.07.24</dd>,"아직도 겨울인가봐<br/>이불속에서 나오질 못해<br/>창밖을 바라보며<br/>오늘하루도 추워<br/>아직도 나만 겨울인가봐<br/>다들 바쁘게 움직이는데<br/>나는 여전히 이불속에서<br/>이별이란게<br/>실감이 나지않아<br/>나는 아직 그곳에서<br/>벗어나고 싶어<br/>나는 아직 겨울이야<br/>너와 나의 계절은<br/>아직도 달라<br/>하얀 눈처럼 녹아버린<br/>우리모습도<br/>이젠 안녕<br/>오랜만에 좋은 꿈을 꿨어<br/>너를 다시 쳐다보며<br/>날 향한 웃음을 다시<br/>지을수 있었던 그날로<br/>나는 아직도 너의<br/>그림자 속에서<br/>벗어나고 싶어<br/>나는 아직 겨울이야<br/>너와 나의 계절은<br/>아직도 달라<br/>하얀 눈처럼 녹아버린<br/>우리모습도<br/>이젠 안녕<br/>멈춰있던 내시간도<br/>다시 흘어갈거야<br/>더는 창밖을 바라보지않아<br/>내계절에 꽃이 피고<br/>나도 벗어날거야<br/>그리고오늘부터<br/>다시 난 흘러가<br/>나는 이제 봄이야<br/>너와 나의 계절은<br/>여전히 다르지만<br/>하얀 눈이 녹아버린<br/>지금 나는 이제서야<br/>너의 그림자 속에서<br/>안녕<br/>
"
3637,무장해제,이동재이동재,일장춘몽,10,<dd>2019.07.24</dd>,"나 무장해제 상태<br/>지금 이 순간 세상에서<br/>가장 약한 한 사람<br/>날 괴롭히지 마요 거칠게 하지 마요<br/>나를 좀 알아줘요<br/>나 무장해제 상태<br/>작은 외면에<br/>걷잡을 수 없이 무너지는 맘<br/>병에 걸린 것 같아 아기가 된 것 같아<br/>나를 좀 안아줘요<br/>
"
3638,눈물이 흘러,오한나오한나,눈물이 흘러,3,<dd>2019.07.24</dd>,"너가없는 일상이 <br/>익숙해지고 <br/>집착이 희미 해져 가서 <br/>더이상 혼자라는게 <br/>이상하지 않고 <br/>점점 습관이 되어 만 가서 <br/>이젠 괜찮다고 생각했어<br/>그 모든걸 웃으며 말할수 있어서<br/>아무렇지않다고 생각 했어 <br/>널 외면하지 않을수 있어서 <br/>근데 너와의 추억이 <br/>물들어 있는 곳에 <br/>비치는 내모습을 볼때면<br/>왜이러는지 정말<br/>난 모르겠지만<br/>나도 모르게 눈물이 흘러<br/>정말 나도 내마음을 <br/>모르겠어 <br/>이상하게 느껴질 만큼<br/>여전히 너는 나에게<br/>의미인듯해<br/>내가 무시할수 없을 만큼 <br/>이젠 괜찮다고 생각했어<br/>그 모든걸 웃으며 말할수 있어서<br/>아무렇지않다고 생각 했어 <br/>널 외면하지 않을수 있어서 <br/>근데 너와의 추억이 <br/>물들어 있는 곳에 <br/>비치는 내모습을 볼때면<br/>왜이러는지 정말<br/>난 모르겠지만<br/>나도 모르게 눈물이 흘러<br/>
"
3639,잘 지내니,이수진이수진,잘 지내니,22,<dd>2019.07.24</dd>,"잘 지내니 잘 지내니<br/>이런 저런 안부 인사만<br/>잘 지냈지 거긴 어때<br/>의미 없는 안부 인사가<br/>공허하기만 한데<br/>잘 지내니 밥은 먹었구<br/>이런 저런 얘길 해봐도<br/>하고 싶었던 말은 못해<br/>함께한 시간 무색하게<br/>이런 전화는 자꾸 어색해<br/>통화 되니 이렇게 물어보기가<br/>나만큼 힘 들지가 않았나봐 너는<br/>나는 참 하고 싶은 말이 너무 많은데<br/>밤새 나누던<br/>속 깊은 얘기를 하고 싶은데<br/>너도 또 다른 일들에 바쁘겠지<br/>서운해 하지도 못한 나<br/>나는 참 힘든데<br/>너는 잘 지내는 건지 걱정 돼<br/>연락 자주 해 매 년 만나자<br/>이런 약속 어디로 갔는지<br/>시간 내기가 너무 어려워<br/>잘 지내니 잘 지내니<br/>
"
3640,사람이 죽어야만 못 본 채 사는 건 아닌가 봐,이진권이진권,사람이 죽어야만 못 본 채 사는 건 아닌가 봐,22,<dd>2019.07.24</dd>,"하루에도 몇 번씩 나 소용돌이쳐<br/>그 물속에서 벗어나려 나 발버둥 쳐<br/>하지만 난 또 더 아래로<br/>깊이 빠져들어가<br/>나도 손쓸 수 없어<br/>무너진 나 만나게 됐으니까<br/>그만큼 아팠으니까<br/>그만큼 슬펐으니까<br/>다 그래 살아서<br/>널 볼 수 없다는 게 더 슬퍼<br/>사람이 죽어야만 못 본 채<br/>사는 건 아닌가 봐<br/>이렇게 살아 숨 쉬는데<br/>널 볼 수가 없어<br/>진흙 속에 빠진 듯이 목을 조여와<br/>벗어나지도 떨쳐내지도<br/>못하는 내 자신을<br/>다그쳐보고 다그쳐봐도<br/>깊이 빠져들어가<br/>나도 손쓸 수 없어<br/>의미 있다고 생각했던 순간이<br/>무의미해져만 가고 퇴색해져만 가<br/>다 그래 살아서<br/>널 볼 수 없다는 게 더 슬퍼<br/>사람이 죽어야만 못 본 채<br/>사는 건 아닌가 봐<br/>이렇게 살아 숨 쉬는데<br/>널 볼 수가 없어<br/>제발 날 구해줘 제발 날<br/>구해줘 제발 날 구해줘<br/>하루에도 몇 번씩<br/>나 소용돌이를 쳐<br/>그 물속에서 벗어나려<br/>나 발버둥을 쳐<br/>하지만 난 벗어날 수 없을 것만 같아<br/>
"
3641,시간의 무게,유진유진,"With You 12, 시간의 무게",1,<dd>2019.07.24</dd>,"벌써 시간이 흘러<br/>1년의 마지막 날에 서 있네<br/>나는 이 시간 마저<br/>그냥 가지 못하게 하고 싶네<br/>나에게 오는<br/>수 많은 날들<br/>내게는 큰 선물이란 걸<br/>똑같이 주어진<br/>시간의 무게는<br/>나를 지탱해주는 것<br/>항상 새로운 날을<br/>나는 기대하며<br/>그저 내자리에서<br/>다가오는 날을 위해<br/>돌고도는 시간들<br/>붙잡고 싶은<br/>그 순간 마저도<br/>지금 이대로<br/>나는 아쉬운<br/>시간들을 보내주고<br/>나를 떠나는<br/>수 많은 날들<br/>남겨진 나를 바라보네<br/>다르게 주어진<br/>시간의 무게를<br/>나는 버티어나가네<br/>항상 새로운 날을<br/>나는 기대하며<br/>그저 내자리에서<br/>다가오는 미래를 위하여<br/>
"
3642,소나기,김준철김준철,소나기,30,<dd>2019.07.24</dd>,"너에게 설레던 그 순간을 못 잊어<br/>아마 넌 그게 언제인지도<br/>전혀 모를걸<br/>꼭 붙어 쓰던 우산 속 너는<br/>내 마음 조금도 모르지<br/>우산이 너무 작아서<br/>비는 하나도 못 피했지만<br/>소나기는 금세 그치고<br/>젖은 내 옷 쉽게 마르지 않네<br/>이럴 줄 알았다면 조금 기다릴걸<br/>그칠 때까지 좀 더 기다려 볼 걸<br/>마치 비가 언제 왔냐는 듯이<br/>조그만 우산마저도 초라해<br/>나만 이상한가봐 모두 괜찮아 보여<br/>근데 나만 아직도<br/>너랑 비를 맞는 것 같을까<br/>차라리 친구로 네 곁에 있고 싶어<br/>언제나 가장 더울 때에 내린 비처럼<br/>늘 네 곁에는 내가 있을게<br/>이 마음 아직도 모르지<br/>예보도 없이 찾아 온<br/>여름 어느 날 소나기처럼<br/>빗소리가 들릴 때마다<br/>선명하게 비춰지는 네 모습<br/>시간이 흘러가도 무뎌지지 않아<br/>지워내려고 해도 그럴 수 없어<br/>언젠가는 용기내서 말할게<br/>이 마음이 사실은 사랑이야<br/>너도 알게 됐으면 우리 함께 간다면<br/>비가 내린대도 같은 우산을 쓰고<br/>너를 사랑할게<br/>너와 어디든 발 맞춰 걸을래<br/>
"
3643,가로등길,신재훈신재훈,가로등길,17,<dd>2019.07.24</dd>,"가로등불빛 아래<br/>함께 있었던 우리 둘은<br/>그땐 그렇게 좋았었는지<br/>가로등 아래서<br/>두 손 잡았던<br/>너에게 말하던 이야기<br/>시간 가는 줄 몰랐었던 시절<br/>모두<br/>내 것이 아니란 걸 그땐 몰랐어<br/>바래진 가로 등불 속에<br/>우리도 바래졌나 그래<br/>깜빡이는 눈빛은<br/>희미해져 가는데<br/>내 마음은 내겐 아직도 정리 못한 채<br/>기대서있어<br/>괜한 기대에 자꾸 서성여<br/>익숙한 장소 낯설게 보여<br/>내게 했던 말 어렴풋이 알 것 같아<br/>이제야 모든 말 이제 안녕<br/>가로등 빛 안 가로등 빛 아래서 난<br/>
"
3644,뒷모습,김수환김수환,뒷모습,2,<dd>2019.07.24</dd>,"봄 바람이 따뜻했던 날 <br/>널 처음 만났고<br/>흩날리는 벚꽃잎 아래<br/>니모습 너무 예뻤어<br/>바닷바람에 긴 생머리 흩날리던 너<br/>푸른 하늘 같아 좋았어<br/>그때의 너는 너무 예뻤고<br/>그때의 나는 정말 모자랐기에<br/>한 번 다가가지 못하고<br/>니 뒷모습만 보면서<br/>아직도 이렇게 서 있어<br/>낙엽지던 날 좋은 사람이<br/>생겼다고 말해줬던 너<br/>그날 이후로 아직 잠도 잘 못자고 있어<br/>그때의 너는 너무 예뻤고<br/>그때의 나는 정말 모자랐기에<br/>한 번 다가가지 못하고<br/>니 뒷모습만 보면서<br/>아직도 이렇게 <br/>지금도 너는 그 사람만 보고<br/>지금도 나는 그런 너만 바라봐<br/>이제 뒤를 돌아 봐줄래<br/>너 하나 보고 있는 날<br/>이제는 한번만 봐 주겠니<br/>
"
3645,여름바다 (Feat. 이노스),동욱 에스동욱 에스,여름바다,7,<dd>2019.07.24</dd>,"무더운 여름 지쳐만 가는 하루 <br/>시간은 더 뜨겁게만 흘러가고 있고<br/>모처럼 맞은 여유로운 오후 <br/>그대와 단둘이 사랑을 속삭이고 싶어<br/>그리 차갑지 않은 <br/>선선한 바람이 부는 날에 <br/>사람들 옹기종기 모인 <br/>바다에 앉아 아무런<br/>걱정도 고민도 없이 <br/>사랑하는 그대와 수다떨며 <br/>시원하게 맥주 한잔 하고싶다<br/>그대가 내게 지어주는 <br/>옅은 그 미소까지도 <br/>내겐 큰 위로가 되고<br/>작은 네 손을 잡아 줄 수 있는 <br/>지금 이 순간이 행복해 <br/>내 사랑 그대야<br/>그리 차갑지 않은 <br/>선선한 바람이 부는 날에 <br/>사람들 옹기종기 모인 <br/>바다에 앉아 아무런<br/>걱정도 고민도 없이 <br/>사랑하는 그대와 함께라면 <br/>이 여름도 너무나 행복할거야<br/>여전히 익숙하지 않아 너의 미소 <br/>아직 난 미숙하지 볼이 붉어진채로<br/>작은 발끝만 보는 시선<br/>난 그대와<br/>모든게 여전한 첫 느낌 니 손길<br/>함께라면<br/>뜨거운 시원함 <br/>난 웃지 빠른 시간 천천히 <br/>바랄게없어<br/>여전히 익숙하지 않아 너의 미소 <br/>아직 난 미숙하지 볼이 붉어진채로<br/>너만을 사랑해<br/>작은 발끝만 보는 시선 모든게 <br/>여전한 첫 느낌 니 손길 뜨거운 시원함 <br/>난 웃지 빠른 시간 천천히 더 천천히 <br/>이대로 영원히<br/>이 여름밤 그대와 <br/>맥주 한잔 하고싶다<br/>
"
3646,필름,소낙별소낙별,필름,462,<dd>2019.07.23</dd>,"조금은 예상한 시나리오<br/>내심 기다리고 있었어<br/>초점이 흐려져 숨이 거칠어져<br/>아찔하게 난 또 Fade out Baby<br/>새빨갛게 물든 두 뺨<br/>너도 원하고 있었잖아<br/>끊어진 Film에 흐트러진 머리에<br/>달콤하게 내게 hang out Baby<br/>뭐 어때 이건 짧은 Scene<br/>잠시만 즐겨보자고<br/>Clapper board는 이미 네 손에<br/>거기서 Cut And ready ACTION<br/>어지러이 Up and Down<br/>빙글 빙글 빙글 춤을 추는 너와 나<br/>배경음악은 필요 없어<br/>귓가의 네 숨소리 하나면<br/>떨리는 눈빛이 Zoom and Out<br/>빙글 빙글 빙글 돌아가는 내 눈앞<br/>NG따윈 여긴 없어<br/>One shot and hold on this night<br/>기억 못 할 백일몽 속에서<br/>서로 품에서 맘껏 헤엄쳐<br/>조명 아래 하루살이들처럼<br/>내일은 잊어 오늘의 우리만 있어<br/>뭐 어때 이건 짧은 Scene<br/>잠시만 긴장 풀라고<br/>오늘 난 네 대본 속 여배우 거기서 Cut<br/>And ready ACTION<br/>어지러이 Up and Down<br/>빙글 빙글 빙글 춤을 추는 너와 나<br/>배경음악은 필요 없어<br/>귓가의 네 숨소리 하나면<br/>떨리는 눈빛이 Zoom and Out<br/>빙글 빙글 빙글 돌아가는 내 눈앞<br/>NG따윈 여긴 없어<br/>One shot and hold on<br/>진심이든 술김이든<br/>그런 건 상관없어 Vodka보다<br/>더 독한 네 입술에 취해<br/>Running time의 끝<br/>이제 엔딩을 볼까<br/>Here's looking at U kid<br/>어지러이 Up and Down<br/>빙글 빙글 빙글 춤을 추는 너와 나<br/>배경음악은 필요 없어<br/>귓가의 네 숨소리 하나면<br/>떨리는 눈빛이 Zoom and Out<br/>빙글 빙글 빙글 돌아가는 내 눈앞<br/>NG따윈 여긴 없어<br/>One shot and hold on this night<br/>NG따윈 여긴 없어<br/>One shot and hold on this night<br/>
"
3647,"정말 사랑했을까, 정말 사랑했었다",캔도 (CANDO)캔도 (CANDO),퍼퓸 OST Part.16,299,<dd>2019.07.23</dd>,"니가 부른것같아<br/>곁에 있는것같아<br/>뒤척이다 잠에서 눈 떴을때<br/>선명히 날 비추는<br/>저 별빛을 닮은<br/>기억이 떠올라 다시<br/>정말 사랑했을까 정말 사랑했을까<br/>사랑했는데 왜 난 <br/>아직까지 너를 잊지못했을까 <br/>미련이 남아 <br/>나에게 넌 사랑보다 깊은 의미였음을<br/>점점더 깊어지는<br/>마음이 부담일까<br/>혼자서만 바라보던 시간들<br/>조금씩 놓아주려<br/>노력을 해봐도 <br/>내뜻대로 안돼 다시<br/>정말 사랑했을까 정말 사랑했을까<br/>사랑했는데 왜 난 <br/>아직까지 너를 잊지못했을까 <br/>미련이 남아 <br/>나에게 넌 사랑보다 깊은 의미였음을<br/>이제는 보내야만 해 <br/>멀쩡히 살아야만 해<br/>오늘까지 울고서<br/>나아야만 해 no way no way <br/>아파한 시간 모두<br/>정말 사랑했을까 정말 사랑했을까<br/>사랑했는데 왜 난 <br/>아직까지 너를 잊지못했을까 <br/>미련이 남아 <br/>나에게 넌 사랑보다 깊은 의미였음을 <br/>나에게 넌 사랑보다 깊은 의미였음을<br/>
"
3648,내일,최고은최고은,"60일, 지정생존자 OST Part 2",204,<dd>2019.07.23</dd>,"어디서부터인지<br/>어디로 가는지<br/>멈추는 법을<br/>잊어버린 채로<br/>달려온 길<br/>그대의 어깨 위<br/>무겁게 놓인 짐들을<br/>이제는 잠시나마<br/>덜어내<br/>한걸음 또 한걸음<br/>조금 느려도 괜찮아<br/>겨울이 지나 봄이 오고<br/>꽃은 또 피우듯이<br/>한걸음 또 한걸음<br/>돌아가도 괜찮아<br/>더 상처나버린 얼룩들이<br/>모두 아물 때 까지<br/>말하지 않아도<br/>느낄 수 있어<br/>항상 혼자<br/>외롭게 애태우고<br/>있다는 걸<br/>그대의 걱정<br/>불어오는 바람에<br/>잠시 날려보내고<br/>웃어봐<br/>한걸음 또 한걸음<br/>조금 느려도 괜찮아<br/>겨울이 지나 봄이 오고<br/>꽃은 또 피우듯이<br/>한걸음 또 한걸음<br/>돌아가도 괜찮아<br/>여기 멈추어버린 그대 길이<br/>다시 보일 때 까지<br/>이 노래가<br/>작은 위로가 될 수 있길<br/>간절히 기도해<br/>한걸음 또 한걸음<br/>헤메어도 괜찮아<br/>오랜 시간 그토록 꿈꾸던<br/>내일이 올테니까<br/>
"
3649,Star,김영근김영근,Star,581,<dd>2019.07.23</dd>,"지금 우린 함께 하고 있어<br/>별을 향해 달려가고 있어<br/>지금 우린 함께 가고 있어<br/>별을 쫒아 함께 하고 있어 예에<br/>Don't give up you're doing well<br/>Don't give up you're doing well<br/>Don't give up you're doing well<br/>Don't give up you doing well<br/>우린 지금 함께하고 있어<br/>별을 보며 꿈을 꾸고 있어 허어우 예<br/>한 낮에도 별이 떠<br/>그 별을 보기 위해 하늘을 봐<br/>늘 그냥 기도 해줄래<br/>바람이 달을 밀어<br/>아침해가 뜰때도오<br/>우린 함께 걷고 있어<br/>끝이 없는 길<br/>우리가 함께 걷는 이 길이 지나<br/>그저 힘들때만 기대는건 아냐<br/>너와 함께 가고있는 이 길<br/>네버 에버 노오<br/>네버 에버 에버 노<br/>지금 우린 함께 하고 있어<br/>별을 향해 달려가고 있어<br/>지금 우린 함께가고 있어<br/>별을 쫒아 함께 하고 있어 예에<br/>Don't give up you're doing well<br/>Don't give up you're doing well<br/>Don't give up you're doing well<br/>지금 우린 함께 하고 있어<br/>별을 향해 달려가고 있어<br/>지금 우린 함께가고 있어<br/>별을 쫒아 함께 하고 있어<br/>노우 워허허허허<br/>노우 워허허허허<br/>노우 워허허허허<br/>노우 워허허허허<br/>노우 워허허허허<br/>노우 워허허허허<br/>노우 워허허허허<br/>노우 워허허허허<br/>노우 워허허허허<br/>
"
3650,너밖에 모르겠다,이동욱이동욱,검법남녀2 OST Part.5,182,<dd>2019.07.23</dd>,"또 하루가 지나가도<br/>몇해가 그렇게 바뀌어도<br/>아직 우린 사랑하고 있을까<br/>이런 생각에 오늘도 지나간다<br/>다시 사랑하기엔 너무 늦은걸 알아<br/>하지만 우리 사랑했잖아 <br/>아직 너를 사랑해 내가 아프더라도<br/>추억마저 널 붙잡으라 내게 말을해<br/>우리 다시 생각해 내가 다가갈테니<br/>니가 그리워진다<br/>너밖에 모르겠다 나는<br/>사랑은 변하고<br/>사람도 변하고<br/>주위에선 너를 보내주래<br/>하지만 난 내 맘대로 할 수가 없어<br/>돌아가기엔 너무 멀리왔나봐<br/>아직 너를 사랑해 내가 아프더라도<br/>추억마저 널 붙잡으라 내게 말을해<br/>우리 다시 생각해 내가 다가갈테니<br/>니가 그리워진다<br/>너밖에 모르겠다 나는<br/>너를 가슴속에 안고 살아도<br/>미안해 너를 난 잊을 수 없어<br/>너를 기다리던 하루 또 하루가<br/>난 아파도 견딜만 하더라<br/>이제 너를 보낼께 내가 아프더라도<br/>미련마저 널 붙잡을 수 없는 건가봐<br/>우리 다시 생각해 나만 아파하면 돼<br/>니가 그리워져도<br/>너밖에 모르겠다 나는<br/>
"
