2751,Snow Ball,조이람조이람,이달의 이람 : Snowball,1,<dd>2019.09.24</dd>,"겨울이 없는 곳에 사는 친구에게<br/>선물을 보냈어<br/>한 번도 눈 본적 없는 아이에게<br/>눈을 선물했어<br/>사계절을 산다는 건<br/>어쩌면<br/>귀찮기도 하지만<br/>눈을 맞을 수 있다는 건<br/>매년 설레는 일이야<br/>투명 유리 공 속 그 곳처럼<br/>평평 함박눈이 쏟아지면<br/>누구나 나이를 잊고 아이처럼<br/>신이 나잖아<br/>유리 공안에서는 어느 날이든<br/>항상 눈이 내리고 있어<br/>날리는 눈을 보며<br/>잊고 있던 꿈도 꺼내보고<br/>소원도 빌어봐<br/>파란 바다와 뜨거운 태양이<br/>항상 있는 그곳은<br/>부드럽고 차가운 눈송이가<br/>궁금 할거야<br/>투명 유리 공 속 그 곳처럼<br/>하얀 눈송이가 날릴 때면<br/>나도 모르게 미소가 번지고<br/>행복해 지잖아<br/>내가 사는 이곳<br/>친구의 맘에도<br/>눈이 자주 오면 좋겠어<br/>잃어버린 어릴 적<br/>꿈을 다시 찾아보고 싶어<br/>순수한 그때를<br/>그곳에서 만나<br/>
"
2752,Regain,"아현 (Ah Hyun), 문태현아현 (Ah Hyun), 문태현",Regain,12,<dd>2019.09.24</dd>,"난 말야 키가 작은 어린 시절 때부터<br/>웃음이 많았던 아이여서<br/>상처가 있는 줄도 모르고<br/>그렇게 언제나<br/>마냥 행복한 아인 줄 알았어<br/>나도 누군가에게<br/>자그마한 빛이 돼주고 싶어<br/>그랬던 자그마한 불빛은<br/>재가 되어 버렸고<br/>아마 나를 구해줘<br/>따뜻한 손길이 필요해<br/>누군가의 빛이 필요해 외쳤을까<br/>아팠던 기억과 상처들이<br/>하나하나 시간 속에 잊혀지겠지<br/>아무리 힘들고 외로워도<br/>포기한단 생각들은 하지 말아 줘<br/>품속에 찾아와<br/>아무런 기다림과 얘기도 없이<br/>두 눈을 감고서<br/>너의 그 지친 몸이 쉴 수 있도록<br/>난 말야 키가 작은 어린 시절 때부터<br/>장난기 많던 순수한 아이였어서<br/>마음속 깊은 상처가<br/>있는 줄도 모르고<br/>그렇게 언제나 마냥<br/>행복한 아인 줄 알았어<br/>불편한 누군가가 너를 불편하게 해<br/>이 지긋지긋함을 마시는 게 괴로워<br/>충분히 아파해<br/>이제는 마음껏 울어도 되니까<br/>지금처럼 훌훌 털어버려<br/>잠시 동안만 내 곁에 있어줘<br/>이렇게 곁에 머물러 있어줘<br/>충분히 아파한 만큼씩<br/>더 강해질 테니까<br/>아팠던 기억과 상처들이<br/>하나하나 시간 속에 잊혀지겠지<br/>아무리 힘들고 외로워도<br/>포기한단 생각들은 하지 말아 줘<br/>품속에 찾아와<br/>아무런 기다림과 얘기도 없이<br/>두 눈을 감고서<br/>너의 그 지친 몸이 쉴 수 있도록<br/>
"
2753,나만 아픈 일,이해리 (다비치)이해리 (다비치),나만 아픈 일,"21,943",<dd>2019.09.23</dd>,"멍하니 또 하루 종일<br/>의미 없는 생각들만 했어<br/>아니라고 아니라고<br/>헤어지자 말하기가<br/>이렇게 힘들까<br/>날 사랑하지 않아<br/>내게 오지 않아<br/>다 알고 있으면서<br/>하루하루 이별을 늦추면<br/>어차피 나만 가여워지잖아<br/>달라질 건 없어<br/>이 순간에도 넌 조금도<br/>내 생각 하지 않는 거<br/>알잖아 이대로는 내가<br/>너에게 우리에게<br/>좋았던 기억들 못나게 만들 것 같아<br/>오늘은 꼭 말해야 돼<br/>네가 없는 내 모습이 두려워도<br/>하루만 더 또 하루 더<br/>이별은 미뤄질 수 없단 걸<br/>알면서도 난<br/>어차피 나만 가여워지잖아<br/>달라질 건 없어<br/>이 순간에도 넌 조금도<br/>내 생각 하지 않는 거<br/>알잖아 이대로는 내가<br/>너에게 우리에게<br/>좋았던 기억들 못나게 만들 것 같아<br/>이제 말할게 아프게 나 혼자서<br/>널 기다리지 않겠다고<br/>어차피 내가 사랑했던<br/>너는 더는 여기 없어<br/>이 순간에도 넌 조금도<br/>내 생각하지 않잖아<br/>행복했던 사랑해 말하던 그 날<br/>우리 그때의 너<br/>날 안아주던 널 이제서야 보내줄게<br/>
"
2754,눈부신 날,송지은송지은,너의 노래를 들려줘 OST Part.7,673,<dd>2019.09.23</dd>,"들리나요 내 맘에 바람이 불어오면<br/>느끼나요 함께한 우리의 시간들이<br/>오늘 이렇게 그댄 나만 보네요<br/>들리지 않나요 보이지 않나요<br/>그 설레는 날 그 날 Beautiful day<br/>내 맘이 너무 떨려 맘이 너무 떨려 <br/>자꾸만 두근거려서<br/>그 눈부신 날 그 날 Beautiful day<br/>행복한 그 날에 <br/>Be loving you To be loving you<br/>I'm gonna love with you<br/>보이나요 눈부신 햇살이 내려오면<br/>내 맘 속에 따스한 온기가 채워지죠<br/>오늘 이렇게 그댄 나만 보네요<br/>들리지 않나요 보이지 않나요<br/>그 설레는 날 그 날 Beautiful day<br/>내 맘이 너무 떨려 맘이 너무 떨려 <br/>자꾸만 두근거려서<br/>그 눈부신 날 그 날 Beautiful day<br/>행복한 그 날에 <br/>Be loving you To be loving you<br/>I'm gonna love with you<br/>그 설레는 날 그 날 Shiny day<br/>눈부신 너를 보면 맘이 너무 떨려 <br/>자꾸만 두근거려서<br/>그 눈부신 날 그 날 Beautiful day<br/>행복한 그 날에 <br/>Be loving you To be loving you<br/>I'm gonna love with you<br/>
"
2755,Nostalgia Two,"Eugene (유진), 베너비(Venoby)Eugene (유진), 베너비(Venoby)",Nostalgia Two,140,<dd>2019.09.23</dd>,"내가 사랑한 당신은 어땠을까<br/>너를 사랑한 그때의 난 어땠을까<br/>사랑하면 닮는다는 말<br/>나 그대와 같은 향기를 내고 싶어<br/>왜 이리 편안한 건지<br/>마치 그대가 내 옆에 있는 것 같이<br/>눈을 감고 포근하게 안아 주기를<br/>이 좋은 향기로 날<br/>따뜻하게 감싸 안아 주기를<br/>추억이란 향기는 아름답게<br/>가슴에 남아주기를<br/>잠이 오지 않아 <br/>지끈거리는 날들 속에<br/>좋은 꿈을 꿀 수 있기를<br/>지난 사진 속에 나는<br/>어떤 표정을 지을까<br/>오래된 편질 꺼내보니<br/>나도 누군가에겐<br/>참 좋은 사람인가 봐<br/>왜 이리 편안한 건지<br/>마치 그대가 내 옆에 있는 것 같이<br/>눈을 감고 포근하게 안아 주기를<br/>이 좋은 향기로 날 <br/>따뜻하게 감싸 안아 주기를<br/>추억이란 향기는 아름답게<br/>가슴에 남아주기를<br/>잠이 오지 않아<br/>지끈거리는 날들 속에<br/>좋은 꿈을 꿀 수 있기를<br/>이 좋은 향기로 널<br/>따뜻하게 감싸 안아 주기를<br/>그대라는 추억은 아름답게 <br/>가슴에 남아주기를<br/>잠이 오지 않아<br/>지끈거리는 날들 속에<br/>좋은 꿈을 꿀 수 있기를<br/>좋은 꿈을 꿀 수 있기를<br/>
"
2756,사랑이 떠나가네요 (feat. 더 브릿지(The Bridge)),페퍼민트 (peppermint)페퍼민트 (peppermint),사랑이 떠나가네요,101,<dd>2019.09.23</dd>,"시간이 멈췄다는말<br/>사랑이 멈췄다는말<br/>둘이서 그려봐요<br/>자꾸 멀어진다는 말<br/>내마음 자꾸 모르죠<br/>세상엔 둘뿐이라<br/>세상엔 너 하나라<br/>우리 둘이 그려요<br/>자꾸 내 마음 보여요 <br/>우리 마지막에 다 잊어 달라고<br/>사랑이 떠나가네요<br/>사랑이 잊어가네요<br/>you are my everything <br/>without your love<br/>내 마음 더 가까이 와줘요<br/>내 사랑 한마디만 전해요<br/>우리 사랑 이대로<br/>떠나가요<br/>세상엔 둘뿐이라<br/>세상엔 너 하나라<br/>우리 둘이 그려요<br/>자꾸 내 마음 보여요 <br/>우리 마지막에 다 잊어 달라고<br/>사랑이 떠나가네요<br/>사랑이 잊어가네요<br/>you are my everything <br/>without your love<br/>내 마음 더 가까이 와줘요<br/>내 사랑 한마디만 전해요<br/>우리 사랑 이대로<br/>떠나가요<br/>그대 이름 불러요<br/>내게 잊지 못한 한마디 <br/>그대 이름 불러요<br/>사랑이 떠나가네요<br/>사랑이 잊어가네요<br/>you are my everything <br/>without your love<br/>내 마음 더 가까이 와줘요<br/>내 사랑 한마디만 전해요<br/>우리 사랑 이대로<br/>사랑이 떠나가네요<br/>사랑이 잊어가네요<br/>you are my everything <br/>without your love<br/>내 마음 더 가까이 와줘요<br/>내 사랑 한마디만 전해요<br/>우리 사랑 이대로<br/>떠나가요<br/>
"
2757,여기,윤희영윤희영,JUN,19,<dd>2019.09.23</dd>,"어둔 새벽 별이 밝힌 길을 따라서<br/>밤을 따라서 걸어가<br/>시간을 잠군 열쇠 열어보지도 않고<br/>밀어버린 기억들을 따라서<br/>그때를 찾아서 걸어가<br/>선명했던 그 별은 어느새 사라지고<br/>길을 잃어버린 길 위에서 난<br/>왜 그렇게 아파했어 그렇게<br/>혼자 외롭게 이겨내려<br/>그렇게 그렇게<br/>지금 여기 있는데<br/>나조차도 모르는 그곳으로<br/>계속해 걸어가 걸어가네<br/>왜 그렇게 아파했어 그렇게<br/>혼자 외롭게 이겨내려<br/>그렇게 그렇게<br/>우린 여기 있는데<br/>어둔 새벽 별이 밝힌 길을 따라서<br/>밤을 따라서 걸어가<br/>
"
2758,이별 詩 (Feat. 데이슨 of 조이어클락),함희태함희태,이별 詩,40,<dd>2019.09.23</dd>,"내 눈물 무게를 실어<br/>깊은 곳에 가라앉게 두었는데<br/>허무하게 내 마음위로<br/>다시 떠올라 있는 힘껏<br/>다시 끌어내려도<br/>너는 꿈쩍이지 않아<br/>내 마음 먼 곳에 두어<br/>다신 나를 찾아올 수 없을 만큼<br/>허무하게 제 자릴 찾아<br/>다시 돌아와 있는 힘껏<br/>다시 떨쳐 내봐도<br/>너는 떠나가지 않아<br/>이젠 멀리 멀리 떠내려가<br/>내 손에 닿지 못하게<br/>내 눈에 담지 못하게<br/>내 안에서 멀어 져줘<br/>이젠 멀리 멀리 떠내려가<br/>내 손에 닿지 못하게<br/>내 눈에 담지 못하게<br/>내 안에서 멀어 져줘<br/>내 눈물 무게를 실어<br/>깊은 곳에 가라앉게 두었는데<br/>허무하게 내 마음위로 다시 떠올라<br/>여전히 내 앞에 서있네<br/>
"
2759,Beautiful Fantasy,박경민박경민,Beautiful Fantasy,18,<dd>2019.09.23</dd>,"레몬 빛 산들바람 싱그러울 즘에<br/>천연색 밤하늘을 홀로 보네요<br/>근데 만약에 아주 만약에<br/>숨죽여 꿈꿔왔던 날이 온다면<br/>칠흑 같은 시간을 건너서<br/>네게 달려갈거야<br/>하늘을 가득 채운 Shining Milky Way<br/>쏟아지는 Raining Candies<br/>너와 나 둘만의 Beautiful Fantasy<br/>소원을 이룰거야 Tonight<br/>무심코 올려다본 연두 빛 하늘엔<br/>수줍은 민들레 꽃 피어나네요<br/>근데 만약에 아주 만약에<br/>애타게 바래왔던 너를 본다면<br/>금강초롱 한 송이 꺾어서<br/>네게 전해줄거야<br/>하늘을 가득 채운 Shining Milky Way<br/>쏟아지는 Raining Candies<br/>너와 나 둘만의 Beautiful Fantasy<br/>소원을 이룰거야<br/>매일같이 언덕에 올라서<br/>너를 기다리잖아<br/>하늘을 가득 채운 Shining Milky Way<br/>쏟아지는 Raining Candies<br/>하루를 가득 채울<br/>Dramatic French Kiss<br/>넘쳐나는 Romantic Roses<br/>너와 나 둘만의 Beautiful Fantasy<br/>소원을 이룰거야<br/>하늘을 가득 채운 Shining Milky Way<br/>쏟아지는 Raining Candies<br/>너와 나 둘만의 Beautiful Fantasy<br/>소원을 이룰거야 Tonight<br/>Tonight<br/>
"
2760,머물러,감성돔 (feeling makers)감성돔 (feeling makers),머물러,37,<dd>2019.09.23</dd>,"따뜻했던 그날아침<br/>다른 것이 없던 내 맘은<br/>익숙함에 당연했던<br/>멀어져간 우리 날들이<br/>무거운 너의 말이<br/>날 멀어지게 해<br/>떠나가 버린 너 날 잊어가는 너<br/>이젠 널 되돌릴 수 없잖아<br/>익숙한 시간에 담긴<br/>지나온 기억들이<br/>떠나간 너를 난 보낼 수 없는 난<br/>너 없는 그곳에 서있는데<br/>이렇게 오늘을 또 되뇌이며 살아가<br/>I will stay stay stay<br/>I will stay stay stay<br/>I will stay stay stay<br/>I will stay stay stay<br/>함께했던 그 추억들은<br/>다른 시간 속에 남겨져<br/>익숙한 그 거리가<br/>널 떠오르게 해<br/>떠나가 버린 너 날 잊어가는 너<br/>이젠 널 되돌릴 수 없잖아<br/>익숙한 시간에 담긴<br/>지나온 기억들이<br/>떠나간 너를 난 보낼 수 없는 난<br/>너 없는 그곳에 서있는데<br/>이렇게 오늘을 또 되뇌이며 살아가<br/>항상 차갑던 작은 너의 그 손을<br/>이젠 감싸줄 수 없잖아<br/>너를 볼 수 없잖아<br/>지워져 가는 나 잊혀져 가는 나<br/>시간을 되돌 순 없잖아<br/>계속 널 비워내봐도<br/>다시 난 그 자리에<br/>떠나가 버린 너 보낼 수 없는 너<br/>내 모든 기억에 그대론데<br/>그렇게 내일을 또 되뇌이며 살아가<br/>I will stay stay stay<br/>I will stay stay stay<br/>I will stay stay stay<br/>stay<br/>
"
2761,너는 어때,하늘하늘,너는 어때,3,<dd>2019.09.23</dd>,"뜨겁게도 사랑했던 우리는 <br/>그렇게 끝나버렸어 <br/>이별이란 두 글자 안에서 <br/>우리는 끝나버렸어 <br/>얼마나 더 지나야 괜찮아질까 <br/>시간이 지나면 나아지긴 하는 걸까 <br/>너의 지금은 어떠니 <br/>죽을 만큼 힘들어하고 있니 <br/>솔직히 그랬으면 해 나보다 더 <br/>힘들고 아팠으면 해 <br/>하루가 지날수록 아파오는데 <br/>세월이 흘러도 나아질 것 같지 않아 <br/>너의 지금은 어떠니 <br/>죽을 만큼 힘들어하고 있니 <br/>솔직히 그랬으면 해 나보다 더 <br/>힘들고 아팠으면 해 <br/>나는 오늘도 버거워 <br/>매일매일 슬픔 속에 잠들어 <br/>나의 반만큼만 아니 나보다 더 <br/>힘들고 아팠으면 해 <br/>
"
2762,나의 빛,푸른종이푸른종이,나의 빛,28,<dd>2019.09.23</dd>,"안녕 나는 너의 빛으로<br/>피어나는 많은 것들 중 하나<br/>난 언제나 눈을 감고서<br/>내 모든 걸 너의 빛으로 물들였어<br/>따사로운 기분 따라서<br/>조금씩 너의 빛에 가까워져<br/>아침이 오면 너의 햇빛에<br/>젖은 맘을 달래고 싶어<br/>밤이 되면 너의 별빛에<br/>흠뻑 잠기고 싶어<br/>그렇게 내가 더 커져서<br/>널 감싸 안는 하늘이 될게<br/>결국 너의 편안한 쉼이 되는<br/>하늘이 될게<br/>반짝이는 마음 따라서<br/>더디지만 조금씩 가까워져<br/>너의 빛에<br/>아침이 오면 너의 햇빛에<br/>젖은 맘을 달래고 싶어<br/>밤이 되면 너의 별빛에<br/>흠뻑 잠기고 싶어<br/>그렇게 내가 더 커져서<br/>널 감싸 안는 하늘이 될게<br/>결국 너의 편안한 쉼이 되는<br/>하늘이 될게<br/>
"
2763,너만이별,아더메리트 (Other_Merit)아더메리트 (Other_Merit),너만이별,84,<dd>2019.09.23</dd>,"추운겨울은 다 지나고<br/>널 닮은 아득한 봄 냄새가<br/>어느덧 내 코끝을 간지럽힐때쯤<br/>다시 또 네 생각에 잠겨<br/>네가 좋아하던 비가 오는날에<br/>우리 걷던 이 골목길 위에<br/>저 멀리 네가 내게 올 것만 같아서<br/>발이 떨어지질 않아<br/>다 지나갈거란 너의 그 거짓말<br/>다 지워질거란 너의 그 거짓말<br/>잊혀지질 않아서 지워내질 못해서<br/>아직도 그 추억에 살아<br/>내가 불러 주는 노랠 좋아 하던<br/>아이 같은 너의 그 미소가<br/>여전히 선명하게 아른거리는데<br/>이제는 다시 볼 수 가 없어<br/>다 지나갈거란 너의 그 거짓말<br/>다 지워질거란 너의 그 거짓말<br/>잊혀지질 않아서 지워내질 못해서<br/>아직도 그 추억에 살아<br/>다 지워진다며 괜찮을 거라며<br/>아무 걱정말라며 다 지나간다던<br/>네가 했던말들이 맘처럼<br/>쉽지 않아서<br/>아직 나는 그 시간에 살아<br/>다 지나갈거란 너의 그 거짓말<br/>다 지워질거란 너의 그 거짓말<br/>잊혀지질 않아서 지워내질 못해서<br/>아직도 그 추억에 살아<br/>
"
2764,잘자(goodbam) (Feat. 정성진),굿밤 프로젝트굿밤 프로젝트,굿밤 프로젝트 : 잘자(goodbam),10,<dd>2019.09.23</dd>,"모두 잠든 밤<br/>넌 내게 다가와<br/>살며시 나를<br/>바라봐<br/>맑은 두 까만 눈망울<br/>세월에 눈비묻어<br/>흐릿해 지는구나<br/>너의 잠든 모습이<br/>나는 왜 이리 아파<br/>너는 내 마음 알기나 할까<br/>오늘이 지나<br/>내일이 오면<br/>불안한 이 마음<br/>사라지겠지<br/>일단 자자<br/>잘자 내 친구야<br/>차디찬 새벽<br/>난 너를 찾다가<br/>살며시 이불<br/>들춰봐<br/>이미 넌<br/>지난 밤 하늘<br/>북두칠성 따라<br/>사라져 버렸구나<br/>너는 옆에 있는데<br/>나는 널 안았는데<br/>너는 내가 갈 수 없는 곳에<br/>길다면 길고<br/>짧다면 짧은<br/>너와 보낸 시간이<br/>내겐 큰 선물이었어<br/>우리 조금씩 점점 멀어지지만<br/>우린 다시 만날수 있어<br/>고마웠어 잘가<br/>내 친구야<br/>
"
2765,멈춰진 사랑,진파랑진파랑,1집 사랑 안에서 (in love),4,<dd>2019.09.23</dd>,"사랑밖에 모르던 네게<br/>웃음으로 답해준 네게<br/>무거워진 내 삶이 싫어<br/>오히려 화만 내던 나<br/>한숨 속에 지쳐간 네게<br/>웃음조차 보일 수 없던<br/>어리석은 나 바보 같은 나<br/>보내줄게 내가<br/>사랑아 그만해 제발<br/>마음아 그만해 제발<br/>보내주자 보내주자<br/>후회만 남겨두자<br/>미안했어요<br/>상처로 가득한 사랑<br/>그대 가슴에<br/>멍울로 남겨질 사랑<br/>시간 지나면<br/>보내는 내 맘 알겠죠<br/>미련만 남아<br/>멈춰서 기다릴 사랑<br/>두 눈 속에 담았던 너를<br/>아픔 속에 보낸다 내가<br/>힘에 겨운 삶 속에 너를<br/>가둘 수 없었던 내가<br/>고운 웃음 가득한 네게<br/>상처들을 주기만 했던<br/>어리석은 나 바보 같은 나<br/>보내줄게 내가<br/>사랑아 그만해 제발<br/>마음아 그만해 제발<br/>보내주자 보내주자<br/>후회만 남겨두자<br/>미안했어요<br/>상처로 가득한 사랑<br/>그대 가슴에<br/>멍울로 남겨질 사랑<br/>시간 지나면<br/>보내는 내 맘 알겠죠<br/>미련만 남아<br/>멈춰서 기다릴 사랑<br/>아파하지 마<br/>돌아선 네 맘 다 알아<br/>모른 척했던<br/>떨어진 눈물 다 알아<br/>시간 지나서<br/>한 번쯤 웃어주겠니<br/>멈춰진 사랑<br/>붙잡고 살아갈 테니<br/>
"
2766,함께 걷는 가을 (feat. 정홍록),이시훈이시훈,함께 걷는 가을 (feat. 정홍록),33,<dd>2019.09.23</dd>,"우리 처음 만나 데이트하던 날<br/>너도 혹시 생각나니<br/>내가 무뚝뚝하고 표현도<br/>못해 많이 답답했겠지<br/>우리 처음 만나 서로 손도 못 잡고<br/>많이 설레었어<br/>쿵쾅 거리는 내 심장소리<br/>네게 들킬 가봐 걱정했지<br/>세차장 터널 속 안 어둠 속에 빨개진<br/>너의 얼굴을 몰래 봤고<br/>내 눈을 피해 밥을 먹던 너의 입술<br/>그 모습도 몰래 봤어<br/>그렇게 어설펐던 하루가 다 지나고<br/>따뜻한 가을 햇살 아래 사랑 시작됐지<br/>그렇게 우리 사랑이 시작됐어<br/>그런 내가 너는 싫진 않았었는지<br/>부끄러워 했어<br/>아직은 믿겨지지는 않겠지만<br/>우리 서로 조금씩 믿고<br/>그렇게 우린 서로를 알아가며<br/>발걸음을 맞춰갔어<br/>쓸쓸한 가을이었던 우리 들의<br/>행복한 가을을 만들어가<br/>아직 서로 부족하고 모자라도<br/>항상 행복하길 바래<br/>우리 이제 잡은 두 손 놓지 말고<br/>항상 함께하길<br/>미래를 약속할게<br/>흐트러진 날 잡아준<br/>힘이 들어도 나 매일<br/>안아줄게 너에게 감사할게<br/>모두의 축복 속에서 우리 사랑<br/>절대 변치 않길 바래<br/>하나 되는 꿈을 꾸던 우리 모습<br/>지금 더욱 빛나 보여<br/>세월 지나 옆에 있을 그 사람이<br/>그 사람이 그 사람이<br/>서로 이길 바래<br/>
"
2767,동물의 왕국,구본웅 (Ku Bon Woong)구본웅 (Ku Bon Woong),동물의 왕국,1,<dd>2019.09.23</dd>,"오랜만에 동물원에 놀러갔었지<br/>두근두근 보고싶어 동물의 왕국<br/>아 초록색 앵무새<br/>무지개 빛 새들의 노래<br/>아 하얀색 거위들<br/>아름다운 백조의 노래<br/>오랜만에 동물원에 놀러갔었지<br/>너희들이 보고싶어 동물의 나라<br/>아 귀여운 회색곰<br/>장난치며 신나는 춤을<br/>아 우아한 얼룩말<br/>검정 하얀 볼수록 멋져<br/>오랜만에 동물원에 놀러갔었지<br/>두근두근 보고싶어 동물의 나라<br/>오랜만에 동물원에 놀러갔었지<br/>너희들이 보고싶어 동물의 왕국<br/>
"
2768,And I,서하윤서하윤,그리고 안녕,4,<dd>2019.09.23</dd>,"아픈 마음 한쪽을 가리고 있죠<br/>오늘도 너를 잊어<br/>버리라고 말을하죠<br/>너에게 내맘을 드러내다<br/>무너질것같은 내마음을<br/>다시숨기고 가질수없다 하죠<br/>And I 그대 생각이 날땐<br/>And I 또 이렇게 난<br/>And I 내맘을 묻어 버리고<br/>그댈 생각 하죠<br/>어떤 말로 시작해 볼까 생각해<br/>할수있는 말이 없는걸<br/>오래된 기다림에<br/>너는 잘지내냐는 말이 없이 이렇게<br/>다시 숨기고 가질수 없다 하죠<br/>And I 그대 생각이 날땐<br/>And I 또 이렇게 난<br/>And I 내맘을 묻어 버리고<br/>그댈 생각 하죠<br/>And I And Why And Why<br/>And I And Why And Why<br/>And I And Why And Why<br/>And I 그대 생각이 날땐<br/>그대가 없네요<br/>And I 또 이렇게 난<br/>또 이렇게 난<br/>And I 내맘을 묻어 버리고<br/>그댈 생각 하죠<br/>And I And Why And Why<br/>And I And Why And Why<br/>
"
2769,떠나가줘,임보현임보현,떠나가줘,81,<dd>2019.09.23</dd>,"난 너를 만나 행복했고 <br/>넌 나를 만나 아프기만 했잖아<br/>내 거지같은 욕심을 <br/>꾹 참아야만 했던 너를<br/>이제는 보내줘야 할텐데<br/>어떻게 말을해야 <br/>너에게 상처를 줄 수 있을지<br/>생각해야 하는 날 용서하지마<br/>떠나가줘<br/>너를 아직 사랑 하고있는 내게서<br/>떠나가줘 <br/>어떤 짓을 해도 변하지 않을 내게서<br/>나와 함께 오랫동안 <br/>아픈 것 보다는 나을테니까<br/>마지막 눈물 보이며 떠나가줘<br/>너를 사랑한다 헤어지지 말자<br/>셀 수 없이 했던 말들이 <br/>이젠 거짓이 되었고 난 못나지겠지<br/>추억 남기려 하지마 가끔 생각날테니까<br/>모두 잘못된거야 우리는<br/>떠나가줘<br/>떠나가줘<br/>너를 아직 사랑 하고 있는 내게서<br/>떠나가줘 어떤 짓을 해도 <br/>변하지 않을 내게서<br/>나와 함께 오랫동안 <br/>아픈 것 보단 나을테니까<br/>마지막 눈물 보이며<br/>널 사랑하지를 못해<br/>이미 많은 눈물 흘리게 한 나라서<br/>사랑 할 수 없어<br/>내 마음이 네게 다가 가질 않아서<br/>부족한 내가 너를 담기에는 좁을테니까 <br/>그런 내 안에서 떠나가줘<br/>내 좁은 가슴에서 떠나가줘<br/>
"
2770,이 하루 끝에,이효준이효준,이 하루 끝에,8,<dd>2019.09.23</dd>,"기억하니 이 하루 끝엔<br/>우리가 있어 위로가 됐던 밤들<br/>그땐 함께라는게 전부였던<br/>바라보고 또 입맞추면<br/>어느새 우린 둘 아닌 하나가 되어<br/>긴 긴 그 밤을 잠들지 않았지<br/>이젠 내 곁에서<br/>너를 찾을 수 없는<br/>이 순간이 힘겨운데<br/>내가 이렇게 아파하는 이유는 널<br/>보지도 못하는 널 안지도 못 하는<br/>이 바보같은 하루에 원망은<br/>또 날 쫒아 오는게<br/>날 감당 할 수도 없게 하는<br/>추억들이란 걸<br/>내 품에서 너 잠들던 습관이<br/>날 보던 너의 눈빛 속 살던 내가<br/>널 울려 주기를<br/>니가 그렇게 슬퍼하는 이유가 날<br/>보지도 못해서 내게 안기지 못해서<br/>그 바보같은 하루에 원망은<br/>또 널 쫒아 오는게<br/>널 감당 할 수도 없게 하는<br/>추억들이란 걸<br/>습관처럼 했던 말<br/>너 없인 안된다고<br/>꼭 잡은 이 손 놓지 않겠다고<br/>말하던 넌 어디에 제발<br/>이 하루 끝에 다시 너 돌아오길<br/>
"
2771,하나부터 열까지,Sleepingpoet (슬리핑포엣)Sleepingpoet (슬리핑포엣),하나부터 열까지,3,<dd>2019.09.23</dd>,"하나를 알게 되면 둘이 알고 싶어져<br/>이런 난 아무래도 비정상인 걸까<br/>셋을 알고도 넷이 궁금해 지는 <br/>나를 넌 정말<br/>이상 하게만 생각 지마<br/>다섯을 알고 나면 여섯이 궁금해져<br/>매일 난 니 생각에 하루를 보내며<br/>일곱을 알고 여덟을 알아 가는 <br/>매일 매일이<br/>더없이 나는 행복할 뿐<br/>너라는 사람 하나를<br/>너무도 알고 싶은 내 맘을<br/>끝없이 궁금해하며<br/>앞에 두고서도 너무 그리워<br/>이런 날 이해해줘<br/>이런 게 사랑 아닐까<br/>언제나 니가 그리워<br/>보고 또 돌아 서면<br/>더 그리운 내 사랑<br/>아홉을 알고 열을 알면 끝일까<br/>끝이 없이 니가 궁금해<br/>너라는 사람 하나를<br/>너무도 알고 싶은 내 맘을<br/>끝없이 궁금해하며<br/>앞에 두고서도 너무 그리워<br/>이런 날 이해해줘<br/>이런 게 사랑 아닐까<br/>언제나 니가 그리워<br/>보고 또 돌아 서면<br/>더 그리운 내 사랑<br/>
"
2772,달고나,서아서아,ALIOTH,33,<dd>2019.09.23</dd>,"너랑 같이 있는 지금<br/>올려다본 하늘에 있는<br/>구름마저 솜사탕처럼<br/>달달해 보여 모든 게<br/>저 해가 피곤해 기지갤 펴<br/>어느새 해가 잠이 들고<br/>하늘에 색이 점검 물들어갈 때<br/>내 마음도 물들어가<br/>넌 어떤 생각 하고 있을까<br/>두근대 긴장이 돼<br/>처음 하는 연애도 아닌데<br/>난 너무 설레는 걸<br/>모든 게 서툴러 지금<br/>난 너를 알고 싶어<br/>나 하나로 그리던 일기를<br/>우리로 채우고 싶어<br/>너랑 둘이 있는 시간<br/>서로의 눈 속 안에 있는<br/>우리 둘이 가까워질 때<br/>구름 위를 걷는 것 같아<br/>저 달을 한 입씩 베어 물어<br/>조금씩 초승달이 될 때<br/>우리의 사이는 점점 깊어져<br/>물의 수위가 높아지듯<br/>넌 어떤 생각 하고 있을까<br/>난 집에 가기 싫어<br/>우리 같이 여행 떠나볼까<br/>단둘이 있고 싶어<br/>너라는 사람에 대해<br/>더 많이 알고 싶어<br/>우리 둘 사이의 거리를<br/>더욱더 좁히고 싶어<br/>저 달도 우릴 비추고 있어<br/>주인공은 우리야<br/>아니 우리 하나 되어볼까<br/>난 너에게 안기고 싶어<br/>이제 점점 끈적여져볼까<br/>녹은 달고나처럼<br/>
"
2773,사랑하는 그대에게,송임규송임규,사랑하는 그대에게,20,<dd>2019.09.23</dd>,"우리가 만나<br/>사랑하는 이 순간까지<br/>많은 일이 있었지만<br/>함께 이겨내서<br/>고마워<br/>당신을 만나<br/>나란사람 변한 것 같아요<br/>이제부터 내가 그대를<br/>행복하게 해줄게요<br/>고마워요<br/>날 사랑해줘서<br/>미안해요<br/>잘해주지 못해서<br/>사랑해요<br/>죽을만큼 사랑해요<br/>날 위한 한 사람<br/>고마워요<br/>날 사랑해줘서<br/>사랑해요<br/>죽을만큼 사랑해요<br/>언제나 당신을<br/>지켜줄게<br/>사랑하는 그대에게<br/>사랑하는 그대에게<br/>
"
2774,좋아,"런닝맨 (지석진, 유재석, 김종국, 하하, 송지효, 이광수, 전소민, 양세찬)런닝맨 (지석진, 유재석, 김종국, 하하, 송지효, 이광수, 전소민, 양세찬)",런닝맨 팬미팅 런닝구 프로젝트,"6,430",<dd>2019.09.22</dd>,"첫 만남의 수줍은 설레임<br/>아무것도 아니던 우리<br/>하루하루 그저 앞만 보고 달렸어<br/>함께인 적 없다고 했지만<br/>내 맘은 언제나 널 생각해<br/>함께여서 여기까지 오게 된거야<br/>미안해 나는 말야 잘하는 게 하나 없어<br/>하지만 왠지 너와 있으면 <br/>다 할 수 있을 것 같아<br/>이젠 내가 네 편이 돼 줄게<br/>모두 헤아릴 순 없지만<br/>조금 더 가까이 기대볼래<br/>널 좋아하니까<br/>힘겨운 오늘도 또 내일도<br/>괜찮아 힘을 내 너와 함께 달릴 거야 <br/>욕심쟁이지만 <br/>냇물보다 깊은 석진이형 <br/>입이 백두산 장난꾸러기 재석이형 <br/>낭만주먹 능력자 종국 <br/>표류하는 패션왕 하하 <br/>젤 예쁜 송마흔 지효 <br/>귀여운 돌아이 소민 <br/>아끼는 개그맨 후배 광수형 <br/>3m 크길 그리고 양세찬 <br/>그렇게 우린 하나가 된 거야<br/>이젠 내가 네 편이 돼 줄게<br/>모두 헤아릴 순 없지만<br/>조금 더 가까이 기대볼래<br/>널 좋아하니까<br/>힘겨운 오늘도 또 내일도<br/>괜찮아 힘을 내 너와 함께 달릴 거야<br/>날 믿어 날 믿지 마 널 오해한 시간들<br/>그래서 더 빛나던 우리를 기억해<br/>네게 줄게 서툰 내 마음을<br/>이렇게 난 너를 사랑해<br/>언젠가는 우리 이 걸음을<br/>멈추는 그 날에<br/>참 고마웠었어 난 너였어<br/>눈이 부시도록 눈물 나던 날<br/>비가 쏟아져도 웃을 수 있던 날<br/>모든 날이 뽀송뽀송해 좋아 <br/>
"
2775,남아있는 노래처럼,핑클 (Fin.K.L)핑클 (Fin.K.L),"핑클 싱글 앨범 ""남아있는 노래처럼""","19,487",<dd>2019.09.22</dd>,"철이 없던 참 행복했던<br/>찬란히 빛나던 아득한 시절에<br/>우리 함께 부른 노래가<br/>내 가슴에 빛나네<br/>묻어둔 채 살아가다가<br/>익숙한 멜로디 귓가에 들릴 때면<br/>나도 몰래 멈춘 걸음이<br/>또다시 날 그때 그 자리로<br/>가만히 차오르는<br/>그날의 너의 목소리<br/>가득히 피어나는<br/>예쁜 너의 얼굴이<br/>그리워서<br/>함께 부르던 우리들의 노래가<br/>어깨를 맞춰 걸어가던<br/>우리 꿈들이<br/>소중했지<br/>남아있는 노래처럼 늘 우리 그대로<br/>기다려준 너의 마음<br/>좋았던 기억을 소중히 간직해줘<br/>때론 힘이 들고 지칠 때<br/>기억해줘 우리가 있단 걸<br/>빠르게 흘러가던<br/>우리의 짧은 시간에<br/>가끔씩 올려다본<br/>하늘 가득히 고인<br/>네가 있어<br/>서로에게 빛이 되어준 별이었고<br/>빛나게 해주는 까만 밤하늘이었어<br/>남아있는 노래처럼<br/>늘 우리 그대로<br/>이제 알잖아 너와 나의 마음을<br/>마지막이란 없어<br/>세상이 변해도 영원히 함께<br/>가만히 차오르는<br/>그날의 너의 목소리<br/>가득히 피어나는 예쁜 너의 얼굴이<br/>그리워서<br/>함께 부르던 우리들의 노래가<br/>어깨를 맞춰 걸어가던 우리 꿈들이<br/>소중했지<br/>남아있는 노래처럼 늘 우리 그대로<br/>남아있는 노래처럼 늘 우리 그대로<br/>
"
2776,그리움도 지쳐서 많이 힘들었나 봐,소울 크라이소울 크라이,연애의 참견 시즌2 OST - Part.18,"1,546",<dd>2019.09.22</dd>,"길었던 계절 끝자락에서<br/>밤새 쌓여버린 너의 흔적에<br/>그리움도 지쳐서 많이 힘들었나 봐<br/>문득 스쳐가는 네 모습<br/>사랑해 아직도 난 네가 너무 그리워<br/>돌아가고 싶어 많이 늦었겠지만<br/>자꾸만 생각나서 네 곁에 있고 싶다고<br/>한순간도 잊은 적 없어 아직도 나는<br/>환하게 나를 반기던 모습<br/>밤새 마주 앉아 웃어주던 너<br/>그땐 알지 못했던 익숙했던 날들이<br/>너의 빈자릴 채우네<br/>사랑해 아직도 난 네가 너무 그리워<br/>돌아가고 싶어 많이 늦었겠지만<br/>자꾸만 생각나서 네 곁에 있고 싶다고<br/>한순간도 잊은 적 없어 여전히 나는<br/>미안해 아직도 널 보내지 못하나 봐<br/>우리 이 길 끝에 언젠가는 만나길<br/>사랑해 사랑했던 그때로 다시 돌아가<br/>이렇게 또 네가 오늘도 생각이 나<br/>
"
2777,시간을 건너서,브라이언브라이언,환상의 타이밍 Part 3,234,<dd>2019.09.22</dd>,"너무 오래 기다려왔어<br/>너라는 운명의 길 위에서<br/>우리 많은 길을 헤매다가<br/>서로 엇갈렸던 시간들이<br/>필연인 듯 기적처럼<br/>우연인듯 운명처럼<br/>너를 다시 한번 내 앞에<br/>데려온 거야<br/>너는 모를 거야<br/>그대란 보물은<br/>내가 사는 이유라는 걸<br/>저기 빛나는 별처럼<br/>네 어둠을 밝히고 싶어<br/>아무리 빨리 달려도<br/>따라다니는 그림자처럼<br/>늘 너의 뒤에서<br/>지켜줄게<br/>다시 태어나도<br/>나는 널 선택해<br/>내가 숨 쉬는 이유니까<br/>저기 빛나는 별처럼<br/>네 어둠을 밝히고 싶어<br/>아무리 빨리 달려도<br/>따라다니는 그림자처럼<br/>늘 너의 뒤에서<br/>지켜줄게<br/>모든 순간에 우리를 기억해<br/>많이 두려워도 도망치지 마<br/>다시 엇갈린데도<br/>널 찾아낼게<br/>시간을 건너 어디라도<br/>어김없이 뜨는 해처럼<br/>네 매일을 비추고 싶어<br/>내게 주어진 시간이<br/>단 하루라도 허락된다면<br/>달을 멈춰 서라도<br/>비춰줄게<br/>
"
2778,다 거짓말이죠,김서연김서연,여름아 부탁해 OST Part.29,255,<dd>2019.09.22</dd>,"언제부터였을까<br/>니 맘이 날 떠난 그 시간<br/>눈치 채질 못 했어<br/>아직도 난 여전히 처음처럼<br/>널 사랑하는데<br/>믿을 수 없는 지금이 두려워<br/>날 사랑했잖아<br/>어떻게 이러니 너만 바라고 바랬어<br/>다 거짓말같아 다 거짓말같아<br/>떠나간 너의 손길을<br/>아직도 느끼고 있어<br/>거짓말이죠 다 거짓말이죠<br/>이대로 시간 지나면<br/>다시 돌아올 널 알고 있어<br/>불안해진 눈동자<br/>어딜봐야 할지도 몰라서<br/>눈을 감고서 가만히 있었어<br/>날 사랑했잖아 어떻게 이러니<br/>너만 바라고 바랬어<br/>다 거짓말같아 다 거짓말같아<br/>떠나간 너의 손길을<br/>아직도 느끼고 있어<br/>거짓말이죠 다 거짓말이죠<br/>이대로 시간 지나면<br/>다시 돌아올 널 알고 있어<br/>일분 일초가 너무 길게만 느껴져<br/>니가 없는 나는 의미가 없어<br/>다 거짓말같아 다 거짓말같아<br/>떠나간 너의 손길을<br/>아직도 느끼고 있어<br/>거짓말이죠 다 거짓말이죠<br/>이대로 시간 지나면<br/>다시 돌아올 널 알고 있어<br/>
"
2779,기억의 시간들,채울채울,기억의 시간들,86,<dd>2019.09.22</dd>,"기억이 머문 곳은 하루가 일 년 같아<br/>숨쉬는 시간보다 눈물이 더 많아서<br/>오늘이 지나면 내일은 괜찮겠지<br/>자꾸 무너지는 꿈들을 위로하네<br/>외로운 바람이 내 이름 부르면<br/>길 따라 별 따라 널 찾아 갈 텐데<br/>더 보고 싶어 기대고 싶어서<br/>눈치 없이 내 마음이<br/>다시 널 그리워해<br/>애써 지울수록 번지는 아픔들이<br/>노을처럼 저물어 가네<br/>추억이 머문 곳은 일년이 하루 같아<br/>숨가쁜 시간보다 눈물이 더 바빠서<br/>오늘이 지나면 내일은 다를 거야<br/>작은 욕심들은 또다시 꿈을 꾸네<br/>외로운 바람이 내 이름 부르면<br/>길 따라 별 따라 널 찾아 갈 텐데<br/>더 보고 싶어 기대고 싶어서<br/>눈치 없이 내 마음이<br/>다시 널 그리워해<br/>애써 지울수록 번지는 아픔들이<br/>노을처럼 저물어 가네<br/>저 하늘 가득히 멀어져 간다<br/>
"
2780,내 마음은,귀울임귀울임,내 마음은,328,<dd>2019.09.22</dd>,"매일 밤 너에게<br/>하지 못한 그 말들을<br/>한가득 다<br/>풀어놓지 못한 채 잠들었지<br/>어둡기만 한 내 마음을<br/>따듯하다 말해주었던<br/>어쩌면 나 너에게는<br/>얘기할 수 있을 것 같아<br/>내 마음은<br/>아프고 힘겨울 때면<br/>내 얘기를 들으며<br/>네가 내 옆에 있어 주기를<br/>말하지 않아도 바라는<br/>건네지 못한 나의 작은<br/>소원이라 말할래<br/>노을 진 하늘을 바라보며<br/>벅차기도 해<br/>나 누군가의 위로를<br/>바래왔던 걸지도 몰라<br/>내 마음은<br/>외롭고 불안할 때면<br/>내 얘기를 들으며<br/>네가 내 옆에 있어 주기를<br/>말하지 않아도 바라는<br/>건네지 못한 소원을 지금 말하려 해<br/>내 마음이 전해진다면<br/>아무 말 않고서<br/>벅차도록 날 안아주기를<br/>이제는 너에게 전하고픈<br/>건네지 못한<br/>나의 작은 소원이라 말할래<br/>
"
2781,사랑 얘기,영지영지,사랑 얘기,"1,172",<dd>2019.09.21</dd>,"잠시 스친 바람결에도<br/>네가 날 부른 것 같아<br/>닮은 뒷모습에 또 주저앉은<br/>이 가슴만 떼어 낼 수 있다면<br/>이미 다 끝난 우리 사랑 얘기<br/>흔한 이별이 돼버린 이야기<br/>넌 이미 다른 사랑 중이니까<br/>내겐 아직 슬픈 얘기지만<br/>하루라도 빨리 잊어줄게<br/>혹시 한번 너와 마주칠까<br/>추억을 따라 걸었어<br/>마치 운명처럼 너를 봤어<br/>부르지 못했어 혼자가 아니라서<br/>널 잊지 못한 슬픈 사랑 얘기<br/>흔한 이별이 아닌 내 이야기<br/>벌써 넌 다른 사랑 중이니까<br/>너무 가슴 아픈 얘기지만<br/>하루라도 빨리 잊어줄게<br/>우리가 함께 걸었던<br/>추억의 거리를<br/>내가 아닌 다른 둘이 걸어가<br/>이루지 못한 슬픈 사랑 얘기<br/>숨이 멎을 듯 아픈 내 이야기<br/>너 떠난 이별 길에<br/>혼자남은 내 가슴은<br/>너를 지우고 또 지워봐도<br/>다시 너로 가득 채워지는 얘기<br/>혼자 하는 슬픈 사랑 얘기<br/>
"
2782,잊기 위한 시간,윤혁(디셈버)윤혁(디셈버),취향플레이리스트 (그리움) #3,"1,207",<dd>2019.09.21</dd>,"또 힘든 하루 보내고<br/>내 방 문을 힘겹게 열면<br/>왠지 모를 아련함<br/>날 또 밀어내는데<br/>난 니 사진 꺼내본다<br/>사진 속 웃는 니 얼굴<br/>왜 이렇게도 이쁜거니<br/>난 매일이 정말 힘든데<br/>금방 잊을거라고<br/>그렇게 쉽게 널 보냈는데<br/>아직 널 못 잊고 사는 나<br/>이런 적 한번 도 난 없었는데<br/>너를 잊고 살아간 다는 게<br/>이렇게도 힘든 일 일줄 몰랐어<br/>잠시만 더 머물 순 없겠니<br/>널 잊을 시간을<br/>좀 더 내게 남겨둘 순 없겠니<br/>금방 잊을거라고<br/>그렇게 쉽게 널 보냈는데<br/>아직 널 못 잊고 사는 나<br/>이런 적 한번 도 난 없었는데<br/>너를 잊고 살아간 다는 게<br/>이렇게도 힘든 일 일줄 몰랐어<br/>잠시만 더 머물 순 없겠니<br/>널 잊을 시간을<br/>좀 더 내게 남겨둘 순 없겠니<br/>널 미워할 수 있게<br/>조금만 더 내게 머물러 줘<br/>정말 잊고 싶은데<br/>너를 잊고 살아간 다는 게<br/>이렇게도 힘든 일 일줄 몰랐어<br/>잠시만 더 머물 순 없겠니<br/>널 잊을 시간을<br/>좀 더 내게 남겨둘 순 없겠니<br/>한 사람을 잊는 다는 게<br/>
"
2783,흔들리는 꽃들 속에서 네 샴푸향이 느껴진거야 (Actors Ver.),"천우희, 안재홍천우희, 안재홍",멜로가 체질 OST Part 7,"12,879",<dd>2019.09.21</dd>,"흔들리는 꽃들 속에서 <br/>네 샴푸향이 느껴진거야<br/>스쳐지나간건가 뒤돌아보지만 <br/>그냥 사람들만 보이는거야<br/>다와가는 집근처에서 <br/>괜히 핸드폰만 만지는거야<br/>한번 연락해 볼까 용기내 보지만 <br/>그냥 내 마음만 아쉬운 거야<br/>걷다가 보면 항상 이렇게 너를 <br/>바라만 보던 너를 기다린다고 말할까<br/>지금 집앞에 계속 이렇게 너를 <br/>아쉬워 하다 너를 연락했다 할까<br/>지나치는 꽃들 속에서 <br/>네 샴푸향만 보이는거야<br/>스쳐지나간건가 뒤 돌아보지만 <br/>그냥 내 마음만 바빠진거야<br/>걷다가 보면 항상 이렇게 너를 <br/>바라만 보던 너를 기다린다고 말할까<br/>지금 집앞에 계속 이렇게 너를 <br/>아쉬워 하다 너를 연락했다 할까<br/>어떤 계절이 너를 우연히라도 <br/>너를 마주치게 할까<br/>난 이대로 아쉬워하다 <br/>너를 바라만 보던 너를<br/>기다리면서 아무말 못하고 <br/>그리워만 할까<br/>걷다가 보면 항상 이렇게 너를 <br/>바라만 보던 너를 생각한다고 말할까<br/>지금 집앞에 기다리고 <br/>때론 지나치고 다시 기다리는<br/>꽃이 피는 거리에 보고파라 이밤에<br/>걷다가 보면 항상 이렇게 너를 <br/>아쉬워 하다 너를 기다린다고 말할까<br/>지금 집앞에 계속 이렇게 너를 <br/>아쉬워 하다 너를 연락했다 할까<br/>
"
2784,있어줘요,빌리어코스티빌리어코스티,있어줘요,"1,295",<dd>2019.09.21</dd>,"내게만 그냥 있어주면 안 돼요<br/>잠시만 그냥 여기 있어줘요<br/>두려워져서 그래<br/>부서지는 듯 조금씩 무너지는 내 마음이<br/>견딜 수 있게 여기 있어줘요<br/>차라리 다 사라져버릴 마음이었다면<br/>다 잊을 수 있을 만큼의 사랑이었다면<br/>돌아서는 널 보는 내 맘 <br/>지금보다 나았을런지<br/>커져버린 내 맘은 이제 어떻게 하죠<br/>마지막일 지 모를 오늘 이 밤은<br/>모질게도 빨리 흘러가는데<br/>난 아직 여전히 그대론가 봐<br/>차라리 다 사라져버릴 마음이었다면<br/>다 잊을 수 있을 만큼의 사랑이었다면<br/>돌아서는 널 보는 내 맘 <br/>지금보다 나았을런지<br/>커져버린 내 맘은 이제 어떻게 하나요<br/>저 멀리 기억에서 사라질 때까지 <br/>조금만 더 내 곁에서 있어주면 안 돼요<br/>차라리 다 사라져버릴 마음이었다면<br/>다 잊을 수 있을 만큼의 사랑이었다면<br/>돌아서는 널 보는 내 맘 <br/>지금보다 나았을런지<br/>커져버린 내 맘은 이제 어떻게 하나요<br/>
"
2785,다 생각나서,김민석김민석,cinema,"6,328",<dd>2019.09.20</dd>,"낯선 길을 걷는 것 같아<br/>처음부터 모르는 길이었다면<br/>차라리 그게 날 텐데<br/>널 만나고 늘 같이 있던 곳<br/>도망치듯 빠져나온 거리<br/>내 꿈보다 널 사랑할 자신이 없어서<br/>너를 두고 온 곳<br/>내 사랑은 항상<br/>한발 느리게 깨달아서<br/>말없이 의미 없는 후회<br/>마음에 쌓여만 가고<br/>끝이 없는 꿈 앞에 닿으려<br/>뿌리치던 너의 손끝이<br/>갈라진 네 입술이<br/>다 생각나서 다 생각이 나서<br/>여기 멈춰 있어<br/>약속했던 미래는 멈췄고<br/>신호등의 불이 점멸하고<br/>건너지 못한 느린 나의 발걸음이<br/>갈 곳 잃은 사람 같아서<br/>내 사랑은 항상<br/>한 발 느리게 깨달아서<br/>말없이 의미 없는 후회<br/>마음에 쌓여만 가고<br/>끝이 없는 꿈 앞에 닿으려<br/>뿌리치던 너의 손끝이<br/>흔들리는 눈빛이<br/>다 생각나서 다 생각이 나서<br/>여기 멈춰 있어<br/>건널 수 없는 뒤늦은 사랑<br/>이젠 여기 멈춰 있어<br/>
"
2786,그렇게 태어난 거라서 (그.태.서),서영은서영은,그렇게 태어난 거라서 (그.태.서),802,<dd>2019.09.20</dd>,"너는 나의 마음을<br/>잘 알잖아<br/>나만 혼자 그렇게<br/>생각하고 있나봐<br/>어떤 변명이라도 좋아<br/>어떤 말이라도 기다릴게<br/>난 괜찮아<br/>헤어지지 않을 거라고<br/>말했잖아<br/>우린 아니라하며<br/>다행이라 했잖아<br/>어떤 말을 하지 않아도<br/>어떤 내색조차 없어도<br/>느낄 수 있었어<br/>나를 떠나려 해도<br/>나를 아프게 해도<br/>너를 사랑할 수밖에 없어<br/>그렇게 태어난 거라서<br/>널 떠난다는 게<br/>내 맘 같지 않아서<br/>결국 이렇게 우린 제자리야<br/>절대 그런 일은 없다고<br/>말했잖아<br/>다신 울지 않게 날<br/>지켜준다 했잖아<br/>애써 나의 곁을 지켜도<br/>이미 나의 곁에 없는 널<br/>느낄 수 있는 걸<br/>나를 떠나려 해도<br/>나를 아프게 해도<br/>너를 사랑할 수밖에 없어<br/>그렇게 태어난 거라서<br/>널 떠난다는 게<br/>내 맘 같지 않아서<br/>결국 이렇게 오<br/>함께 했던 눈부신 날들을<br/>꺼내고 꺼내도 눈물만 남아<br/>네가 미워도 나는<br/>너를 지워도 나는<br/>너를 사랑할 수밖에 없어<br/>그렇게 태어난 거라서<br/>널 떠난다는 게<br/>내 맘 같지 않아서<br/>결국 이렇게 오<br/>제자리야<br/>
"
2787,without you,한살차이한살차이,태양의 계절 OST Part.12,201,<dd>2019.09.20</dd>,"고장난 시계처럼<br/>마음도 멈춘것 같아<br/>잠시 머문 바람처럼 그댄 날<br/>스쳐지난건가요<br/>사랑이 뭐 그래요<br/>잊으란다고 그게 돼요<br/>추억만 남기고 떠나가면 어떡해요<br/>I can’t live without you<br/>난 아직 사랑인데<br/>나눠가진 우리 추억<br/>여전히 선명한데<br/>나만 아픈건가요<br/>목 놓아 불러도<br/>내 맘이 닿질 않나 봐요<br/>뒤 돌아 보면<br/>그대 서 있을것만 같은데<br/>I can’t live without you<br/>난 아직 사랑인데<br/>나눠가진 우리 추억<br/>여전히 선명한데<br/>나만 아픈건가요<br/>괜찮은 척 해봐도 자꾸 눈물이 나요 <br/>그대가 없는 하루는 참 기네요<br/>난 여전히 그 날에 살아<br/>같은 곳만 늘 바라보는데<br/>I can’t live without you<br/>난 아직 사랑인데<br/>나눠가진 우리 추억<br/>여전히 선명한데<br/>돌아올 순 없나요<br/>
"
2788,이대로 늘 그렇게,나비나비,황금정원 OST Part.3,371,<dd>2019.09.20</dd>,"눈을 감아 보아요<br/>밤하늘에 빛난 별처럼<br/>눈부시게 따뜻해 그대가 그래요<br/>꿈일 까요<br/>처음부터 그랬죠<br/>항상 그대가 궁금해요<br/>나는 그거면 돼요<br/>이렇게 날 보며 웃어주네요<br/>두 눈이 멈춰있어 그대만 보여<br/>눈물이 고여도<br/>그대의 품에 안기고 싶어<br/>아무 말 없이 그냥 있어줘요<br/>내가 그대 편이 될게요<br/>늘 그렇게 사랑하기로 해요<br/>무슨 말을 할까요<br/>매일 모든 것이 달라져<br/>하루하루 점점 커지는<br/>그댈 향한 내 마음<br/>전해지고 있나요<br/>두 눈이 멈춰있어 그대만 보여<br/>눈물이 고여도<br/>그대의 품에 안기고 싶어<br/>아무 말 없이 그냥 있어줘요<br/>내가 그대 편이 될게요<br/>늘 그렇게 사랑하기로 해요<br/>어느새 다가와서 나를 안아줘<br/>이대로 시간이 멈추길 나는 바래요<br/>떨려오는 그대 가슴 느낄 수 있어요<br/>두 눈을 가려봐도 그대만 떠올라<br/>그대를 사랑해요 사랑해요<br/>알아요 알아요<br/>내 맘을 아는 단 한 사람이죠<br/>지나온 시간 이젠 다 잊어요<br/>내가 그대 꿈이 될게요<br/>늘 그렇게 우리 이대로 사랑해요<br/>
"
2789,헤어지기 싫어,모닝커피 (Morning Coffee)모닝커피 (Morning Coffee),헤어지기 싫어,181,<dd>2019.09.20</dd>,"널 보내고 텅빈 너의 빈자리만<br/>어느샌 난 너만 찾게돼<br/>또 바보같이 또 바보같이<br/>오지않을 널 기다리며<br/>애타는 마음에 눈물만<br/>함께했던 그곳 이젠 혼자인 채로<br/>오늘도 서성이는 나<br/>널 혹시라도 마주칠까봐<br/>자꾸 너만 기다리는 나<br/>우연이라도 바라고 있잖아<br/>정말 헤어지기 싫어<br/>난 아직 너를 많이 사랑해<br/>다 줘도 모자랄만큼<br/>널 사랑했던 나인데<br/>독하지 못한 나만 힘들어<br/>정말 넌 괜찮니 나만 아픈거니<br/>헤어지기 싫어<br/>거리마다 담긴 우리 추억이 많아<br/>한걸음 한걸음마다<br/>나 이렇게도 힘이드는데<br/>너는 정말 괜찮은가봐<br/>지쳐만가는 하루가 가잖아<br/>정말 헤어지기 싫어<br/>난 아직 너를 많이 사랑해<br/>다 줘도 모자랄만큼<br/>널 사랑했던 나인데<br/>독하지 못한 나만 힘들어<br/>정말 넌 괜찮니 나만 아픈거니<br/>헤어지기 싫어<br/>어떤날은 정말 미칠 것만 같은데<br/>화가나고 눈물이 나와<br/>다시 함께일 순 없겠니<br/>이렇게는 살기 힘들어<br/>의미가 없는 것 같아<br/>널 많이 사랑했기에<br/>독하지 못한 나만 힘들어<br/>정말 넌 괜찮니 나만 아픈거니<br/>헤어지기 싫어<br/>
"
2790,걷다 보면 (Feat. 전상근),원혜영원혜영,걷다 보면,"2,668",<dd>2019.09.20</dd>,"긴 하루가 지나고<br/>눈부신 햇살이 저 멀리 사라져<br/>푸르른 하늘 빨갛게 물들여<br/>노을이 질 때쯤<br/>아직도 여전히 그대는<br/>내 맘을 물들여 저 노을처럼<br/>애를 써봐도 잊어보려 해도<br/>우리의 날들이 지워지지 않아<br/>걷다 보면 마주칠 것 같아<br/>한 걸음도 쉽게 떼지 못하는<br/>나를 그대는 아나요<br/>불러보면 돌아볼 것 같아<br/>하염없이 그대 이름 불러본다<br/>여전히 이 길에 서서<br/>얼마나 많은 시간들이<br/>지나야 그대의 얼굴이 바래질까<br/>그댈 지워낼 용기가 없나 봐<br/>한없이 느리고 또 더디기만 해<br/>걷다 보면 마주칠 것 같아<br/>한 걸음도 쉽게 떼지 못하는<br/>나를 그대는 아나요<br/>불러보면 돌아볼 것 같아<br/>하염없이 그대 이름 불러본다<br/>여전히 이 길에 서서<br/>다시는 볼 수 없다는 걸 알아<br/>알면서도 너무 보고 싶어<br/>따듯했던 손잡고 싶어<br/>함께였었던 그때로<br/>돌아가면 잡을 수 있다면<br/>아무 말도 하지 못했던 그때의 난<br/>말할 수 있을까<br/>기다리면 다시 올 것 같아<br/>겨울이 지나면 봄이 찾아오듯이<br/>다시 돌아올 것 같아<br/>
"
2791,화분,태령태령,그날의 온기,2,<dd>2019.09.20</dd>,가사가 없습니다
2792,나와 나타샤와 흰 당나귀,서율 밴드서율 밴드,나와 나타샤와 흰 당나귀,8,<dd>2019.09.20</dd>,"가난한 내가<br/>아름다운 나타샤를 사랑해서<br/>오늘밤은 푹푹 눈이 나린다<br/>나타샤를 사랑은 하고<br/>눈은 푹푹 날리고<br/>나는 혼자 쓸쓸히 앉아 소주를 마신다<br/>소주를 마시며 생각한다<br/>나타샤와 나는<br/>눈이 푹푹 쌓이는 밤 흰 당나귀 타고<br/>산골로 가자 출출이 우는 <br/>깊은 산골로 가 마가리에 살자<br/>가난한 내가<br/>아름다운 나타샤를 사랑해서<br/>오늘밤은 푹푹 눈이 나린다<br/>눈은 푹푹 나리고<br/>나는 나타샤를 생각하고<br/>나타샤가 아니 올리 없다<br/>언제 벌써 내 속에 <br/>고조곤히 와 이야기한다<br/>산골로 가는 것은 <br/>세상한테 지는 것이 아니다<br/>세상 같은 건 더러워 버리는 것이다<br/>가난한 내가<br/>아름다운 나타샤를 사랑해서<br/>오늘밤은 푹푹 눈이 나린다<br/>가난한 내가<br/>아름다운 나타샤를 사랑해서<br/>오늘밤은 푹푹 눈이 나린다<br/>눈이 푹푹 나리고<br/>아름다운 나타샤는 나를 사랑하고<br/>어데서 흰 당나귀도 오늘밤이 좋아서 <br/>웅앙웅앙 울을 것이다<br/>
"
2793,혼잣말,SondiaSondia,악마가 너의 이름을 부를 때 OST,284,<dd>2019.09.20</dd>,"버릇처럼 혼자 하는 말<br/>잘 될 거야 괜찮아<br/>언젠가는 웃게 해줄게<br/>거울보다 어색해도 해봤잖아<br/>다 지나갈 거야<br/>별을 세며 참았던 여린 눈물도<br/>다 지나가겠지<br/>주저앉고 싶었던<br/>어제 일기도 지친 맘도<br/>머리맡에 작은 인형이<br/>졸린 듯 기대와<br/>나도 몰래 등을 토닥여<br/>잘 자라고 견뎌줘서 고맙다고<br/>다 지나갈 거야<br/>길고 길던 이 길도 낯선 내일도<br/>다 지나가겠지<br/>하루하루 넘으면<br/>더딘 내 꿈도 보이겠지<br/>늘 꿈과 다투던<br/>내게 너무 미안해 아직 못한 말<br/>다 지나갈 거야<br/>길고 길던 이 길도 낯선 내일도<br/>다 지나가겠지<br/>하루하루 넘으면<br/>더딘 내 꿈도 보이겠지<br/>
"
2794,잠시면 돼,차호준차호준,잠시면 돼,48,<dd>2019.09.20</dd>,"미안해 많이 모자랐던 날 만나서<br/>미안해 가진 게 하나 없어<br/>해준 게 없어서<br/>미안해 지우고 싶은 기억만 남겨놓고<br/>뻔뻔하게 돌아오라 해서<br/>네게 말했던 애원과 사과들이<br/>날 비참하게 만드는데<br/>난 또 이리 니 생각이 날까<br/>잠시면 돼 네게 오해였다<br/>변명할 그 시간만큼만<br/>귀찮게 하지 않을게<br/>너와 눈을 마주칠 시간<br/>그 정도면 돼 잠시면 돼<br/>다시 너에게 눈물로<br/>용서를 구하는 그 꿈이 비참해도<br/>단 한번만 현실이 되 주길<br/>잠시면 돼 내가 서툴렀다<br/>몰랐었다 말할 수 있게<br/>우리가 사랑했던 시간<br/>기억하고 있다면<br/>제발 그저 잠시면 돼<br/>이 노랠 듣고 있다면<br/>너의 얘기 같다면<br/>잠시면 돼 난 잠시면 돼<br/>아직 너를 사랑한다고<br/>한마디 그저<br/>이 작은 한마디 전할 수 있게<br/>단 한번만 제발<br/>너와 함께 타던<br/>520번 버스 안에서<br/>내 어깨에 기대어 자던<br/>너로 돌아 와주라<br/>
"
2795,그냥 지나갈뿐,리노 쿠 (Rino Ku)리노 쿠 (Rino Ku),그냥 지나갈뿐,0,<dd>2019.09.20</dd>,"그대 지쳤나요 이 삶속에서<br/>그대 힘든가요 이 여정이<br/>지금 괴롭나요 세월속에<br/>단지 슬픈가요 모든것이<br/>그래 주저 앉아 잠시 울어도 돼<br/>지금 모든것은 그냥 지나갈뿐<br/>그대 기쁜가요 지금 영원히<br/>그대 행복해요 이 여행이<br/>지금 즐겁나요 이 하루가<br/>단지 내일일이 기다려져<br/>그래 주저 앉아 잠시 울어도 돼<br/>지금 모든것은 그냥 지나갈뿐<br/>그래 주저 앉아 잠시 울어도 돼<br/>지금 모든것은 그냥 지나갈뿐<br/>그냥 지나갈뿐<br/>
"
2796,이별한 후에,박준석박준석,이별한 후에,37,<dd>2019.09.20</dd>,"걸어가는 길에 <br/>서늘한 바람이<br/>불어왔는데 <br/>왜 인지 서럽더라<br/>니 생각에<br/>아직도 가슴은 <br/>뜨거운데<br/>찬바람에 <br/>마음이 울컥 했나 봐<br/>평소와 다를 것 <br/>없는 하루인데<br/>이별 뒤에 왜 이렇게<br/>하루가 긴지<br/>금방 지나갈 것<br/>같던 니 흔적이<br/>아직 날 괴롭혀<br/>사랑이 이렇게 아파요 <br/>아무 말도 못하고<br/>혼자만 앓아서<br/>곧 괜찮아지겠지<br/>몸의 흉터처럼<br/>마음의 상처도 <br/>아물어가겠지<br/>아무일도 없던 것처럼<br/>원래 몰랐던 것처럼<br/>살 수 있을까<br/>지운다고 지워내도<br/>계속 나타나는<br/>너와의 추억이 날 서럽게<br/>만들어<br/>사랑이 이렇게 아파요<br/>아무 말도 못하고<br/>혼자만 앓아서<br/>내 기억 속에 넌<br/>언제나 힘들 때<br/>내 앞에 있었는데<br/>우린 다르다고<br/>믿었던 그 착각마저<br/>다른 사람들과<br/>같았던 걸까<br/>그립다 날 보며 사랑한다 하던<br/>그 목소리가 보고 싶다며 말 흐리던<br/>오늘도 비어있는 앞자리를 보며<br/>언제나 그렇듯 <br/>널 그리워해<br/>
"
2797,미워하지 말아요,우래우래,미워하지 말아요,21,<dd>2019.09.20</dd>,"그대가 나에게<br/>돌아온다 말해준다면<br/>못할 게 뭐가 있을까요<br/>나는 그대에게<br/>하고픈 말이 많이 남아<br/>이 노래에 마음을 담아요<br/>자존심으로 살던 나<br/>그대여서 행복한 하루가<br/>어디로 갔을까요<br/>나 미쳤었나 봐요<br/>그대는 내 하루에서 살았죠<br/>사랑하는 그대여<br/>내가 좀 더 나은 사람이<br/>될 수 있다면<br/>그땐 받아줄 수 있나요<br/>그댈 생각할 때면 모든 순간이<br/>미안한 마음뿐이에요<br/>나를 미워하지 말아요<br/>후회가 남아 못난 날<br/>겁이 너무 많아 못한 말<br/>어떻게 해야 하죠<br/>어떻게 전해야 하나요<br/>그대를 내 품에 안고 살아요<br/>사랑하는 그대여<br/>내가 좀 더 나은 사람이<br/>될 수 있다면<br/>그땐 받아줄 수 있나요<br/>그댈 생각할 때면 모든 순간이<br/>미안한 마음뿐이에요<br/>나를 미워하지 말아요<br/>나를 미워하지 말아요<br/>나를 미워하지 말아요<br/>나를 미워하지 말아요<br/>
"
2798,실없이,잘혜준잘혜준,실없이,19,<dd>2019.09.20</dd>,"실없이 말해줘 <br/>중요하지 않은 일 <br/>말하자면 이런 거 오늘의 점심 메뉴 <br/>실없이 말하면 <br/>귀 기울여 들을래 <br/>말하자면 이런 거 어제 본 영화 얘기 <br/>매일매일 너를 스치고 지나간 <br/>그 일분일초들을 <br/>별거 없는 너의 사소한 일들을 <br/>뜬금없이 말해줘<br/>나처럼 <br/>실없이 말해줘 <br/>아무렇지 않은 듯 <br/>말하자면 이런 거 파란색을 좋아해 <br/>어딘가에 있을 때 파란색을 본다면 <br/>너를 떠올리다가 파랗게 물들겠지 <br/>매일매일 너를 스치고 지나간 <br/>그 일분일초들을 <br/>별거 없는 너의 사소한 일들을 <br/>뜬금없이 말해줘<br/>나처럼 <br/>조용한 늦은 밤에 <br/>함께 길을 걸어갈 때 <br/>노래가 끝나갈 무렵 <br/>어느 때라도 좋아 <br/>조용한 늦은 밤에 <br/>함께 길을 걸어갈 때 <br/>노래가 끝나갈 무렵 <br/>
"
2799,월요일 (Vocal. 경은),FM43FM43,월요일,23,<dd>2019.09.20</dd>,"월요일<br/>피곤한 월요일이야<br/>무거운 머리를 들어<br/>도리도리<br/>이대로 어딜 가든<br/>귀찮아 꾀병이나<br/>이불 속 밖은 너무 위험해<br/>시원한<br/>물 한 잔 마시고야<br/>무거운 몸을 일으켜<br/>부르르르<br/>이대로 어딜 가든<br/>고양이 세수하고<br/>이불 속 밖을 나가<br/>화창한 월요일 오후<br/>쨍한 햇빛이 들어<br/>오늘 하루도<br/>수고하자고 말해주자<br/>세 시간만 있으면<br/>Lunch Time<br/>시원한<br/>물 한잔 마시고야<br/>무거운 몸을 일으켜<br/>부르르르<br/>이대로 어딜 가든<br/>고양이 세수하고<br/>이불 속 밖을 나가<br/>화창한 월요일 오후<br/>쨍한 햇빛이 들어<br/>오늘 하루도<br/>수고했다고 말해주자<br/>세 시간만 있으면<br/>퇴근하는 순간에<br/>모두 내세상이다<br/>오늘 하루도<br/>수고했다고 말해주자<br/>세 시간만 있으면<br/>lunch time<br/>다섯 시간 있으면<br/>dinner<br/>한 시간만 있으면<br/>Lunch time and dinner<br/>Good night<br/>
"
2800,소나기 (Vocal. 이길상),FM43FM43,소나기,9,<dd>2019.09.20</dd>,"지나간 날<br/>나 생각했는데<br/>생각이 나 그대가<br/>눈 감아보면<br/>몇 일전 일 같은데<br/>후회했던<br/>내 마음뿐인데<br/>잊지 못하는 내가 싫어<br/>짧았던 우리 사랑<br/>나만 생각하네<br/>넌 괜찮은 건지<br/>왜 나만 힘든 건지<br/>너도 괜찮은 건지<br/>난 눈물만 흘러내려<br/>지나간 날<br/>나 생각했는데<br/>소나기처럼 쏟아져<br/>짧았던 우리 사랑<br/>나만 생각하네<br/>넌 괜찮은 건지<br/>왜 나만 힘든 건지<br/>너도 괜찮은 건지<br/>난 눈물만 흘러내려<br/>쏟아진 우리의 사랑<br/>이젠 멈춰져 간다<br/>지나간 우리의 사랑<br/>추억처럼<br/>이젠 멈춰진다<br/>눈감아보면<br/>그대<br/>
"
