5401,슬픈 노래는 싫어요 : Again,유승엽유승엽,슬픈 노래는 싫어요  Again,0,<dd>2019.04.12</dd>,"슬픈 노래는 싫어요<br/>아무런 말도하지 말아요<br/>지나간 우리 사랑이 내 마음 스치면<br/>외로 워서  외로 워서 울지만<br/>이제는 우리 잊어요<br/>사랑을 약속하지 말아요<br/>외로운 그대 모습에 내 마음 서러워<br/>돌아 설수  돌아 설수 없지만<br/>우리의 슬픈 노래를 잊지는 않아요<br/>불러 주오  불러 주오 노래를<br/>슬픈 노래는 싫어요<br/>아무런 말도하지 말아요<br/>지나간 우리 사랑이 내 마음 스치면<br/>외로 워서  외로 워서 울지만<br/>이제는 우리 잊어요<br/>사랑을 약속하지 말아요<br/>외로운 그대 모습에 내 마음 서러워<br/>돌아 설수  돌아 설수 없지만<br/>우리의 슬픈 노래를 잊지는 않아요<br/>불러 주오  불러 주오 노래를<br/>불러 주오  불러 주오 노래를<br/>
"
5402,Sing for KY,박원진박원진,Sing for KY,18,<dd>2019.04.12</dd>,"그날의 감동 잊지 못하네<br/>그대의 노래 속의 난<br/>이어폰을 꽂고 흥얼거리며<br/>등교 중인 나를 보았네<br/>시간이 흐르고 또 흘러서<br/>그대를 마주했고<br/>그댄 나에게 노래를 선물했지<br/>그대로 인해 난<br/>망원동 밤하늘을<br/>아름답게 색칠한<br/>그대의 그 노래가<br/>나의 맘을 아름답게 색칠해<br/>어느덧 내 삶 속에서<br/>깊게 자리 잡은<br/>현실이 된 소중한 나의 꿈<br/>밝혀준 그대여<br/>망원동 밤하늘을<br/>아름답게 색칠한<br/>그대의 그 노래가<br/>나의 맘을 아름답게 해 우우<br/>우우우우 우우우<br/>나의 이 노래가<br/>그대 맘속에<br/>아름답게 울리길<br/>아름답게 울리길<br/>나의 디바<br/>기영<br/>
"
5403,Say You Love Me,임현식 (비투비)임현식 (비투비),온더캠퍼스 (네이버 웹드라마) OST - Part.4,"8,721",<dd>2019.04.11</dd>,"이런 나를 알잖아<br/>어리석고 바보 같은 거<br/>항상 가까이에 네가 있어서<br/>그 소중함을 몰랐던 거야<br/>왜 그때 고개를 돌렸을까<br/>후회해도 소용없지만<br/>이젠 누구보다 잘 알아<br/>내겐 너뿐이란 걸 사랑이란 걸<br/>Say you love me<br/>너도 나와 같다고<br/>어서 좀 말해줘<br/>Say you love me<br/>다른 말은 안 될 것 같아<br/>Don’t bring me down<br/>왜 그때 알지 못했을까<br/>후회해도 소용없지만<br/>이제서야 알았어<br/>아마 난 널 처음부터 사랑했던 거야<br/>Say you love me<br/>너도 나와 같다고<br/>어서 좀 말해줘<br/>Say you love me<br/>다른 말은 안 될 것 같아<br/>Don’t bring me down<br/>시간이 멈출 때까지 난 널 기다릴게<br/>여전히 네겐 부족하지만<br/>I only wanna be with you<br/>And I will stay with you<br/>Say you love me<br/>너도 나와 같다고<br/>어서 좀 말해줘<br/>Say you love me<br/>다른 말은 안 될 것 같아<br/>Don’t bring me down<br/>
"
5404,I`ll Be There,한승희한승희,빙의 OST Part.6,159,<dd>2019.04.11</dd>,"어둠 내린 이 거리 위에<br/>또 흔들리는 바람만이<br/>나를 잡아 놓아주질 않네<br/>내가 걷는 이 거리 위에<br/>그 작은 불빛 하나 없네<br/>나는 무얼 향해 가는지<br/>알 순 없지만<br/>이 길의 끝은 어딜까<br/>Even if there is nothing<br/>Always want go to the field<br/>어둠에 가려진 바랜 빛을<br/>다시 찾기 위해<br/>이 알 수 없는 길을 걸어가지<br/>Hello goodbye<br/>I’ll be there for you<br/>Even if there is no way<br/>Always want be shiny day<br/>널 향해 웃어줄<br/>단 한 송이 꽃만을 기다려<br/>이 알 수 없는 곳에 언젠가는<br/>Hello goodbye<br/>I’ll be there for you<br/>상처받은 그 가슴 위에는<br/>태연하게도 덮어지는<br/>솜털 같은 가시들만이 나를 누르네<br/>걷어내고 싶던 날<br/>Even if there is no way<br/>Always want be shiny day<br/>널 향해 웃어줄<br/>단 한 송이 꽃 만을 기다려<br/>이 알 수 없는 곳에 언젠가는<br/>Hello goodbye<br/>I’ll be there for you<br/>숨 막히게 했던 쓰린 상처까지도<br/>한줄기 빛 되어<br/>어둠을 에워감아 나갈 때<br/>그래 참 좋았구나 눈을 뜨면<br/>Hello goodbye<br/>I’ll be there for you<br/>
"
5405,표현해줘,구현모 (KOO)구현모 (KOO),표현해줘,250,<dd>2019.04.11</dd>,"토라진 넌 먼저 걸어가고<br/>그 뒤를 난 졸졸 따라가네<br/>키는 너보다 내가 더 큰데<br/>톰과 제리처럼 나는 쩔쩔매<br/>미안하다 네게 말하면<br/>뭐가 미안한데 라며 되묻지<br/>그냥 말해주면 안 될까<br/>왜 화났는지 잘 모르겠어 난<br/>표현해줘 말 안 하면 몰라<br/>알잖아 남잔 다 바보<br/>나도 똑같더라<br/>말해줄래 네가 좋은 건 뭔지<br/>또 싫은 건 뭔지<br/>미안하다 네게 말하면<br/>뭐가 미안한데 라며 되묻지<br/>그냥 말해주면 안 될까<br/>왜 화났는지 잘 모르겠어 난<br/>표현해줘 말 안 하면 몰라<br/>알잖아 남잔 다 바보<br/>나도 똑같더라 말해줄래<br/>네가 좋은 건 뭔지 또 싫은 건 뭔지<br/>I would love to do what you want<br/>저 별이라도 따다 줄 텐데<br/>I would love to do what you need<br/>이렇게 너를 사랑해<br/>표현해줘 말 안 하면 몰라<br/>알잖아 나는 너뿐이야<br/>표현해줘 말 안 하면 몰라<br/>알잖아 남잔 다 바보<br/>나도 똑같더라 말해줄래<br/>네가 좋은 건 뭔지 또 싫은 건 뭔지<br/>표현해줘 사랑해줘<br/>내게 말해줘 사랑해줘<br/>
"
5406,Our Melody (Korean Ver.),Mickey SIM (미키심)Mickey SIM (미키심),오등(吾等)은 자(玆)에 아음악(我音樂),38,<dd>2019.04.11</dd>,"나는 이렇게 이 땅 위에 서 있어<br/>누구도 알 수 없었던<br/>우리의 봄이 찾아왔단 걸<br/>얼마나 원했는가<br/>나의 꿈 너의 사랑<br/>이제 난 깨달아 가네<br/>깊은 밤에서 빛을 찾아서<br/>백개의 계단을 올라<br/>이렇게 노랠 불러요<br/>그대 함성 의지 잊을 수 없기에<br/>깊은 밤에서 나를 찾아서<br/>백개의 계단을 올라<br/>이렇게 노랠 불러요<br/>그대 눈물 바람 잊을 수 없기에<br/>어떻게 부를까요 당신의 멜로디를<br/>이 땅 위의 지금 나 당신 뜻이었죠<br/>우리의 고마움과 당신의 멜로디가<br/>온 산들과 강물 위에 흐른다<br/>깊은 밤에서 빛을 찾아서<br/>백개의 계단을 올라<br/>이렇게 노랠 불러요<br/>그대의 눈물 바람 잊을 수 없기에<br/>대한 사람 대한으로 길이 보전하세<br/>
"
5407,디어 마이 프렌드 (Dear My Friend),마리슈마리슈,디어 마이 프렌드 (Dear My Friend),157,<dd>2019.04.11</dd>,"안녕 잘 지내니<br/>목소리 듣고 싶은 마음에<br/>전화를 걸었어<br/>별일 아냐 나 괜찮아<br/>사실 생각이 많아<br/>요즘은 사소한 감정들이 그리워져<br/>너도 그럴 때 있잖아<br/>너와 먹던 늦은 점심이라던가<br/>너와 앉던 작은 벤치라던가<br/>우릴 따라 걷던 둘이 아닌<br/>그림자 하나<br/>멀리 보면 예쁜 그 장면들이<br/>자꾸만 쓸쓸해<br/>오 디어 마이 프렌드<br/>오 내 사랑 마이 프렌드<br/>우린 좋은 친구 그게 맞잖아<br/>오 디어 마이 프렌드<br/>오늘도 너 몰래 널 좋아하고<br/>몰래 널 잊곤 해<br/>바래다주던 골목길이라던가<br/>너를 닮아있던 날씨라던가<br/>살며시 기대어 잠들던 버스 뒷자리도<br/>멀리 보면 예쁜 그 장면들이<br/>자꾸만 쓸쓸해<br/>오 디어 마이 프렌드<br/>오 내 사랑 마이 프렌드<br/>우린 좋은 친구 그게 맞잖아<br/>오 디어 마이 프렌드<br/>오늘도 너 몰래 널 좋아하고<br/>몰래 널 잊곤 해<br/>오 디어 마이 프렌드<br/>오 내 사랑 마이 프렌드<br/>내가 이럼 안 되는 거 맞잖아<br/>오 디어 마이 프렌드<br/>아무도 모르게 널 사랑하고<br/>몰래 그리워해<br/>안녕 잘 지내니<br/>목소리 듣고 싶은 밤에<br/>전화를 걸었어<br/>별일 아냐 나 괜찮아<br/>
"
5408,추억 만들기,7080 가요 앙코르7080 가요 앙코르,그때 그 시절 추억의 가요 명곡,3,<dd>2019.04.11</dd>,가사가 없습니다
5409,나무와 새,7080 가요 앙코르7080 가요 앙코르,불후의 명곡 7080 발라드 가요 히트곡,14,<dd>2019.04.11</dd>,가사가 없습니다
5410,I Believe,"												
												
												Various ArtistsVarious Artists",BALLAD 2000 1집,3,<dd>2019.04.11</dd>,가사가 없습니다
5411,내 모습 (Feat. 조우리),놀이터의 그네놀이터의 그네,어둠,5,<dd>2019.04.11</dd>,"밝은 너에게서 난 느껴<br/>내 어두운 모습들이<br/>너에게 가려질 때에<br/>난 숨어서만<br/>너 몰래 널 사랑하게 됐어<br/>계속 욕심이 생겼어<br/>나를 감춰두고서<br/>밝은 너에게서 난 느껴<br/>내 슬펐던 모습들이<br/>너에게 가려질 때에<br/>난 숨어서만<br/>이대로 가려져 있고 싶어<br/>계속 욕심이 생겼어<br/>나를 감춰두고서<br/>붙잡아 두고 싶어<br/>나는 니가 혼자기만을 바래<br/>
"
5412,"그댄 내게 소중한 사람 (Feat. 강민구, 박나연)",신지혜신지혜,그댄 내게 소중한 사람,32,<dd>2019.04.11</dd>,"너무 힘들 땐<br/>내 앞에서 힘들어해요<br/>내가 들어줄게요<br/>당신에게 큰 힘이<br/>되어주고 싶어<br/>난 언제나 그대 편이야<br/>처음엔 그저 다를 것<br/>없다 생각했죠<br/>흔한 그 일상처럼<br/>하지만 조금씩 내 맘이<br/>당신에게 가고 있단걸<br/>느꼈어요<br/>혼자였던 날 따스히 잡아준 그대<br/>천천히 내 맘에 스며드네요<br/>언제까지든 당신 옆에 있고 싶어<br/>그댄 내게 소중한 사람<br/>나에게 그대<br/>마음을 보여줘도 돼요<br/>난 늘 그댈 믿을테니<br/>그대와 함께 이 세상을<br/>마주한다면 그걸로 난<br/>버틸 수 있어<br/>그 누구보다 그대의 가까이에서<br/>서로의 그늘이 되었음해요<br/>언제까지든 당신 옆에 있고 싶어<br/>그댄 내게 소중한 사람<br/>그댄 내게 소중한 사람<br/>
"
5413,그대를 기다리며,류이지류이지,그대를 기다리며,97,<dd>2019.04.11</dd>,"받았던 상처만큼<br/>셀수없이 그대를<br/>난 아끼나봐요<br/>숨조차 못 쉴 만큼<br/>그댈 사랑하는 날<br/>그저 떠올려줄래요<br/>이런 내 맘을<br/>계속 전하기엔<br/>지쳐 달아나 버릴까봐<br/>고민하는 날<br/>낮은 목소리로<br/>굳게 잡아줄 수 있나요<br/>그대만을 기다리는<br/>부족한 나라도<br/>따스히 채워줄래요<br/>곁에 없어 힘든가봐요<br/>흔들림조차 그대의<br/>흔적이 되네요<br/>지나 온 꿈처럼<br/>남김없이 그대를<br/>난 위하나봐요<br/>수 많은 편지처럼<br/>다가 온 사랑만큼<br/>더 많이 답해줄게요<br/>이런 내 맘을<br/>계속 전하기엔<br/>얕은 말처럼 보일까봐<br/>고민하던 난<br/>작은 목소리를<br/>좀 더 키워 말할거에요<br/>그대만을 기다리는<br/>부족한 나라도<br/>따스히 채워줄게요<br/>곁에 없어 알았나봐요<br/>흔들림조차 그대의<br/>사랑이 되네요<br/>
"
5414,그때 너를,박광우박광우,그때 너를,49,<dd>2019.04.11</dd>,"지나간 인연에 미련 두지 말라는<br/>내 곁을 떠나가 버린 그 사람 때문에<br/>아파하지 말라는 말들<br/>아직까지 그 누구의 위로도<br/>와 닿지는 않아<br/>아름다웠던 그때 지난날들을<br/>언젠가는 잊을 수 있을까<br/>붙잡아볼걸 한 번만 더 견뎌볼걸<br/>못다 했던 말들만 맴돌아<br/>그때 따듯했던 네 두 눈에<br/>자꾸만 가슴에 아려와<br/>그때 내가 달려가 안아줬다면<br/>지금도 넌 내 곁에 있을까<br/>아직 나 시작도 못 한 것 같아<br/>제대로 된 진짜 이별을<br/>긴 한숨 속에 흩어져가는<br/>하얀 입김처럼<br/>차가움 속에 늘 따듯하기만 했던<br/>그때 그때 너를<br/>붙잡아볼걸 한 번만 더 견뎌볼걸<br/>못다 했던 말들만 맴돌아<br/>그때 따듯했던 네 두 눈에<br/>자꾸만 가슴에 아려와<br/>그때 내가 달려가 안아줬다면<br/>지금도 넌 내 곁에 있을까<br/>이젠 널 잊어야 하는 걸 알지만<br/>아직까지 맘처럼 잘 안 돼<br/>시간이 흘러서<br/>아주 오래전 얘기가 될 때쯤<br/>그때는 널 지워볼게<br/>조금 아주 조금만 더 그리워하다<br/>잊을게<br/>그때 너를<br/>
"
5415,거짓말,로하로하,거짓말,4,<dd>2019.04.11</dd>,"아무것도 하지 않아도<br/>그저 좋았어<br/>바라만 봐도 행복했고<br/>온통 너로만 가득했어<br/>그만큼 아파<br/>나를 보며 웃는 너에게<br/>억지로 웃음 짓는 일<br/>되돌려지지 않는다는 게<br/>너무나 아파 난<br/>내 손을 잡아도<br/>날 안아줘도<br/>아무 느낌이 없잖아<br/>따뜻한 너의 온기에<br/>차마 말을 할 수가 없어<br/>난 오늘도 거짓말을 해<br/>그만큼 아파<br/>나를 보며 웃는 너에게<br/>억지로 웃음 짓는 일<br/>되돌려지지 않는다는 게<br/>너무나 아파 난<br/>내 손을 잡아도<br/>날 안아줘도<br/>아무 느낌이 없잖아<br/>따뜻한 너의 온기에<br/>차마 말을 할 수가 없어<br/>난 오늘도 거짓말을 해<br/>너의 상처가 두려운 건지<br/>아픔이 무서운 건지 모르겠어<br/>내 마음에 솔직해지는 게 참 어려워<br/>난 오늘도 거짓말을 해<br/>
"
5416,우리사이=무슨사이?,해변의 파프리카해변의 파프리카,우리사이=무슨사이?,15,<dd>2019.04.11</dd>,"편한 사이 같으면서 불편한<br/>넌 뭐랄까 친구 같아<br/>아니 그보다<br/>멀다고 하기엔 아는 게 너무 많아<br/>연인 같아 사랑을 닮은 우리 사이<br/>매일 전화도 하고 문자도 하는 너<br/>그냥 자연스럽게<br/>안부를 묻고 그렇게<br/>가끔은 토라진 너를 달래기도<br/>그러다 싸우고 연락 끝<br/>며칠이면 아무 일 없는 듯<br/>다시 전화하고 문자해<br/>이상해 이상해<br/>편한 사이 같으면서 불편한<br/>넌 뭐랄까 친구 같아<br/>아니 그보다<br/>멀다고 하기엔 아는 게 너무 많아<br/>연인 같아 사랑을 닮은 우리 사이<br/>엄마보다 너를 더 많이 보는 듯해<br/>그냥 자연스럽게<br/>안 보면 왠지 허전해<br/>가끔은 토라진 너를 달래기도<br/>그러다 싸우고 하루 끝<br/>며칠이면 아무 일 없는 듯<br/>다시 만나면서 웃는 게<br/>이상해 이상해<br/>편한 사이 같으면서 불편한<br/>넌 뭐랄까 친구 같아<br/>아니 그보다<br/>멀다고 하기엔 아는 게 너무 많아<br/>연인 같아 사랑을 닮은 우리 사이<br/>아무렇지 않게 손도 잡다가<br/>어떤 날은 눈도 맞추질 못해<br/>멀다고 하기엔 아는 게 너무 많아<br/>연인 같아 사랑을 닮은 우리 사이<br/>
"
5417,지나가는지,에포스에포스,지나가는지,3,<dd>2019.04.11</dd>,"하루가 어떻게 지나가는지<br/>시간이 얼마나 지나갔는지<br/>모를 만큼 그렇게 살아가<br/>바쁘게 살아야<br/>널 잊고 살 수 있으니까<br/>넌 어떻게 웃으며 살아가니<br/>내 시간은 이렇게 망가져가는데<br/>다시 돌아갈 수 없는 걸 잘 알기에<br/>그냥 고개만 떨궈 눈물을 훔쳐내<br/>내일은 어떻게 보내야 할지<br/>밤마다 얼마나 울어야 할지<br/>모를 만큼 그렇게 살아가<br/>바쁘게 살아야<br/>널 잊고 살 수 있으니까<br/>넌 어떻게 웃으며 살아가니<br/>내 시간은 이렇게 망가져가는데<br/>다시 돌아갈 수 없는 걸 잘 알기에<br/>그냥 고개만 떨궈 눈물을 훔쳐내<br/>
"
5418,이유,UAZUAZ,이유,7,<dd>2019.04.11</dd>,"한 번 더 말해서 뭐 해<br/>이미 다 아는 걸<br/>하나부터 열까지 다<br/>너에겐 아깝지가 않아 정말<br/>내 시간이 너는 아마 모를 거야<br/>오늘 하루 종일<br/>너의 연락이 올까 맘 졸여<br/>그래 난 내 생각보다 너를<br/>좀 더 많이 좋아해<br/>사랑한다는 말이 아쉬울 만큼<br/>난 너를 좋아하는 것 같아<br/>어쩌면 지루했던 날이 끝난 것도<br/>네가 있기에 가능했던 것 만 같아<br/>또다시 말해서 뭐 해<br/>이미 다 아는 걸<br/>하나부터 열까지 다<br/>너에겐 아깝지가 않아 정말<br/>모든 줘도 너는 아마 모를 거야<br/>오늘 하루 종일<br/>너의 연락이 올까 맘 졸여<br/>그래 난 내 생각보다 너를<br/>좀 더 많이 좋아해<br/>사랑한다는 말이 아쉬울 만큼<br/>난 너를 좋아하는 것 같아<br/>어쩌면 지루했던 날이 끝난 것도<br/>네가 있기에 가능했던 것 만 같아<br/>네가 좋아 이유라면<br/>듣고 싶은 만큼 해줄 수 있어<br/>내 두 눈에 질리도록<br/>담아 놓을 거야 너의 모든 순간을 난<br/>사랑한다는 말이 아쉬울 만큼<br/>난 너를 좋아하는 것 같아<br/>어쩌면 지루했던 날이 끝난 것도<br/>네가 있기에 가능했던 것 만 같아<br/>
"
5419,별,서민수서민수,별,39,<dd>2019.04.11</dd>,"세상이 온통 까맣게 물들 때<br/>내게 아무것도 보이지 않을 때<br/>혼자라는 생각이 계속 들 때<br/>누군가가 절실히 필요할 때<br/>밤하늘을 수놓은 별처럼<br/>넌 내게 환한 빛이 되었어<br/>You're my star<br/>You're my star<br/>내옆에 있어줘 내맘을 비추는<br/>넌 별<br/>혼자만의 세상에 갇혔던 나는<br/>따스함을 느껴본 적이 없어서<br/>어두운 하늘에 떠있는 별처럼<br/>한줄기 빛으로 내게 쏟아진 너<br/>밤하늘을 수놓은 별처럼<br/>넌 내게 환한 빛이 되었어<br/>You're my star<br/>You're my star<br/>내옆에 있어줘 내맘을 비추는<br/>너<br/>You're my star<br/>You're my star<br/>내옆에 있어줘 내맘을 비추는<br/>넌 별<br/>세상이 온통 까맣게 물들 때<br/>내게 아무것도 보이지 않을 때<br/>
"
5420,넌 날 잘 알잖아,Ways (웨이즈)Ways (웨이즈),넌 날 잘 알잖아,139,<dd>2019.04.11</dd>,"매일 매 순간 반복되는 싸움에<br/>서로 서로에 쌓여가는 감정에<br/>또 얼굴 붉히며<br/>더 지쳐가는 이 시간<br/>하루 하루가 달라지는 우리 둘<br/>많던 대화가 사라지는 우리 둘<br/>그냥 수많은 인연<br/>결국 그 중 하나뿐일까<br/>한때 미치게 사랑했던 우리가 맞니<br/>왜 이렇게 된 거니<br/>이젠 쳐다도 보기 싫니 거기 서<br/>얘기 좀 해<br/>가지마 가지마 가지마<br/>날 혼자 두고 떠나지마<br/>넌 날 잘 알잖아<br/>말하지마 하지마 하지마<br/>이 손 놓으라는 그 말<br/>제발 그 말 하지마<br/>온통 서로만 바라봤던 우린데<br/>좋은 날들만 가득했던 우린데<br/>언제부터 너와 난<br/>웃음기조차 사라지고<br/>니가 좋아해 매일 듣던 노래도<br/>내가 추천한 가슴 아픈 영화도<br/>이제 우리 얘기가<br/>되어버린 이 노래 같아<br/>한때 그렇게 좋았었던 우리가 맞니<br/>왜 이렇게 된 거니<br/>제발 멍하니 있지 말고 나를 봐<br/>말 좀 해봐<br/>가지마 가지마 가지마<br/>날 혼자 두고 떠나지마<br/>넌 날 잘 알잖아<br/>말하지마 하지마 하지마<br/>이 손 놓으라는 그 말<br/>제발 그 말 하지마<br/>우리가 어떻게 헤어져<br/>우리가 어떻게 그만해<br/>가지마 너는 날 잘 알잖아<br/>가지마 가지마 가지마<br/>날 혼자 두고 떠나지마<br/>넌 날 잘 알잖아<br/>그러지마 하지마 하지마<br/>이대로 나를 두고 가지마<br/>너는 날 잘 알잖아<br/>
"
5421,Too Good For Me,Gogang (고갱)Gogang (고갱),Too Good For Me,"2,402",<dd>2019.04.11</dd>,"Too Good For Me <br/>Maybe I’m <br/>I think I’m being punished <br/>it’s right <br/>Because I I made you sad so bad<br/>My mood is up and down <br/>up and down again and again<br/>Took a deep breath <br/>then summer’s come and gone twice <br/>Lose my sight it's <br/>like I’m holding <br/>my breath in dust <br/>All these things around me <br/>they just makes you more perfect <br/>I think I should apologize <br/>It’s too late but I still love <br/>to see your smile <br/>A grain of sand I feel the <br/>universe in this thing <br/>You’re so lovely lovely <br/>too good for me <br/>You’re so lovely <br/>too lovely to be alone <br/>You know what <br/>I've always been give up so easily <br/>I was hiding in a lion's skin <br/>when someone left <br/>Oh Look at me now I feel alive <br/>only when I get hurt <br/>Maybe I'm not grown up <br/>enough to see in the empty hole <br/>You’re so lovely <br/>lovely too good for me <br/>You’re so lovely <br/>too lovely to be alone <br/>You’re so lovely <br/>lovely too good for me <br/>You’re so lovely <br/>too lovely to be alone <br/>You’re so lovely <br/>You’re so lovely <br/>You’re so lovely <br/>You’re so lovely<br/>
"
5422,"예쁜날, 슬픈날 (Feat. 박성효 of 귀울임)",헤이달리 (Hey Dali)헤이달리 (Hey Dali),"예쁜날, 슬픈날",43,<dd>2019.04.11</dd>,"그리운 날 그 날<br/>따듯했던 봄의 기억<br/>오늘 같았던 하루<br/>두 손을 꼭 잡고<br/>참 많이도 웃었던<br/>그 때 그 거리를<br/>다시 걸으면<br/>I remember a day<br/>I remember a day<br/>참 예쁜 날<br/>눈부신 거리에<br/>흩날린 꽃잎들<br/>쏟아지는 햇살아래 피어난 추억들<br/>난 슬픈 날<br/>여전히 이곳엔<br/>너의 아름다운 모습이<br/>아직 많이 남아 있어 이 거리에<br/>그날 그대로<br/>I can feel all of you<br/>I can feel all of you<br/>슬펐던 날 그날<br/>마지막을 말하기엔<br/>너무 예뻤던 하늘<br/>두 눈을 꼭 감고<br/>참 많이도 울었던 그 때 그 거리를<br/>다시 걸으면<br/>I remember a day<br/>I remember a day<br/>참 예쁜 날<br/>눈부신 거리에<br/>흩날린 꽃잎들<br/>쏟아지는 햇살아래 피어난 추억들<br/>난 슬픈 날<br/>여전히 이곳엔<br/>너의 아름다운 모습이<br/>아직 많이 남아 있어 이 거리에<br/>그날 그대로<br/>조용한 바람에<br/>춤추는 꽃잎들<br/>너를 닮은 햇살아래<br/>눈을 뜰 수 없어<br/>더 슬픈 날<br/>여전히 이곳엔<br/>미치도록 사랑했었던<br/>지난날의 우리 둘이 남아있어<br/>그날 그대로<br/>I can feel all of you<br/>I can feel all of you<br/>두 손을 꼭 잡고<br/>참 많이도 걸었던 그 때 이 거리를<br/>다시 걷는다<br/>다시 걷는다<br/>
"
5423,너 덕분이야,이수빈이수빈,너 덕분이야,5,<dd>2019.04.11</dd>,"눈물로 지샜던 수많은 날들<br/>아무도 내게<br/>사랑을 주지 않는다고 느낄 때<br/>나 한참을 그렇게 슬퍼하다가<br/>날 위로해주는 손 내밀어주는<br/>너의 향기를 느꼈네<br/>차갑고 냉정한 세상 속에서<br/>유일하게 날 믿어준 사랑<br/>약하고 어눌한<br/>내 옆에 항상 있어 주는<br/>소중한 너가 있기에<br/>차갑고 냉정한 세상 속에서<br/>유일하게 날 믿어준 사랑<br/>약하고 어눌한<br/>내 옆에 항상 있어 주는<br/>소중한 너가 있기에<br/>이제 내가 사는 건 내가 받았던<br/>그 삶의 희망을 내 친구들에게<br/>모두 전해주는 것<br/>
"
5424,나른한 오후 (Ballad ver.),최윤최윤,Drowsy Midday,2,<dd>2019.04.11</dd>,가사가 없습니다
5425,흔적,남현남현,흔적,143,<dd>2019.04.11</dd>,"기억하고 있을까<br/>눈만 마주쳐도 가슴이<br/>뛰던 그 때를<br/>겨울 그 끝에 돌아선<br/>그 날을<br/>참 많이 울던 그 때를<br/>우연히 찾은 너의 흔적에<br/>나 혼자 시간을 돌려<br/>그 때로 돌아가<br/>이미 흘러버린 시간들이<br/>또 내 맘을 흔들어 놓고<br/>너를 불러와<br/>그 기억들 속에 너는<br/>아직도 날 사랑하던 모습들<br/>그대로인데<br/>그 넘쳐 흐르던 사랑들은<br/>다 모두 어디로 간 걸까<br/>우연히 찾은 너의 흔적은<br/>나 혼자 시간을 멈춰<br/>그 때를 살게해<br/>이미 끝나버린 마음들을<br/>난 하나씩 모으고 모아<br/>너에게로 가<br/>그 기억들 속에 너는<br/>아직도 날 사랑하던 모습들<br/>그대로인데<br/>그 넘쳐 흐르던 사랑들은<br/>다 모두 어디로 간 걸까<br/>잊고 있던 모든 게 다 살아나<br/>다시 이별하던 때로 돌아가<br/>너도 가끔 생각할지<br/>이렇게 문득 날 떠올리는지<br/>그 기억들속에 나는<br/>아직도 널 사랑하던 모습들<br/>그대로인데<br/>넘쳐 흐르도록 사랑했던<br/>왜 우린 이별을 한 걸까<br/>
"
5426,두려워 보고싶어,구본웅 (Ku Bon Woong)구본웅 (Ku Bon Woong),두려워 보고싶어,1,<dd>2019.04.11</dd>,"노을이 지네<br/>오늘하루<br/>잘보냈는지 궁금해<br/>너와나 좋은친구 잖아<br/>너의 미소 표정만 봐도 알아<br/>혹시 널 잃게 될까 두려워<br/>마치 영화처럼 사라질까<br/>두려워 보고싶어<br/>두려워 보고싶어<br/>뒤돌아 가네<br/>너의 모습<br/>사라질때까지 바라봐<br/>사랑해 널 사랑한다고<br/>어둠속에 외침은 나만 듣나<br/>혹시 널 잃게 될까 두려워<br/>마치 영화처럼 사라질까<br/>두려워 보고싶어<br/>두려워 보고싶어<br/>두려워 보고싶어<br/>두려워 보고싶어<br/>
"
5427,미세먼지,"Feellow, 박수Feellow, 박수",미세먼지,26,<dd>2019.04.11</dd>,"기억을 다 비워내기엔<br/>추억이 너무 큰가 봐<br/>너와의 시간을 잊기엔<br/>너무 깊이 들이마신 걸<br/>우리의 사랑이 뭐기에<br/>이렇게 힘이 드는지<br/>잠시 잊은 듯해보니<br/>좋았었던 기억만 떠올라<br/>미세한 추억들 같아<br/>먼지 같은 행복들<br/>지나가버린 우리 시간들은<br/>아무런 의미 없어<br/>깊이 삼켜진 후회들이<br/>전혀 씻기지 않아<br/>독처럼 쓰라린 내 가슴<br/>잊으려 애써봐도<br/>불현듯 찾아온 이별에<br/>어제와 다른 온도차<br/>깊은 한숨에 느껴진<br/>흩어지는 너의 모습들<br/>미세한 추억들 같아<br/>먼지 같은 행복들<br/>지나가버린 우리 시간들은<br/>아무런 의미 없어<br/>깊이 삼켜진 후회들이<br/>전혀 씻기지 않아<br/>독처럼 쓰라린 내 가슴<br/>잊으려 애써봐도<br/>어렴풋이 가리키는<br/>길을 따라 걷다 보면<br/>아득한 우리의 기억에<br/>둘러싸여 이대로<br/>얼룩진 미련만 남아<br/>되돌릴 수 없어도<br/>무색해지는 이 순간들이<br/>손에 잡히지 못해<br/>덜컥 살아나는 그리움은<br/>현실로 덮이지 않아<br/>이토록 먹먹한 내 가슴<br/>이토록 먹먹한 내 가슴<br/>이토록 먹먹한 채 안녕<br/>
"
5428,이 시간,용주 (YONGZOO)용주 (YONGZOO),이 시간(This Time),"4,338",<dd>2019.04.10</dd>,"그대 외로운 눈빛에<br/>비춰진 내 모습<br/>날 어떻게 보고 있는지<br/>알 것 같아<br/>내가 딱 그런 눈으로<br/>그런 마음으로<br/>그댈 보고 있는 거<br/>그 마음만 알아주면 돼요<br/>어쩌면 서로를 잘 알면서<br/>외면했었던 지난날이 많아요<br/>그댈 떠나보내기가<br/>싫었으니까요<br/>그게 두려웠어요<br/>하지만 이 마음이 더 소중해요<br/>그대 외로운 눈빛에<br/>비춰진 내 모습<br/>날 어떻게 보고 있는지<br/>알 것 같아<br/>내가 딱 그런 눈으로<br/>그런 마음으로<br/>그댈 보고 있는 거<br/>그 마음만 알아주면 돼요<br/>어느덧 고요한 음악이 흐르는<br/>차가울 것만 같은 별빛이 내리는<br/>골목을 굽이굽이 돌아<br/>내 곁으로 올 수 있는 이 시간<br/>바로 지금<br/>그대 외로운 눈빛에<br/>비춰진 내 모습<br/>날 어떻게 보고 있는지<br/>알 것 같아<br/>내게 기대어도 돼요<br/>그대만 알 수 있죠<br/>내가 어떤 맘으로 그댈 사랑하는지<br/>딱 그런 눈으로<br/>그런 맘으로<br/>내게로 걸어와요<br/>저 멀리 그대가 보이죠 지금<br/>
"
5429,"오늘,비 (feat. 1ho, Chan)",공기남공기남,Airman Morning Diaries #7,"6,848",<dd>2019.04.10</dd>,"비가 오는 오후<br/>기분이 좋아서<br/>창문을 열고<br/>잠시 눈을 감고 널 느껴<br/>시원한 바람소리<br/>상쾌한 공기들에<br/>얼어붙은 내 마음은<br/>어느새 녹아지는걸<br/>Fall in you in you<br/>기다렸던 날이었잖아<br/>Fall in you in you<br/>멈춰버린 이 순간<br/>속삭이듯 내리는 널 보며<br/>깊은잠을 잔다<br/>Oh baby 니 앞에선 감출 수 없어<br/>Oh baby 내 귀속에 촉촉히 흘러<br/>Moonlight 뿌옇게 감싸고 있는<br/>안개속에서 소리없이 흩어져<br/>I am not with you with you<br/>가려졌던 하늘 탓인지<br/>I am not with you with you<br/>단지 기분 탓일까<br/>내 안의 너를 지우려 하듯<br/>창문을 닦아본다<br/>Oh baby 니 앞에선 감출 수 없어<br/>Oh baby 여전히 넌 내 맘속에 흘러<br/>Moonlight<br/>뿌옇게 감싸고 있는 안개속에서<br/>소리없이 흩어져<br/>Looking at the rain falling baby<br/>니 앞에선 감출 수 없어<br/>Looking at the rain falling baby<br/>여전히 넌 내 맘속에 흘러<br/>Moonlight<br/>뿌옇게 감싸고 있는 안개속에서<br/>소리없이 사라져<br/>
"
5430,나란히 걸어갑니다,권진원권진원,나란히 걸어갑니다,230,<dd>2019.04.10</dd>,"좁아지듯 했는데<br/>어느새 넓어지네<br/>빠른 걸음 걸어서<br/>다시 곁으로 가네<br/>그렇게 걸어갑니다<br/>함께 걸어갑니다<br/>무슨 일이 있어도<br/>진정으로 그댈 좋아했고<br/>진정으로 그대를 위해 왔죠<br/>그대의 기억에서<br/>내가 지워진다 해도<br/>떠나지 않을 겁니다<br/>무슨 일이 있어도<br/>함께 걸어갑니다<br/>멀어지지 않을 겁니다<br/>진정으로 미워한 적 없고<br/>진정으로 실망한 적도 없죠<br/>그대의 기억에서<br/>내가 지워진다 해도<br/>떠나지 않을 겁니다<br/>무슨 일이 있어도<br/>함께 걸어갑니다<br/>멀어지지 않을 겁니다<br/>헤어지지 않을 겁니다<br/>나란히 걸어갑니다<br/>
"
5431,영이야,신현우신현우,영이야,243,<dd>2019.04.10</dd>,"누군가를 소개받아도<br/>아무 감정이 없어<br/>아무리 나 노력해봐도 느낌이 없어<br/>너를 너무 사랑했나봐<br/>내가 가진 사랑은<br/>너에게 모두 다 써버렸나봐<br/>나에게 남은 사랑은 영이야<br/>너에게 주고 남은 게 영이야<br/>아무 의심 없이<br/>너만 사랑했던 나니까<br/>너 말곤 사랑할 맘도 영이야<br/>남김없이 네가 가졌으니까<br/>내게 남아있는 사랑은 영이야<br/>다신 사랑 못 할 것 같아<br/>다른 누굴 만나도<br/>네 모습이 자꾸만 더 생각이 나서<br/>나도 이럴줄은 몰랐어<br/>시간이 지나가면<br/>괜찮아 질 거라 생각했는데<br/>나에게 남은 사랑은 영이야<br/>너에게 주고 남은 게 영이야<br/>아무 의심 없이<br/>너만 사랑했던 나니까<br/>너 말곤 사랑 할 맘도 영이야<br/>남김없이 네가 가졌으니까<br/>내게 남아있는 사랑은 영이야<br/>너무 그리워<br/>너를 사랑했던 그때가<br/>너 아니면 안된단 걸<br/>이제서야 깨달았어<br/>돌아와<br/>나에게 남은 사랑은 영이야<br/>너에게 주고 남은 게 영이야<br/>아무 의심 없이<br/>너만 사랑했던 나니까<br/>너 말곤 사랑할 맘도 영이야<br/>남김없이 네가 가졌으니까<br/>내게 남아있는<br/>내 남은 사랑은<br/>영이야<br/>
"
5432,떨어진다,천우경천우경,떨어진다,95,<dd>2019.04.10</dd>,"빨갛게 물들어<br/>우리도 이렇게 물들어<br/>곧 떨어질 저 꽃잎처럼<br/>너란 사람도 떨어지겠지<br/>시려진 바람도<br/>한땐 맘 졸였던 그날도<br/>이제는 지나는 바람처럼<br/>하나둘 떠나가겠지<br/>사람이란 게 어쩔 수 없나 봐<br/>시든 꽃처럼 변하는 건가 봐<br/>어설픈 내 노력이 널 향한 내 기대가<br/>결국 이젠 떨어지나 봐<br/>우리가 떨어진다 흩어진다<br/>아무리 너를 붙잡아봐도<br/>한없이 멀어진 너를 볼 때면<br/>알 수 없는 눈물이 흘러<br/>떨어진다<br/>결국 이것밖엔 안되는 건가 봐<br/>난 결국 이런 사람이었나 봐<br/>널 지킬 거라던<br/>너 없인 못 산다던 그 말들이<br/>이젠 소용없나 봐<br/>우리가 떨어진다 흩어진다<br/>아무리 너를 붙잡아봐도<br/>한없이 멀어진 너를 볼 때면<br/>알 수 없는 눈물이 흘러<br/>떨어진다<br/>널 한 번 두 번 모른척했고<br/>마지막까지 널 밀어냈어<br/>네가 멀어져 간다 떠나간다<br/>이제 와 너를 애원해봐도<br/>너에게 멀어진 나를 볼 때면<br/>알 수 없는 눈물이 흘러<br/>떨어진다<br/>
"
5433,세상예찬,루빈루빈,꽃,78,<dd>2019.04.10</dd>,"너를 찾아가는 길 <br/>오늘도 흥얼거리지 <br/>내 안에 이야기를 들어봐<br/>가득한 침묵들 속에 <br/>내 머릴 아프게 하지 <br/>난 아직 모르는 게 너무 많아 <br/>세상엔 눈부신 것들 가득한데 <br/>난 이렇게 작은 방에 갇힌 채 <br/>I'm in the dream <br/>너를 만나는 꿈 <br/>I'm in your melody <br/>나를 감싸오는 너 <br/>수많은 소음들속에 <br/>점점 더 선명해지네 <br/>너의 목소리 가득 내 안에 <br/>우리가 배워온 것들 <br/>우리가 자라온 곳들 <br/>틀렸다는 그 말들 그만해 <br/>세상엔 두려운 것들 가득한데 <br/>넌 이렇게 나의 곁에서 춤추네 <br/>I'm in the dream <br/>너를 만나는 꿈 <br/>I'm in your melody <br/>나를 감싸오는 <br/>I'm in the dream<br/>I'm in your melody<br/>I'm in the dream<br/>너를 만나는 꿈<br/>I'm in your melody<br/>나를 감싸오는<br/>I'm in the dream<br/>너가 내게 들려와<br/>I'll be your harmony<br/>내가 찾던 바로 너<br/>
"
5434,yours,데이먼스 이어 (Damons Year)데이먼스 이어 (Damons Year),yours,"6,137",<dd>2019.04.10</dd>,"내가 손을 잡을게<br/>너는 힘을 빼도 돼<br/>그저 복사꽃 핀 거릴 걷자<br/>너의 마음이 녹아<br/>우리 밤을 합치면<br/>무너진 달을 세워놓자<br/>가끔 너의 모습은<br/>봄날의 낮과 밤 같아<br/>따스하다가도 차갑곤 해<br/>또 넌 맑은 하늘에<br/>내리는 소나기 같아<br/>넌 대체 내게 뭐를 원해<br/>그대여 난<br/>솔직히 좀 싫어<br/>그대는 내가 없더라도<br/>아무렇지 않은 게<br/>넌<br/>나의 모든 하루를 바꿔<br/>난 그렇게 또<br/>두 눈을 감고 마네<br/>그대여 난<br/>솔직히 좀 싫어<br/>그대는 내가 없더라도<br/>아무렇지 않은 게<br/>넌<br/>나의 모든 하루를 바꿔<br/>난 그렇게 또<br/>두 눈을 감고 마네<br/>
"
5435,고백의 정석 (Feat. 김은서),POPCON Project (팝콘 프로젝트)POPCON Project (팝콘 프로젝트),CON #4,79,<dd>2019.04.10</dd>,"왜 그래 오늘 너 우물쭈물 수상해<br/>두비 두비 뚭뚜뚜루뚜<br/>알게 됐어 나 설마 했던 너의 맘<br/>알아도 모른 척 니 맘 들어줄게<br/>오늘 더는 말 돌리지 말아 줘<br/>눈 딱 감고 지금 말해줘<br/>조금 서툴러도 좋아<br/>걱정 마 내 맘도 같아 1/2/3<br/>Tell me<br/>망설이지 말고 어서 말해줘<br/>두비두비둡 두비두비둡<br/>좋다고 말해봐<br/>Love me<br/>망설이지 말고 내게 다가와<br/>빨리 내 손 잡아 줘<br/>너만 보고 있잖아<br/>솔직히 지금 나 두근거려 어떡해<br/>두비 두비 뚭뚜뚜루뚜<br/>친구보다는 연인 같던 너와 나<br/>그래서 나 지금 더 떨리나 봐<br/>오늘 더는 시간 끌지 말아 줘<br/>눈 딱 감고 지금 말해줘<br/>조금 서툴러도 좋아<br/>걱정 마 내 맘도 같아 1/2/3<br/>Tell me<br/>망설이지 말고 어서 말해줘<br/>두비두비둡 두비두비둡<br/>좋다고 말해봐<br/>Love me<br/>망설이지 말고 내게 다가와<br/>빨리 내 손 잡아 줘<br/>너만 보고 있잖아<br/>왜 그래 왜 자꾸 망설여<br/>시간이 더 필요하니<br/>오늘은 더는 안돼<br/>당장 답이 필요해<br/>너와 나 우리 사이<br/>Baby<br/>우물쭈물하지 말고 나 좀 봐<br/>두비두비둡 두비두비둡<br/>널 많이 좋아해<br/>Baby<br/>부끄러워하지 말고 손잡아<br/>오늘 날씨 좋은데<br/>우리 지금 나가자<br/>
"
5436,어느 봄날의 이별,장충동 소녀장충동 소녀,어느 봄날의 이별,109,<dd>2019.04.10</dd>,"햇살이 따갑던 그해<br/>그 봄날을 그댄 기억할까요<br/>모든게 완벽했던<br/>겁날게 없었던<br/>뭐든 다 될 것 같았던<br/>그런 찬란한 기억도<br/>우리 이별을 막진 못하나봐<br/>잘 가 소중했던 나의 사람아<br/>부디 아프지 말고서<br/>꿈꿔왔던 그 곳을 향해<br/>다가서는 그 길에<br/>행운 가득하길 바랄께<br/>어둠이 짙으면 별은 더 빛나듯이<br/>이별앞에 못다했던 내 사랑도<br/>좀 더 빛을 냈으면<br/>잘 가 소중했던 나의 사람아<br/>부디 아프지 말고서<br/>꿈꿔왔던 그 곳을 향해<br/>다가서는 그 길에<br/>행운 가득하길 바랄께<br/>멀어지던 너에게<br/>좋은 말 한마디조차<br/>건네지 못한 내가 미워<br/>안녕 다신 없을 나의 사람아<br/>아픈 기억은 다 지우고<br/>다시 시작할 너의 앞에<br/>부디 좋은 일들만<br/>가득 넘쳐나길 바랄께<br/>누구보다 너를 응원할께<br/>
"
5437,너와 함께,제이모닝제이모닝,너와함께,86,<dd>2019.04.10</dd>,"매일매일 싸우고 매일매일 화내도<br/>너와의 헤어짐은<br/>한번도 생각안했어<br/>오늘은 시간있니 오늘 만날수 있니<br/>네게 할말이있어 꼭 해줄 말이있어<br/>너를 다시 만나서<br/>나 지금 이렇게 웃잖아<br/>내가 세상을 살아가는 이유야<br/>네가 꿈꾸는 이곳에 나 살고 싶어<br/>너와함께 영원토록<br/>You are my love<br/>눈을 뜨면 먼저 너를 찾게돼<br/>아니 잠을 잘때도 너를 생각하게 돼<br/>언제 어디라도 무슨일을 해도<br/>네가 항상 내옆에 앉아 숨쉬고 있어<br/>너를 다시 만나서<br/>나 지금 이렇게 웃잖아<br/>내가 세상을 살아가는 이유야<br/>네가 꿈꾸는 이곳에 나 살고 싶어<br/>너와함께 영원토록<br/>You are my love<br/>눈을 뜨면 먼저 너를 찾게돼<br/>아니 잠을 잘때도 너를 생각하게 돼<br/>언제 어디라도 무슨일을 해도<br/>네가 항상 내옆에 앉아 숨쉬고 있어<br/>눈을 뜨면 먼저 너를 찾게돼<br/>아니 잠을 잘때도 너를 생각하게 돼<br/>언제 어디라도 무슨일을 해도<br/>네가 항상 내옆에 앉아 숨쉬고 있어<br/>자 이제는 내옆에 내옆에만 있어줘<br/>지금부터 영원히 너와 꼭 함께할게<br/>
"
5438,Pass away,Fil (필)Fil (필),닥터프리즈너 OST Part 3,132,<dd>2019.04.10</dd>,"이별한 순간 우리<br/>마주한 새벽 느껴지는 건<br/>되돌아보면 그건<br/>한 순간의 바람 같은 것<br/>잊혀져 간다<br/>뜨거웠던 그날의 기억들이<br/>멀어져 간다<br/>추억 속의 우리 모두 사라져간다<br/>뒤돌아 서는 너의 마지막 모습<br/>쓸쓸한 한숨<br/>너를 보내고 한참<br/>이 자리에서 두 눈 감는다<br/>잊혀져 간다<br/>뜨거웠던 그날의 기억들이<br/>멀어져 간다<br/>추억 속의 우리 모두 사라져간다<br/>U leave me oh please<br/>그대와 함께 사라진다 모두<br/>잊혀져 간다<br/>뜨거웠던 그날의 기억들이<br/>멀어져 간다<br/>추억 속의 우리 모두 사라져간다<br/>
"
5439,네가 없는 자리에,오주연오주연,네가 없는 자리에,44,<dd>2019.04.10</dd>,"손을 내밀면 닿을 것 같던 <br/>너는 어디에 있나 <br/>눈을 감아도 느낄 수 있던 <br/>너는 어디에 있나 <br/>나의 기억 속 너의 모습도 이젠 <br/>내게서 점점 멀어져 가네 <br/>돌이킬 수 없는 지난날 들은 <br/>내 맘속에 남겨져 있네<br/>아 잡을 수 없는 시간 속에 <br/>아 멍하니 너를 그려보다 <br/>넌 흔적도 없이 사라지고 <br/>이젠 네가 없는 자리에 <br/>나 홀로 남아 있네 <br/>아 잡을 수 없는 시간 속에 <br/>아 멍하니 너를 그려보다 <br/>넌 흔적도 없이 사라지고 <br/>이젠 네가 없는 자리에 <br/>네가 없는 자리에<br/>네가 없는 자리에<br/>나 홀로 남아 있네<br/>
"
5440,밤에,유다연유다연,울림 프로젝트 NO.1,33,<dd>2019.04.10</dd>,"조용히 방안을 비추는 달빛<br/>익숙한 밤이 찾아오면 나만 기억하는<br/>수많은 시간을 가만히 바라보고 있어<br/>함께했던 날들  같이 걷던 그길<br/>선명하듯 흩어져도 시간이 지나면<br/>흐려질 날들을 아직은 잡고 싶었어<br/>가끔씩 떠오르는 너를<br/>잡을 수 없는 어둠속에선<br/>얼굴을 마주보면서도<br/>꺼내지못할 이야기들뿐<br/>함께했던 날들 같이 걷던 그길<br/>선명하듯 흩어져도 시간이 지나면<br/>흐려질 날들을 아직은 잡고 싶었어<br/>가끔씩 떠오르는 너를<br/>잡을 수 없는 어둠속에선<br/>얼굴을 마주보면서도<br/>꺼내지 못할 이야기들뿐<br/>가끔씩 떠오르는 너를<br/>잡을 수 없는 어둠속에선<br/>얼굴을 마주보면서도<br/>꺼내지 못할 이야기들뿐<br/>이야기들뿐<br/>
"
5441,Regular,불타는 효자불타는 효자,Regular,2,<dd>2019.04.10</dd>,가사가 없습니다
5442,벚꽃비기닝,젤리프로젝트젤리프로젝트,벚꽃비기닝,19,<dd>2019.04.10</dd>,"코 끝에 걸리는 풀 내음 가득한<br/>바람 타고서 찾아왔나<br/>간지럽히는 꽃 가루가<br/>내 맘에도 놀러 왔나 봐<br/>살랑살랑 간지러운 게<br/>너는 마치 꽃 같아 널 보면<br/>간지러운 걸<br/>Love is you are<br/>내 맘으로 놀러 온 니 마음과<br/>간지러운 꽃가루가 똑같아<br/>불어오는 바람과 따스한 햇살 하나<br/>오긴 왔는가 봐<br/>봄이 말이야<br/>짧아진 머리가 얇아진 셔츠가<br/>제법 잘 어울리는 날씨<br/>향기를 머금고 날다가<br/>내 맘에 또 놀러 왔나 봐<br/>살랑살랑 간지러운 게<br/>너는 마치 꽃 같아 널 보면<br/>향기로운 걸<br/>Love is you are<br/>내 맘으로 놀러 온 니 마음과<br/>간지러운 꽃가루가 똑같아<br/>불어오는 바람과 따스한 햇살 하나<br/>오긴 왔는가 봐<br/>봄이 말이야<br/>봄 사랑하고 벚꽃 하나<br/>그걸로 다 된 거야<br/>내 맘으로 놀러 온 니 마음과<br/>간지러운 꽃가루가 똑같아<br/>불어오는 바람과 따스한 햇살 하나<br/>오긴 왔는가 봐<br/>봄이 말이야<br/>손을 잡고 걸어가<br/>눈을 맞추고 웃는다<br/>햇살이 너무 밝아<br/>스르르 눈을 감는다<br/>가까워진다 가까워진다<br/>봄이 말이야<br/>
"
5443,싫지 않았어,솔직남녀솔직남녀,싫지 않았어,9,<dd>2019.04.10</dd>,"한 걸음만 더 두 걸음만 더<br/>그쪽이 좋은 것 같아<br/>왼쪽으로 더 좀 더 돌아서<br/>그래 거기쯤<br/>처음 내게 왔던 그날부터<br/>열어주지 않았는데도 넌<br/>거기 있었어<br/>맞춘 옷처럼 딱 마침맞게<br/>박혀있는 걸 내 맘 안아 넌<br/>싫지 않았어 보라색 하이힐도<br/>까만 머리색과 검은 치마까지도<br/>뚫어져라 쳐다보는 눈빛도 좋았어<br/>사실 모든 게 다<br/>말하기 전 올리는 입꼬리도<br/>웃을 때 고갤 돌리는 버릇도<br/>왜 이렇게 됐을까 네가 뭘 해도 난<br/>좋아 모든 게 다<br/>처음 내게 했던 그 말부터<br/>친절하지 않았는데도 난<br/>그냥 좋았어<br/>맞춘 옷처럼 딱 마침맞게<br/>박혀있는 걸 내 맘 안아 넌<br/>싫지 않았어 보라색 하이힐도<br/>까만 머리색과 검은 치마까지도<br/>뚫어져라 쳐다보는 눈빛도 좋았어<br/>사실 모든 게 다<br/>말하기 전 올리는 입꼬리도<br/>웃을 때 고갤 돌리는 버릇도<br/>왜 이렇게 됐을까 네가 뭘 해도 난<br/>좋아 모든 게 다<br/>너란 안경을 쓴 것처럼<br/>온통 너만 잘 보이는 걸<br/>작지만 커다랗게 넌<br/>마음에서 자라났어<br/>싫지 않았어 보라색 하이힐도<br/>까만 머리색과 검은 치마까지도<br/>뚫어져라 쳐다보는 눈빛도 좋았어<br/>사실 모든 게 다<br/>말하기 전 올리는 입꼬리도<br/>웃을 때 고갤 돌리는 버릇도<br/>왜 이렇게 됐을까 네가 뭘 해도 난<br/>좋아 모든 게 다<br/>
"
5444,마음에 똑똑 통통,남 이야기 잡화점남 이야기 잡화점,마음에 똑똑 통통,3,<dd>2019.04.10</dd>,"두 볼이 빨개져 뜨거운 건<br/>아마도 니가 좋아서 그래<br/>그럴 때마다 두 손 꼭 잡아주는 너<br/>태양보다 더 뜨거워지는 내 얼굴<br/>날 안아주는 따듯한 마음<br/>널 사랑할 수밖에 없는 이유가<br/>너무 많아 고를 수 없어<br/>내 맘으로 똑똑 하고 놀러 온 너<br/>어느 새 온통통 가득 차 버린 너<br/>너의 눈코 입술 전부 다<br/>눈 감아도 그려져<br/>너를 내 맘 안에 그려<br/>두 손이 떨리는 건<br/>아마도 사랑이라서 그래<br/>그럴 때마다 두 볼에 입 맞추는 너<br/>태양보다 더 뜨거워지는 내 얼굴<br/>날 안아주는 따듯한 마음<br/>널 사랑할 수밖에 없는 이유가<br/>너무 많아 고를 수 없어<br/>내 맘으로 똑똑 하고 놀러 온 너<br/>어느 새 온통통 가득 차 버린 너<br/>너의 눈코 입술 전부 다<br/>눈 감아도 그려져<br/>너를 내 맘 안에 그려<br/>내 맘으로 똑똑 하고 놀러 온 너<br/>어느 새 온통통 가득 차 버린 너<br/>너의 눈코 입술 전부 다<br/>눈 감아도 그려져<br/>너를 내 맘 안에 그려<br/>
"
5445,그 목소리,박두한박두한,그 목소리,20,<dd>2019.04.10</dd>,"비가 오는 날이면<br/>내 귓가에 그 목소리<br/>불러도 대답 없는 추억만이<br/>내 맘을 내 맘을 적시네<br/>흐린 가을 하늘에<br/>사랑의 노래 부르며<br/>잊혀진 기억들을 가슴에 안고<br/>그대 이름 불러본다<br/>그대는 멀리 떠났지만<br/>아련한 그 목소리만<br/>나의 가슴속에 오늘도 조용히<br/>사랑한다 말하네<br/>아득히 떠오르는<br/>희미한 그 미소만이<br/>나의 가슴속에 오늘도 여전히<br/>사랑한다 말하네<br/>흐린 가을 하늘에<br/>사랑의 노래 부르며<br/>잊혀진 기억들을 가슴에 안고<br/>그대 이름 불러본다<br/>그대는 멀리 떠났지만<br/>아련한 그 목소리만<br/>나의 가슴속에 오늘도 조용히<br/>사랑한다 말하네<br/>아득히 떠오르는<br/>희미한 그 미소만이<br/>나의 가슴속에 오늘도 여전히<br/>사랑한다 말하네<br/>그대는 멀리 떠났지만<br/>아련한 그 목소리만<br/>나의 가슴속에 오늘도 조용히<br/>사랑한다 말하네<br/>사랑한다 말하네<br/>사랑한다 말하네<br/>
"
5446,지친 당신에게,장한이장한이,맘송tv - 지친 당신에게,14,<dd>2019.04.10</dd>,"힘들었죠<br/>고생했어요<br/>쉬고싶죠<br/>이젠 쉬어요<br/>하루가 끝날때 쯤<br/>이 노래를 들어봐요<br/>피곤한 그대 맘이<br/>모두 녹아 버릴거에요<br/>숨가쁘게<br/>달려온 오늘<br/>다 내려놓고<br/>이젠 쉬어요<br/>포근한 이불속에서<br/>이 노래를 들어봐요<br/>내일이 찾아오면<br/>지금이 그리울거에요<br/>당신에게 좋은 밤과<br/>예쁜 꿈을 선물할게요<br/>밤 하늘도 많은 별들도<br/>그댈 위로할거에요<br/>나나나나 나나나나나<br/>나나나나 나나나나나<br/>나나나나 나나나나나<br/>나나나나 나나나나나<br/>나나나나 나나나나나<br/>나나나나 나나나나나<br/>나나나나 나나나나나<br/>
"
5447,I love you (사랑해),신사라 (Shin Sarah)신사라 (Shin Sarah),I love you (사랑해),4,<dd>2019.04.10</dd>,"How do I begin again<br/>When you promised this wouldn’t end<br/>Now I’m stuck in the sentiment<br/>Of all we had<br/>You were such a foolish thief<br/>Stealing something<br/>you couldn’t keep<br/>Do you ever think of me<br/>The blissful days and how you’d say<br/>사랑해 사랑해<br/>Do you ever wish for one more kiss<br/>Why did you throw us away<br/>사랑해<br/>It’s taken all this time<br/>To realize<br/>사랑해<br/>Your pride owns the best of you<br/>That high horse with a perfect view<br/>Can’t see what you’re about to loose<br/>And all those fools you made<br/>사랑해 사랑해<br/>Do you ever wish for one more kiss<br/>Why did you throw us away<br/>사랑해<br/>It’s taken all this time<br/>To realize<br/>사랑해<br/>But I won’t stand in your way<br/>사랑해 사랑해<br/>Will you ever dream<br/>Of what could have been<br/>Before you threw us away<br/>사랑해<br/>That heart you hide<br/>I still know inside<br/>사랑해<br/>
"
5448,알면서도,지니비니지니비니,알면서도,30,<dd>2019.04.10</dd>,"너와 헤어진 뒤로<br/>슬픈 영화를 슬픈 노래를<br/>많이 보고 듣게 돼<br/>뻔한 노랫말들이<br/>뻔한 장면들이<br/>널 알지 못할땐<br/>그저 유치했는데<br/>언제 부터인지<br/>신경쓰지않았던<br/>그런 진부한 얘기들이<br/>너를 추억하는<br/>수단이 되어 버렸어<br/>내겐 그 만큼<br/>간절 했나봐<br/>너라는 이상은<br/>스쳐 지나가는<br/>모든 순간들이<br/>잊혀질때 마다<br/>참 많이 괴롭고<br/>또 후회가 돼<br/>너에게 전활 걸어<br/>돌아오라고<br/>매달려도 볼까<br/>수 없이 되뇌어봐도<br/>아무 의미 없다는 걸 알지만<br/>그래 알면서도<br/>내겐 그 만큼<br/>간절 했나봐<br/>너라는 이상은<br/>스쳐 지나가는<br/>모든 순간들이<br/>잊혀질때 마다<br/>참 많이 괴롭고<br/>또 후회가 돼<br/>너에게 전활 걸어<br/>돌아오라고<br/>매달려도 볼까<br/>수 없이 되뇌어봐도<br/>아무 의미 없다는 걸 알지만<br/>자꾸만 떠오르는 기억은<br/>또 다시 나를 괴롭혀<br/>이별의 슬픔은<br/>예정된 눈물이 되어<br/>알면서도<br/>내겐 그 만큼<br/>간절 하니까<br/>함께한 순간이<br/>평범 했던 시간이<br/>모든 순간들을<br/>잊으려 할때 마다<br/>참 많이 괴롭고<br/>또 후회가 돼<br/>너에게 전활<br/>돌아오라고<br/>매달려도 볼까<br/>수 없이 되뇌어봐도<br/>아무 의미 없다는 걸 알지만<br/>다 알면서도<br/>
"
5449,아직,사공대사공대,아직,20,<dd>2019.04.10</dd>,"아직도 잊지 못 하는 건 가봐 너를<br/>아직도 놓지 못 하는 건 가봐 너를<br/>아련한 시선이<br/>남아 이젠 볼 수 없는 곳을 보고<br/>미련이 내 발목을<br/>잡아 돌아 갈 수 없는 곳으로 가네<br/>아직 돌아가고 싶은 가봐<br/>따뜻한 시선으로<br/>서로를 보듬던 그 때로<br/>아직 널 사랑하고 싶은 가봐<br/>맞닿을 곳 없는 내 마음이<br/>너에게로 향해<br/>아련한 시선이<br/>남아 이젠 볼 수 없는 곳을 보고<br/>미련이 내 발목을<br/>잡아 돌아 갈 수 없는 곳으로 가네<br/>아직 돌아가고 싶은 가봐<br/>따뜻한 시선으로<br/>서로를 보듬던 그 때로<br/>아직 널 사랑하고 싶은 가봐<br/>맞닿을 곳 없는 내 마음이<br/>너에게로 향해<br/>사랑했던 추억<br/>행복했던 순간<br/>멈춰 놓은 사진들이 아직<br/>너에게 돌아가고 싶은 가봐<br/>따뜻한 시선으로<br/>서로를 보듬던 그 때로<br/>아직 널 사랑하고 싶어 난<br/>맞닿을 곳 없는 내 마음이<br/>너에게로 향해<br/>
"
5450,그렇게 (Feat.진아.지원),진우진우,그렇게,29,<dd>2019.04.10</dd>,"많이 어렸었고 또 이기적이었던<br/>그때의 너와 나 우리<br/>매일같이 싸우고 또 뜨겁게 안았던<br/>알 수 없던 온도의 차이가<br/>우릴 많이 힘들게도 했지만<br/>돌아서면 보고 싶어서 서로를 안았던<br/>그때의 우리가 아이 같았던 우리가<br/>그렇게 설레었던 순간들이<br/>이렇게 망가질 거라고<br/>진작에 알았더라면<br/>우리 조금은 덜 아팠을까<br/>그렇게 소중했던 추억들이<br/>이렇게 찢어질 거란 걸 알았다면<br/>우리는 우리는 우리는 괜찮았을까<br/>많이 어렸었고 나밖에 몰랐던<br/>그때의 너와 나<br/>우리<br/>오늘은 예민해서 괜히 시빌 걸어도<br/>또 목소린 듣고 싶던 변덕이<br/>가끔 서롤 지치게도 했지만<br/>눈뜨면 어느새<br/>붙어있던 의지했었던 그때의 우리가<br/>아이 같았던 우리가<br/>그렇게 설레었던 순간들이<br/>이렇게 망가질 거라고<br/>진작에 알았더라면 우리<br/>조금은 덜 아팠을까<br/>그렇게 행복했던 시간들이<br/>우릴 이렇게 힘들게<br/>할 줄 알았다면 조금은 조금은<br/>조금은<br/>일찍 보내줬을까<br/>그때로 돌아갈 수 있는 길이<br/>보이지 않을 만큼 흐릿해질 만큼<br/>이렇게 시간이<br/>지난 지금도<br/>따스했던 네 온기를<br/>이제는 다른 사람으로 덮으려 해<br/>힘드니까<br/>내가 먼저 죽을 것 같으니까<br/>이렇게 웃고 있는 사진 속에<br/>우리를 이제<br/>보내주려 해 아프니까<br/>미안해 미안해 미안해<br/>
"
