1451,"우린 아닌거야 (With SOMI, 이승섭)",LTELTE,I,3,<dd>2019.12.03</dd>,"우리 사랑이라며 전부라며<br/>모두 거짓이었니<br/>붙잡고 싶지만 미안하다는 말<br/>이제 지긋지긋해<br/>우린 아닌 거야<br/>그저 내 사랑이란 게<br/>원래 버리지 못해<br/>내 마음을 어쩌지 못한<br/>바보 같은 나기에<br/>Wuh<br/>또 시간은 지나가고<br/>워어허 어긋난 감정<br/>다시 돌릴 수는 없을까<br/>결국 영화 같은 결말 해피엔딩<br/>웃겨 그딴 거 나에겐 없어<br/>또 뻔한 네 거짓말<br/>네게 뭘 바랐는지<br/>됐어 더 이상 필요 없어<br/>우린 아닌 거야<br/>기쁨 슬픔 다 잊고<br/>따스히 내게 안기던<br/>네가 너무 그리워서<br/>언제나 숱하게 했던 그 다짐도<br/>부서져 버린 후였지만<br/>Wuh<br/>또 시간은 지나가고<br/>워어어 어긋난 감정<br/>다시 돌릴 수는 없을까<br/>결국 영화 같은 결말 해피엔딩<br/>웃겨 그딴 거 나에겐 없어<br/>또 뻔한 네 거짓말<br/>네게 뭘 바랐는지<br/>됐어 더 이상 필요 없어<br/>우린 아닌 거야<br/>
"
1452,함께 했던 날,박용준박용준,함께 했던 날,0,<dd>2019.12.03</dd>,"이렇게 보내주네요<br/>그대와 함께했던 순간을<br/>한번만이라도 돌아볼순 없나요<br/>언제라도 기다리는걸요<br/>우리 함께 했던날 좋았던 그날<br/>이제는 함께 할수 없는 그날<br/>내곁에 없는 그대여도<br/>다른 사람곁 그대도<br/>잊혀지지가 않아서 슬프네요<br/>언젠간 돌아올거라<br/>그렇게 새기고 또 새기며<br/>그대 웃는 얼굴 떠오르면 눈물이<br/>하나둘씩 흘러서 떠나가<br/>우리 함께 했던날 좋았던 그날<br/>이제는 함께 할수 없는 그날<br/>내곁에 없는 그대여도<br/>다른 사람곁 그대도<br/>잊혀지지가 않아서 슬프네요<br/>문뜩 떠올라 밀려오는 기억이 아파<br/>잊어야 하는데 잊고 싶지 않은게<br/>매일 너무 힘겨워<br/>우리 함께 했던날<br/>지울수가 없는 날 지워지지 않는 날<br/>영원히 간직하고 싶은 그날<br/>내곁에 없는 그대여도<br/>다른 사람곁 그대도<br/>잊혀지지가 않아서 슬프네요<br/>
"
1453,단 한마디,아우라 (Aura)아우라 (Aura),단 한마디,16,<dd>2019.12.03</dd>,"아무렇지 않은 척 너의 슬픈 눈빛이<br/>말하지 않아도 느껴져<br/>가야할 이유를 알지<br/>다음사람에게는 그런 아픈 상처를<br/>주지말란 너의 말은 나를 힘들게 해<br/>잊어야한다고 잊혀질 추억이면<br/>돌아오라고 하면 넌 어떨까<br/>미안하다는 말 고마웠다는 말<br/>이별을 택한 누구라도<br/>하는 흔한 얘기지만<br/>보낼 수 없는 난 붙잡고 싶은 난<br/>단 한마디 못하고 다 무너져가 제발<br/>다음사람에게는 그런 아픈 상처를<br/>주지말란 너의 말은 나를 힘들게 해<br/>미안하다는 말 고마웠다는 말<br/>단 한마디 못하고 다 무너져가<br/>다시는 아프지 말자고<br/>이제는 힘들지 않다고<br/>기다린다는 말 사랑한다는 말<br/>이별을 받는 누구라도<br/>하는 뻔한 얘기지만<br/>할 말 더 많은데 너 흘린 눈물에<br/>단 한마디 못하고<br/>넌 그렇게 가 미안해<br/>
"
1454,사이,심토머(Symptomer)심토머(Symptomer),사이,0,<dd>2019.12.03</dd>,"서둘러 모르는척 돌아서<br/>지나치길 기다린다<br/>편의점 문을 열고 들어가<br/>너를 몰래 바라본다<br/>웃으며 통화한다 그 사람이 부럽다<br/>아마 너에 대해 아주 가끔은<br/>다른 사람에게<br/>말할 수도 있는 사이라면<br/>웃으며 통화한다<br/>그 사람이 부럽다<br/>아마 너에 대해 아주 가끔은<br/>다른 사람에게<br/>말할 수도 있는 사이라면<br/>아마 넌 나를 기억할 수 없겠지<br/>고개 숙인 바보였으니<br/>떨리는 마음 언젠간 변하겠지<br/>용기 없는 날 탓하면서<br/>웃으며 통화한다 그 사람이 부럽다<br/>아마 너에 대해 아주 가끔은<br/>다른 사람에게<br/>말할 수도 있는 그런 사이<br/>서둘러 모르는척 돌아서<br/>지나치길 기다린다<br/>
"
1455,"없고,  없다",손주아손주아,"없고, 없다",13,<dd>2019.12.03</dd>,"연락이 없다 <br/>이제는 헤어졌다 <br/>그리움만 남았다 <br/>시간은 더뎌지고 마음은 무뎌지고<br/>그래도 네 생각에 눈물이 난다 <br/>함께 보던 영화도 이제는<br/>함께 했던 어제도 이제는 없다 <br/>조금만 더 조금만 더 나<br/>너를 아꼈다면 나 슬프지 않았다 <br/>조금만 더 조금만 더 나<br/>어른이었다면 너 아프지 않았다 <br/>연락도 없고<br/>이제는 혼자이고<br/>그리움만 남았고<br/>시간은 흘러가고 마음은 무너지고<br/>그래도 네 덕분에 숨 쉬고 있다 <br/>함께 만들 추억도 이제는<br/>같이 보낼 오늘도 이제는 없다 <br/>조금은 더 조금은 더 나<br/>너와 함께라면 나 아프지 않았다 <br/>조금만 더 조금만 더 나<br/>사랑했더라면 우리 울지 않았다 <br/>여전히 너 사랑한다면<br/>내게 다시 한 번 더 기회를 주겠니 <br/>여전히 날 사랑한다면 너<br/>다시 돌아올 수 있지 않을까 <br/>
"
1456,Feel So Nice (Feat. Zaol),UAZUAZ,Feel So Nice,2,<dd>2019.12.03</dd>,"머릿속부터 느껴지는 느낌<br/>너의 눈을 보면 모두 잊게 돼<br/>몇 시간째인지 다 잊어버리게 돼 난<br/>Deep in deep in<br/>너의 온기 속에서<br/>I feel so nice<br/>I feel so nice<br/>I feel so nice<br/>I feel so nice<br/>저기 조각난 시간들을<br/>신경 쓰지 말아 줘<br/>Whatever 너와 나의 공간에<br/>빈틈 없이 모두 채우고 싶어<br/>너와 있을 때면<br/>나 새로워져 오늘도<br/>너를 만날 때마다<br/>그렇게 새로운 세계가 펼쳐지네<br/>몇 시간째인지 다 잊어버리게 돼 난<br/>Deep in deep in<br/>너의 온기 속에서<br/>I feel so nice<br/>I feel so nice<br/>I feel so nice<br/>I feel so nice<br/>저기 조각난 시간들을<br/>신경 쓰지 말아 줘<br/>Whatever 너와 나의 공간에<br/>빈틈 없이 모두 채우고 싶어<br/>너와 있을 때면 나 새로워져 오늘도<br/>
"
1457,손난로,김경재김경재,손난로,13,<dd>2019.12.03</dd>,"너의 작고 예쁜 두 손을<br/>마주 잡고 꼭 껴안을 때면<br/>헤어지기 싫은 맘에<br/>어쩔 줄 모를 때면<br/>주머니 속 따뜻한 난로처럼<br/>널 넣어가고 싶은데<br/>춥고 힘든 겨울 너를 만나<br/>따뜻한 손난로처럼<br/>힘이 들고 추울 때면<br/>두 손 꼭 잡아준 너<br/>너의 예쁜 마음 가득 담은<br/>주머니 속 난로처럼<br/>힘이 들고 추울 때면<br/>두 손 꼭 잡아준 너<br/>춥고 힘든 겨울 너를 만나<br/>따뜻한 손난로처럼<br/>힘이 들고 추울 때면<br/>두 손 꼭 잡아준 너<br/>너의 예쁜 마음 가득 담은<br/>주머니 속 난로처럼<br/>힘이 들고 추울 때면<br/>두 손 꼭 잡아준 너<br/>추운 겨울<br/>따뜻한 봄이 돼준 너<br/>
"
1458,누군가에게 (Feat. 범`s),최영우최영우,누군가에게,13,<dd>2019.12.03</dd>,"술잔을 기울일 때마다<br/>네가 했던 말들이 떠올라<br/>물 한 모금씩은 했었는데<br/>꿈에서 만난 네 행복한 표정을 보면<br/>온종일 마음이 저며와<br/>한참을 뒤척이다 소식 없는 전화에<br/>반복되는 오늘이 또 지나가고<br/>무뎌진 나의 삶 실감이 안 나<br/>마음 어딘가 채워지지 않는 밤<br/>누군가는 사랑을 하고<br/>누군가는 상처를 입고<br/>누군가는 즐거운 모습으로<br/>그댈 위하고<br/>언제나 내게 힘이 되어주던<br/>그때 그대 그대여<br/>나와 함께 있어줄래요<br/>칠흑같이 캄캄해 잠 못 드는 이 밤은<br/>현실이란 벽 앞에 한없이 무너졌고<br/>무거운 나의 맘 실감이 안 나<br/>널 볼 수 없음에<br/>터질 것 같은 그리움<br/>누군가는 사랑을 하고<br/>누군가는 상처를 입고<br/>누군가는 즐거운 모습으로<br/>그댈 위하고<br/>언제나 내게 힘이 되어주던<br/>그때 그대 그대여<br/>나와 함께 있어줘 우<br/>누군가에게 힘이 되어 줄 때<br/>그때 그대 그때는<br/>나와 함께 있어줄래요<br/>
"
1459,잠에 못 드는 엄마에게,AKA(아카)AKA(아카),잠에 못 드는 엄마에게,28,<dd>2019.12.03</dd>,"엄만 왜 마시지도 못하는 술을<br/>저녁마다 홀짝일까<br/>약 먹을 시간을 알리는 알람은<br/>왜 점점 늘어갈까<br/>우연히 알았어 엄마의 불면을<br/>위로해줄 용기가 없어<br/>모르는 척 뒤돌았어<br/>내 어설픈 위로에 엄마의 아픔이<br/>그저 별일 아닌 게 될까 봐<br/>못 본 척 뒤돌았는데<br/>엄마는<br/>엄마는<br/>왜 날 걱정해<br/>왜 날 위로해<br/>왜 또 미안해<br/>또 뭐가 고마워<br/>울지 말란 말은 하지 않을게<br/>이미 많이 삼키고 충분히 참았으니<br/>엄마를 닮은 날 그리 예뻐하면서<br/>왜 엄마 자신을 사랑하는 건<br/>미뤄두는지<br/>아팠던 날 온몸으로 감싸 줬으면서<br/>왜 엄마 자신의 상철 돌보는 건<br/>주저하는지<br/>이제는<br/>말할게<br/>내게 한결같은 사랑을 줘서 고마워<br/>한결같이 잘 자랄게<br/>엄마가 지어준 이름대로<br/>내게 누구보다 큰 사랑 줘서 고마워<br/>씩씩하게 잘 자랄게<br/>엄마가 가르쳐 준 그대로<br/>엄마 미안해<br/>그리고 고마워<br/>엄마 미안해<br/>그리고 고마워<br/>
"
1460,사랑을 시작하려는 그대에게,DANDAN,사랑을 시작하려는 그대에게,13,<dd>2019.12.03</dd>,"사랑을 시작하려는 <br/>그댄 무척이나 <br/>행복해 보이는 걸요 <br/>옅은 미소가 끊이지 않아 <br/>따뜻한 바람 불어와 <br/>그대 마음 일면 <br/>나에게 다가와 줘요 <br/>내가 그댈 꼭 안아 줄게요<br/>두려운 맘 불안한 맘 <br/>다 잊고서 내게와요 <br/>그대에게 놀라운 <br/>세상을 선물해 줄게요 <br/>아픔 들에 상처받은 <br/>마음 갖고 내게와요 <br/>흉터위에 예쁘게 <br/>그림을 그려 줄게요 <br/>커버린 이 내 마음을 <br/>외면 할 수 없어 <br/>당신께 다가갈테니 <br/>그대도 나를 안아주세요 <br/>두려운 맘 불안한 맘 <br/>다 잊고서 내게와요 <br/>그대에게 놀라운 <br/>세상을 선물해 줄게요 <br/>아픔 들에 상처받은 <br/>마음 갖고 내게와요 <br/>흉터위에 예쁘게 <br/>그림을<br/>
"
1461,나비눈,에코딜리스 (Echo Dyllis)에코딜리스 (Echo Dyllis),나비눈,12,<dd>2019.12.03</dd>,"숨겨진 틈을<br/>비추지 않게<br/>두 눈 꺼풀을<br/>닫아 놓지<br/>거울 속 나를<br/>비추지 않게<br/>눈을 잘라내고<br/>돌아섰네<br/>What you see<br/>Please don't see<br/>What you see<br/>Please don't see<br/>이 밤이 지나가면<br/>잠시 날 안아줘요<br/>수많은 후회 속에<br/>거친 밤이 지나가도<br/>짙게만 피어 나는<br/>버거운 아픔 속에<br/>내가 잠시 머무를 수 있게<br/>Come closer<br/>Come closer<br/>Come closer<br/>Come closer<br/>숨겨진 틈을<br/>비추지 않게<br/>내방 커튼을<br/>닫아 놓지<br/>녹슬어 있는<br/>미움에 젖어<br/>나를 잘라내고<br/>돌아섰네<br/>What you see<br/>Please don't see<br/>What you see<br/>Please don't see<br/>이 밤이 지나도록<br/>내 곁에 머물러요<br/>어두운 창가에도<br/>고요한 새벽이 와도<br/>짙게만 피어나는<br/>버거운 아픔 속에<br/>좀 더 가까이 머물러요<br/>Come closer<br/>Come closer<br/>Come closer<br/>Come closer<br/>녹슬어 버린 두 눈 속에서<br/>내게 좀처럼 닿을 수 없어<br/>
"
1462,사분의 삼,권여름권여름,사분의 삼,10,<dd>2019.12.03</dd>,"가벼운 산책 후에<br/>그네까지 탄 완벽한 하루<br/>끝에 든 그대 생각에<br/>내 하루는 더 완벽해져요<br/>그대 생각에 나도 모르게<br/>번지는 미소를 나 보면서<br/>난 그대를 산책만큼<br/>사랑 하나 봐요<br/>오 그대 나랑 있어줘요<br/>우리 손 놓치진 말아요<br/>난 그대 없인 안돼요<br/>음 사랑해요<br/>그대 생각에 나도 모르게<br/>번지는 미소를 나 보면서<br/>난 그대를 그네만큼<br/>사랑 하나 봐요<br/>오 그대 나랑 있어줘요<br/>우리 손 놓치진 말아요<br/>난 그대 없인 안돼요<br/>음 사랑해요<br/>내가 말했던가요<br/>사랑에 빠졌던 순간을<br/>사실 의미는 없겠죠<br/>그대와 나는 그 언제라도<br/>사랑에 빠질 테니까<br/>오 나의 사랑<br/>한숨마저 벅찬 내 사랑<br/>내 모든 노랜 그대에요<br/>음 사랑해요<br/>
"
1463,내가 바라는 거 (Feat. 이우),란미란미,내가 바라는 거,18,<dd>2019.12.03</dd>,"평범한 전화로 밤을 새고<br/>매일 밤 헤어지는 게 아쉽고<br/>사소한 오해들로 다투다<br/>애교 한 번에 났던 화가 가라앉아<br/>언제부턴가 나는 너를 보면 이렇게<br/>환한 웃음을 짓게 돼<br/>그냥 함께 눈 뜨는 거<br/>매일 밤같이 잠에 드는 거<br/>너무나 작고 사소한 모습이<br/>내가 바라는 거<br/>네가 바라는 거였음 해<br/>작은 변화도 한 번에 알아채고<br/>너의 습관을 따라도 해보고<br/>내 머릿속은 온통 네 모습뿐이라서<br/>너로 내 하루를 채워가<br/>그냥 함께 눈 뜨는 거<br/>매일 밤같이 잠에 드는 거<br/>너무나 작고 사소한 모습이<br/>내가 바라는 거<br/>네가 바라는 거<br/>나를 보며 웃어주는 게<br/>아무 말 없이 바라봐 주는 게<br/>모든 것들이 믿기지 않아서<br/>내가 느끼는 걸<br/>너도 느꼈으면<br/>좋겠어<br/>
"
1464,터널,세정세정,Dingo X 세정,"21,531",<dd>2019.12.02</dd>,"끝이 보이질 않아 길고 허전한 길<br/>그 길을 걷는 동안 내가 곁에 있을게<br/>꽉 막힌 하루 끝에서 널 기다릴게<br/>너의 발걸음에 맞춰<br/>그 언젠가 가파른 언덕을 지나<br/>향기로운 바람을 맞이할 거야<br/>때론 거짓말 같은<br/>아픔을 겪곤 하지만<br/>너의 손을 놓지 않을게<br/>유난히도 추웠던 겨울이<br/>지나고 나면 더 예쁜 꽃이 필 거야<br/>흐려지는 상처를 되돌아보며<br/>웃으며 얘길 나누길<br/>터널의 끝에서<br/>나의 서툰 위로가 부담일까 걱정돼<br/>그럴 수만 있다면 내 힘 나눠줄 텐데<br/>낯설고 바쁜 날에도 밥 거르지 마<br/>제일 맛있는 거 먹어<br/>아프지 마 쉬었다 가도 괜찮아<br/>풀지 못할 고민에 잠 못 들잖아<br/>칠흑 같은 어둠이 번져도<br/>걱정하지 마<br/>작은 불빛이 되어줄게<br/>유난히도 추웠던 겨울이<br/>지나고 나면 더 예쁜 꽃이 필 거야<br/>흐려지는 상처를 되돌아보며<br/>웃으며 얘길 나누길<br/>저 포근한 달빛은<br/>깊은 밤이면 더 밝아질 거야<br/>새벽을 지나 아침은 밝아와<br/>언제라도 안아줄게<br/>터널의 끝까지<br/>
"
1465,FILM,마틴스미스마틴스미스,FILM,937,<dd>2019.12.02</dd>,"밤 하늘에 뜬 달<br/>하루가 벌써 지나가 버렸다<br/>검은 바탕에 외로이 앉아<br/>good night<br/>다음 한편에 날 멋진 차림에<br/>밝은 표정으로<br/>널 위한 나의 세레나데<br/>Oh no 시간이 부족해<br/>애매하게 사랑한단 말도 못하고<br/>Oh no 할 말이 많은데<br/>또 다시 돌아 갈 수 없으니까<br/>alright<br/>Everytime this movie is sad<br/>Like a black and white movie<br/>차가운 공기들을 남기지만<br/>하나 둘씩 떠난 자리에<br/>혼자 lonely 지만<br/>똑같아 너도 날 곧 떠날 테니까<br/>항상 여기서 난<br/>forever young<br/>주인공이니까<br/>forever young<br/>나는 못 벗어나<br/>forever young<br/>널 갖고 싶지만 초라해 보여<br/>항상 여기서 난<br/>forever young<br/>절대 죽지 않아<br/>forever young<br/>널 갖고 싶지만 초라해 보여<br/>꼭 지키고 싶은 약속이 있어<br/>Oh no 시간이 부족해<br/>애매하게 사랑한단 말도 못하고<br/>Oh no 할 말이 많은데<br/>또 다시 돌아 갈 수 없으니까<br/>alright<br/>Everytime this movie is sad<br/>Like a black and white movie<br/>차가운 공기들을 남기지만<br/>하나 둘씩 떠난 자리에<br/>혼자 lonely 지만<br/>똑같아 너도 날 곧 떠날 테니까<br/>Everytime this movie is sad<br/>Like black and white movie<br/>차가운 공기들을 남겼지만<br/>또 하나 둘씩 떠난 자리에<br/>혼자 뿐이지만<br/>똑같아 너도 날 곧 떠날 테니까<br/>항상 여기서 난<br/>forever young<br/>주인공이니까<br/>forever young<br/>나는 못 벗어나<br/>forever young<br/>널 갖고 싶지만 초라해 보여<br/>항상 여기서 난<br/>forever young<br/>절대 죽지 않아<br/>forever young<br/>널 갖고 싶지만 초라해 보여<br/>꼭 지키고 싶은 약속이 있어<br/>밤 하늘에 뜬 달<br/>하루가 벌써 지나가 버렸다<br/>
"
1466,잘 살고 있다,V.O.SV.O.S,잘 살고 있다,"24,783",<dd>2019.12.02</dd>,"한잔 술에 잊자 그만<br/>나도 숨 좀 쉬자 제발<br/>마치 주문처럼<br/>매일 읊조렸던<br/>넌 모르는<br/>내 슬픈 혼잣말<br/>친구들 통해 들은 네 소식<br/>너무 잘 살고 있어<br/>날 만날 때보다 더<br/>너는 없었지만<br/>억지로 삼킨 밥들이<br/>친구가 되어줬던 술이<br/>겨우 날 숨 좀 쉬게 해<br/>많이 잊었어 이제<br/>네 얼굴도 까마득해<br/>잘 살고 있다 너처럼<br/>두려워 듣기 싫던 네 소식<br/>막상 듣게 되니 또<br/>이별한 듯이 아파<br/>너는 없었지만<br/>억지로 삼킨 밥들이<br/>친구가 되어줬던 술이<br/>겨우 날 숨 좀 쉬게 해<br/>많이 잊었어 이제<br/>네 얼굴도 까마득해<br/>잘살고 있다 너처럼<br/>너 없는 많은 밤들이<br/>혼자 버틸 날들이<br/>아직 너무 많은데<br/>가끔은 너 철없던<br/>나의 장난에<br/>입꼬리 올라가던<br/>그 미소가 그리워<br/>가진 건 없지만<br/>널 가진 게 전부였어<br/>그래서 무너졌나 봐<br/>너밖에 없었으니까<br/>언젠간 나도 나만<br/>사랑해줄 사람 만나<br/>잘 살고 싶다 너처럼<br/>나도 그럴 수 있을까<br/>
"
1467,별 세는 밤,"메일 (Mail), 수진 (Sujin)메일 (Mail), 수진 (Sujin)",별 세는 밤,250,<dd>2019.12.02</dd>,"사랑이라는 게 이런 건가요<br/>좀처럼 쉽지가 않네요<br/>그대 생각에 또 잠 못 이루고 있죠<br/>오늘도 별 세는 밤이죠<br/>어느새 많이 차가워진 밤공기<br/>저 하늘 높이 잠자릴 펼치고 누워<br/>하나씩 널 세어가며 그려가는 얼굴<br/>거대한 캔버스에 비해<br/>많이 작은 가봐 내가<br/>하나 둘 별들을 더해<br/>네 곁에 내려놓고 잘자 속삭이듯이<br/>귓가에 스치면<br/>더 반짝이는 맑은 미소가 피어나겠지<br/>사랑이라는 게 이런 건가요<br/>좀처럼 쉽지가 않네요<br/>그대 생각에 또 잠 못 이루고 있죠<br/>오늘도 별 세는 밤이죠<br/>꽤 오랜 시간이 지났어<br/>내 맘 속에 널 담아둔지<br/>I don't know how to love<br/>방법을 잊어버린 듯 해<br/>오늘도 혼자서만 그리다가 잠이 드네<br/>너는 왜 꿈에서도 날 괴롭혀<br/>역시나 혼자만의 사랑은<br/>너무나 외로워<br/>이런 내 맘이 너에게 닿긴 할까<br/>내겐 그래도 꿈처럼 너도 다가와주길<br/>별 세는 이 밤에 잠 못 드는 이 밤에<br/>부디 너도 나와 같은 맘이길 바라<br/>너를 세어보다 잠이 드는 이 밤에<br/>내게 다가와 줄까<br/>내 맘 알아봐 줄까<br/>별의별 생각이 드는 이 밤<br/>사랑이라는 게 이런 건가요<br/>좀처럼 쉽지가 않네요<br/>그대 생각에 또 잠 못 이루고 있죠<br/>오늘도 별 세는 밤이죠<br/>달은 지고 있는데<br/>별다른 방법이 없네<br/>머릿속은 까마득한 이 밤<br/>해는 떠오르는데 너를 떠올려봐도<br/>빛나던 별들이 사라지죠<br/>사랑이라는 게 이런 건가요<br/>좀처럼 쉽지가 않네요<br/>그대 생각에 또 잠 못 이루고 있죠<br/>오늘도 별 세는 밤 하얗게 지세는 밤<br/>사랑이라는 게 이런 건가요<br/>부디 너도 나와 같은 맘이길<br/>좀처럼 쉽지가 않네요<br/>조금만 더 내게 다가와주길<br/>그대 생각에 또 잠 못 이루고 있죠<br/>오늘도 별 세는 밤이죠<br/>
"
1468,날 얼마만큼 사랑해,김담소김담소,날 얼마만큼 사랑해,193,<dd>2019.12.02</dd>,"돌아가는 길에 난 그대에게 물었지<br/>날 얼마만큼 사랑해<br/>그냥 그런 게 궁금해<br/>이유 없이 나를 사랑해주는 너를<br/>이해할 수가 없어서<br/>투정 부리는 거야<br/>다정한 너의 말투로<br/>내 이름 불러줄 때면<br/>잔잔한 노랫말 따라<br/>나 그대에게 남겨지네<br/>영원이란 이름으로<br/>서로를 말하는 우리 둘의 입모양이<br/>세상 어떤 말들보다<br/>포근하게 들려오네<br/>자 이제 우리 눈을 감고<br/>사랑이라 말해보아요<br/>나란히 마주 앉아서<br/>서로의 하루를 나누며<br/>오늘도 곁에 있어서 고맙고<br/>행복하다고<br/>말을 건네오네<br/>어쩌면 사랑은 사랑이라는 감정은<br/>세상 어떤 말들로도<br/>표현할 수 없기 때문에<br/>우린 그저 바라보나 봐<br/>서로를 말하는 우리 둘의 입모양이<br/>세상 어떤 말들보다<br/>포근하게 들려오네<br/>자 이제 우리 눈을 감고<br/>사랑이라 말해보아요<br/>
"
1469,밤새 니 생각에 잠 못 들어,리디아 (Lydia)리디아 (Lydia),밤새 니 생각에 잠 못 들어,124,<dd>2019.12.02</dd>,"밤새 니 생각에 잠 못 들어<br/>너는 어떠니<br/>우리 추억에 젖어 그리움에 끌려<br/>어느새 너의 집 앞<br/>한동안 이렇게 힘들 것만 같아<br/>너도 힘들지<br/>사랑이 남아서 미련이 남아서<br/>난 아직 니가 필요해<br/>조금 더 네게 더 잘했더라면<br/>우리 어떤 모습일까<br/>너도 나만큼 후회하고 있니<br/>내가 보고싶니<br/>시간을 돌려 다시 니 맘도 돌려<br/>우리 다시 사랑할 순 없을까<br/>니가 없이 난 안 될것 같은데<br/>내게로 돌아와<br/>여전히 나에겐 소중했던<br/>너의 기억들<br/>자꾸 다시 생각나<br/>그때 시간속에 들어가 울고있어<br/>바라면 안되는 지나버린 사랑<br/>난 왜 이러니<br/>소용이 없어진 후회만 가득해<br/>난 아직 너를 사랑해<br/>조금 더 네게 더 잘했더라면<br/>우리 어떤 모습일까<br/>너도 나만큼 후회하고 있니<br/>내가 보고싶니<br/>시간을 돌려 다시 니 맘도 돌려<br/>우리 다시 사랑할 순 없을까<br/>니가 없이 난 안 될것 같은데<br/>내게로 돌아와<br/>
"
1470,산타할머니,손현미손현미,산타할머니,48,<dd>2019.12.02</dd>,"내 어릴 적 첫 번째 크리스마스엔<br/>산타 할아버질 기대했는데<br/>조그만 내 방 창문을 두드린 건<br/>산타할머니였죠<br/>오 귀엽고 착한 우리 현미야<br/>산타 할아버지 선물 줄게<br/>할아버지가 너무 바빠<br/>할머니가 대신 줄게<br/>Oh 나의 Merry Merry<br/>oh Christmas<br/>산타할머니면 뭐 어때<br/>엄마도 사주지 않는 바비인형<br/>할머니가 사주셨네<br/>또 다른 아침이 밝아오고<br/>엄마 말씀 잘 들으면<br/>할머니가 또 나에게 선물 준대<br/>오 나의 산타 그랜마<br/>Oh 나의 Merry Merry<br/>oh Christmas<br/>산타할머니면 난 좋아<br/>엄마만 알고 있던 내 비밀 모두<br/>할머니는 다 안다네<br/>Oh 나의 Merry Merry<br/>oh Christmas<br/>산타할머니면 뭐 어때<br/>Oh 나의 Merry Merry<br/>oh Christmas<br/>산타할머니가 오셨네<br/>어느덧 시간은 흘러갔고<br/>나도 어른이 되었네<br/>사랑하는 엄마의 사진 속에<br/>할머니가 살고 있네<br/>오 나의 산 타 그 랜 마<br/>
"
1471,힘든 하루였죠,늑대소녀늑대소녀,힘든 하루였죠,5,<dd>2019.12.02</dd>,"힘든 하루였죠<br/>삶이 고단 했죠<br/>눈을 감아도<br/>하루의 잔상이 없어지질 않죠<br/>눈을 떠보면 흩어지지 않는<br/>어제의 기억이 나를 괴롭히죠<br/>어떻게 하면<br/>나는 괜찮아질 수 있을까<br/>힘들땐 바깥 공기를 마셔봐요<br/>힘들땐 차가운 커피를 마셔봐요<br/>힘들땐 그대의 나에게 전화해줘요<br/>나의 목소리가<br/>당신을 녹여줄 거에요<br/>당신을 녹여줄 거에요<br/>당신을 녹여줄 거에요<br/>지친 하루였죠<br/>삶이 피곤 했죠<br/>눈을 감아도<br/>하루의 잔상이 사라지질 않죠<br/>눈을 떠보면 흩어지지 않는<br/>안좋은 기억이 나를 괴롭히죠<br/>어떻게 하면<br/>나는 괜찮아 질 수 있을까<br/>힘들땐 바깥 공기를 마셔봐요<br/>힘들땐 차가운 커피를 마셔봐요<br/>힘들땐 그대의 나에게 전화해줘요<br/>나의 목소리가<br/>당신을 녹여줄 거에요<br/>당신을 녹여줄 거에요<br/>당신을 지켜줄 거에요<br/>
"
1472,헤엄치다,허명허명,헤엄치다,164,<dd>2019.12.02</dd>,"아무도 내 목소릴 <br/>들어주지 않을것만 같았어<br/>이미 다 늦었다고 그만하라고<br/>모두가 내뱉던 그 말<br/>아무리 걷고 있어도 늘 같은 자린데<br/>제자리걸음에 지쳐 가나 봐<br/>언제까지 이럴 순 없는데<br/>오늘도 끝없는 바다에 발버둥 치는데<br/>하루만 수없이 바라던 날 볼 수 있다면<br/>이 말들을 삼키고 숨이 차올라도<br/>괜찮다 날 다독이는 데<br/>하루가 어떻게 흘러가는지 <br/>늘 같은 밤들과<br/>달빛이 비춰주는 나의 그림자들도<br/>힘내라고 말하는 것 같아<br/>오늘도 끝없는 바다에 발버둥 치는데<br/>하루만 수없이 바라던 날 볼 수 있다면<br/>이 말들을 삼키고 숨이 차올라도<br/>괜찮다 날 다독이는 데<br/>이제와서 포기할 순 없잖아<br/>그만하면 숨 쉴 수 없잖아<br/>얼마나 아름다울까 나 기대해<br/>저 멀리 지평선 너머에 끝은 없겠지만<br/>이 차가운 인생에 꿈을 꼭 담아서<br/>그곳에 또 다른 날 위해<br/>
"
1473,My Universe,이구름이구름,My Universe,24,<dd>2019.12.02</dd>,"정리되지 않은 마음에 <br/>어둠을 찾아 헤매다 <br/>밀려오는 세상 속을 도망치듯 버텨내 <br/>반복된 하루 색 잃은 하늘을 밝히는 <br/>한 순간 마주한 너라는 온기 <br/>그 품에 지킨 어지러진 세상 <br/>어둠이 가득한 나의 하루에 <br/>하늘마저 달래던 <br/>My universe 네 빛으로 나를 <br/>You’re my universe <br/>흩어진 날 끌어안아줘 <br/>온전한 너의 세상 속에 <br/>부서진 나의 마음을 다 담아줘 <br/>흔들리는 세상에 <br/>들리지 않던 숨겨둔 한마디 <br/>두 눈을 떠도 다르지 않던 하루를 <br/>너라는 힘으로 날 일으켜줘 <br/>My universe 네 빛으로 나를 <br/>You’re my universe <br/>흩어진 날 끌어안아줘 <br/>온전한 너의 세상 속에 <br/>부서진 나의 마음을 다 담아줘 <br/>My universe 어둔 세상속에서 <br/>날 위해 빛나던 다시 만난 너의 빛 <br/>여전히 비추던 여기 <br/>세상 가득히 너의 빛을 담아서 <br/>My universe 네 빛으로 나를 <br/>You’re my universe <br/>흩어진 날 끌어안아줘 <br/>온전한 너의 세상 속에 <br/>부서진 나의 마음을 다 담아줘 <br/>You’re my universe<br/>
"
1474,길의 끝에서,JY LeeJY Lee,길의 끝에서,19,<dd>2019.12.02</dd>,"그대 나를 떠나갔던 이후로<br/>아무렇지 않게 살아 가는 건<br/>시간이 지나 갈 수록 쉽지 않은 일이었어<br/>그대 정말 나를 잊은 건가요<br/>우리 함께했던 이 거리가 낯설어<br/>아무런 계획도 없이 무작정 나온 밤거리<br/>잊으려 해도 잊을 수 없는 그대여<br/>보고 싶어도 볼 수 없는 그대여<br/>서로 스쳐 지나는 사람들 중에<br/>언젠가 사랑하는 너를 찾을 수 있을까<br/>내사랑 그대 나를 잊지 않았다면<br/>내 마음이 간절히 그댈 원하면<br/>아름다운 이 길이 끊어지기 전에<br/>다시 한번 더 우리 함께 할 수 있을까<br/>고요해진 이 밤길의 끝에서<br/>오늘따라 더욱 빛나는 비행기를<br/>바라볼 수 없었어 너무 멀리 가버려서<br/>닿으려 해도 닿을 수 없는 그대여<br/>안고 싶어도 안을 수 없는 그대여<br/>그대 얼굴 표정 하나하나<br/>여전히 내 기억 속에 머물고 있네요<br/>내사랑 그대 나를 잊지 않았다면<br/>내 마음이 간절히 그댈 원하면<br/>아름다운 이 길이 끊어지기 전에<br/>다시 한번 더 우리<br/>다시 한번 더 우리 함께 할 수 있을까<br/>
"
1475,그 시절,정호정호,그 시절,15,<dd>2019.12.02</dd>,"오랜만야 내 지난 겨울아<br/>잘지냈니 내 어린 마음아<br/>지나던 길에 어땟는지<br/>한번 궁금해서<br/>차갑던 새벽 공길 지나고<br/>언덕길따라 걷던 너따라<br/>지나온 길에 어땟는지<br/>한번 궁금해서<br/>어디서부턴가 무엇부턴지<br/>그 시절의 나를 다시 만나고 싶어<br/>차갑던 새벽 공길 지나고<br/>언덕길따라 걷던 너따라<br/>지나온 길에 어땟는지<br/>한번 궁금해서<br/>어디서부턴가 무엇부턴지<br/>그 시절의 나를 다시 만나고 싶어<br/>거칠게 숨이차던 팔이 저려오던<br/>묵묵히 앞만가던 조금은 답답했던<br/>나를 찾고싶어<br/>
"
1476,Merry Winter,언니누나언니누나,Merry Winter,7,<dd>2019.12.02</dd>,"차가워진 내 손을 잡으며<br/>춥지 않냐며 묻는 너<br/>방긋 웃으며 나는 말하지<br/>함께라서 하나도 안 춥다고<br/>반짝이는 크리스마스트리 아래<br/>우리 단둘이 첫눈을 기다릴까<br/>거리엔 많은 사람들<br/>설레이는 이 순간이<br/>내겐 너무 꿈만 같은 걸<br/>라리 라리 라랄라<br/>빨개진 내 코를 바라보며<br/>귀엽다며 놀리는 너<br/>뾰루퉁한 내 표정 보면서<br/>쓰담쓰담 내 머릴 쓰다듬네<br/>기다리던 하얀 첫눈이<br/>온 세상 가득 소복소복 쌓이네<br/>거리엔 많은 사람들<br/>설레이는 이 순간이<br/>내겐 너무 꿈만 같은 걸<br/>라리 라리 라랄라<br/>너와 함께 할 이 겨울을<br/>하얀 눈이 가득 채워<br/>포근한 너의 품 안에서<br/>사랑한다 말하고 싶어<br/>거리엔 많은 사람들<br/>거리엔 많은 사람들<br/>설레이는 이 순간이<br/>내겐 너무 꿈만 같은 걸<br/>라리 라리 라랄라<br/>라리 라리 라라<br/>
"
1477,빛으로(feat. 정연우),강요한강요한,빛으로,24,<dd>2019.12.02</dd>,"긴 어둠의 끝은 어딜까<br/>이 길 끝에 서면 난 자유할까<br/>알 수 없고 볼 수 없던<br/>지난 시간들 속에서<br/>억눌려 있던 내 안에 감춰진 보석<br/>찾을수가 없어도 희망의 끈을 잡고<br/>난 달려가네 빛으로 빛으로<br/>그 곳으로 난 달려가네<br/>어둠이 빛을 이기지 못하리<br/>그 곳으로 난 달려가네<br/>승리의 그 날을 이룰 때까지<br/>이 슬픔의 끝은 어딜까<br/>얼마나 더 가야 난 벗어날까<br/>알 수 없고 볼 수 없던<br/>지난 시간들 속에서<br/>억눌려 있던 내 안에 감춰진 생명<br/>찾을 수가 없어도 믿음의 끈을 잡고<br/>난 달려가네 빛으로 빛으로<br/>그 곳으로 난 달려가네<br/>어둠이 빛을 이기지 못하리<br/>그 곳으로 난 달려가네<br/>승리의 그 날을 이룰 때까지<br/>그 곳으로 난 달려가네<br/>어둠이 빛을 이기지 못하리<br/>그 곳으로 난 달려가네<br/>승리의 그 날을 이룰 때까지<br/>승리의 그 날을 이룰 때까지<br/>승리의 그 날을 이룰 때까지<br/>
"
1478,오늘,석훈성석훈성,오늘,14,<dd>2019.12.02</dd>,"그래 알아 <br/>많이 힘들었단 걸 <br/>너의 아픔 <br/>나만 모르고 있었다는 것도 <br/>무심했던 나란 걸 <br/>이기적인 나란 걸<br/>이제서야 너의 눈을 바라 봐 <br/>많이 지쳐 어떤 말도 없는 너의 입술도<br/>너무 그립겠지만 <br/>너를 보내야만 해<br/>널 사랑했던 수 많은 날들 중에 <br/>가장 좋은 날이 될 수 있기를 <br/>바로 오늘이 <br/>너와의 마지막이 다행으로 남기를 <br/>네 손을 잡던 날 기억해 <br/>네 시선이 닿는 그곳에 <br/>내가 데려다줄께 <br/>너와 함께 약속했는데 <br/>난 어디를 바라본건지 <br/>언제부터 멀어진건지<br/>결국 너를 잃은 채 떠나는 네 뒤에 <br/>너무 늦은 악수를 청해 <br/>너와 함께한 수많은 날들 중에<br/>가장 힘든 날로 기억되겠지 <br/>바로 오늘을 <br/>너와의 마지막을 잊을수는 없겠지<br/>네 손을 잡던 날 기억해 <br/>네 시선이 닿는 그곳에 <br/>내가 데려다줄께 <br/>너와 함께 약속했는데 <br/>난 어디를 바라본건지 <br/>언제부터 멀어진건지<br/>결국 너를 잃은 채 떠나는 네 뒤에 <br/>너무 늦은 악수를 청해<br/>
"
1479,변화가 필요해,구본웅 (Ku Bon Woong)구본웅 (Ku Bon Woong),변화가 필요해,0,<dd>2019.12.02</dd>,"오늘 하루도<br/>그냥 보냈어<br/>삶에 의욕이<br/>힘들어<br/>예전에 나는<br/>희망과 꿈을<br/>꾸던 사람<br/>내일 모레도<br/>매일 같겠지<br/>이제 내삶에<br/>평화가 필요해<br/>예전에 나는<br/>희망과 꿈을<br/>꾸던 사람<br/>예전에 나는<br/>희망과 꿈을<br/>꾸던 사람<br/>
"
1480,헤어진 우리가 지켜야 할 것들,"김나영, 양다일김나영, 양다일",헤어진 우리가 지켜야 할 것들,"49,666",<dd>2019.12.01</dd>,"여기 내 머릿속에<br/>스위치 같은<br/>그런 게 있음 좋겠어<br/>눈을 감듯 널 꺼놓게<br/>매일 숨을 쉬듯이<br/>널 사랑했던<br/>나쁜 버릇은 어떡해야<br/>고쳐질까<br/>알아 쉽진 않겠지<br/>한동안 생각날 테고<br/>행여나 울더라도<br/>흔들리진 말자<br/>혹시 내 전화를 기다리거나<br/>취해서 집 앞을 찾아오는 일 안 돼<br/>실수로라도 내 생각 따윈 절대 안 돼<br/>안 돼 안 돼<br/>너 혹시 내 사진을 찾아보거나<br/>나 몰래 내 소식을<br/>검색하는 일 안 돼<br/>이젠 안 돼 우린 안 돼 너와 나<br/>더는 해선 안 되는 일<br/>우릴 알던 누군가 너를 만나<br/>스치듯 나의 안불 묻더라도<br/>웃음으로 웃음으로<br/>받아줄 수 있길<br/>혹시 내 전화를 기다리거나<br/>취해서 집 앞을 찾아오는 일 안 돼<br/>실수로라도 내 생각 따윈 절대 안 돼<br/>안 돼 안 돼<br/>너 혹시 내 사진을 찾아보거나<br/>나 몰래 내 소식을<br/>검색하는 일 안 돼<br/>이젠 안 돼 우린 안 돼 너와 나<br/>잘 한 건진 모르지만<br/>후회할지 모르지만<br/>소리 없이 흐르는 눈물을 잡고 안녕<br/>우리들의 수많은 기념일과<br/>서로의 이름 목소리까지도<br/>자고 나면 모두 다 잊는 거야<br/>모든 걸 잊고 떠나는 거야<br/>널 사랑했지만<br/>보고 싶겠지만<br/>오늘 이후로 우린 없는 거야<br/>아무 일도 아닌 듯이<br/>아무 일도 없던 듯이<br/>
"
1481,여행 (Prod. 서동민),Nearby (니어바이)Nearby (니어바이),여행,113,<dd>2019.12.01</dd>,"얼마나 지났을까<br/>멀리도 가버린 그대를<br/>생각하지않으려 다짐한지 얼마나<br/>너무 긴 여행이라<br/>기다릴 힘조차 없어서<br/>잊혀질줄알았던 아름다운 날들<br/>바쁘게 떠나 잊어버린게<br/>분명 많을 사람인데<br/>왜 그렇게 도망가듯 가버렸나 그대<br/>누구나 갈 길<br/>먼저 가버린<br/>그대가 떠오르면<br/>잊혀진줄 알았던<br/>지난 날들이 떠올라<br/>얼마나 지났을까<br/>어디쯤 지나고있을까<br/>기나긴 여행길이 고단하진 않을까<br/>그대 그대<br/>
"
1482,이별 앞에서 울고 싶지 않아,시하시하,연애의 참견 시즌2 OST - Part.20,660,<dd>2019.12.01</dd>,"이별 앞에서 울고 싶지 않아<br/>덤덤하게 보며 잘 가라고 했어<br/>돌아보고 싶었는데<br/>그냥 꾹 참고 걸었어<br/>이제 다 끝났어<br/>이상하지 나 나 아무런 느낌 없었어<br/>사랑을 했던 널 보낸<br/>이 시간이 괜찮아<br/>혹시 이별한다면 날 걱정했는데<br/>널 많이 사랑했었기에 그랬었어<br/>커피 한 잔을 들고 그냥 걸어<br/>어두워진 하늘 바라보며 걸어<br/>걷다 보니 다리 아파<br/>벤치에 앉아 있었어<br/>이게 이별이니<br/>이상하지 나 나 아무런 느낌 없었어<br/>사랑을 했던 널 보낸<br/>이 시간이 괜찮아<br/>혹시 이별한다면 날 걱정했는데<br/>널 많이 사랑했었기에<br/>집으로 가기가 싫어<br/>집에 가면 이별이 실감이 날 테니<br/>뭐가 뭔지 몰라 아직<br/>그냥 괜찮은 척 있어<br/>이상하지 나 나 아무런 느낌 없었어<br/>사랑을 했던 널 보낸 이 시간이<br/>괜찮아 이별했는데<br/>혹시 이별한다면 날 걱정했는데<br/>널 많이 사랑했었기에 그랬었어<br/>
"
1483,널 기다려,지동국지동국,널 기다려,"1,654",<dd>2019.12.01</dd>,"차마 말할 수 없어<br/>감히 닿을 수 없어<br/>너를 왜 이토록 너를<br/>깊이 사랑하게 됐을까<br/>너를 만나고<br/>너를 알았고<br/>너를 원했던 시간<br/>내 생에 가장 소중했던<br/>너에게 난 더는 갈 수 없는<br/>슬픈 인연의 벽이 가로막아도<br/>널 기다려<br/>일분일초 하룰 세며 기다려<br/>애써 참던 눈물 끝내 터져도<br/>괜찮아 이렇게 너를 떠올리며 살아<br/>난 기다려<br/>멈춰버린 네 모습에 기대어 매일<br/>그때 하지 못한 말을 연습해<br/>나는 나는 난 너를 사랑해<br/>가질 수 없어도<br/>더는 더는 물러날 길 없어<br/>내 가슴 찢겨도<br/>부서지고 또 무너져도<br/>죽을 만큼 널 사랑해<br/>널 기다려<br/>일분일초 하룰 세며 기다려<br/>애써 참던 눈물 끝내 터져도<br/>괜찮아 이렇게 너를 떠올리며 살아<br/>난 기다려<br/>헤어날 수 없는 아픈 그리움 끝에<br/>네가 내게 올 거란<br/>기적을 난 빌고 또 빌어<br/>이룰 수 없어도<br/>나는 널 항상 기다려<br/>다신 볼 수 없다 해도<br/>영원히 사랑해<br/>난 너를<br/>
"
1484,노엘 (The First Noel),"김연지, 임한별, 용주 (YONGZOO), 가은 (GA EUN), 라엘 (Ra.L), 임지은, James Kang, 삼마합창단김연지, 임한별, 용주 (YONGZOO), 가은 (GA EUN), 라엘 (Ra.L), 임지은, James Kang, 삼마합창단",동백꽃 필 무렵 (KBS2 수목드라마) OST Special Track,"2,733",<dd>2019.12.01</dd>,"저 들 밖에 한밤중에<br/>양틈에 자던 목자들<br/>천사들이 전하여 준<br/>주 나신 소식 들었네<br/>노엘 노엘 노엘 노엘<br/>사랑의 기적이 일어나네<br/>저 동방에 별 하나가<br/>이상한 빛을 비추어<br/>이 땅 위에 큰 영광이<br/>나타날 징조 보였네<br/>노엘 노엘 노엘 노엘<br/>사랑의 기적이 일어나네<br/>천사들이 전하여 준<br/>주 나신 소식 들었네<br/>노엘 노엘 노엘 노엘<br/>사랑의 기적이 일어나네<br/>노엘 노엘 노엘 노엘<br/>언제나 우리가 함께하리<br/>언제나 우리가 함께하리<br/>저 들 밖에 한밤중에<br/>양틈에 자던 목자들<br/>노엘 노엘 노엘 노엘<br/>사랑의 기적이 시작됐네<br/>노엘 노엘 노엘 노엘<br/>언제나 우리가 함께하리<br/>노엘 노엘 노엘 노엘<br/>사랑의 기적이 일어나네<br/>노엘 노엘 노엘 노엘<br/>언제나 우리가 함께하리<br/>
"
1485,12월 꿈의 밤,레오(LEO)레오(LEO),12월 꿈의 밤,"2,807",<dd>2019.12.01</dd>,"믿을 수 없는<br/>꿈을 느껴<br/>본적도 없는 세상에 빠져 잠들어<br/>다가온 밤<br/>보내기 싫은 맘<br/>아이 같은 나에게<br/>잘 자라며 사랑으로 속삭여준 너<br/>오늘은 꼭 말하고 싶어<br/>꿈에라도 아름답게<br/>메리 크리스마스<br/>맞닿은 숨에<br/>잠들어있던<br/>그날 그때 너 언젠가<br/>그대가 읽어준<br/>동화 속에 이야기<br/>너로 물들어<br/>다가온 밤<br/>보내기 싫은 맘<br/>아이 같은 나에게<br/>잘 자라며 사랑으로 속삭여준 너<br/>오늘은 꼭 말하고 싶어<br/>꿈에라도 아름답게<br/>주절주절 떠들던 네가<br/>세상 하얗게 웃는 순간<br/>나도 모를 눈물이 흘러<br/>바래본 적 없던 꿈에 밤<br/>따스한 맘<br/>나를 안아준 너<br/>어떤 말로 너에게<br/>이 마음을 표현할 수 있을까 고민해<br/>오늘은 꼭 말하고 싶어<br/>꿈에라도 아름답게<br/>메리 크리스마스<br/>
"
1486,월동준비 (New Ver.) (더스프링홈 CF 삽입곡),코튼팩토리 (Cotton Factory)코튼팩토리 (Cotton Factory),월동준비 두번째 이야기,175,<dd>2019.12.01</dd>,"차가워질 나의 마음을 위해<br/>따스한 햇살을<br/>가득 머금어 두려 해<br/>오늘이 지나고 나면<br/>흐르는 계절 사이로<br/>시린 겨울이 찾아올 테니까<br/>그리워질 너의 모습을 위해<br/>지금 이 순간을<br/>모두 가슴에 담으려 해<br/>새하얀 겨울 사이로<br/>번지는 너의 모습이<br/>흐릿해 보여 나 망설이지만<br/>또 봄은 찾아오겠지<br/>다가올 겨울이 지나고 나면<br/>언제 그랬냐는 듯 포근한 온기로<br/>내 마음 감싸주겠지<br/>새로워질 나의 내일을 위해<br/>지금 이 슬픔을 모두<br/>여기에 놔두려 해<br/>흐르는 계절 사이로<br/>스치는 너의 모습이<br/>선명해 보여 나 망설이지만<br/>또 봄은 찾아오겠지<br/>차가운 겨울이 지나고 나면<br/>언제 그랬냐는 듯 포근한 미소로<br/>내 마음 비춰주겠지<br/>또 너는 찾아오겠지<br/>돌아올 겨울이 지나고 나면<br/>언제 그랬냐는 듯 잔잔한 위로로<br/>내 마음 안아주겠지<br/>차가워질 나의 계절을 위해<br/>따스한 햇살을 담아<br/>
"
1487,비가 내리면 (Feat. 장선영),오이소박이오이소박이,네이버 웹툰 '우리 오빠는 아이돌' OST part.1,538,<dd>2019.12.01</dd>,"어쩔 수 없겠죠 어쩔 수 없던 거겠죠<br/>맞닿은 손 떨어지고<br/>우리 둘도 멀어지네요<br/>잊어야 하겠죠 잊어야 하는 거겠죠<br/>눈 감고 그댈 떠올려도<br/>차가운 공기만 흐르네요<br/>이 비가 내리면 지울 수 있을까요<br/>눈가에 고인 추억은 녹아 사라지겠죠<br/>시간이 지나고 또 하룰 보내도<br/>우산 아래 빈자린 채우지 못하겠죠<br/>모른 척일까요 아님 모르는 걸까요<br/>그댈 놓지 못하는 나를<br/>애써 외면하네요<br/>이 비가 내리면 지울 수 있을까요<br/>눈가에 고인 추억은 녹아 사라지겠죠<br/>시간이 지나고 또 하룰 보내도<br/>우산 아래 빈자린 채우지 못하겠죠<br/>밤하늘 별처럼 눈부신 기억들은<br/>이젠 잡을 수 없겠죠 잡히지 않겠죠<br/>더 이상 만날 수 없는 그댈 보면서<br/>인사를 할게요 마지막으로 안녕<br/>
"
1488,슬픈 눈으로,란 (RAN)란 (RAN),꽃길만 걸어요 OST Part.10,313,<dd>2019.12.01</dd>,"왜 그렇게 힘이없어 보이는가요 <br/>신경쓰지 않으려해도 <br/>자꾸만 눈길이 가네요<br/>우린 이미 함께 할 수 없다는 것을 <br/>알고 있기 때문에 바라보면 안돼요<br/>얼마나 시간가야 <br/>마음이 괜찮아질까요 <br/>행복하길 바랬는데 <br/>누구 하나 행복하지 않아요<br/>슬픈 눈으로 그렇게 바라보지마요 <br/>나의 마음 흔들리고 있잖아 <br/>내가 어떻게해요<br/>슬픈 마음이 그대 <br/>모든것을 힘들게해도 <br/>더이상 우린없어요<br/>돌아서면 그 자리에 그대있을까 <br/>돌아보지 못하고 앞으로만 걸었죠<br/>얼마나 시간가야 <br/>마음이 괜찮아질까요 <br/>행복하길 바랬는데 <br/>누구 하나 행복하지 않아요<br/>슬픈 눈으로 그렇게 바라보지마요 <br/>나의 마음 흔들리고 있잖아 <br/>내가 어떻게해요<br/>슬픈 마음이 그대 <br/>모든것을 힘들게해도 <br/>더이상 우린없어요<br/>아직 혼자선 힘이 들어요 <br/>얼마나 견뎌야하죠 <br/>사랑했던 그대 얼굴 자꾸 떠올라<br/>슬픈 눈으로 그렇게 바라보지마요 <br/>나의 마음 흔들리고 있잖아 <br/>내가 어떻게해요<br/>슬픈 마음이 그대 <br/>모든것을 힘들게해도 <br/>더이상 우린없어요<br/>
"
1489,처음부터 만나지 않았더라면,반하나반하나,처음부터 만나지 않았더라면,"6,945",<dd>2019.11.30</dd>,"너와 내가 처음부터<br/>만나지 않았더라면 어땠을까<br/>나는 이유 모를 불안함에<br/>마음 졸이지 않고 편했을까<br/>우리가 만난 그날을 모른 채<br/>넘겼더라면 어땠을까<br/>너는 이유 없이 나에게<br/>미안하다는 말하지 않고<br/>행복하게 살아가고 있을까<br/>그때는 뭐가 그리도 예뻐 보이고<br/>바라만 봐도 충분했을까<br/>결국 이렇게 서로를<br/>만난 걸 후회하고<br/>돌아가고 싶어 애를 쓰는데<br/>우리가 만난 그날을 떠올리면<br/>나도 그래 웃고 있어<br/>어쩌다 우리의 지금은<br/>예전만큼 행복하지 않고<br/>아픈 걱정들만 가득한 걸까<br/>그때는 뭐가 그리도 예뻐 보이고<br/>바라만 봐도 충분했을까<br/>결국 이렇게<br/>서로를 만난 걸 후회하고<br/>돌아가고 싶어 애를 쓰는데<br/>이제 그때의<br/>우린 세상에 없는데<br/>누구의 잘못도 아니란 걸<br/>나도 알고 있어<br/>돌아보지 마<br/>그럴수록 우리 이별이<br/>더 길어질 테니까<br/>그래도 네게 참 고마웠어<br/>
"
1490,반만,진민호진민호,반만,"12,914",<dd>2019.11.30</dd>,"다 알고 있어<br/>네가 만났던 사람<br/>난 한 번도 이길 수 없었어<br/>성격도 안 맞고<br/>싸운 기억뿐이라며<br/>욕하면서 왜 못 잊는 거야<br/>그 사람이 다 아물 만큼<br/>이젠 내가 두 배로 잘 할 테니까<br/>그만 아파도 돼<br/>괜찮아 반만<br/>난 더도 말고 반만<br/>딱 그 사람의 반만<br/>사랑해주면 돼<br/>미안하지 않아도 돼<br/>아직 네 눈에 보이는 그 사람을<br/>다 모른 척해 줄 테니까<br/>넌 그냥 내게 와주면 돼<br/>가끔 내 앞에서<br/>받지 않는 전화쯤은<br/>얼마든지 참아줄 수 있어<br/>그 사람이 가끔 보여도<br/>내 옆에만 있어주면 괜찮아<br/>이젠 행복해도 돼<br/>괜찮아 반만<br/>난 더도 말고 반만<br/>딱 그 사람의 반만<br/>사랑해주면 돼<br/>미안하지 않아도 돼<br/>아직 네 눈에 보이는 그 사람을<br/>다 모른 척해 줄 테니까<br/>하루만<br/>한 시간만<br/>아니 일 분만<br/>나로 가득 채울 순 없는 걸까<br/>이제 넌 나만<br/>사랑하면 돼 나만<br/>제발 울지 마<br/>다 알아 네 잘못이 아니야<br/>몇 년이 가도 괜찮아<br/>너의 눈에 나만 보일 그날까지<br/>얼마든 기다릴 테니까<br/>가끔 그 사람 생각해도 돼<br/>
"
1491,왜 이제야,세자전거세자전거,Part 2. 추(秋),317,<dd>2019.11.30</dd>,"우연히 전해들었어<br/>다음달에 너 결혼한다며<br/>행복하게 살란 말해주고 싶어<br/>이렇게 연락했어<br/>마지막으로 한번만<br/>보고싶다<br/>이 말은 차마 하지 못해<br/>그저 잘지내라는 인사밖엔<br/>왜 이제야<br/>나 네가 생각나는지<br/>왜 이제와서<br/>널 그리워 하는지<br/>붙잡을 수도 없이<br/>멀어져 버리고 난 뒤에야<br/>그제야 모두 알게 되었어<br/>이대로 보내버리면<br/>두번 다시<br/>만날 수 없을거란 생각에<br/>너의 집 앞 주위를 서성여<br/>막상 만나기에는 두려워<br/>다시 뒤돌아 가는 걸음<br/>왜 이제야<br/>나 네가 생각나는지<br/>왜 이제와서<br/>널 그리워 하는지<br/>잊을만도 했는데<br/>또 다시 들리는 네 소식에<br/>그리움만 더 커져 버렸어<br/>나 정말 괜찮지 않아<br/>무너져 버릴 것 같아<br/>이대로 널 보내버리면<br/>나 널 잊을 수가 없나봐<br/>이제와 이런 내 모습이 우스워<br/>붙잡을 수도 없이<br/>멀어져 버리고 난 뒤에야<br/>그제야 모두 알게 되었어<br/>
"
1492,너의 번호를 누르고 (Prod. 영화처럼),#안녕#안녕,너의 번호를 누르고,"7,639",<dd>2019.11.30</dd>,"우연히 너를 만나서<br/>너의 옆자리에 앉아<br/>그렇게 우린 친해졌어<br/>짧은 시간에 그렇게<br/>가까워질 수 있다는게<br/>그게 참 신기했어<br/>소소한 일상부터<br/>어린 시절 얘기 까지도<br/>그리 똑같진 않아도<br/>말이 참 잘 통해서<br/>더 짧았던 거야<br/>너의 번호를 누르고<br/>설레임을 가득 채우다<br/>너의 번호를 지우며<br/>좋았던 시간을 덜어내<br/>그때 난 왜 몰랐을까<br/>이뤄질 수 없는<br/>짧은 시간속의<br/>우린 여기 까지인 가봐<br/>어쩌다 먼 훗날에<br/>그때 우리 약속 기억 날까<br/>아쉬움만 가득했던<br/>그때 난 왜 그랬을까<br/>너의 번호를 누르고<br/>설레임을 가득 채우다<br/>너의 번호를 지우며<br/>좋았던 시간을 덜어내<br/>그때 난 왜 몰랐을까<br/>이뤄질 수 없는<br/>짧은 시간속의<br/>우린 여기까지인 가봐<br/>아무일 없이 살다보면<br/>모두 잊혀질거라<br/>또 맘을 속이고 달래도<br/>자꾸만 그 때 니가 생각나<br/>또 너를 부르게 돼<br/>너의 번호를 누르고<br/>설레임을 가득 채우다<br/>너의 번호를 지우며<br/>좋았던 시간을 덜어내<br/>그때 난 왜 몰랐을까<br/>이뤄질 수 없는<br/>짧은 시간속의<br/>스쳐가버린<br/>그 때 그 시절 속의<br/>우린 여기까지인 가봐<br/>
"
1493,사랑.. 이울다,빅이너 (BIG INNER)빅이너 (BIG INNER),사랑.. 이울다,343,<dd>2019.11.30</dd>,"두 손 꼭 잡은 아이들의 모습이<br/>얼마나 귀엽던지<br/>한참을 바라보았지<br/>내 옆에 있던 니가 다시 떠올라<br/>멍하니 하늘만 보다<br/>그리움이 서러워<br/>니 이름 불러 봐도<br/>새벽이 내게 말해<br/>눈물이 내게 그래<br/>내 안에 니가 이젠 내 것이 아니래<br/>넌 정말 괜찮은 거니<br/>그냥 잊을 만하니<br/>이젠 많이 편해졌을까<br/>그림 같던 시간도<br/>소풍 같던 추억도<br/>떠나지 못해 보내지 못해<br/>내 안의 널<br/>꿈에서 깨면 다시 혼자 남은 방<br/>희미한 너의 향기<br/>어쩌면 다 꿈이었을까<br/>모래 위 작은 성처럼 그 모든 게<br/>왜 그랬을까<br/>향기롭던 두 사람<br/>어느새 날카로운 가시만 남아<br/>달콤했던 밀어는<br/>오롯이 상처만 남기고<br/>이내 시들어가네<br/>멍하니 하늘만 보다<br/>그리움이 서러워<br/>밤새워 널 불러보아도<br/>새벽이 내게 말해<br/>눈물이 내게 그래<br/>내 안에 니가 내 것이 아니래<br/>넌 정말 괜찮은 거니<br/>그냥 잊을 만하니<br/>이젠 많이 편해졌을까<br/>그림 같던 시간도<br/>소풍 같던 추억도<br/>떠나지 못해 보내지 못해<br/>내 안의 널<br/>
"
1494,사랑한 만큼,뮤지뮤지,[Vol.41] 유희열의 스케치북 10주년 프로젝트 : 스물한 번째 목소리 `유스케 X 뮤지`,"1,225",<dd>2019.11.30</dd>,"비겁해요 그대는 <br/>만날 수도 없단 걸 알면서도 <br/>나를 걱정하네요 <br/>마음을 달래도 갈려진 <br/>자석같이 그대를 찾아요 <br/>허락할 수 있어요 다만 잊진 못하죠 <br/>웃는 모습으로 놓아주고 싶지만 <br/>그대가 내게 흘려준 <br/>그 눈물에 가슴이 아릴 때면 <br/>그땐 어떻게 해야 하나요<br/>두 번 다시 마주치지 않기로 해요 <br/>그댈 보면 약해질 테니 <br/>걱정하지 마요 나 잊을 거예요 <br/>사랑한 만큼만 아플게요 <br/>아직 어렸나 봐요 <br/>자신만을 사랑한 <br/>어린아이처럼 부끄러워서 <br/>제 자릴 찾아도 이미 우린 <br/>길을 잃어 버렸나 봐요 <br/>걱정하진 말아요 <br/>그래도 죽진 않아요 <br/>한동안 아프면 괜찮겠죠 다만 <br/>그대가 즐겨 부르던 <br/>그 노래가 내 맘을 괴롭히면 <br/>그땐 어떡하면 좋아요 <br/>두 번 다시 마주치지 않기로 해요 <br/>그댈 보면 약해질 테니 <br/>걱정하지 마요 나 잊을 거예요 <br/>사랑한 만큼만 아플게요 <br/>용서하기로 해요 서로 몰랐었죠 <br/>사랑에 의미를 <br/>이별이 오는 건 혼자 몰랐었죠<br/>그대가 너무 보고 싶어 방황하겠죠<br/>그대가 너무 보고 싶어 방황하겠죠 <br/>그 고통마저 잡고 싶겠죠 <br/>아픈 만큼 더 강해지길 바라요 <br/>좋은 사람 만나 그대를 잊겠지만<br/>사랑한 추억만 남길게요<br/>사랑한 추억만 남길게요<br/>
"
1495,희미한 흔적 (Vocal by Anna),를(LEL)를(LEL),희미한 흔적 (Vocal by Anna),95,<dd>2019.11.30</dd>,"잊혀지기 싫었는지<br/>흔적이라도 남기려<br/>무언가 가득 찬 맘에 들어가도<br/>너의 주위에 빛나는<br/>한없이 밝게 빛나는<br/>그 모든 것들로 금세 사라져가<br/>어떻게든 기억되고 싶었던<br/>희미한 흔적은<br/>수없이 그려졌다 사라져<br/>이뤄지지 못한 바램들은<br/>나의 꿈속에서<br/>희미한 흔적의 흔적만<br/>또다시 금세 잊혀져<br/>자꾸만 금세 잊혀져<br/>너의 주위에 밝게 빛나는 것들로<br/>어떻게든 기억되고 싶었던<br/>희미한 흔적은<br/>수없이 그려졌다 사라져<br/>이뤄지지 못한 바램들은<br/>나의 꿈속에서<br/>희미한 흔적의 흔적만<br/>이뤄지지 못한 바램들은<br/>나의 꿈속에서<br/>희미한 흔적의 흔적만<br/>또다시 금세 잊혀져<br/>자꾸만 금세 잊혀져<br/>너의 주위에 밝게 빛나는 것들로<br/>
"
1496,너 하나 없는데,한살차이한살차이,꽃길만 걸어요 OST Part.09,219,<dd>2019.11.30</dd>,"괜찮은 척 해봐도 또 눈물이 나<br/>니가 머물던 자리 아물질 않아<br/>시간이 지나면 다 괜찮다던데<br/>나는 왜<br/>어제보다 더 선명해지는지<br/>너로 채운 내 맘 텅 빈걸 보니<br/>니가 전부였나봐<br/>흔한 열병인줄 알았는데 <br/>통 낫지를 않아<br/>네 이름을 불러도 이젠 닿질 않나봐<br/>돌아와<br/>아직 난 사랑인가봐<br/>you are<br/>잊으라 말한다고 맘처럼 될까<br/>어설픈 위로에 난 날이 선 듯 해<br/>시간이 지나면 다 괜찮다던데<br/>나는 왜<br/>어제보다 더 선명해지는건지<br/>너로 채운 내 맘 텅빈걸 보니<br/>니가 전부였나봐<br/>흔한 열병인줄 알았는데 <br/>통 낫지를 않아<br/>네 이름을 불러도 이젠 닿질 않나봐<br/>돌아와<br/>니가 살던 그 자리로<br/>제발<br/>니가 없는 하루가 내 삶보다 긴듯해<br/>니가 머물던 내 가슴은 <br/>멍 뚫려 눈물만 새 나와<br/>너만 잃은 줄 알았는데<br/>나조차 잃었나봐<br/>어떤 표정도 난 짓질 못해 너 하나 없는데<br/>목이 터지게 널 불러도 이젠 닿질 않나봐<br/>돌아와<br/>네가 없인 단 하루도<br/>안될것같아<br/>
"
1497,크리스마트,방배브로스방배브로스,크리스마트,39,<dd>2019.11.30</dd>,"크리스마트 크리스마트 <br/>We wish you a merry 크리스마트<br/>올해도 어김없이 그날이 다가오고<br/>마트 문이 열리고 줄지어 오는 사람들<br/>설레임과 행복 가득한 얼굴 중에 <br/>유독 눈에 띄는 누군가 보이죠 <br/>흰수염 빨간 모자 산타<br/>크리스마트 크리스마트 <br/>We wish you a merry 크리스마트<br/>지갑은 가벼워도 <br/>산타는 언제나 행복해요 <br/>크리스마트 크리스마트 <br/>We wish you a happy 크리스마트<br/>수염이 다 뽑혀도 산타는 언제나 사랑해 <br/>올해도 어김없이 흰눈을 기다리고<br/>선물을 준비하고 산타가 되는 사람들<br/>설레임과 행복 가득한 얼굴 중에<br/>유독 눈에 띄는 누군가 보이죠<br/>우리는 빨간 모자 산타<br/>크리스마트 크리스마트 <br/>We wish you a merry 크리스마트<br/>지갑은 가벼워도 <br/>산타는 언제나 행복해요<br/>크리스마트 크리스마트 <br/>We wish you a happy 크리스마트<br/>수염이 다 뽑혀도 산타는 언제나 사랑해<br/>밤을 새며 산타를 기다리던<br/>어린 날의 추억들도 oh<br/>크리스마트 크리스마트 <br/>We wish you a merry 크리스마트<br/>지갑은 가벼워도 <br/>산타는 언제나 행복해요<br/>크리스마트 크리스마트 <br/>We wish you a happy 크리스마트<br/>수염이 다 뽑혀도 산타는 언제나 사랑해<br/>
"
1498,그게  되니,주아 (Joo A)주아 (Joo A),그게 되니,116,<dd>2019.11.30</dd>,"울기만 했어<br/>하루종일 아무리 노력해봐도<br/>내가 할 수 있는게<br/>아무것도 없어서<br/>웃기도 했어<br/>내게 남은 추억이 부질없어서<br/>이미 그 사람에게<br/>떠나버린 너라서<br/>말을 하지 그랬니 너는<br/>그 사람을 더 사랑 한다고<br/>온 마음을 다 했던 내게 그저<br/>미안함만이 남았다고<br/>이렇게 초라해도 되니 나 지금<br/>이렇게 아플 수가 있니 내 마음이<br/>어떻게 너는 나를 두고<br/>그 사람 곁에서<br/>잠들 수 있니 살아갈 수가 있니<br/>그게 되니<br/>행복했었어<br/>잠시라도 내 곁에 니가 있어서<br/>평생 내가 가져도 되는 행복 같았어<br/>말을 하지 그랬니 너는<br/>그 사람을 놓을 수 없다고<br/>온 마음을 다 했던 내게 그저<br/>미안함만이 남았다고<br/>이렇게 초라해도 되니 나 지금<br/>이렇게 아플 수가 있니 내 마음이<br/>어떻게 너는 나를 두고<br/>그 사람 곁에서<br/>잠들 수 있니 살아갈 수가 있니<br/>그게 되니<br/>난 안돼<br/>안되겠어<br/>아무리 노력해봐도<br/>널 미워 할 수 조차 없어<br/>바보 같은 나라서<br/>지겨워서 떠났니<br/>이제 내가 누굴 사랑 할 수 있겠니<br/>이렇게 비참해도 되니 나 지금<br/>이렇게 아파해도 너는 모를거야<br/>그렇게 너는 떠나면 돼<br/>그 사람 곁으로<br/>나를 추억 하지마 모두 깨끗이 잊고<br/>잘 가<br/>
"
1499,찬밥,커피소년커피소년,천천히,321,<dd>2019.11.29</dd>,"아침밥을 차리고<br/>곤히 잠든 그댈 기다리다가<br/>밥이 식었네<br/>밤새 뒤척이다가<br/>새벽 즈음 잠이 들었던 그대<br/>깨울 수 없었네<br/>밥도 식고 국도 식고<br/>하지만 내 맘은 더 데워지고<br/>언제 일어날지도 모르지만<br/>기다리는 게 좋은 지금 이 시간<br/>아침밥을 차리고<br/>곤히 잠든 그댈 기다리다가<br/>밥이 식었네<br/>지금쯤 깨워볼까<br/>몇 번을 망설이다가<br/>조금 더 재웠네<br/>밥도 식고 국도 식고<br/>하지만 내 맘은 더 데워지고<br/>언제 일어날지도 모르지만<br/>기다리는 게 좋은 지금 이 시간<br/>밥도 식고 국도 식고<br/>하지만 내 맘은 더 데워지고<br/>그깟 식은 밥은 점점 말라가도<br/>우리의 추억은 새로 지어진다<br/>널 향한 내 맘은 점점 익어간다<br/>새로 지어진다<br/>
"
1500,널 기다리고 있을게,SURAN (수란)SURAN (수란),널 기다리고 있을게,"8,057",<dd>2019.11.29</dd>,"제발 내 맘 좀 알아줘<br/>아직 헤매이고 있어<br/>누군가 이 길을 걷다 마주친다면<br/>그게 난 너였음 좋겠어<br/>조금 힘들다<br/>아쉬운 말은 안 할게<br/>그냥 지금은<br/>널 생각할 뿐야<br/>나 지금 힘든 건 다 너 때문이야<br/>나 비참하게 울고 있을게<br/>눈을 감고 숨을 내쉬어<br/>다 보내줄게 오면 돼<br/>널 기다리고 있을게<br/>미안 널 아프게 해서<br/>내 아픔밖에 난 보이지 않았어<br/>초라한 날 감싸 안아주던 사랑도<br/>이제야 그 마음 다 알겠어<br/>네가 보고 싶다<br/>그리운 말은 안 할게<br/>마냥 좋았던<br/>우릴 떠올릴 뿐야<br/>나 지금 힘든 건 다 너 때문이야<br/>나 비참하게 울고 있을게<br/>눈을 감고 숨을 내쉬어<br/>다 보내줄게 오면 돼<br/>널 기다리고 있을게<br/>이별보다<br/>그게 더 힘들지라도<br/>너에게로 돌아가고 싶어<br/>다 알 것 같은데<br/>그래 너를 떠난 건 다 나 때문이야<br/>oh 난 비참하게 울고 있을게<br/>눈을 감고 숨을 내쉬어<br/>다 보내줄게 오면 돼<br/>널 기다리고 있을게<br/>널 기다리고 있을게<br/>
"
