3801,달 구경하자,리튼 (Ritten)리튼 (Ritten),달 구경하자,121,<dd>2019.07.14</dd>,"오늘 걷는 이 거리가<br/>유독 밝은 것만 같아<br/>밤 하늘을 올려다보니<br/>꽉 찬 보름달 빛이 내려<br/>제법 따뜻해진 날씨<br/>네 손을 꼭 잡고<br/>함께 걷는 게 행복한 나야<br/>꽤나 가까워진 우리<br/>말하지 않아도<br/>읽을 수 있게 된 눈빛<br/>보름달이 내 품에 안기면<br/>나는 너에게 달려갈 거야<br/>달빛보다 빛나는 너의 두 눈으로<br/>나랑 달 구경하자<br/>깊고 아득했던 새벽<br/>잠긴 네 목소리<br/>듣고 있는 게 좋았던 나야<br/>유독 닮아있던 우리<br/>말하지 않아도<br/>서로에게 향한 마음<br/>보름달이 내 품에 안기면<br/>나는 너에게 달려갈 거야<br/>달빛보다 빛나는 너의 두 눈으로<br/>나랑 달 구경하자<br/>차가운 달의 표면조차<br/>우리의 온기에 <br/>녹아내릴 수 있도록<br/>보름달이 내 품에 안기면<br/>나는 너를 꼭 안아줄 거야<br/>달빛처럼 빛날 우리의 많은 날들<br/>나랑 꼭 함께하자<br/>
"
3802,It`s Raining,선우정아선우정아,[Vol.24] 유희열의 스케치북 10주년 프로젝트 : 열한 번째 목소리 `유스케 X 선우정아`,"1,423",<dd>2019.07.13</dd>,"다시 올라선 무대<br/>조명이 날 비추면 난 조금씩<br/>사람들의 함성이<br/>내 이름을 불러주면 난 조금씩<br/>강렬한 음악이<br/>내 몸속에 퍼지면 내 귓가엔<br/>Rain go rain<br/>lt’s raining It’s raining<br/>터질 것 같은 스피커 소리가<br/>날 깨우면 내 귓가엔<br/>Rain go rain<br/>lt’s raining It’s raining<br/>Now let the music control my body<br/>음악 속에 나의 이 팔과 다리<br/>다 맡긴 채 Let it go<br/>내 몸이 움직이는 대로<br/>Go let my body talk to the music<br/>사람들이 기다리는 게 뭔지<br/>원하는 걸 알잖아<br/>심장이<br/>터질 것 같이 뛰면 난 조금씩<br/>참을 수 없는 전율이<br/>온몸에 퍼지면 내 귓가엔<br/>Now let the music control my body<br/>음악 속에 나의 이 팔과 다리<br/>다 맡긴 채 Let it go<br/>내 몸이 움직이는 대로<br/>Go let my body talk to the music<br/>사람들이 기다리는 게 뭔지<br/>원하는 걸 알잖아 이젠 모두 보여줘<br/>Now let the music control my body<br/>음악 속에 나의 이 팔과 다리<br/>다 맡긴 채 Let it go<br/>내 몸이 움직이는 대로<br/>Go let my body talk to the music<br/>사람들이 기다리는 게 뭔지<br/>원하는 걸 알잖아 이젠 모두 보여줘<br/>강렬한 음악이 내 몸속에 퍼지면<br/>내 귓가엔<br/>
"
3803,너를 마주치는 상상,#안녕#안녕,너를 마주치는 상상,"1,011",<dd>2019.07.13</dd>,"어느새 숫자로 치면<br/>기억나지 않을 시간이 됐어<br/>사람들은 이렇게 다 잊는거래<br/>나는 현실감각이 없나봐<br/>가끔은 소식 궁금해<br/>결혼한지도 벌써 오래됐다며<br/>알아 이젠 소용 없단걸<br/>하지만 내겐 고마웠단걸<br/>가끔은 말도 안될 상상을 해<br/>네 아이와 손잡고 걷는 널<br/>우연히 보면<br/>잘 지냈니<br/>참 좋아 보인다<br/>말하는 상상을 해보곤 해<br/>이 넓은 서울 한복판<br/>한번쯤 마주칠 일 왜 없었을까<br/>좋아하는 것도 비슷한데<br/>넌 취미를 바꾼 모양이다<br/>때로는 지하철에서 발을 멈춰<br/>우리가 즐겨 탄 그 끝칸이 다가오면<br/>문을 열고 그 때로 돌아가<br/>너와 만났던 시절을 그리워하고<br/>영화처럼<br/>우연히 만나면<br/>준비했던 말 멋지게 할 수 있을까<br/>잘 지낸다고<br/>참 고마웠다고<br/>너도 행복하길 바란다고<br/>가끔은 헛된 상상해<br/>너와 마주치는 그 멋진 상상을<br/>
"
3804,오늘의 나쁜 나를 다 잊어줘,박혁진박혁진,퍼퓸 OST Part.12,865,<dd>2019.07.13</dd>,"그대로 거기 있어줄래요<br/>손을 뻗으면 닿을곳에<br/>어렵고 힘든하루도<br/>숨이 가쁘다가도<br/>너와 마주하면<br/>그대로 거기 있어줄래요<br/>끝이 없는 기다림 이라도<br/>아파도 내곁에 머물러줘<br/>사랑한다고 말하는 널보면서<br/>끝내 모른척<br/>널 떠나왔던 날 이해해줘<br/>시간이 지나 우리가 만난다면<br/>네게서 도망 치려했던날<br/>오늘의 나쁜 나를 다 잊어줘<br/>그대로 거기 멈춰줄래요<br/>가슴 아파할걸 다알면서<br/>이기적인 말이라는걸 알아<br/>사랑한다고 말하는 널보면서<br/>끝내 모른척<br/>널 떠나왔던 날 이해해줘<br/>시간이 지나 우리가 만난다면<br/>네게서 도망 치려했던날<br/>오늘의 나쁜 나를 다 잊어줘<br/>다시 또 언젠가<br/>내 상처가 아물고 나면<br/>그땐 내가 먼저 말할게요<br/>상처로 남은 수많은 이별뒤에<br/>마음을 다주지 못하는날 이해해줘<br/>시간이 지나 우리가 만난다면<br/>네게서 도망치려했던날<br/>오늘의 나쁜 나를 다잊어줘<br/>오늘의 나쁜 나를 다잊어줘<br/>
"
3805,가을 타나 봐 (Live ver.),"윤민수(바이브), 치타 (CHEETAH)윤민수(바이브), 치타 (CHEETAH)",더 콜 2 (The Call 2) 첫 번째 프로젝트,931,<dd>2019.07.13</dd>,"계절은 돌고 돌고 돌아오는데 <br/>사랑은 돌고 돌고 떠나버리고 <br/>추억을 돌고 돌아 멈춰 서있는 <br/>다시 그 계절이 왔나 봐 <br/>가을 타나 봐 가을 타나 봐<br/>계절은 돌고 돌아 돌아오는데 <br/>사랑은 돌고 돌아 떠나버리고 <br/>추억을 돌고 돌아 멈춰 서있는 <br/>다시 그 계절이 왔나 봐 <br/>가을 타나 봐 가을 타나 봐 <br/>가을 타나 봐 가을 타나 봐<br/>Uhuh the fall is nat yet <br/>이 밤에 이 맘은 아마 나의 <br/>가장 찬란했었던 시간에 <br/>대한 그리움 oh my youth <br/>그 날의 계절을 먼저 불러와 <br/>그저 그 날의 네가 함께 불어왔을 뿐 <br/>두 볼을 스치는 바람처럼 <br/>너도 날 스쳐 지나갔지 <br/>난 가을 찍고 겨을 <br/>봄 그리고 여름으로 먼저 가 <br/>Baby I'm lonely <br/>lonely lonely lonely <br/>추억은 <br/>Falling falling falling falling <br/>Baby I'm lonely lonely <br/>lonely lonely <br/>lonely lonely lonely loney <br/>Baby I'm lonely <br/>lonely lonely lonely <br/>가을 타나 봐 가을 타나 봐 <br/>가을 타나 봐 가을 타나 봐 <br/>내 곁을 스쳐 가는 많은 사람들 <br/>뭘 해도 채워지지 않는 시간들 <br/>잊어봐도 너는 짙어져 <br/>잊어봐도 너무 짙어져 <br/>외로운 계절이 왔나 봐 <br/>나 가을 타나 봐 니가 그리워진 이 밤 <br/>나 혼자 널 기다리나 봐 <br/>나 가을 타나 봐 <br/>니가 불어오는 이 밤 <br/>나 혼자서 가을 타나 봐 <br/>Baby I'm lonely <br/>lonely lonely lonely <br/>추억은 Falling <br/>falling falling falling <br/>Baby I'm lonely <br/>lonely lonely lonely <br/>lonely lonely lonely loney <br/>lonely lonely lonely lonely <br/>가을 타나 봐 가을 타나 봐 <br/>가을 타나 봐 가을 타나 봐 <br/>가을 타나 봐 가을 타나 봐 <br/>가을 타나 봐 가을 타나 봐 <br/>나 가을 타나 봐 니가 그리워진 이 밤 <br/>나 혼자 널 기다리나 봐 <br/>나 가을 타나 봐 <br/>니가 불어오는 이 밤 <br/>나 혼자서 가을 타나 봐 <br/>사랑 하나 봐<br/>가을 타나 봐 <br/>
"
3806,꽃도 썩는다,우혜미우혜미,꽃도 썩는다,"1,382",<dd>2019.07.13</dd>,"가로등이 흔들리는 이유는<br/>니가 그리워서 일 거야<br/>해가 뜨지 않는 이유는<br/>니가 날 그리워하지<br/>않기 때문 일 거야<br/>꿈에서 마저 갈 곳 잃은<br/>나는 좀 위태로워<br/>내 피부가 유리라면<br/>볼 수도 있었을 텐데<br/>꽃은 피질 않고 지기만 하는 구나<br/>꽃은 피질 않고 지기만 하는 구나<br/>거미줄에 얹힌 이슬처럼<br/>내겐 니가 맺혀있어<br/>해가 지면 내 혀끝에선<br/>슬픈 맛이나네<br/>꽃은 피질 않고 지기만 하는 구나<br/>꽃은 피질 않고 지기만 하는 구나<br/>꽃도 썩는다<br/>꽃도 썩는다<br/>꽃도 썩는다<br/>꽃도 썩는다<br/>꽃도 썩는다<br/>꽃도 썩는다<br/>
"
3807,조금씩 너에게 물들어가,이민혁이민혁,동네앨범 충주,"1,053",<dd>2019.07.13</dd>,"낮게 들려 오는 니 목소리와<br/>때마침 부는 바람<br/>이내 따뜻한 햇살 나른해진 오후<br/>지금 눈을 감으면 잠이 들것만 같아<br/>익숙한 내 눈앞에 풍경과<br/>익숙한 그날의 온도<br/>아 시간이 멈추길<br/>나 잠시 깨우지 말아줘<br/>드높은 하늘 물감을 풀어 놓은 듯<br/>둥실 떠 다니는 구름과 포근히 잠든<br/>내 뺨 위 얹어놓은 너의 작은 손<br/>기억 할게 잊지 못할 꿈처럼<br/>내 마음에 꽃이 피는 걸 느껴<br/>시들지 않을 꺼 라는 것도<br/>모두 설명할 수 없는 맘<br/>나의 진심을 알아줘<br/>드높은 하늘 물감을 풀어 놓은 듯<br/>둥실 떠 다니는 구름과 포근히 잠든<br/>내 뺨 위 얹어놓은 너의 작은 손<br/>기억 할게 잊지 못할 꿈처럼<br/>그댄 나의 정원<br/>조금씩 너에게 물들어가<br/>그대 곁에 있다는 것만으로<br/>아 이대로 충분해<br/>초록빛 충주 언제든 쉴 수 있는 곳<br/>그댈 보며 미소 짓는다<br/>지친 어깨 위<br/>살며시 얹어놓은 너의 작은 손<br/>기억 할게 잊지 못할 꿈처럼<br/>
"
3808,물거품,장혜진장혜진,평일 오후 세시의 연인 OST Part.1,"1,126",<dd>2019.07.12</dd>,"아스라이 멀어진 꿈<br/>바람 따라 사라져 가네요<br/>손끝에 닿을 것만 같던<br/>기나긴 꿈을 깨죠<br/>어리석은 사랑했죠<br/>그대 눈빛 그대의 모든 것<br/>그대와 꿈꾸던 날들이<br/>물거품처럼 사라지고 있네요<br/>우리의 사랑 우리의 기억<br/>여전히 내겐 흐려지지 않아<br/>우리의 시간 사소했던 날들이<br/>이제는 그립고 아파<br/>아련하게 떠오르죠<br/>늘 뒤에서 날 감싸던 그대<br/>따뜻한 그대의 온기에<br/>불안한 마음 사라져 버리죠<br/>우리의 사랑 우리의 기억<br/>여전히 내겐 흐려지지 않아<br/>우리의 시간 사소했던 날들이<br/>이제는 그립고 아파<br/>또다시 눈물이 흘러<br/>그대를 데려가요<br/>우리의 시간 사소했던 날들이<br/>이제는 그립고 아파<br/>
"
3809,사랑은 아직도 끝나지 않았네,알리 (ALi)알리 (ALi),리스펙트 레전드(세 번째)(사랑은 아직도 끝나지 않았네),545,<dd>2019.07.12</dd>,"다시는 생각을말자<br/>생각을 말자고<br/>그렇게 애타던<br/>말한마디 못하고<br/>잊어야 잊어야만 될 사랑이기에<br/>깨끗이 묻어버린 내 청춘이건만<br/>그래도 못잊어 나홀로 불러보네<br/>사랑은 아직도 끝나지 않았네 <br/>잊어야 잊어야만 될 사랑이기에<br/>깨끗이 묻어버린 내청춘이건만<br/>그래도 못잊어 나홀로 불러보네<br/>사랑은 아직도 끝나지 않았네 <br/>끝나지 않았네 <br/>
"
3810,잘생긴 너,체리베리 (CherryBerry)체리베리 (CherryBerry),잘생긴 너,159,<dd>2019.07.12</dd>,"난 왜 이럴까 결국 오늘도<br/>너에게 인사도 못하고<br/>친구들 하고 까불고<br/>놀다가 멀리서 널 보고<br/>갑자기 혼자 0개국어<br/>넌 정말 좋겠다<br/>너의 거울 속엔<br/>그렇게 잘생긴 네가 있으니까<br/>상상만해도 참<br/>행복한 기분일거야<br/>너와 손을 잡고 걸으면<br/>오늘도 상상만하다 하루가 간다<br/>전화 한 통 못하는 나는 바보<br/>이렇게 소심한 나인 줄<br/>예전엔 몰랐어<br/>내가 나도 답답하잖아<br/>넌 정말 좋겠다<br/>너의 거울 속엔<br/>그렇게 잘생긴 네가 있으니까<br/>상상만해도 참<br/>행복한 기분일거야<br/>너와 손을 잡고 걸으면<br/>넌 정말 좋겠다<br/>너의 거울 속엔<br/>그렇게 잘생긴 네가 있으니까<br/>어떤 기분일까<br/>너의 손을 잡는다면<br/>구름 위를 걷는 기분<br/>안보려고 해봤지만<br/>자꾸 눈이 마주쳐서<br/>빨개지는 얼굴이 창피해도<br/>집에 오는 버스안 니 생각<br/>넌 정말 좋겠다<br/>너의 거울 속엔<br/>그렇게 잘생긴 네가 있으니까<br/>상상만해도 참<br/>행복한 기분일거야<br/>너와 손을 잡고 걸으면<br/>넌 정말 좋겠다<br/>너의 거울 속엔<br/>그렇게 잘생긴 네가 있으니까<br/>어떤 기분일까<br/>너의 손을 잡는다면<br/>구름 위를 걷는 기분<br/>
"
3811,전하지 못할 말,전상근전상근,태양의 계절 OST Part.1,"2,776",<dd>2019.07.12</dd>,"보잘것 없는 나의 마음이<br/>그댈 사랑하죠<br/>깊어질수록 미워지네요<br/>사랑이 그렇죠<br/>나는 사랑을 몰라요<br/>거짓말을 해봐도<br/>사랑해 사랑해서 미안해<br/>못난 마음을 주고싶죠<br/>미련한 이 아픔이 나의 사랑이에요<br/>그댄 몰라도 돼요<br/>오늘도 한 번 그대를 만날까<br/>밤을 헤맸죠<br/>마음이 마음처럼 안 돼요<br/>울고싶어질만큼<br/>사랑해 사랑해서 미안해<br/>못난 마음을 주고싶죠<br/>미련한 이 아픔이 나의 사랑이에요<br/>그대가 알면 안돼요<br/>잠들고 깨어나면<br/>그대가 자꾸 사라져요<br/>나 미쳐가나요<br/>사랑을 그대를 그 이름을<br/>나는 평생 아파 할테죠<br/>그대가 또 웃네요 아마 꿈인거겠죠<br/>사랑한다 말할까요<br/>이게 내 사랑인걸요<br/>
"
3812,좋아한다고 말해도 되나요,란 (RAN)란 (RAN),좋아한다고 말해도 되나요,197,<dd>2019.07.12</dd>,"파란 하늘에<br/>빛나는 파도소리가 아름다워<br/>니 손을 잡고서<br/>입 맞추고 싶은 걸 너에게<br/>너무 사랑스러워 오직 너야<br/>좋아한다고 말해도 되나요<br/>사랑한다고 나 고백해도 되나요<br/>안절부절 못하는 나를 그냥<br/>그렇게 내버려둘 건가요<br/>날 좋아한다고 너 대답해줘요<br/>싫지 않다면 나의 손을 잡아줘<br/>오늘부터 지금부터<br/>너의 사랑이고 싶은 걸<br/>눈부신 evening sunset<br/>그대 모습이 사랑스러워<br/>나의 사랑으로 온 세상이<br/>물 들어 wonderful<br/>너무 사랑스러워 오직 너야<br/>좋아한다고 말 해도 되나요<br/>사랑한다고 나 고백해도 되나요<br/>안절부절 못하는 나를 그냥<br/>그렇게 내버려둘건가요<br/>날 좋아한다고 너 대답해줘요<br/>싫지 않다면 나의 손을 잡아줘<br/>오늘부터 지금부터<br/>너의 사랑이고 싶은 걸<br/>I love you 지금 이순간도<br/>다른 사람은 보이질 않아<br/>내 맘엔 너만 내 눈엔<br/>너만 보여 사랑인가봐<br/>좋아한다고 말 해도 되나요<br/>사랑한다고 나 고백해도 되나요<br/>안절부절 못하는 나를<br/>그냥 그렇게 내버려둘건가요<br/>날 좋아한다고 너 대답해줘요<br/>싫지 않다면 나의 손을 잡아줘<br/>오늘부터 지금부터<br/>너의 사랑이고 싶은 걸<br/>
"
3813,살아갈 수 있을까,김대연김대연,살아갈 수 있을까,121,<dd>2019.07.12</dd>,"나 살아있긴 한 걸까<br/>깊이 잠들지 못해<br/>꿈인 듯 그렇게 하룰 보내<br/>너를 떠나보낸 후에야<br/>너 없는 하루가<br/>이렇게 아프단 걸 알았어<br/>멍하니 눈물이 흐르면<br/>니가 미워서 난 또 술을 마신다<br/>이렇게 살아갈 수 있을까<br/>숨은 쉴 수 있을까<br/>니가 없어진 하루하루를<br/>오늘은 또 얼마만큼 술에 취해야<br/>너를 원망하면서<br/>오늘 하루를 견딜 런지<br/>같이 걷던 거릴 걸으면<br/>니가 그리워 난 또 술을 마신다<br/>이렇게 살아갈 수 있을까<br/>숨은 쉴 수 있을까<br/>니가 없어진 하루하루를<br/>오늘도 난 술에 취해 너를 찾는다<br/>너를 그리워하며<br/>너 없는 하루를 또 산다<br/>떠나갈 거면 모두 다 가져가야지<br/>추억은 왜 다 남겨두고 갔니<br/>너 없이 살아갈 수 있을까<br/>숨은 쉴 수 있을까<br/>아직도 너를 사랑하는데<br/>오늘도 난 살기 위해 술을 마시고<br/>나를 떠나가 버린<br/>너를 그리워하며 운다<br/>살아갈 수 있을까<br/>
"
3814,All Of My Love,박소선박소선,수상한 장모 OST Part.3,61,<dd>2019.07.12</dd>,"처음부터 알았죠 그대란 사람<br/>내 사랑이란 걸<br/>시간이 멈춘 듯<br/>마치 운명처럼 내게로 찾아온 그대<br/>All of my love<br/>그대는 내 모든 사랑이죠<br/>All of my love<br/>내 안에 영원히 살아<br/>그댈 바라볼 때면<br/>얼었던 내 가슴이 녹아<br/>기적이라 생각해 넌 내 전부야<br/>더 선명해지는 그대란 사람<br/>내 영혼같은 걸<br/>시간이 멈춘 듯<br/>마치 운명처럼 내게로 찾아온 그대<br/>All of my love<br/>그대는 내 모든 사랑이죠<br/>All of my love<br/>내 안에 영원히 살아<br/>그댈 바라볼 때면<br/>얼었던 내 가슴이 녹아<br/>기적이라 생각해 넌 내 전부야<br/>바람에 스치는<br/>인연이 아닌 걸 난 알죠<br/>내 사랑은 그대 뿐인 거죠<br/>All of my love<br/>All of my love<br/>All of my love<br/>그대는 내 모든 사랑이죠<br/>All of my love<br/>내 안에 영원히 살아<br/>그댈 바라볼 때면<br/>얼었던 내 가슴이 녹아<br/>기적이라 생각해 넌 내 전부야<br/>
"
3815,아직은,새벽시간새벽시간,아직은,0,<dd>2019.07.12</dd>,"결국 이렇게 우린 이렇게<br/>다른 인연처럼 이별처럼 그렇게<br/>셀 수도 없이 흐르는 눈물<br/>하루가 길어져 가<br/>시간이 지나면 견뎌낼거라고<br/>다른일에 미쳐도 보았어<br/>잊혀질거라고 잊혀질거라고<br/>다짐을 해봐도 가슴이 아픈데<br/>너를 지우는 일 추억을 지우는 일<br/>애써 잊으려는 그 모든 순간이<br/>아직은 나는 눈물이 없인<br/>할 수 없는 일들 인가봐<br/>너를 만났던 그때 그 거리<br/>너무 좋았었지 행복했지 모든게<br/>함께 잠들고 항상 안아주던<br/>모든시간이 행복했어<br/>그렇게 시간은 더 흘러만가고<br/>불어오는 바람과 파도에<br/>진심아닌 말들 진심아닌 이별에<br/>눈물이 흐르고 가슴이 아픈데<br/>너를 지우는 일 추억을 지우는 일<br/>애써 잊으려는 그 모든 순간이<br/>아직은 나는 눈물이 없인<br/>할 수 없는 일들 인가봐<br/>너 없는 하루 속에<br/>너 없는 시간 속에<br/>나 홀로 걷고있는 그 모든 순간이<br/>아직은 나는 눈물이 없인<br/>할 수 없는 일들인가봐<br/>아직은 나는 눈물 없인<br/>
"
3816,그런거지 (Feat. 박준규 Trumpet),FM43FM43,그런거지 (Trumpet),10,<dd>2019.07.12</dd>,가사가 없습니다
3817,"그리워, 추억한다",등허등허,"그리워, 추억한다",25,<dd>2019.07.12</dd>,"시간은 흐르고<br/>잊어야 하는데<br/>그때로 돌아간다면<br/>너도 나처럼<br/>처음을 바랄까<br/>오늘도 난 멍하니 널 그린다<br/>마지막 뒷모습이<br/>정말 끝이었다면<br/>지금 내 맘이 그때에 맘이었다면<br/>너를 잡을걸<br/>돌아선 내 모습이<br/>난 너무 후회돼<br/>난<br/>우연히 널 만나면<br/>고마웠었다고 미안했었다고<br/>다시 돌릴 수 없는<br/>돌아 갈 수 없는 오늘도<br/>그리워 추억한다<br/>아름다웠던 우리 지난 날<br/>지울 수 없는 우리의 추억<br/>오늘도 난 그리워 되돌릴 수 있다면<br/>정말 사랑했다고 너무 보고싶다고<br/>난 우연히 널 만나면<br/>고마웠었다고 미안했었다고<br/>다시 돌릴 수 없는<br/>돌아 갈 수 없는 오늘도<br/>난 난<br/>좋았던 기억이 난 너무 많아서<br/>돌아선 네 모습<br/>다시 돌릴 수는 없지만<br/>그리워 추억한다<br/>아직도 널 사랑해<br/>
"
3818,Falling in Love,브리지윈드 (Breezy Wind)브리지윈드 (Breezy Wind),Falling in Love,26,<dd>2019.07.12</dd>,"숨을 못 쉬겠어<br/>네 눈빛만 보면<br/>어떻게 해야 할지 모르겠어<br/>어쩌면 좋아<br/>나 사랑에 빠져버렸나 봐<br/>자꾸만 생각이 나<br/>너를 처음 봤던 날<br/>잠 못 이루던 그 밤<br/>그날따라<br/>유난히 반짝거리던 별빛<br/>웃음이 멈추질 않아<br/>표정관리가 안 돼<br/>바보처럼 온통 네 생각뿐인 걸<br/>Falling in love<br/>Falling in love with you<br/>두 눈을 감으면<br/>너의 모습이 보여<br/>온종일 웃음 짓게 돼<br/>Falling in love<br/>Falling in love with you<br/>꿈꾸는 것 같은 기분<br/>I’m falling in love with you<br/>웃음이 멈추질 않아<br/>표정관리가 안 돼<br/>바보처럼 온통 네 생각뿐인 걸<br/>Falling in love<br/>Falling in love with you<br/>두 눈을 감으면<br/>너의 모습이 보여<br/>온종일 웃음 짓게 돼<br/>Falling in love<br/>Falling in love with you<br/>꿈꾸는 것 같은 기분<br/>I’m falling in love with you<br/>사랑에 빠진 이 기분<br/>I’m falling in love with you<br/>
"
3819,우리 왜 헤어져야 해,더 카더 카,우리 왜 헤어져야 해,97,<dd>2019.07.12</dd>,"아직은 어색한가봐<br/>너 없는 하루가 그래<br/>눈 뜨면 가장 먼저 널 만나던<br/>내겐 하루하루가 그래<br/>시간은 흘러가는데<br/>추억은 변하지 않아<br/>함께한 기억들이 되돌아와<br/>나를 괴롭혀 왜 헤어져야해<br/>사랑한다고 날 웃게 해준 너라서<br/>가슴 아파도 늘 참아주던 너라서<br/>엉뚱한 말로 가끔 장난스레<br/>날 놀라게 하던<br/>네가 오늘따라 더 그리워<br/>나 없이 괜찮은 거니<br/>넌 정말 괜찮은 거야<br/>매일 밤 울고 웃던 시간들이<br/>넌 아무렇지 않았던 거야<br/>사랑한다고 날 웃게 해준 너라서<br/>누구보다도 날 위해주던 너라서<br/>엉뚱한 말로 가끔 장난스레<br/>날 놀라게 하던<br/>네가 보고 싶은데<br/>미련하게 혼자서 이래<br/>아무것도 할 수 없는데<br/>보고 싶어도 이젠 만날 수도 없는데<br/>사랑하는데 왜 헤어져야 하는지<br/>보고 싶은데 왜 멀어져야 하는지<br/>이해가 안 돼 정말 끝인 거야<br/>왜 어떻게 그래<br/>너도 나와 같다면 우리 헤어지지 마<br/>사랑하잖아<br/>
"
3820,좋다고 (Feat. 전하민),UAZUAZ,좋다고,7,<dd>2019.07.12</dd>,"보고 싶다 말을 할까<br/>답답해 미칠 것만 같아<br/>너도 내가 맘에 있는 것 같단 말이야<br/>왜 자꾸 날 온종일 어지럽게<br/>하루에도 수십 번씩<br/>들었다 놨다 헷갈리게 만들어<br/>도대체 네 맘이 뭐야 woo<br/>좋다고 말을 할 게<br/>너의 모든 게 다 난 좋아<br/>달콤한 눈빛<br/>설레는 미소<br/>내게 준 너 uh uh<br/>um um um um um<br/>um um um<br/>um um um um um<br/>um um um um um<br/>um um um um um um um<br/>um um um<br/>왜 자꾸 날 온종일 어지럽게<br/>하루에도 수십 번씩<br/>들었다 놨다 헷갈리게 만들어<br/>도대체 네 맘이 뭐야 woo<br/>좋다고 말을 할 게<br/>아무 이유 없이 난 좋아<br/>따스한 눈빛<br/>빛나는 미소<br/>내게 준 너 uh uh<br/>더 이상 숨길 수 없어<br/>말해버렸네<br/>이젠 답을 해줄래<br/>애태우지 말고<br/>솔직하게 내게 말해줘 uh<br/>너와 나 우리가 되길<br/>내 손을 잡아주길<br/>꿈꾸던 말 듣고 싶어 uh uh<br/>좋다고 말을 할 게<br/>아무 이유 없이 난 좋아<br/>따스한 눈빛<br/>빛나는 미소<br/>내게 준 너 uh uh<br/>더 이상 숨길 수 없어<br/>말해버렸네<br/>이젠 답을 해줄래<br/>애태우지 말고<br/>솔직하게 내게 말해줘 uh<br/>
"
3821,이런 날 (With 하킴),임태임태,이런 날,75,<dd>2019.07.12</dd>,"하루해가 짧은 이런 날<br/>억지로 만든 약속도 하나 없는 날<br/>시간이 남아 멍하니 밤하늘을 보면<br/>네가 쏟아진다<br/>별것도 아닌 일에도<br/>내 걱정만 하던 널<br/>지겨워하던<br/>그런 내 눈치만 보던<br/>네 생각이 네 냄새가 나는<br/>이런 날 이런 밤<br/>땅이 꺼질 듯한 장마에 젖은<br/>내 손을 잡고 같이 뛰던<br/>그때의 네가 없는 이런 날<br/>유난히도 달이 길던 어젯밤<br/>잠이 안 와 TV만 봤던 그날 밤<br/>눈을 감아도 다시 눈을 떠 봐도<br/>네 모습이 모여 눈물로 맺힌다<br/>네가 떨어진다<br/>네 생각이 네 냄새가 나는<br/>이런 날 이런 밤<br/>땅이 꺼질 듯한 장마에 젖은<br/>내 손을 잡고 같이 뛰던<br/>그때의 네가 없는<br/>젖은 양말과 젖은 머리가<br/>뭐 그리도 즐겁던 건지<br/>서로에 기대 추위를 털며<br/>익숙한 긴장에 두 볼이 빨개진<br/>네 생각이 네 냄새가 나는<br/>이런 날 이런 밤<br/>땅이 꺼질 듯한 장마에 젖은<br/>내 손을 잡고 같이 뛰던<br/>그때의 네가 없는 이런 날<br/>두 눈을 가린 채<br/>미친 듯이 울며 붙잡던 너를<br/>지독하게도 떨쳐냈던<br/>그 밤의 내가 싫다 이런 날<br/>
"
3822,그댄 나의 우주,수노은수요일수노은수요일,그댄 나의 우주,49,<dd>2019.07.12</dd>,"다시 한번 기회를 줘요<br/>내가 정말 잘못했다고<br/>그대는 내가 너무나도 밉겠지마는<br/>이제는 솔직한 내 한마디에도<br/>화 풀리지 않고<br/>다시 또 그렇게<br/>멀어져야만 하는 우린가요<br/>그댄 나의 우주<br/>단 하나의 세상<br/>이젠 다시 볼 수 없는<br/>어제가 되어 사라져<br/>어설펐던 우리의 시작<br/>그대는 기억할까요<br/>서로의 감정을 끌어안아주던 그 밤<br/>이제는 익숙해져<br/>말하지 않아도<br/>알 수 있다면서도<br/>마지막 순간은<br/>아무도 모르게 찾아왔네요<br/>잊어보려 해도<br/>그대 향기 눈빛 표정<br/>그대로 남아<br/>그댄 나의 우주<br/>단 하나의 세상<br/>이젠 다시 볼 수 없는<br/>어제가 되어 사라져<br/>
"
3823,Old Moon,김느슨김느슨,Old Moon,27,<dd>2019.07.12</dd>,"살며시 내려앉은 자그만 그 빛<br/>문득 날 비춰 감싸주오<br/>채우지 못한 수많은 나의 날에<br/>맘을 감추어 놓고<br/>난 그대로 기다리네<br/>아득히 남아있는 작고 작은 떨림<br/>문득 날 감싸 사라지네<br/>머물지 못해 사라진 기억 속에<br/>이 밤을 묻어 두오<br/>그대로 날<br/>그대로 그대로 날 지워가네<br/>
"
3824,청개구리,김진태김진태,청개구리,127,<dd>2019.07.12</dd>,"괜찮을 줄 알았지<br/>그때만 해도 난 운이 좋아<br/>다 잘될거라며<br/>굳게 믿고있었지<br/>상상조차 못했지<br/>나의 행복은 촛불처럼<br/>쉽게 꺼질 수 있을거라<br/>예상하지 못했지<br/>늘 두려웠어<br/>내게 아무도 없다는게<br/>포기하고픈 생각들이<br/>내겐 가득했으니<br/>혼자가 되버린 내 모습이<br/>처량해보여<br/>고갤 들 수 없고<br/>하염없이 우는 내 소리에<br/>빗소리만이<br/>내옆을 지켜주었네<br/>난 아직일까<br/>익숙해지지 않는 이별<br/>언제쯤이면<br/>내 마음이 편해질 수 있을까<br/>혼자가 되버린 내 모습이<br/>처량해보여<br/>고갤 들 수 없고<br/>하염없이 우는 내 소리에<br/>빗소리만이<br/>내옆을 지켜주었네<br/>혼자가 되버린 내 모습이<br/>처량해보여<br/>고갤 들 수 없고<br/>하염없이 우는 내 소리에<br/>빗소리만이<br/>내옆을 지켜주었네<br/>텅빈 내 마음속 무엇하나로<br/>채울수만 있다면<br/>그럴 수 있다면 사랑이 있었으면<br/>
"
3825,민들레,고현주고현주,내 별명은 대토령 OST,21,<dd>2019.07.12</dd>,"버릇처럼 무뎌진 진심 어린 말들<br/>모른 척했던 이별은 그렇게 다가와<br/>준비 안 된 내 마음 저물어가는 그대<br/>내일도 함께 하자던<br/>그 사랑이 밀려가네<br/>불어오는 바람에 실려<br/>애써 붙잡으려 해도<br/>그대 이미 놓은 손에<br/>난 어디로 가는지도 모른 채<br/>떨리는 마음만을 안은 채<br/>흩어지네<br/>노란 꽃이 진 곳엔 새하얀 사랑만이<br/>헤아릴 수도 없었던<br/>그대의 마음 이제 알기에<br/>불어오는 바람에 실려<br/>애써 붙잡으려 해도<br/>그대 이미 놓은 손에<br/>난 어디로 가는지도 모른 채<br/>떨리는 마음만을 안은 채<br/>돌아갈 수는 없겠지만<br/>이젠 그 마음 알아요<br/>그대 모든 걸 닮은 난<br/>그 사랑을 다시 한번 피우려<br/>하늘색 바람에 몸을 싣고<br/>어디로 가는지도 모른 채<br/>설레는 마음만을 안고서<br/>날아가네<br/>날아가네<br/>날아가네<br/>
"
3826,그런거지 (Feat. 이요셉 Piano Only),FM43FM43,그런거지 (Piano Only),10,<dd>2019.07.12</dd>,가사가 없습니다
3827,그런거지 (Feat. 이요셉 Piano),FM43FM43,그런거지 (Piano),12,<dd>2019.07.12</dd>,가사가 없습니다
3828,그런거지 (Feat. 임정우 Guitar),FM43FM43,그런거지 (Guitar),9,<dd>2019.07.12</dd>,가사가 없습니다
3829,Fine Drizzle (Feat. 송광식),젠 (ZEN)젠 (ZEN),Fine Drizzle – WITH PIANO,111,<dd>2019.07.12</dd>,"가랑비에 옷 젖듯<br/>어느새 내 맘 감싼 너<br/>가을 빛깔 비추듯<br/>넌지시 바라보는 Love<br/>언제나 영화처럼<br/>설레는 시작<br/>작은 우산 속<br/>건네는 미소<br/>Fine drizzle<br/>웃으며 반겨줄 거야<br/>하얀 나비<br/>날아와줄까<br/>촉촉한 세상에서<br/>그댈 만날까<br/>젖어버린 길을 걷다<br/>마주친 진심<br/>열려버린 상자처럼<br/>드러난 감정<br/>Like a fine drizzle<br/>온 세상에 내린 그대<br/>I'm in love with you<br/>내 맘 받아줘요<br/>이슬비가 내릴 때<br/>가만히 느껴본 숨결<br/>breathe again<br/>여우비를 비추며<br/>해맑게 인사하는 sun<br/>shine on me<br/>얼마나 좋아하는지<br/>나도 잘 몰라<br/>Stalalala<br/>신나는 콧노래<br/>Fine drizzle<br/>가만히 안아줄 거야<br/>파란 마음<br/>쓰담해줄거야<br/>Anytime anywhere<br/>always I'll be with you<br/>젖어버린 길을 걷다<br/>마주친 진심<br/>열려버린 상자처럼<br/>드러난 감정<br/>Like a fine drizzle<br/>온 세상에 내린 그대<br/>I'm in love with you<br/>내 맘 받아<br/>이대로 둘만의<br/>시간 걷고 걷다가<br/>세상 속에 녹아든다면<br/>Drizzling all day long<br/>기나긴 여행의 순간을 너와 함께<br/>That's the sweetest<br/>thing in my life forever<br/>젖어버린 길을 걷다<br/>마주친 진심<br/>열려버린 상자처럼<br/>드러난 감정<br/>Like a fine drizzle<br/>온 세상에 내린 그대<br/>I'm in love with you<br/>I'm in love with you<br/>사랑해요<br/>I'm in love<br/>
"
3830,Hate,MAGOMAGO,Hate,3,<dd>2019.07.12</dd>,"니가 꿈꿔왔던<br/>달콤한 romance<br/>환상 속 허황된 꿈이란걸<br/>깨달았을 땐<br/>이미 니 안에 나는 없었고<br/>그것도 모른채 내가 더 잘 할게<br/>맞지 않는 조각을 끼워<br/>맞추려 했던 내가 바보였지<br/>그러고보면 너도 참 너다<br/>이렇게 시간 끌 일 아니었는데<br/>뭘 기대한거야<br/>이미 맘 속 끝을 본 니가<br/>담담하게 날 밀어내는 미안해<br/>그리고 이내 뚝 끊긴<br/>전화기만 계속 붙들고<br/>괜찮다며 날 위로해<br/>아직도 니가 생각나는걸 보니 나<br/>정말 미쳤나보다<br/>그러고보면 너도 참 너다<br/>이렇게 시간 끌 일 아니었는데<br/>뭘 기대한거야<br/>이미 맘 속 끝을 본 니가<br/>담담하게 날 밀어내는 미안해<br/>그리고 이내 뚝 끊긴<br/>전화기만 계속 붙들고<br/>괜찮다며 날 위로해<br/>아직도 니가 생각나는걸 보니 나<br/>정말 미쳤나보다<br/>조금이라도 날 생각해줬다면<br/>이렇게 어이없이 날<br/>떠나보내진 않았을껄<br/>담담하게 날 밀어내는 미안해<br/>그리고 이내 뚝 끊긴<br/>전화기만 계속 붙들고<br/>괜찮다며 날 위로해<br/>아직도 니가 생각나는걸 보니 나<br/>정말 미쳤나보다<br/>
"
3831,그린비,로켓단로켓단,그린비,3,<dd>2019.07.12</dd>,"토닥토닥 비 오는날<br/>창문 두드리는 빗소리<br/>잔잔한 이 여름 숨을 틔우듯<br/>쉼없이 내리는 소리<br/>토닥토닥 비 오는날<br/>내 발 두드리는 빗소리<br/>흠뻑 쏟아지듯 밀려든<br/>젖은 비 바람의 온기<br/>우두커니 벤치에 앉아 으음<br/>이름 모를 꽃잎이 머금은<br/>투명한 여름 향기<br/>스쳐지나듯 간지럽히는 바람<br/>풀 내음 그득한 이 오후<br/>나뭇잎 사이 빗방울 반짝이는<br/>싱그러운 초록빛 풍경<br/>가만히 문득<br/>바라본 여름<br/>그린 비<br/>토닥토닥 비 오는날<br/>내 발 두드리는 빗소리<br/>흠뻑 쏟아지듯 밀려든 으음<br/>고요한 숲의 온기<br/>우두커니 이 길에 멈춰<br/>젖은 비 내음속 한발 딛는<br/>풋풋한 여름산책<br/>스쳐지나듯 간지럽히는 바람<br/>풀 내음 그득한 이 오후<br/>나뭇잎 사이 빗방울 반짝이는<br/>싱그러운 초록빛 풍경<br/>가만히 문득<br/>바라본 여름<br/>그린 비<br/>
"
3832,비오는 날 뭐해,하은하은,비오는 날 뭐해,"34,705",<dd>2019.07.11</dd>,"쏟아 내리는 소나기처럼<br/>이별은 피할 수 없나 봐<br/>지금 흐르는 내 눈물처럼<br/>너는 비가 되어 내려와<br/>넌 비오는 날 뭐해 난 네 생각만 해<br/>이 빗속에 네가 오는 날을 기다려<br/>넌 비오는 날 뭐해 종일 네 생각에<br/>외로워 비오는 날 넌 뭐해<br/>Rainy day Rainy day<br/>오늘처럼 비가 내리면<br/>Rainy day Rainy day<br/>너를 마주칠 것만 같아<br/>비가 오는데 너는 왜 안 와<br/>비도 오는데 너는 왜 안 와<br/>다시 올 거란 비 소식처럼<br/>아직 기다려 난 네 소식<br/>눈에 흐르는 저 빗물처럼<br/>너는 추억이 돼 내려와<br/>넌 비오는 날 뭐해 난 네 생각만 해<br/>이 빗속에 네가 오는 날을 기다려<br/>넌 비오는 날 뭐해 종일 네 생각에<br/>외로워 비오는 날 넌 뭐해<br/>Rainy day Rainy day<br/>오늘처럼 비가 내리면<br/>Rainy day Rainy day<br/>너를 마주칠 것만 같아<br/>비가 오는데 너는 왜 안 와<br/>비도 오는데 너는 왜 안 와<br/>매일 난 널 기다려<br/>Baby I'm walking in this rainy day<br/>혹시 너 돌아올까 봐<br/>기다리는데 너는 왜 안 와<br/>기다려도 넌 대체 왜 안 와<br/>내리는 이 비만큼<br/>내 눈물의 개수를 셀 수가 있어<br/>비오면 더 생각나 널 잊지 못한 난<br/>내리는 이 비만큼 아직 널 사랑해<br/>넌 비오는 날 뭐해 난 너만 생각해<br/>이 슬픈 비오는 날 넌 뭐해<br/>넌 비오는 날 뭐해<br/>
"
3833,Tv에서 보는 그대 모습은,이다희이다희,검색어를 입력하세요 WWW OST Part 6,"4,438",<dd>2019.07.11</dd>,"Tv에서 보는 그대 모습은<br/>너무너무 예뻐요<br/>정말로 보면 더욱 그렇죠<br/>세상에 이런 말 있지<br/>사랑하면은 눈이 먼다고<br/>그래 난 눈이 멀어 헤매는<br/>그런 사람과 같아<br/>내 주위 다들 얘기해<br/>그만두라고 포기하라고<br/>그래 난 체념해야겠지만<br/>내 맘 어쩔 수 없어<br/>Tv에서 보는 그대 모습은<br/>너무너무 예뻐요<br/>정말로 보면 더욱 그렇죠<br/>아무 말도 못 하고<br/>혼자 끙끙대는 바보 같은 나의<br/>이 맘 알아줘요<br/>어제도 술을 마셨지<br/>모두 헛된 꿈 잊어보려고<br/>하지만 그댄 나의 맘속에 천사<br/>천사와 같아<br/>Tv에서 보는 그대 모습은<br/>너무너무 예뻐요<br/>정말로 보면 더욱 그렇죠<br/>아무 말도 못 하고<br/>혼자 끙끙대는 바보 같은 나의<br/>이 맘 알아줘요<br/>아무거나 잘 입는 그대의 모습도<br/>화장기 전혀 없는 얼굴도<br/>남자아이같이 웃음 짓던 표정도<br/>모두 다 내겐 겁이 나는데<br/>Tv에서 보는 그대 모습은<br/>너무너무 예뻐요<br/>정말로 보면 더욱 그렇죠<br/>아무 말도 못 하고<br/>혼자 끙끙대는 바보 같은 나의<br/>이 맘 알아줘요<br/>
"
3834,그런거지 (Feat. 장효석 Melodion),FM43FM43,그런거지 (Melodion),11,<dd>2019.07.11</dd>,가사가 없습니다
3835,사랑하지 않을 수 없네,하늘하늘,사랑하지 않을 수 없네,6,<dd>2019.07.11</dd>,"영화를 볼까 티브이를 볼까 <br/>아니 난 너만 <br/>아무것도 난 안 해도 좋아 <br/>너랑 있으면 <br/>매일 너만 보고 있어도 <br/>매일 너와 같이 있어도 <br/>질리지 않는 걸 <br/>자꾸 변하는 너의 표정 하나에 <br/>사랑하나 더하기 너 <br/>사랑하지 않을 수 없네 <br/>너만 있으면 모든 게 <br/>아름답고 행복해져 <br/>마치 꿈같아 <br/>사랑하지 않을 수 없게 <br/>매일 다른 이유로 날 이끌어 <br/>빠져나올 수 없게 <br/>You are <br/>여행을 갈까 바다는 어때 <br/>아니 난 너만 <br/>아무것도 난 안 해도 좋아 <br/>너랑 있으면 <br/>매일 너만 보고 있어도 <br/>매일 너와 같이 있어도 <br/>소풍 같은 너야 <br/>자꾸 변하는 너의 표정 하나에 <br/>사랑하나 더하기 너 <br/>사랑하지 않을 수 없네 <br/>너만 있으면 모든 게 <br/>아름답고 행복해져 <br/>마치 꿈같아 <br/>사랑하지 않을 수 없게 <br/>매일 다른 이유로 날 이끌어 <br/>빠져나올 수 없게 <br/>You are <br/>여행을 갈까 바다는 어때 <br/>아니 난 너만 <br/>
"
3836,네가 떠난 뒤,비가 내리는 밤비가 내리는 밤,네가 떠난 뒤,2,<dd>2019.07.11</dd>,"우리 함께 지낸 날들<br/>네가 떠난 뒤에야 깨달아<br/>그때의 우린 정말 빛났었어<br/>같이 있는 것만으로<br/>누구보다 더욱더 널 좋아했는데<br/>내 마음과 많이 다르게<br/>너에게 상처만 주는 못난 사람이라<br/>많이 힘들게 했나 봐요<br/>네가 없는 하루하루<br/>하염없이<br/>그때의 사진을 꺼내보아요<br/>눈물로 얼룩져가는<br/>너의 사진을 보면서<br/>한참을 그렇게 멍하니만<br/>누구보다 더욱더 널 좋아했는데<br/>내 마음과 많이 다르게<br/>너에게 상처만 주는 못난 사람이라<br/>많이 힘들게 했나 봐요<br/>
"
3837,서울 블루스(Seoul Blues),유소나유소나,서울 블루스(Seoul Blues),"7,152",<dd>2019.07.11</dd>,"새벽에 잠은 오지 않고<br/>한심한 내 처지를<br/>누군가는 위로를 한다지만<br/>그건 다 겉치레일뿐<br/>새벽에 잠은 오지 않고<br/>내일은 맞기 싫고<br/>책임감도 의무도 던지고<br/>그냥 다 내려놓을래<br/>이렇게 불행한데<br/>매 분 매 초가 힘든데<br/>견디는 것조차 버거워<br/>머리가 멍해지네<br/>누군가에겐 미친 사람<br/>누군가에겐 구원<br/>난 수많은 얼굴을 가졌네<br/>오늘은 뭐가 돼볼까<br/>사랑도 관계도 이별도<br/>매듭짓는 게 없네<br/>내 인생이 그럼 그렇지 뭐<br/>나는 또 그러려니<br/>이렇게 불행한데<br/>매 분 매 초가 힘든데<br/>견디는 것조차 버거워<br/>머리가 멍해지네<br/>얼굴이 빨개지네<br/>의식이 흐려지네<br/>누군가 날 찾아준다면<br/>손을 잡아준다면<br/>그럴리 없겠지만<br/>
"
3838,그런거지 (Feat. 최재문 Trombone),FM43FM43,그런거지 (Trombone),12,<dd>2019.07.11</dd>,가사가 없습니다
3839,그런거지 (Feat. 손승용 Horn),FM43FM43,그런거지 (Horn),9,<dd>2019.07.11</dd>,가사가 없습니다
3840,그런거지 (Vocal. 선일),FM43FM43,그런거지,20,<dd>2019.07.11</dd>,"지나가는 사람들<br/>바빠보이네<br/>웃지 않는 얼굴<br/>뛰어가는 바람이<br/>우리 가슴에 머물러<br/>들뜨게 하네<br/>그런거지<br/>바쁘게 살아 봤자<br/>항상 피곤하잖아<br/>그런거지<br/>좋은 날이 돌아오겠지<br/>뛰어가는 우리가<br/>웃지 않는 사람들<br/>슬퍼보이네<br/>고민 많은 얼굴<br/>스쳐가는 바람이<br/>그대 가슴에 머물러<br/>기쁘게 하네<br/>그런거지<br/>바쁘게 살아 봤자<br/>항상 피곤하잖아<br/>그런거지<br/>좋은 날이 돌아오겠지<br/>뛰어가는 우리가<br/>슬퍼 말고<br/>지금처럼 해보자<br/>나쁜 일은<br/>모두 오늘부터 잊고<br/>웃지 않는 얼굴<br/>잊어버리자<br/>그런거지<br/>바쁘게 살아 봤자<br/>항상 피곤하잖아<br/>그런거지<br/>좋은 날이 돌아오겠지<br/>뛰어가는 우리가<br/>그런거지 <br/>바쁘게 살아 봤자<br/>항상 피곤하잖아<br/>그런거지 <br/>좋은 날이 돌아오겠지<br/>뛰어가는 우리가<br/>
"
3841,같이 걷자 (with 임단우),에이엔 (An)에이엔 (An),여행에서 로맨스를 만날 확률 시즌 1.5 Part.1,22,<dd>2019.07.11</dd>,"내게 무슨 말이 더 필요할까<br/>시원한 바람 때문일까 살랑거리는 맘<br/>오늘따라 눈부신 햇살 같은 너에게<br/>솔직하게 내 맘을 털어놓을래<br/>같이 걷자 함께 걸어가자 <br/>같이 걷자 내 손 잡고 가자<br/>내게 미소 짓는 널 볼 때마다<br/>나도 모르게 널 행복하게 해주고 싶어<br/>같이 걷자 함께 걸어가자<br/>같이 걷자 이 손 놓지 말자<br/>아직은 표현이 서툴러도<br/>네 맘에 들고 싶어 노력하고 있어<br/>너의 따뜻한 손의 온기가<br/>내 손에 전해질 때면<br/>같이 걷자 함께 걸어가자<br/>같이 걷자 이 손 놓지 말자<br/>같이 걷자 함께 걸어가자<br/>같이 걷자 이 손 놓지 말자<br/>
"
3842,내사람,JKAJKA,loved one,1,<dd>2019.07.11</dd>,"수많은 인연속에<br/>우리가 만난건 우연일까<br/>그대 맑은 그 눈속에<br/>어느새 이슬이 맺히네<br/>나의 세상 안에서<br/>다신 없을것 같던 행복이 느껴져<br/>그대 얼굴 볼때마다<br/>나는 자격없는<br/>사람이라고 생각했는데<br/>그대만을 사랑해도 될까요<br/>지금 내 모습이 초라하지만<br/>힘들었던 내 과거에<br/>다시 빛을 안겨줄 사람<br/>그대만이 내게 줄 수 있어요<br/>나의 세상 안에서<br/>다신 없을것 같던 행복이 느껴져<br/>그대 얼굴 볼때마다<br/>나는 자격없는<br/>사람이라고 생각했는데<br/>그대만을 사랑해도 될까요<br/>지금 내 모습이 초라하지만<br/>힘들었던 내 과거에<br/>다시 빛을 안겨줄 사람<br/>그대만이 내게 줄수있어요<br/>두려워 하지마 슬퍼하지 말아줘<br/>그대 곁엔 항상 내가 있을게요<br/>너무 수줍은 그대<br/>나의 사람아 내가 지켜줄게<br/>그대만을 사랑해도 될까요<br/>지금 내 모습이 초라하지만<br/>힘들었던 내 과거에<br/>다시 빛을 안겨줄 사람<br/>그대만이 내게 줄 수 있어요<br/>그대만을 내가 지켜 줄게요<br/>
"
3843,Hey,구본웅 (Ku Bon Woong)구본웅 (Ku Bon Woong),Hey,0,<dd>2019.07.11</dd>,"그래 그것도 좋겠지<br/>그 길이면 나갈지 몰라<br/>수십년을 갇혀 지냈지<br/>내 마음속에 창틀<br/>Hey Hey Hey<br/>Hey Hey<br/>벌써 오래도 되었지<br/>이럴꺼면 후회도 하지<br/>많은 시간 고민 했었지<br/>내 인생속에 기억<br/>Hey Hey Hey<br/>Hey Hey<br/>Hey Hey Hey<br/>Hey Hey<br/>
"
3844,SOME(feat. 정제나),HEADYHEADY,SOME,11,<dd>2019.07.11</dd>,"매일 너를보며 착각 하곤해<br/>내옆에 남자가 너 였다고 생각해<br/>이미 너를 보면 마치 애인인척<br/>네 행동 모든게<br/>날 어지럽게해<br/>너도 나 같은지<br/>불안한 거겠지<br/>장난은 아니지<br/>조심스런 거겠지<br/>난 미치겠는데<br/>헷갈리게 하지마<br/>헷갈리게 하지마<br/>헷갈리게 하지마<br/>다른 남자 얘길 질투하던게<br/>우리가 친한친구 라선 아닐거야<br/>이미 주변에서 우린 커플 인듯<br/>네 행동 모든게<br/>날 어지럽게해<br/>너도 나 같은지<br/>불안한 거겠지<br/>장난은 아니지<br/>조심스런 거겠지<br/>난 미치겠는데<br/>헷갈리게 하지마<br/>헷갈리게 하지마<br/>헷갈리게 하지마<br/>내앞에 서 있는 넌 날 보고<br/>네앞에 서 있는 난 널 보고<br/>서로 다른 곳을 쳐다보지 말고<br/>너의 옆에 있는 나를 바라봐<br/>헷갈리게 하지마<br/>헷갈리게 하지마<br/>헷갈리게 하지마<br/>
"
3845,단비,이문세이문세,"단, 하나의 사랑 OST",658,<dd>2019.07.10</dd>,"마음을 누르는 고요함에<br/>메말라 사라진 따스함이<br/>기적처럼 나에게로 돌아와<br/>하얗게 오르는 너의 꿈은<br/>앙상한 웃음을 달래는 듯<br/>상냥하게 내 맘을 흔들고 있어<br/>흔적없는 거리의 이방인처럼<br/>이리저리 헤매던 하루 하루<br/>고단했던 마음들과<br/>간절한 기다림 끝에<br/>고운 비가 소리 없이<br/>눈물 글썽이며 나를 적시운다<br/>계절 끝에 멈춰있는<br/>너와 나의 시간들이<br/>찬란하게 빛나는 한 줄기 빛처럼<br/>마음에 드리운다<br/>흔적없는 거리의 이방인처럼<br/>이리저리 헤매던 하루 하루<br/>고단했던 마음들과<br/>간절한 기다림 끝에<br/>고운 비가 소리 없이<br/>눈물 글썽이며 나를 적시운다<br/>계절 끝에 멈춰있는<br/>너와 나의 시간들이<br/>찬란하게 빛나는 한 줄기 빛처럼<br/>마음에 드리운다<br/>계절 끝에 멈춰있는<br/>너와 나의 시간들이<br/>찬란하게 빛나는 한 줄기 빛처럼 음<br/>마음에 드리운다<br/>
"
3846,My Love,양다일양다일,My Love,"19,416",<dd>2019.07.10</dd>,"잠든 하루를 네 목소리에 깨어<br/>어린아일 달래듯 감싸 안는 말이<br/>다를 것 없는 내 하루를 묻다가<br/>사소한 투정에도 위로하는 맘이<br/>가끔은 그대가 너무 고마워서<br/>어떤 말로 내 마음을 전할지<br/>어쩌면 이 모든 게<br/>마치 꿈처럼 모두 사라질까 봐 <br/>겁이 날 만큼<br/>내 하루를 미소 짓게 만들어 <br/>뻔한 얘기 같겠지만<br/>널 품에 안고 있으면 <br/>온 세상이 아름다워서<br/>널 만난 뒤로 달라진 내 감정들이<br/>얼마나 소중한지 너무 고마워<br/>My love<br/>하루의 끝을 네 목소리에 기대<br/>지쳐있는 내 맘이 위로받는 기분<br/>긴 시간에도 순간이 설레어서<br/>바래다주는 길이 왜 이리 아쉬운지<br/>내 하루를 미소 짓게 만들어 <br/>뻔한 얘기 같겠지만<br/>널 품에 안고 있으면 <br/>온 세상이 아름다워서 <br/>널 만난 뒤로 달라진 내 감정들이<br/>얼마나 소중한지 너는 알고 있는지<br/>늘 바라고 꿈꿔왔던 내 곁에 네가 있어<br/>그 쉬운 말 한마디 표현 못 해서<br/>이젠 네가 기댈 수 있게 부족한 나지만<br/>오랜 시간 함께 머물고 싶은 맘에<br/>나의 모든 진심을 고백할게 <br/>뻔한 얘기 같겠지만<br/>널 바라보고 있는 게 <br/>이젠 너무 소중해서<br/>널 만난 뒤로 나누던 그 모든 게 다<br/>나를 채워주는 걸 너무 고마워<br/>My love<br/>
"
3847,두번의 이별 뒤에 다시 만난 너 (feat. 남근형),찬휘 (7th Street)찬휘 (7th Street),두번의 이별 뒤에 다시 만난 너 (feat. 남근형),235,<dd>2019.07.10</dd>,"세 번째 너를 만났어<br/>추운 겨울이 지나고 <br/>봄이 찾아온 그날에<br/>연남동 숲길을 걷다 널 다시 만났어<br/>눈치 없이 가슴은 왜 뛰던지<br/>아무렇지 않은 척 보고 싶었다 말했어<br/>아무 말 없이 듣고 있던 너<br/>다 지난 일인데<br/>설레는 내 맘 어떡해야 할까<br/>두 번의 이별 뒤에 다시 만난 너인데<br/>오늘에야 알았어 여전히 난 너라는 걸<br/>다시 만날까 <br/>우리 입술 끝에 맴도는 그 말<br/>어떡해야 되죠 내 마음을<br/>아무렇지 않은 척 보고 싶었다 말했어<br/>아무 말 없이 듣고 있던 너<br/>다 지난 일인데<br/>설레는 내 맘 어떡해야 할까<br/>두 번의 이별 뒤에 다시 만난 너인데<br/>오늘에야 알았어 여전히 난 너라는 걸<br/>다시 만날까 <br/>우리 입술 끝에 맴도는 그 말<br/>어떡해야 되죠 내 마음을<br/>시간이 약이라는 말<br/>다 거짓말 같아<br/>이제는 정말 우리 사이가<br/>끝난 걸까<br/>난 얼마나 너를 더 기다릴 수 있을까<br/>잊으려고 해봐도 <br/>잊혀지지 않는 기억에<br/>설렜었고 좋았었어<br/>꿈인 듯 아득하고 <br/>꿈처럼 달콤했던 그때<br/>날 사랑해준 맘<br/>잊지 않을게<br/>
"
3848,보내야 할 때 보낼 수 있을까 (Vocal 박한솔),소래소래,보내야 할 때 보낼 수 있을까,"1,470",<dd>2019.07.10</dd>,"보내야 할 때 보낼 수 있을까<br/>쉽게 받아들일 수 있니<br/>나는 그게 잘 안돼<br/>이별이 그렇게 쉬울 수 있니<br/>어떻게 이럴 수 있어<br/>눈을 가리고<br/>하늘을 보는 기분이야<br/>나 정말 받아들일 수 없어<br/>아직도 넌 내 앞에<br/>다시 달려와 줄 것만 같은데<br/>떠나는 그 순간 나의 모든 걸<br/>잃어버린 것 같아<br/>제발 부탁이야 다시 내게 돌아와<br/>꽉 붙들고 있는 손 이제는<br/>점점 차가워져만 가는데<br/>가슴속의 조그만 빛줄기<br/>모두 사라져만 가는데<br/>햇살 속에 웃는 네 모습이<br/>지금도 난 아른거리는데<br/>아직도 난 못해준 말들이<br/>남아있는데<br/>어디서부터 잘못되었을까<br/>매일 밤 지우려다<br/>이내 따뜻한<br/>네 말이 귓가에 맴돌아<br/>나 아직도 너를 보낼 수 없어<br/>지금도 넌 내 곁에<br/>다시 돌아와 줄 것만 같은데<br/>아무 일 없는 듯<br/>다시 그 약속 지켜 가자고 말해<br/>제발 부탁이야 다시 내게 돌아와<br/>꽉 붙들고 있는 손 이제는<br/>점점 차가워져만 가는데<br/>가슴속의 조그만 빛줄기<br/>모두 사라져만 가는데<br/>햇살 속에 웃는 네 모습이<br/>지금도 난 아른거리는데<br/>아직도 난 못해준 말들이<br/>남아있는데<br/>널 위해 가장 멋진 모습으로<br/>상처 없이 보낼 수 있을까<br/>꽉 붙들고 있는 손 이제는<br/>점점 차가워져만 가는데<br/>가슴속의 조그만 빛줄기<br/>모두 사라져만 가는데<br/>햇살 속에 웃는 네 모습이<br/>지금도 난 아른거리는데<br/>아직도 난 못해준 말들이<br/>남아있는데<br/>
"
3849,잠시라도,장우람장우람,잠시라도,184,<dd>2019.07.10</dd>,"빌딩 위 어둠 속 작은 별<br/>두 손에 흐르는 물소리<br/>밸브를 잠그네 울음을 참네<br/>거울을 보네 이젠 오<br/>내 맘 한 편 어딘가에<br/>잠시라도 평화를 주오 간절히<br/>가로등 불빛 속 작은 새<br/>길 잃어 힘없는 두 날개<br/>한숨을 쉬네 고갤 떨구네<br/>주저 앉았네 이젠 오<br/>내 맘 한 편 어딘가에<br/>잠시라도 고요를 주오 간절히 오<br/>내 맘 한 편 어딘가에<br/>빗물 대신 햇살을 주오 간절히<br/>
"
3850,외로운 밤,천소아 (Cheon Soa)천소아 (Cheon Soa),외로운 밤,114,<dd>2019.07.10</dd>,"외로워 유난히 외로운 밤이야<br/>전화도 고장이 났나봐<br/>이래서 연애를 다들 하는 가봐<br/>오늘따라 더그래 외로운 밤<br/>창문에 기대서서 밖을 바라봐<br/>골목에 연인들이 보여<br/>그만들 떨어져 집에 가라<br/>보는 나는 심난하다<br/>외로울 땐 어쩌나 누가 곁에 있어줘<br/>밤새도록 사랑을 속삭일래<br/>다가와 나의 손을 잡아준다면<br/>나를 꼭 안아주면 외로움<br/>느끼지 못하게 만들어<br/>외로워 유난히 외로운 밤이야<br/>전화도 고장이 났나봐<br/>이래서 연애를 다들 하는 가봐<br/>오늘따라 더그래 외로운 밤<br/>창문에 기대서서 밖을 바라봐<br/>골목에 연인들이 보여<br/>그만들 떨어져 집에 가라<br/>보는 나는 심난하다<br/>외로울 땐 어쩌나 누가 곁에 있어줘<br/>밤새도록 사랑을 속삭일래<br/>다가와 나의 손을 잡아준다면<br/>나를 꼭 안아주면<br/>외로움 느끼지 못하게 만들어<br/>외로워 유난히 외로운 밤이야<br/>전화도 고장이 났나봐<br/>이래서 연애를 다들 하는 가봐<br/>오늘따라 더그래 외로운 밤<br/>
"
