3251,FM43 Diary 2019.08.13 (Feat. 김지수 Piano),FM43FM43,FM43 Diary 2019.08.13,9,<dd>2019.08.23</dd>,가사가 없습니다
3252,너에게,가온가온,너에게,425,<dd>2019.08.23</dd>,"아직 남아있는 너의 향기에<br/>추억 끝자락이 물드네 바보같이<br/>애석하게 나는 너란 세상에<br/>떠다니고 있어 먼지처럼<br/>마주 보며 두 손잡고<br/>생긋거리며 미소 짓던 너<br/>그 미소 속에 비친 작은 보조개를<br/>애를 써도 잊을 수가 없네<br/>난 너에게 가벼운 재<br/>바람만 불면 그마저도 다 날아가<br/>넌 나에게 넌 나에게<br/>전부란 걸 알고 있니<br/>마주 보며 두 손잡고<br/>생긋거리며 웃고 있는 너<br/>그 미소 속에 비친 작은 보조개를<br/>애를 써도 잊을 수가 없네<br/>난 너에게 가벼운 재<br/>바람만 불면 그마저도 다 날아가<br/>넌 나에게 넌 나에게<br/>전부란 걸 알고 있니<br/>난 너에게 가라앉은 채<br/>아무리 울고 붙잡아봐도 날아가<br/>난 어떻게 해야 해<br/>넌 나에게 전부란 걸 다 알잖아<br/>우리 둘만 아는 사랑도<br/>가끔 다퉜었던 일들도<br/>작은 행복도 너무 설레어<br/>조금도 떨어지기 싫었던<br/>
"
3253,So one,7Melody7Melody,So one,2,<dd>2019.08.23</dd>,"그대에게 처음으로<br/>사랑한다 고백하던 날<br/>얼마나 많은 시간을 그 오랫동안<br/>나는 기다려 왔는지<br/>떨리던 첫 입맞춤<br/>가녀린 너의 입술<br/>그댄 알까요 이런 나는<br/>그대의 남자인걸<br/>so one<br/>하나뿐인 나의 그대<br/>I've been so long <br/>그대만을 기다려왔던 내 삶은<br/>이젠 너로인해<br/>완전한걸<br/>하나뿐인 so one<br/>내 삶의 끝은 너 하나 뿐인걸<br/>가슴이 저릿하게 아파오면<br/>그대를 그리워한 내 마음이 love you<br/>불안한 눈빛으로<br/>그댄 내게 말하죠<br/>우리 사랑 처음처럼<br/>저하늘의 별들처럼 빛날 수 있는지<br/>하나만 약속할게요 <br/>저 하늘의 별들처럼<br/>비춰줄게요 지켜줄게요 <br/>항상 같은 자리에서<br/>so one <br/>하나뿐인 나의 그대 <br/>I've been so long <br/>그대만을 기다려왔던 내 삶은<br/>이젠 너로 인해<br/>완전한걸<br/>하나뿐인 so one <br/>내 삶의 끝은 너 하나 뿐인걸<br/>가슴이 저릿하게 아파오면<br/>그대를 그리워한 내 마음이 love you <br/><br/>
"
3254,롱디(Long Distance),김록현김록현,롱디(Long Distance),8,<dd>2019.08.23</dd>,"그대와 걷던 시간들<br/>그대와 바라보던 수많은 밤들<br/>그대를 따라 나도<br/>그리고 당신도 나와 같이<br/>걸어오고 있네<br/>조금만 기다리면 돼<br/>조금 더 기억해<br/>우리 가까워지고 있어<br/>서로 같은 곳을 봐도<br/>다른 생각을 하 듯<br/>참 많이 다른 우리<br/>여기 함께 있다는 것으로<br/>큰 의미가 될 수 있겠죠<br/>생각이 많은 밤<br/>그대와 함께 하고픈 밤<br/>생각이 깊은 밤<br/>그대가 곁에 없어도<br/>나도 같은 곳을 바라 볼게<br/>그대와 함께한 모든 순간들<br/>나의 서랍안에 다 넣어둘게<br/>나만 볼 수 있게<br/>내가 그렇듯<br/>그대도 나의 모든 순간 있어줘<br/>늘 그래왔듯이<br/>생각이 많은 밤<br/>그대와 함께 하고픈 밤<br/>생각이 깊은 밤<br/>그대가 곁에 없어도<br/>나도 같은 곳을 바라 볼게<br/>매일 뜨는 달과 태양이<br/>비출 우리 앞에<br/>쌓일 시간들에<br/>외로운 서로의 밤에<br/>태양이 되어 주는거야<br/>
"
3255,말하지 말걸 그랬어,솔직남녀솔직남녀,말하지 말걸 그랬어,2,<dd>2019.08.23</dd>,"말하지 말걸 그랬어<br/>네가 좋다는 그 말<br/>놀라서 말도 못 하는<br/>표정 보니까<br/>공기마저 어색해 지금 이 순간<br/>도망가 버릴까<br/>머뭇거리다 결국 일어날 때쯤<br/>들릴 듯 말 듯 한목소리<br/>한참 기다려왔다고 우는 너<br/>힘이 풀려 주저앉아 버렸어<br/>너무 좋아 그만<br/>나도 울먹이며 미안하다 말해<br/>힘껏 날 안아주는 너의 고백<br/>터질듯한 심장소리로 대신 대답해<br/>내가 조금 늦었지 미안해<br/>바라보기만 했었어<br/>너의 맘도 모르고<br/>눈이 마주칠 때마다<br/>어쩔 줄 몰라<br/>공기마저 어색해 지금 이 순간<br/>도망가 버릴까<br/>머뭇거다 결국 일어날 때쯤<br/>들릴 듯 말 듯 한목소리<br/>한참 기다려왔다고 우는 너<br/>힘이 풀려 주저앉아 버렸어<br/>너무 좋아 그만<br/>나도 울먹이며 미안하다 말해<br/>힘껏 날 안아주는 너의 고백<br/>터질듯한 심장소리로 대신 대답해<br/>내가 조금 늦었지 미안해<br/>
"
3256,비 그리고 너 (Feat. 호안),하이웨이브 (H.Wave)하이웨이브 (H.Wave),비 그리고 너,21,<dd>2019.08.23</dd>,"그대가 좋아한<br/>시린 빗소리가<br/>들려오고<br/>우리가 쏟았던<br/>그 많은 감정들이<br/>날 부르고<br/>비가 내리던<br/>그 거리에서<br/>서성이던<br/>그 걸음 그 곳에<br/>여전히 나는 너에게<br/>헤매이고 또<br/>널 떠올리는 밤<br/>그대가 좋아한<br/>이 차가운 계절이<br/>들려오고<br/>또 내가 미워한<br/>그대의 이 계절은<br/>날 부르고<br/>비가 내리던<br/>그 거리에서<br/>서성이던<br/>그 걸음 그 곳에<br/>여전히 나는 너에게<br/>헤매이고 또<br/>널 떠올리는 밤<br/>난 여전히 너를<br/>못 잊어 바보처럼<br/>비가 내리면<br/>내 맘을 두드려<br/>이 빗소리가<br/>헤매이고 또<br/>널 떠올리는 밤<br/>사랑은 이렇게<br/>날 떠나가고<br/>차마 널 따라갈 수<br/>없는 내게<br/>다 잊겠다 홀로<br/>다짐 해봐도<br/>다시 널 떠올리는 밤<br/>
"
3257,오늘은,이사랑이사랑,오늘은,8,<dd>2019.08.23</dd>,"오늘은 하루 종일 비가 내렸어<br/>내 맘도 하루 종일 비 내렸고<br/>네 맘은 어떨지가 궁금해<br/>나는 비만 오면 슬퍼<br/>오늘은 널 만나러 가는 길<br/>이보다 더 좋을 순 없겠지만<br/>멀리서 바라본 너의 모습은<br/>왠지 오늘따라 슬퍼<br/>나는 니가 많이 달라 보여<br/>평소보다 말이 없던 너<br/>마치 이별을 준비한 것처럼<br/>담담히 헤어지자<br/>나 별 짓 다해봤는데<br/>널 잊어보려 했는데 이젠<br/>비만 오면 니 생각이 나<br/>하루 종일 마음이 아파<br/>나 별 짓 다해봤는데<br/>널 잊어야만 하는데 이젠<br/>너 없는 하루가 길어서<br/>눈물만 난다<br/>오늘은 우리가 헤어진 날<br/>그날도 이렇게 비가 내렸고<br/>눈물이 흐르던 나의 모습은<br/>빗물에 흘러내렸어<br/>나는 아직도 기억이나<br/>비 온다며 우산 챙기라고<br/>이별 전까지 매너가 좋던 너<br/>지금도 보고 싶다<br/>나 별 짓 다해봤는데<br/>널 잊어보려 했는데 이젠<br/>비만 오면 니 생각이 나<br/>하루 종일 마음이 아파<br/>나 별 짓 다해봤는데<br/>널 잊어야만 하는데 이젠<br/>너 없는 하루가 길어서<br/>눈물만 난다<br/>
"
3258,이별하긴 하겠지,"김필, 천단비, 윤종신김필, 천단비, 윤종신",2019 월간 윤종신 8월호,"11,828",<dd>2019.08.22</dd>,"우리 잘 한 거 맞겠지<br/>너무 힘들었던 이별 약속<br/>너무도 고생 많았어<br/>그래야만 하는 걸<br/>받아들인 그 순간까지<br/>모든 게 힘들었잖아<br/>수 많았던 아파했던 그날들<br/>그렇게 반복되던<br/>우리들의 날들이<br/>이제는 끝나는 걸까<br/>우린 할 수 있을까<br/>이별 하긴 하겠지<br/>과연 지울 수가 있을까<br/>우리 거쳐 갔던 감정들<br/>서롤 너무 잘 알던 그 느낌<br/>그 감촉들이 잊혀질까<br/>점점 무뎌지긴 하겠지<br/>각자 삶 속으로 가겠지<br/>애써 보다 보다 안되면<br/>그땐 어떻게 할까<br/>난 모르겠어<br/>당장 너 없는 내일<br/>어떨까 어떨까<br/>이 불안한 약속<br/>이 불안한 다짐<br/>안녕<br/>여리게 떨렸던 안녕<br/>진짜 마지막이라서 그럴까<br/>지나간 시간 속에<br/>그 안녕들과 달라<br/>그 목소리가 여전히<br/>내 귓가에 남아<br/>이별 하긴 하겠지<br/>과연 지울 수가 있을까<br/>우리 거쳐 갔던 감정들<br/>서롤 너무 잘 알던 그 느낌<br/>그 감촉들이 잊혀질까<br/>점점 무뎌지긴 하겠지<br/>각자 삶 속으로 가겠지<br/>애써 보다 보다 안되면<br/>그땐 어떻게 할까<br/>난 모르겠어<br/>당장 너 없는 내일<br/>버틸 수 있을까<br/>견뎌낼 수 있을까<br/>애써 살다 살다 언젠가<br/>이별이 다 끝나면<br/>잘한 거라고<br/>우리 오늘 결정을<br/>믿어요 믿어요<br/>이 불안한 약속<br/>이 불안한 다짐<br/>안녕<br/>
"
3259,You And I,최낙타최낙타,일진에게 찍혔을 때 OST Part.2,"2,119",<dd>2019.08.22</dd>,"두 눈을 감아도 아른거리는<br/>해맑은 미소에 밤을 지새도<br/>모든 날들이 너로 가득한 걸<br/>함께 있는 우리 지금 우리<br/>나처럼 너도 내 생각이 날까<br/>상상만으로 웃음이 나는 걸<br/>벅차도록 뛰는 내 심장소리가<br/>해맑게 웃는 너에게 들릴까<br/>너와 함께 걷는 이 밤<br/>모른 척 옆에 있는 네 손을 잡아<br/>두근거리는 맘<br/>눈이 마주칠 때<br/>홀린 듯 아무 말도 못하는 너와 나<br/>아직도 진정이 안되는 걸<br/>널 보면 떨려오는 맘이<br/>괜히 아무렇지 않은 듯<br/>변명만 늘어놓는 나<br/>너도 알고 있을까<br/>너와 함께 걷는 이 밤<br/>모른 척 옆에 있는 네 손을 잡아<br/>두근거리는 맘<br/>눈이 마주칠 때<br/>홀린 듯 아무 말도 못하는 너와 나<br/>점점 어두워지면<br/>무심한듯 지나가는<br/>시간을 탓하는 우리<br/>다시 보면 돼 우린 알고 있지만<br/>지금이 아쉬운 걸<br/>너와 함께 걷고 있어<br/>조금씩 네게로 가까이 다가가<br/>두 눈을 맞추면<br/>발그레 웃는 너의 모습<br/>간직한 채로 하루를 버틸께<br/>내 옆에 있어줘서<br/>고마워<br/>
"
3260,다른 사람은 싫어 (solo 용현),조이어클락 (Joy o`clock)조이어클락 (Joy o`clock),다른 사람은 싫어,273,<dd>2019.08.22</dd>,"아 그댄 참 신기한 사람 <br/>나답지 않게 더듬다 <br/>용기내서 내 뱉은 말 <br/>오래도록 참 좋아했었어 <br/>또 정말 난 외로운 사람 <br/>아프지 않게 미루다 <br/>시간 마저 다 잃고서 <br/>한숨처럼 내 뱉은 이 말은 <br/>오래도록 참 좋아했었어 그대 <br/>내게 있어줄래 내게만 비춰줄래 <br/>다른사람은 싫어 <br/>너만이 지켜줄 수 있는 <br/>내 마지막 사랑 니가 되어 주겠니 <br/>너의 눈물을 봤어 새벽이 길던 날 <br/>그 사람 때매 울던 <br/>니 그 모습도 잠시 <br/>내가 힘이 된다 말하며 웃던 네게 <br/>내게 있어 줄래 내게만 비춰줄래 <br/>다른사람은 싫어 <br/>나만이 지켜줄 수 있는 <br/>니 마지막 사랑 내가 되어도 될까 <br/>내게 있어 줄래 내게만 비춰주겠니 <br/>다른 사람은 싫어 제발 내게 <br/>너라는 기적을 줄 수 있겠니 <br/>다른 사람은 싫어 다른 사랑은 싫어 <br/>너만이 지켜줄 수 있는 <br/>내 마지막 사랑 <br/>니가 되어주겠니<br/>부디<br/>
"
3261,그래도 날,마요 (Mayo)마요 (Mayo),그래도 날,162,<dd>2019.08.22</dd>,"그대는 알지 못해요<br/>내 맘을 알 수가 없죠<br/>이 아픔 속에서도<br/>점점 커져가는 그댈 어떡하죠<br/>끝이 아니길 바래요<br/>그대는 내 안에 있죠<br/>내 기억 속에서 웃죠<br/>날 떠나지 마요<br/>사랑해요<br/>그래도 날 한번은 적어도 한번은<br/>그래도 조금은 나를 사랑했죠<br/>아니라고 말해도<br/>그대 그 맘속에 나 없어도<br/>난 믿어요<br/>우리의 사랑을 우리 그 날들을 믿죠<br/>그렇게 멀린 아니죠<br/>내 기다림 끝에 항상 있죠<br/>그대가 아니래도 난 보낼 수 없죠<br/>아니죠<br/>그래도 날 한번은 적어도 한번은<br/>그래도 조금은 나를 사랑했죠<br/>아니라고 말해도<br/>그 맘속에 나 없어도<br/>난 믿어요<br/>우리의 사랑을<br/>우리 그 날들을 난 믿죠<br/>시간을 돌릴 순 없죠<br/>그대가 미웠죠<br/>나에겐 전부였었던 사랑이죠<br/>그래도 한번은 꼭 한번은<br/>그래도 조금은 또 조금은<br/>사랑했죠 그런거죠<br/>난 믿어요<br/>또 바래요<br/>우리의 사랑을 우리 그 날들을 믿죠<br/>
"
3262,Stars,지우진지우진,Stars,110,<dd>2019.08.22</dd>,"기억해 지금의 하늘을 이 바람을<br/>기억해 저기<br/>반짝이는 우리 star<br/>조금씩 고요하게 들려와<br/>그때의 우리가 함께<br/>나누었던 멜로디<br/>수많은 별빛아래<br/>그대와 함께 마주 앉아서<br/>따스히 피어오른 눈물이<br/>밤하늘을 그리네<br/>그 속에 눈부시던<br/>그대가 불어오는 바람에 흩어져<br/>거기 그대로인데 그때가<br/>순간에 그치지 않길<br/>수많은 별빛아래<br/>그대와 함께 마주 앉아서<br/>따스히 피어오른 눈물이<br/>밤하늘을 그리네<br/>그 속에 눈부시던<br/>그대가 불어오는 바람에 흩어져<br/>아직 그대로인데<br/>지금이 순간에 그치지 않길<br/>
"
3263,혼자 있는 밤 (Feat. 임진섭),WE`D (위드)WE`D (위드),혼자 있는 밤,182,<dd>2019.08.22</dd>,"혼자 있는 밤<br/>지쳐있는 난<br/>어떤 기억에<br/>아파하는 건지<br/>같은 시간에<br/>우리 함께면<br/>혼자 일어나 느끼는<br/>버릇 같은 고요함도<br/>없을지<br/>불이 꺼진 방<br/>작은 창에 들어 온<br/>이름 모를 별빛이<br/>내 얼굴을 비추면<br/>또 그 때가 떠올라<br/>거짓말 같은 시간에 난<br/>어두워진 맘 그대로인데<br/>내가 그리운건<br/>그리운대로<br/>남겨져<br/>혼자있는 밤<br/>지쳐있는 난<br/>어떤 기억에<br/>아파하는건지<br/>같은 시간에<br/>우리 함께면<br/>혼자 일어나 느끼는<br/>버릇 같은 고요함도<br/>없을지<br/>불이 꺼진 방<br/>작은 창에 들어 온<br/>이름 모를 별빛이<br/>내 얼굴을 비추면<br/>또 그 때가 떠올라<br/>거짓말 같은 시간에 난<br/>어두워진 맘 그대로인데<br/>내가 그리운건<br/>그리운대로<br/>남겨져<br/>혼자있는 밤<br/>지쳐있는 난<br/>어떤 기억에<br/>아파하는건지<br/>같은 시간에<br/>우리 함께면<br/>혼자 일어나 느끼는<br/>버릇 같은 고요함도<br/>없을지<br/>불이 꺼진 방<br/>작은 창에 들어 온<br/>이름 모를 별빛이<br/>내 얼굴을 비추면<br/>또 그 때가 떠올라<br/>
"
3264,One Sided Love,모은모은,One Sided Love,116,<dd>2019.08.22</dd>,"하늘에 물어도<br/>당연하다 하네요<br/>이런 내 모습도 당연한 걸까요<br/>왜 하필 나에게 찾아와준 걸까요<br/>이런 나를 보고 웃고만 계시죠<br/>날 가장 많이 믿어준 사람<br/>누구보다 나를 잘 아는 사람<br/>웃음보다 눈물이 많아져도<br/>날 보며 웃음을 찾고서<br/>너는 내 희망이야<br/>젖은 손으로 눈물을 닦고서<br/>내게 말하는 당신<br/>전엔 알지 못했던<br/>그 짝사랑들을<br/>이제서야 난 깨달아요<br/>날 가장 많이 사랑한 사람<br/>가슴 아프도록 사랑한 사람<br/>웃음보다 눈물이 많아져도<br/>날 보며 눈물을 참고서<br/>너는 내 희망이야<br/>젖은 손으로 눈물을 닦고서<br/>내게 말하는 당신<br/>전엔 알지 못했던<br/>그 짝사랑들을<br/>이제서야 난 깨달아요<br/>
"
3265,위험한 세계,채울채울,닥터탐정 OST Part.2,32,<dd>2019.08.22</dd>,"저기 철탑위에 오르는<br/>사람이 보이는가<br/>내 마음보다 더 높은 다짐들<br/>저기 망루위에 서 있던<br/>사람이 보이는가<br/>내 눈물보다 더 뜨겁던 새벽을<br/>철탑도 타는 망루도<br/>지친 농부도 취한 슬픔도<br/>고르게 곧게 바르게<br/>환하게 넓게 정의롭게<br/>안녕 안녕 그대들 동지들<br/>안녕 안녕 그대들 동지들<br/>저기 들판위에 서 있는<br/>사람이 보이는가<br/>농부가 사는 저 시름의 마른 땅<br/>저기 갯것가자 부르는<br/>구럼비가 보이나<br/>이름을 가진 그 전부의 대답들<br/>철탑도 타는 망루도<br/>지친 농부도 취한 슬픔도<br/>고르게 곧게 바르게<br/>환하게 넓게 정의롭게<br/>안녕 안녕 그대들 동지들<br/>안녕 안녕 그대들 동지들<br/>안녕 그대들 동지들<br/>안녕 그대들 동지들<br/>
"
3266,청계천 8가,이정아이정아,닥터탐정 OST Part.1,38,<dd>2019.08.22</dd>,"파란불도 없는 <br/>횡단보도를 건너가는 사람들 <br/>물 샐 틈 없는 인파로 <br/>가득 찬 땀냄새 가득한 거리여 <br/>어느새 정든 추억의 거리여 <br/>어느 핏발 솟은 리어카꾼의 <br/>험상궂은 욕설도 <br/>어느 맹인부부가수의 노래도 <br/>희미한 백열등 밑으로 <br/>어느새 물든 노을의 거리<br/>뿌연 헤드라이트 불빛에<br/>덮쳐오는 가난의 풍경 <br/>술렁이던 한낮의 뜨겁던 흔적도 <br/>어느새 텅 빈 거리여 <br/>칠흙 같은 밤 쓸쓸한 청계천 8가 <br/>산다는 것이 얼마나 위대한가를 <br/>비참한 우리 가난한 사랑을 위하여 <br/>끈질긴 우리의 삶을 위하여 <br/>뿌연 헤드라이트 불빛에 <br/>덮쳐오는 가난의 풍경 <br/>술렁이던 한낮의 뜨겁던 흔적도 <br/>어느새 텅 빈 거리여 <br/>칠흙 같은 밤 쓸쓸한 청계천 8가 <br/>산다는 것이 얼마나 위대한가를 <br/>비참한 우리 가난한 사랑을 위하여 <br/>끈질긴 우리의 삶을 위하여 <br/>칠흙 같은 밤 쓸쓸한 청계천 8가<br/>산다는 것이 얼마나 위대한가를<br/>비참한 우리 가난한 사랑을 위하여<br/>끈질긴 우리의 삶을 위하여<br/>
"
3267,목요일 (Vocal. 임혜원 ),FM43FM43,목요일,14,<dd>2019.08.22</dd>,"평소와 같은 목요일 오후<br/>어제 보다 더 힘겨운 나의 하루<br/>바람 불어와 나를 감싸 안으면<br/>이유 모를 외로움이 나를 덮네<br/>하루하루 지날수록<br/>커져만 가는 나의 마음을<br/>저 별은 알고 있을까<br/>누가 나를 알아줄까<br/>어디를 향해 가고 있는 걸까 난<br/>이 하루들이 끝나긴 하는 걸까<br/>이 밤을 지나 내일이 찾아오면<br/>이런 나의 마음들이 사라질까<br/>하루하루 지날수록<br/>커져만 가는 나의 마음을<br/>저 달은 알고 있을까<br/>누가 나를 알아줄까<br/>어디를 향해 가고 있는 걸까 난<br/>이 하루들이 끝나긴 하는 걸까<br/>이 밤을 지나 내일이 찾아오면<br/>이런 나의 마음들이<br/>이런 나의 고민들이<br/>이런 나의 생각들이 사라질까<br/>
"
3268,FM43 Diary 2019.08.12 (Feat. 김지수 Piano),FM43FM43,FM43 Diary 2019.08.12,10,<dd>2019.08.22</dd>,가사가 없습니다
3269,FM43 Diary 2019.08.11 (Feat. 김지수 Piano),FM43FM43,FM43 Diary 2019.08.11,9,<dd>2019.08.22</dd>,가사가 없습니다
3270,무너지지말기,동주동주,무너지지말기,10,<dd>2019.08.22</dd>,"수 많은 날들 중에<br/>아팠던 날들 미웠던 날들<br/>전부 기억해야해<br/>우리 이제는 착각하지 않게<br/>추억에 잠기면 헷갈릴수있어 <br/>얼마나 우리 힘들었는지<br/>모진 내가 너를<br/>얼마나 힘들게 했는지<br/>잠시 스쳐갈 뿐인 그 외로움 따위에<br/>제발 우리 무너지지말기<br/>한번 빗나갔던 인연은<br/>다시 이어지지못해<br/>시간이 흘러서<br/>착각할수있어<br/>그때에 내가 좋았었다고<br/>지금 보다 그날에 내가 행복했다고<br/>잠시 스쳐갈 뿐인 그 외로움 따위에<br/>제발 우리 무너지지말기<br/>한번 빗나갔던 인연은<br/>다시 이어지지못해<br/>이제 아파하지 말자<br/>행복해야해 꼭 나 없이도<br/>잘해낼 너잖아<br/>또 그리워진다해도 견뎌내야해 우리<br/>
"
3271,Tonight,박상원박상원,Tonight,7,<dd>2019.08.22</dd>,"Tonight 어둠 속 잠 못 드는 나는<br/>텅 빈 나의 곁에서 너의 흔적을<br/>찾으려 하죠<br/>그댄 모르죠 혼자 있는 방에서<br/>난 습관처럼 우리 사진을 보죠<br/>항상 길을 잃고 외롭던 내게<br/>머물 곳을 찾아준 그대<br/>내 안에 아직 남아서<br/>이 밤에도 나를 흔드네<br/>사랑스런 그대의<br/>작은 손길 하나하나<br/>행복했었던 그 사실만으로<br/>영원토록<br/>함께한 날들 가슴에 묻어요<br/>언제나<br/>Remember for me<br/>항상 길을 잃고 외롭던 내게<br/>머물 곳을 찾아준 그대<br/>내 안에 아직 남아서<br/>이 밤에도 나를 흔드네<br/>사랑스런 그대의<br/>작은 손길 하나하나<br/>행복했었던 그 사실만으로<br/>영원토록<br/>함께한 날들 가슴에 묻어요<br/>언제나<br/>Remember for me<br/>영원히 우리의 추억 간직 할게요<br/>내 마음 깊이 담아둔 모습<br/>언제나 기억해<br/>사랑스런 그대의 <br/>작은 손길 하나하나<br/>행복했었던 그 사실만으로 <br/>영원토록<br/>함께한 날들 가슴에 묻어요<br/>언제나 <br/>Remember for me<br/>
"
3272,Honey You,전근화 (Weeky1)전근화 (Weeky1),Honey You,17,<dd>2019.08.22</dd>,"You You You<br/>몇 번이나 말했어<br/>나에게 와주길<br/>You You You uh huh<br/>널 갖고 싶은 마음에 급했던<br/>내가 생각나 aha<br/>아침햇살에 Good Morning<br/>너와 아침을 보낼 땐<br/>아무 말 없이 너를 보네<br/>그냥 웃음만 나와<br/>I think of honey honey you<br/>I think of honey honey baby<br/>I think of honey honey you<br/>honey you<br/>I look at my honey<br/>you you<br/>You You You<br/>하루 종일 기다려<br/>내 곁에 와주길<br/>You You You uh huh<br/>불 끄고 널 생각할 때 세상은<br/>온통 하얀 밤 aha<br/>네게 전화해 Good Night<br/>네가 없이 잠이 들 땐<br/>잠은 안 오고 네가 들려<br/>밤은 너를 속삭여<br/>I think of honey honey you<br/>I think of honey honey baby<br/>I think of honey honey you<br/>honey you<br/>I look at my honey<br/>you you<br/>honey honey you<br/>honey honey you<br/>I think of love<br/>honey honey you<br/>you you<br/>honey honey baby<br/>I think of my love<br/>honey honey you<br/>ha<br/>you you<br/>
"
3273,한낮의 온도 (Feat. 프론),UAZUAZ,한낮의 온도,3,<dd>2019.08.22</dd>,"아침에 눈을 떴을 때<br/>다시 생각나는 너<br/>한 번쯤 다시 만날 수 있을까<br/>조금 기대를 했어<br/>우리 자주 가던 길가를<br/>가끔씩 지나치곤 해<br/>아직 남아있는 너의 기억 속에<br/>깊이 빠져들곤 해<br/>내 맘은 아직도 널<br/>원하고 있는 걸까<br/>나도 잘 모르겠어<br/>한낮의 온도처럼 뜨거웠던 날<br/>우리 둘 참 좋았었는데<br/>눈을 마주치기만 해도<br/>금방 세어나 온 웃음에<br/>참 즐거웠었어<br/>정리가 안 된 것 같아 또다시<br/>나도 모르게 또<br/>우리 자주 가던 길가를<br/>가끔씩 지나치곤 해<br/>아직 남아있는 너의 기억에<br/>깊이 빠져들곤 해<br/>내 맘은 아직도 널<br/>원하고 있는 걸까<br/>나도 잘 모르겠어<br/>한낮의 온도처럼 뜨거웠던 날<br/>우리 둘 참 좋았었는데<br/>눈을 마주치기만 해도<br/>세어나 온 웃음에<br/>즐거웠어<br/>어느새 밤공기처럼 식어버린<br/>너와 나의 사이가<br/>남인 거야<br/>우리 몰랐던 사이였을 때로<br/>돌아간 거야<br/>
"
3274,내가 아닌 나 (Feat. 김려원),피터 (Peter)피터 (Peter),내가 아닌 나,8,<dd>2019.08.22</dd>,"창 밖을 무심코 바라보니<br/>그곳에 서있는 내가 아닌 나<br/>나는 너무 놀라<br/>그녀를 따라 밖으로 갔지<br/>하지만 이제는 내가 아니야<br/>나와는 달라<br/>밝은 표정 다정한 말투<br/>달콤한 미소까지<br/>그녀는 너무 예뻐서<br/>그녀는 너무 빛나서<br/>나도 모르게<br/>눈물만 흘렸지<br/>거기 있는데 그대로인데<br/>그게 바로 나 인데<br/>그녀는 나야 그녀는 나야<br/>나는 여기 있는데<br/>그녀는 너무 예뻐서<br/>그녀는 너무 빛나서<br/>나도 모르게<br/>눈물만 흘렸지<br/>거기 있는데 그대로인데<br/>그게 바로 나 인데<br/>그녀는 나야 그녀는 나야<br/>나는 여기 있는데<br/>그 모습인데 그대로인데<br/>그게 바로 나인데<br/>그녀는 나야 그녀는 나야<br/>내가 여기 있는데<br/>
"
3275,나의 자장가,.OHYO..OHYO.,자장가,13,<dd>2019.08.22</dd>,"잠이 들기 전 너의 목소리가<br/>듣고 싶어 난 전활 건다<br/>눈을 감고 한참을 뒤척이니<br/>그제서야 들리는 따뜻함<br/>떨리는 두 손으로 잠긴 듯 한<br/>너의 목소리를<br/>잡아본다 난 꿈을 꾼다<br/>달콤한 목소리와<br/>소곤거리는 숨소리로<br/>네게 말을 해 내 곁에 누워줘<br/>떨리는 두 손으로 잠긴 듯 한<br/>너의 목소리를<br/>잡아본다 난 꿈을 꾼다<br/>달콤한 목소리와<br/>소곤거리는 숨소리로<br/>네게 말을 해 내 곁에 누워줘<br/>잠이 들기 전 너의 목소리가<br/>듣고 싶어 난<br/>
"
3276,여름은 끝났다 (Feat. 유선),ONZONZ,여름은 끝났다,0,<dd>2019.08.22</dd>,"꿈이었을까 조금전처럼<br/>너무 생생한 일들인데<br/>날 위한 선물 과 같던 시간<br/>다신 없을것 같아<br/>더 파랗고 저 멀던 수평선까지<br/>따가운 태양빛과 높던 파도까지<br/>설레이는 사람들 이 찾던 바다는<br/>이제 차갑게 변하네<br/>파도와 속삭이며 거닐던 해변<br/>내 발을 간지럽히고간 백사장<br/>느리게 흐르는 것 만 같던 시간<br/>너무 그리워 너무 그리워<br/>짧아진 하루 끝에<br/>서둘러온 노을 빛에<br/>익숙한 도시의 밤이 시작돼<br/>가로수에 걸린 잎들<br/>노을빛을 닮아 가면<br/>너란 이름도 멀어져<br/>파도가 덮은 모래 위에서<br/>다시 널 기다리고있어<br/>내게 다가와 또 사라지는<br/>파도와 여름의 이별<br/>더 파랗고 저 멀던 수평선까지<br/>따가운 태양빛과 높던 파도까지<br/>설레이는 사람들 이 찾던 바다는<br/>이제 차갑게 변하네<br/>파도와 속삭이며 거닐던 해변<br/>내 발을 간지럽히고간 백사장<br/>느리게 흐르는 것 만 같던 시간<br/>너무 그리워 너무 그리워<br/>짧아진 하루 끝에<br/>서둘러온 노을 빛에<br/>익숙한 도시의 밤이 시작돼<br/>가로수에 걸린 잎들<br/>노을빛을 닮아 가면<br/>너란 이름도 멀어져<br/>
"
3277,어서와,이석훈이석훈,신입사관 구해령 (MBC 수목드라마) OST - Part.3,"1,235",<dd>2019.08.21</dd>,"미소 짓는 모습에 내 가슴이 설렌다<br/>살며시 날 감싸주던 따스한 햇살처럼<br/>포근한 맘 가득히 너를 안고 싶어져<br/>조심스레 한걸음 너에게로 다가가<br/>어쩌면 너 하나로 내 모든 게<br/>이렇게 달라졌을까<br/>어떻게 내 맘 전할까<br/>어서 와 내게 내 안에 숨겨둔<br/>보석 같은 얘기들을<br/>조금씩 네게 모두 다 줄게<br/>어서 와 내게 내 안에 내려놔<br/>지난 아픔까지 모두 내가<br/>잊을 만큼 널 아껴줄 거야<br/>지친 나의 하루에<br/>밝은 빛이 내려와<br/>텅 빈 나의 마음을 너로 가득 채운다<br/>어쩌면 너 하나로 내 모든 게<br/>이렇게 달라졌을까<br/>어떻게 내 맘 전할까<br/>어서 와 내게 내 안에 숨겨둔<br/>보석 같은 얘기들을<br/>조금씩 네게 모두 다 줄게<br/>어서 와 내게 내 안에 내려놔<br/>지난 아픔까지 모두 내가<br/>잊을 만큼 널 아껴줄 거야<br/>많고 많은 사람 중에<br/>나를 찾아와준 너<br/>고맙단 말론 부족해<br/>어떤 말로 표현할까<br/>어서 와 내게 두 손을 잡아봐<br/>그리고 나를 바라봐<br/>너를 위해 내 모든 걸 다 줄게<br/>어서 와 내게 내게로 다가와<br/>지난 아픔까지 모두 내가<br/>잊을 만큼 널 사랑할 거야<br/>
"
3278,수줍은 사랑,타르트타르트,수줍은 사랑,138,<dd>2019.08.21</dd>,"왠지 오늘은 집에 있기 싫어<br/>너에게 난 전화를 했는데<br/>너의 반가움이 가득한 목소리가 좋아<br/>난 설레였어<br/>예쁘게 화장을 하고서<br/>거울속 환하게 웃는 나<br/>처음 느껴보는 이런 감정이<br/>사랑인걸까<br/>버스타고 약속장소로 가는데<br/>심장소리 점점 크게 들려오고 있어<br/>나의 두볼은 붉게 변해<br/>나 얼굴에 전부 티나잖아<br/>너를 좋아하는 맘<br/>시간이 이렇게 빨리가는지<br/>이제 막 만난것 같아<br/>사람따라 시간의 속도가<br/>변한단 그말 이거니<br/>지금은 무엇을 먹던지<br/>지금은 어디에 있던지<br/>아무 상관없어 그냥<br/>니 눈만 보고만 있어<br/>버스타고 약속장소로 가는데<br/>심장소리 점점 크게 들려오고 있어<br/>나의 두볼은 붉게 변해<br/>나 얼굴에 전부 티나잖아<br/>너를 좋아하는 맘<br/>매일 너의 곁에 너와 함께라면<br/>얼마나 난 좋을까 부러울 게 없겠지<br/>너와 나 솔직해지자 <br/>널 좋아하고 있어<br/>집에가는 버스정류장 앞에서<br/>아쉬워서 마음 애태우고 있는거야<br/>갑자기 나의 손을 잡고<br/>내일 여기에서 다시 만나<br/>내 맘 터질 것 같아<br/>
"
3279,우후,황푸하황푸하,우후,57,<dd>2019.08.21</dd>,"비가 그친 오후에<br/>해가 다시 뜬 후에<br/>창문 밖을 조심스럽게<br/>눈 보다도 훨씬 더<br/>깨끗하게 들리는<br/>지저귀는 새소리를 들어봐<br/>눈을 감고 들어봐<br/>오 뜨거운 햇살 그 아래서<br/>Love you love you<br/>오 넓은 도로 한복판에서<br/>Love you love you<br/>혹시 너희 동네에<br/>아직 비가 온다면<br/>조금만 더 기다려줄래<br/>어제보다 훨씬 더<br/>선명해진 무지개<br/>그대에게 가져다줄게<br/>조금만 더 기다려<br/>오 뜨거운 햇살 그 아래서<br/>Love you love you<br/>오 도저히 멈출 수 없다네<br/>Love you love you<br/>오 시작된거야<br/>그치지 않을 것 같던 비<br/>가 씻어준거야<br/>이제 너를<br/>온전히 볼 수 있을거라고<br/>오 그대여 용기를 내어<br/>Come to me Come to me<br/>오 우리의 사랑은 완벽해<br/>Proud love Proud Love<br/>I am waiting for you<br/>waiting for you<br/>waiting for you<br/>waiting for you<br/>
"
3280,사랑은 시가 되고 이별은 노래가 돼,언어의정원언어의정원,하트브레이크마켓 OST Part.2,205,<dd>2019.08.21</dd>,"너를 보내고 돌아섰더니 <br/>하얀 겨울이 성큼 다가오더라<br/>쌓인 눈이 어찌나 아프던지 <br/>그때 처음 느꼈네 우리 이별 했구나<br/>우리도 헤어지게 될 거라는 <br/>너의 뻔한 말이 나는 싫었고<br/>그저 못들은 척 <br/>나는 모르는 척 하고 싶었어<br/>사랑은 시가 되었고 <br/>이별은 노래가 됐네<br/>우리 사랑이 노래가 될 줄 몰랐어<br/>그대에게 기대어 꿈꾸던 시간들은 <br/>정말 행복했었네<br/>그리움은 별이 되고 <br/>별은 노래가 됐네<br/>우리 이별 다시 시가 될 순 없겠지<br/>그대에게 기대어 시를 쓰던 그때는 <br/>정말 행복했었네<br/>사랑은 시가 되었고 <br/>이별은 노래가 됐네<br/>언젠가 우리 사랑도 노래 되겠지<br/>그대에게 기대어 사랑의 시를 썼지 <br/>정말 행복했었네<br/>웃음이 많았었던 그대 <br/>돌아갈 수 없는 그 때<br/>
"
3281,"떨리던 첫 키스와 (feat.김디에나, 엄민지)",버블 시스터즈버블 시스터즈,떨리던 첫 키스와,123,<dd>2019.08.21</dd>,"잘 알잖아<br/>기억은 이렇게 맨날<br/>눈물이 되 어렵게<br/>나쁜 꿈과<br/>좀 멀어져도 되 그만<br/>늘 오늘만 생각해<br/>긴 여름의 마지막<br/>소나기처럼 와<br/>흠뻑 젖은 상처도<br/>그리워질 거야<br/>떨리던 첫 키스와<br/>손이 닿아 설레던 어떤 하루가<br/>가끔 더 아프 단 말<br/>괜히 더 슬퍼 싫어<br/>우연히 만난 너와<br/>한참을 걸어 멈췄던 그 때로<br/>여름 밤을 걸으며 웃고 싶어<br/>모르니까<br/>힘든 건 당연해 나만<br/>제자리면 어떡해<br/>미웠나 봐<br/>꽤 차가웠던 너 보다<br/>더 괴로워 미안해<br/>잊으려는 노력과<br/>늘 부딪히는 나<br/>잠을 설친 버릇도<br/>너 때문 인 거야<br/>떨리던 첫 키스와<br/>손이 닿아 설레던 어떤 하루가<br/>가끔 더 아프 단 말<br/>괜히 더 슬퍼 싫어<br/>우연히 만난 너와<br/>한참을 걸어 멈췄던 그 때로<br/>여름 밤을 걸으며 웃고 싶어<br/>더운 맘의 추억은<br/>얼어붙은 맘<br/>다 녹였나 봐<br/>다시 보고 싶어 난<br/>떨리던 첫 키스와<br/>손이 닿아 설레던 어떤 하루가<br/>가끔 더 아프 단 말<br/>괜히 더 슬퍼 싫어<br/>우연히 만난 너와<br/>한참을 걸어 멈췄던 그 때로<br/>여름 밤을 걸으며 웃고 싶어<br/>얼마나 더 지나면 괜찮을까<br/>
"
3282,Black Diamond (Prod.Takers),임정희임정희,우아한 가 OST Part.1,"1,534",<dd>2019.08.21</dd>,"모든 게 무너져가는 밤<br/>I never go there<br/>아무일 없었던 것처럼<br/>You came to my dream<br/>Fly away<br/>지독한 욕망이 가득 찬<br/>이곳을 벗어나<br/>우리의 Paradise<br/>Black Diamond<br/>너와나의 그곳으로<br/>Black Diamond<br/>우리 둘만의 Paradise<br/>먼지 덮인 이 도시위로<br/>비추는 Sunrise<br/>저곳으로 가면 모두다<br/>이루어질까<br/>Fly away<br/>오늘밤 나를 데려가줘<br/>이대로 날아가<br/>우리의 Paradise<br/>Black Diamond<br/>너와나의 그곳으로<br/>Black Diamond<br/>우리 둘만의 Paradise<br/>
"
3283,옛사랑,정수리 프로젝트정수리 프로젝트,정수리 프로젝트,38,<dd>2019.08.21</dd>,"마지막 널 보던 날<br/>이별 앞에서 울던 날<br/>나의 마음은 변한 게 하나 없는데<br/>사랑은 왜 변해 가는지<br/>이별은 다 지나면 된다고<br/>아픔은 아주 잠시 뿐이라고<br/>위로 해주며 힘든 울음 참으며<br/>돌아서던 기억이 나서<br/>미안해 자꾸 니가 떠올라서<br/>옛사랑 그거 하나 잊지 못해서<br/>꾹 참아 아니 모두 지울게<br/>네게 있었던 미안함도 모두<br/>이별은 다 지나면 된다고<br/>아픔은 아주 잠시 뿐이라고<br/>위로 해주며 힘든 울음 참으며<br/>돌아서던 기억이 나서<br/>미안해 자꾸 니가 떠올라서<br/>옛사랑 그거 하나 잊지 못해서<br/>꾹 참아 아니 모두 지울게<br/>네게 있었던 미안함도<br/>지금도 널 잊는다지만<br/>항상 늘 널 잊는다지만<br/>애를 쓰고 참아보려고 해도<br/>추억이 자꾸 생각나서<br/>미안해 자꾸 니가 떠올라서<br/>옛사랑 그거 하나 잊지 못해서<br/>꾹 참아 아니 모두 지울게<br/>네게 있었던 미안함도 모두<br/>
"
3284,내겐 단 한 사람,시슬리시슬리,내겐 단 한 사람,1,<dd>2019.08.21</dd>,"가슴 깊이 묻어 두었던<br/>말들을 꺼내려해<br/>밤은 더 깊어져<br/>하나 둘씩 켜지는 네온싸인<br/>비취는 빛들이 내 맘 구석구석<br/>숨겨놓았던 말들을 꺼내게해<br/>너와 함께 하는 시간은<br/>그 무엇과도 비교할 수 없는 시간<br/>멀리 있어도<br/>그리워도<br/>늘 내옆에 있는 것만 같아<br/>오랜시간 힙겹게 널 밀어냈었지<br/>내 마음에 두지 않으려고<br/>생각이 나면 애써 다른 생각으로<br/>억지 웃음으로<br/>슬픈 안색을 지우려 했어<br/>그런 노력들이 왜 내겐 더<br/>큰 의미로 다가오는 걸까<br/>많은 사람들이 내게 스쳐 지나가고<br/>나에게 좋은 것들을 주지만<br/>내겐 단 한 사람 너 뿐이야<br/>내 마음을 채울수 있는 사람<br/>오늘도 깊어진 밤 두손 모아 기도해<br/>같은 마음으로 같은 사랑으로<br/>영원히 변치 않을거라고<br/>내겐 단 한사람 늘 생각나고<br/>보고싶은 사람<br/>너란 이름의 기억이<br/>내 인생에 전부라고<br/>내겐 단 한 사람 내겐 단 한 사람<br/>내겐 단 한 사람 너 뿐이야<br/>
"
3285,어떻게 해야 돼,재준재준,어떻게 해야 돼,30,<dd>2019.08.21</dd>,"꿈인 줄 알았는데<br/>우연히 너를 길에서 본 게<br/>너는 그대로인데<br/>나만 혼자 많이 변한 것 같아<br/>이제 다시 돌아오지 않는<br/>함께했던 좋았던 기억들<br/>아직까지 내 가슴에 남아 있어<br/>지워지지 않았으면 해<br/>어떻게 해야 돼<br/>이제는 잊혀져 가는<br/>우리 함께했던 그 모든 시간들이<br/>난 니가 없는 현실에 눈을 떠<br/>돌아가고 싶어 좋았던 그때로 다시<br/>계절이 지날수록<br/>그때의 우리는 멀어져 간다<br/>이제 다시 돌아오지 않는<br/>함께하잔 모든 약속들이<br/>아직까지 내 가슴에 남아 있어<br/>모든 게 어제 같은데<br/>어떻게 해야 돼<br/>이제는 잊혀져 가는<br/>우리 함께했던 그 모든 시간들이<br/>난 니가 없는 현실에 눈을 떠<br/>돌아가고 싶어 좋았던 그때로 다시<br/>우리 함께 했던 시간들<br/>이젠 남아있지 않지만<br/>다시 돌아가 보고 싶어<br/>어떻게 해야 돼<br/>그때로 돌아가려면<br/>나는 다 버릴 수 있는데<br/>나의 행복마저 다 필요 없어<br/>너만 있으면 돼<br/>돌아가고 싶어 좋았던 그때로<br/>한 번만<br/>
"
3286,그 말,한상아한상아,모두 다 쿵따리 OST Part 5,8,<dd>2019.08.21</dd>,"겨우겨우 한숨을<br/>몰아 내쉰다<br/>어떤 한마디만 꼭 들으면<br/>쏟아질 것 같아서<br/>이별 장면 속에서<br/>누구나 그랬던 것처럼<br/>결국 소리 없는<br/>눈물이 떨어진다<br/>매일매일을 꾹 참아왔던<br/>아름답진 않아도<br/>아프지 않은 우리<br/>그런 우리 이별을<br/>기대했는데<br/>잘 가라는 그 말이<br/>너무나도 흔한 말이<br/>잘 지내라는 말이<br/>너무도 슬퍼서<br/>슬픈 그 말 때문에<br/>눈물이 쏟아져<br/>그런 말 아니면<br/>우린 아무렇지 않은데<br/>결국 소리 없는<br/>눈물이 떨어진다<br/>매일매일을 꾹 참아왔던<br/>아름답진 않아도<br/>아프지 않은 우리<br/>그런 우리 이별을<br/>기대했는데<br/>잘 가라는 그 말이<br/>너무나도 흔한 말이<br/>잘 지내라는 말이<br/>너무도 슬퍼서<br/>슬픈 그 말 때문에<br/>눈물이 쏟아져<br/>그런 말 아니면<br/>우린 아무렇지 않은데<br/>아무렇지 않은데<br/>
"
3287,너와 닮은 듯,"키올, DeePy키올, DeePy",너와 닮은 듯,12,<dd>2019.08.21</dd>,"따스한 바람이 불어<br/>너도 느끼니<br/>따스한 햇살이 내려<br/>너도 느껴지니<br/>창가에 나란히 앉아<br/>두 손 꼭 붙잡고<br/>널 바라보는 맘<br/>너도 느껴지니<br/>시린 겨울이 다 지나갈 즈음<br/>온 세상에 환한 꽃이 피어가<br/>이렇게 온종일 너와 함께<br/>숨을 쉴 수 있다는 게<br/>나에겐 얼마나 큰 행운인지<br/>느꼈으면 해<br/>하나하나 작은 습관들도<br/>너에게 맞춰가<br/>시간이 갈수록 널 닮아가<br/>내 하루에 네가 없었던 적이 없어<br/>그렇게 우린 닮아가는 중<br/>아무런 말이 없어도<br/>내겐 느껴져<br/>마주친 너의 눈빛이<br/>너무 따뜻해서<br/>자연스럽게 미소를<br/>내게 지어 보여줘<br/>아무도 모르게<br/>우리만의 언어로<br/>혼자서는 보이지 않았던<br/>모든 곳에 환한 꽃이 피어가<br/>이렇게 온종일 너와 함께<br/>손잡고 다닌다는 게<br/>너에게 얼마나 고마운지<br/>알았으면 해<br/>하나하나 작은 습관들도<br/>너에게 맞춰가<br/>시간이 갈수록 널 닮아가<br/>내 하루에 네가 없었던 적이 없어<br/>그렇게 우린 닮아가는 중<br/>
"
3288,Eyes,진성현진성현,Eyes,12,<dd>2019.08.21</dd>,"Everyday I fall asleep<br/>hoping that I never existed<br/>How meaningless a life could be<br/>if no one's 'round to be trusted<br/>Everyday I stand alone<br/>in a crowded room<br/>I'll never be accepted<br/>With no hopes and dreams<br/>And now I've gone<br/>I was wrong<br/>Nothing I could do<br/>Now that I'm gone<br/>I'm more alone<br/>Inside my eyes<br/>I see no light<br/>Don't know what could save my life<br/>from the dark<br/>Inside your eyes<br/>I see the light<br/>Never seen anything<br/>brighter than your light<br/>Although I've gone<br/>Although it's done<br/>Although I've run<br/>I see that you're here<br/>You were still here<br/>Inside my eyes<br/>I see no light<br/>Don't know what could save my life<br/>from the dark<br/>But inside your eyes<br/>I see that light<br/>Never seen anything<br/>brighter than your light<br/>Inside your eyes<br/>I see that light<br/>You're the light of the world<br/>You will shine bright<br/>I now arise be lifted high<br/>
"
3289,FM43 Diary 2019.08.10 (Feat. 김지수 Piano),FM43FM43,FM43 Diary 2019.08.10,10,<dd>2019.08.21</dd>,가사가 없습니다
3290,FM43 Diary 2019.08.09 (Feat. 김지수 Piano),FM43FM43,FM43 Diary 2019.08.09,9,<dd>2019.08.21</dd>,가사가 없습니다
3291,"Call Me (Vocal. 엘썬 (Elsun), 병길)",FM43FM43,Call Me,8,<dd>2019.08.21</dd>,"요즘 네 생각에<br/>잠 못 드는 날이<br/>너무도 많아<br/>나도 요즘 그래<br/>네 생각만 하면<br/>잠들수 없어<br/>전화를 해볼까<br/>너무 늦은 건<br/>아닐까 답답해<br/>서로 같은 생각하다<br/>전화하면 매번 통화중<br/>제발 좀 받아줘<br/>전화하란<br/>문자 한 통 남기고<br/>답장 기다리네<br/>지금 뭐하니<br/>전화해줄래<br/>Call Me now<br/>목소리 듣고 싶어<br/>반가운 목소리<br/>어디야 뭐해<br/>너무 보고 싶어<br/>나도 보고 싶어<br/>집 앞 커피숍에서<br/>잠깐 볼까<br/>Oh 보고 싶었어<br/>보고 싶었어<br/>너를 너를<br/>행복한 상상<br/>우리 두 사람<br/>영원히 함께하고 싶어<br/>Always Always<br/>이대로 우리 영원토록<br/>Oh Oh Oh Oh<br/>I Can feel your heart<br/>feel your heart<br/>Always come for you<br/>I will be with you always<br/>
"
3292,제자리 (Feat. 서예안),로연 (R.yeon)로연 (R.yeon),제자리,56,<dd>2019.08.21</dd>,"한 순간도 놓지 못했던<br/>우리 사이를 돌아보게 돼<br/>사랑한다고 착각했던<br/>지난 날의 우릴 추억해<br/>Around Around <br/>돌아 돌아<br/>여기가 있어야 할 곳인 걸<br/>Around Around <br/>돌아 돌아<br/>이제서야 제자리를 찾았어<br/>다신 돌아갈 수 없는 자리야<br/>뒤돌아보지 말기로 해<br/>손가락 사이로 새어나간<br/>우리의 추억을<br/>사랑한다고 속삭였던<br/>말이 귓가에 맴돌아<br/>맴돌다가 사라져버린<br/>우리의 사랑 같은 걸<br/>Around Around <br/>돌아 돌아<br/>여기가 있어야 할 곳인 걸<br/>Around Around <br/>돌아 돌아<br/>이제서야 제자리를 찾았어<br/>다신 돌아갈 수 없는 자리야<br/>뒤돌아보지 말기로 해<br/>손가락 사이로 새어나간<br/>우리의 추억을<br/>매일 밤을 찾아와 흔드는 너<br/>이제 그만 와줬음 해<br/>내 눈물이 그칠 수 있도록<br/>널 잊을 수 있도록 Around<br/>Around Around <br/>돌아 돌아<br/>여기가 있어야 할 곳인 걸<br/>Around Around <br/>돌아 돌아<br/>이제서야 제자리를 찾았어<br/>
"
3293,몰라,구본웅 (Ku Bon Woong)구본웅 (Ku Bon Woong),27,1,<dd>2019.08.21</dd>,"웃고 있지만 웃는게 아냐<br/>내 마음 깊숙한 슬픔<br/>초조한 마음 언제부터인지<br/>알수없는 나만의 고독<br/>어디서 왔는지 몰라<br/>어디로 가는지 몰라<br/>왜이리 힘든지 몰라<br/>언젠가 잊겠지 몰라<br/>살고 있지만 사는게 아냐<br/>이시간 그렇게 지나<br/>어쩔수 없는 이모든 것들은<br/>언젠가는 마무리 될까<br/>어디서 왔는지 몰라<br/>어디로 가는지 몰라<br/>왜이리 힘든지 몰라<br/>언젠가 잊겠지 몰라<br/>어디서 왔는지 몰라<br/>어디로 가는지 몰라<br/>왜이리 힘든지 몰라<br/>언젠가 잊겠지 몰라<br/>
"
3294,다시,Molyj (몰리제이)Molyj (몰리제이),다시,3,<dd>2019.08.21</dd>,"다시 널 볼 수 있을까<br/>헤어지자 말하던<br/>니 모습 자꾸 생각나<br/>다시 웃을 수 있을까<br/>너를 만나던 그때처럼<br/>다시 만날 수 있을까<br/>너만큼 내가 사랑할 수 있는 사람<br/>다시 사랑할 수 있을까<br/>내게 사랑은 또 없을 것 같은데<br/>우리 다시 우연히 만난다면<br/>나는 너의 두 눈 바라보면서 이제는<br/>아픈 기억 잊고서<br/>우리 다시 시작하자고<br/>우린 다시 사랑해야 한다고<br/>말하고 싶은데<br/>이젠 잊을 수 있을까<br/>그토록 내가 아파하고 슬퍼하던 날들<br/>널 그리워하던 시간들<br/>내게 언제나 숨결같던 너인데<br/>우리 다시 우연히 만난다면<br/>나는 너의 두 눈 바라보면서 이제는<br/>아픈 기억 잊고서<br/>우리 다시 시작하자고<br/>내게 돌아올 순 없니<br/>우리 다시 우연히 만난다면<br/>나는 너의 두 눈 바라보면서 이제는<br/>아픈 기억 잊고서<br/>우리 다시 시작하자고<br/>우린 다시 사랑해야 한다고<br/>말하고 싶은데<br/>
"
3295,말하지못한,20분20분,말하지못한,100,<dd>2019.08.21</dd>,"사랑이 떠나 가는 날 <br/>그리 쉽게 알지 못했어<br/>흐려지는 뒷 모습 보며<br/>그때 잡았었다면<br/>사랑한단 말을 아끼지 말 걸<br/>돌아서서 후회 할 지 몰랐어 그래<br/>눈물이 앞을 가려와 <br/>흐려져가는 널 못 잡아 <br/>사랑해 널 사랑해 <br/>말해주고 싶던 날 알아줘 <br/>우리가 헤어지는 날<br/>이미 늦었단 걸 몰랐어<br/>떨려오는 소릴 들으며<br/>그때 말했었다면<br/>잘 가 라는 말을 하지를 말 걸 <br/>뒤돌아서 후회 할지 몰랐어 그래<br/>눈물이 앞을 가려와 <br/>흐려져가는 널 못 잡아 <br/>사랑해 널 사랑해 <br/>말해주고 싶던 날 알아줘 <br/>나도 모르게 너로 가득한 내 기억 속엔<br/>아름다운 니가 서 있어 <br/>그 날의 너를 또 다시 꺼내 보곤해<br/>눈물로 너를 불러봐 <br/>너는 나보다 아플테니<br/>미안해 또 미안해 <br/>더 잘해주지 못한 날 잊어줘<br/>마지막까지 미안해<br/>
"
3296,사모통,차후니차후니,사모통 (思母痛),0,<dd>2019.08.21</dd>,"어머니 그리울 때면<br/>하늘을 바라봅니다<br/>허전한 내 마음이 달래질 때까지<br/>백년이 흘러도 그 모습 처음처럼<br/>내 인생 지켜준 버팀목 존재였네<br/>나의 어머니 어머니<br/>우리 어머니 어머니<br/>당신을 사랑합니다<br/>당신을 이해합니다<br/>어려서 몰랐지만 이제는 알겠네요<br/>어머니 마음을 어머니 눈물을<br/>성장해 성공해 호강을 약속했는데<br/>바람에 뿌리는 한숨이 돼버렸소<br/>나의 어머니 어머니<br/>우리 어머니 어머니<br/>당신을 사랑합니다<br/>가슴에 조각합니다<br/>무심코 잡아봤던 파리한 손마디가<br/>오늘더 아파서 오늘더 그리워<br/>
"
3297,소울메이트,윤익형윤익형,소울메이트 (SoulMATE),11,<dd>2019.08.21</dd>,"사랑 외로웠을 너에게 그 사랑<br/>보여줄께 내마음 사랑 사랑 그사랑<br/>널 처음 만난순간<br/>난 너를 느꼈었어<br/>느낌이 다른<br/>뭔가 조금 다른<br/>말할수 없는 느낌<br/>난 매일 혼자였었지<br/>그게 너무 당연한듯<br/>맘 깊은 곳에 혼자란 외로움을<br/>늘 담고 살았었지<br/>사랑 외로웠을 너에게<br/>그 사랑 보여줄께 내 마음<br/>나도 너를 기다려왔어<br/>다신 없을 나만의 사랑<br/>난 너만 있으면돼<br/>사랑 약속할게 너에게<br/>그 사랑 변함없을거라고<br/>세상 모든 것들 변해도<br/>모든것들 달라져가도<br/>난 너와 있을꺼야<br/>사랑 외로웠을 너에게<br/>그 사랑 보여줄께 내마음<br/>나도 너를 기다려왔어<br/>다신 없을 나만의 사랑<br/>난 너만 있으면돼<br/>사랑 약속할게 너에게<br/>그 사랑 변함없을거라고<br/>세상 모든 것들 변해도<br/>모든것들 달라져가도<br/>난 너와 있을꺼야<br/>난 기다려왔고 널 만나게됐지<br/>이젠달라 이전의 내 삶<br/>사소한 하나까지 모두다<br/>달라질걸 달라진걸<br/>사랑 세상 그 무엇보다<br/>날 달라지게 하는거란걸<br/>내가 가진 모든 것보다<br/>의미있는 한 가지<br/>너와 나 함께란걸 알아<br/>이젠 모든게 변해<br/>이전의 외로운 난 없단걸<br/>세상 그 무엇보다<br/>결코 변하지않을 가치있는 한가지<br/>사랑 약속할게 너에게<br/>그 사랑 변함없을거라고<br/>세상 모든 것들 변해도<br/>모든것들 달라져가도<br/>난 너와 있을꺼야<br/>약속해 약속해<br/>
"
3298,설레는 마음 2 (Prod. by 김하영),배하영배하영,"With You 14, 설레는 마음 2",5,<dd>2019.08.21</dd>,"예쁜 옷을 입고<br/>설레는 맘으로 널 기다려<br/>이 시간이 빨리 가기를<br/>너와 있을 때면<br/>낯설은 모습의 내가있어<br/>이 시간이 영원하기를<br/>너를 보면 한없이 기쁘다<br/>나도 몰래 갑자기 불안해져<br/>너와 함께 하는 시간들이<br/>한순간 꿈처럼 사라질까<br/>사소한 너의 표정과 말투가<br/>내게는 너무 커다래<br/>널보는 매 순간 매 시간이<br/>행복한 꿈으로 남길<br/>너와 있을 때면<br/>낯설은 모습의 내가있어<br/>이시간이 영원하기를<br/>너를 보면 한없이 기쁘다<br/>나도 몰래 갑자기 불안해져<br/>너와 함께 하는시간들이<br/>한순간 꿈처럼 사라질까<br/>사소한 너의 표정과 말투가<br/>내게는 너무 커다래<br/>널보는 매 순간 매 시간이<br/>행복한 꿈으로 남길<br/>웃을때 너의 보조개 입꼬리<br/>내 눈엔 너만 보이고<br/>널 향한 내 맘이 내 꿈들이<br/>그대와 하나가 되기를<br/>
"
3299,아샷추 (Feat. 홀반),앵무앵무,아샷추,5,<dd>2019.08.21</dd>,"뜨거운 바람이 부는 한 여름<br/>어떤걸 마셔야 잘마셨다 소문날까<br/>아메리카노<br/>아이스티<br/>도저히 고를 수가없어<br/>요즘 카페에<br/>신기한 메뉴가 있다던데<br/>어떤 메뉴일까<br/>한 참을 고민끝에<br/>결정한 바로 그메뉴<br/>어떤 맛일까<br/>시원한 커피와 아이스티가<br/>생각나는 무더운 여름날<br/>어떤걸 마셔야 좋을지<br/>상큼한 아이스티에<br/>커피를 넣어보면 어떨까<br/>아마도 이런 기분일까<br/>이런 기분일까<br/>이런 기분일까<br/>신기한 메뉴를 먹어본 지금<br/>이맛을 어떻게 표현을 해야할지<br/>상큼한 느낌<br/>오묘한 이맛<br/>도저히 표현 할수없어<br/>요즘 사람 들은 맛있게 마신다던데<br/>아직 모르겠어<br/>한참을 고민끝에<br/>다시 주문한 그메뉴<br/>한번더 마셔볼까<br/>시원한 커피와 아이스티가<br/>생각나는 무더운 여름날<br/>어떤걸 마셔야 좋을지<br/>상큼한 아이스티에<br/>커피를 넣어보면 어떨까<br/>아마도 이런 기분일까<br/>이런 기분일까<br/>이런 기분일까<br/>이런 기분일까<br/>이런 기분일까<br/>이런 기분일까<br/>이런 기분일까<br/>
"
3300,너의 손을 놓을 때,FIRSE (퍼즈)FIRSE (퍼즈),너의 손을 놓을 때,5,<dd>2019.08.21</dd>,"갈색 계단을 올라<br/>나무가 푸른 정원을 지나서<br/>음악이 예쁜 카페에<br/>마주한 우린 이별할 준비를<br/>그날도 너는 예뻤고<br/>너의 그 미소에 난 반했고<br/>네가 가르쳐 준 행복<br/>잃어버리긴 싫었어<br/>드라마 같았어<br/>바이올린 소리 흐르던 그때<br/>너의 눈에서 반짝인 눈물이 흘러<br/>그 장면에 더욱 넌 빛났어<br/>그래 우린 여기까진가봐<br/>힘들게 들린 니 마지막 그 말<br/>그때가 바로 니 손을 놓을 때<br/>마지막으로 널 안을 수 밖에<br/>드라마 같았어<br/>바이올린 소리 흐르던 그때<br/>너의 눈에서 반짝인 눈물이 흘러<br/>그 장면에 더욱 넌 빛났어<br/>그래 우린 여기까진가봐<br/>힘들게 들린 니 마지막 그 말<br/>그때가 바로 니 손을 놓을 때<br/>마지막으로 널 안을 수 밖에<br/>영원히 너를 잊을 수 없게<br/>
"
