4201,그래(Done),9wan9wan,그래(Done),55,<dd>2019.06.19</dd>,"나는 너를 잃고 살았어<br/>지워보려한 모든 순간들<br/>액자 속에 갇힌 기억이<br/>지금도 내게 속삭이고 있어<br/>행복했던 추억이 상처가 된 오늘로<br/>남겨지는 것이 두려워었고<br/>이럴수록 나에게 떠나라고했지만<br/>잡아달라 잡아주라 애원했었잖아<br/>그래 울어도 볼게 그래 웃어도 볼게<br/>이게 너와 나의 이별이라면 난<br/>우리의 사랑했던 날이<br/>유난히 따듯하게 남겨진 오늘 밤<br/>우리 둘이 끄적인 하얀 종이 위에는<br/>사랑한단 말이 지금도 숨을 쉬고<br/>아직까지 내 마음을 떠나려 하지 않아<br/>가지마라 가지마라 붙잡았었잖아<br/>그래 울어도 볼게 그래 웃어도 볼게<br/>이게 너와 나의 이별이라면 난<br/>우리의 사랑했던 날이<br/>유난히 따듯하게 남겨진 오늘 밤<br/>부탁했어 널 꽉 끌어안아보자고<br/>한번만<br/>이젠 아프지 않게 너를 지워버릴게<br/>이게 너와 나의 마지막이라면 난<br/>우리의 행복했던 날이<br/>이제는 잊혀지는 거라고 안녕<br/>
"
4202,남은 이야기 (Feat.이주희),피오니 (piony)피오니 (piony),남은 이야기,26,<dd>2019.06.19</dd>,"내가 좀 바보 같았었나봐<br/>너를 쉽게 잊을 거라 생각했었어<br/>이상하게 하루 또 하루 지나서<br/>벌써 한참이 지났는데도 아직<br/>우리 사소한 기억들 웃고 떠들던 말들<br/>평범했던 그 모든 게 날 아프게 해<br/>다시 그때로 돌아갈 수 있다면<br/>다시 그대 곁에 머물 수 있다면<br/>그대도 아직 날 그리워 할 거란<br/>말도 안 되는 헛된 기대들로<br/>날 채우게 되<br/>니가 자꾸 내 꿈에 나타나<br/>내게 웃어주며 꼭 안아줬었어<br/>자신있게 날 떠나라고 말했는데<br/>왜 나는 이렇게 니가 자꾸<br/>생각나는지<br/>너를 미워하려 해도 지우려 해도<br/>너처럼 안돼 난 안되는 가봐<br/>다시 그때로 돌아갈 수 있다면<br/>다시 그대 곁에 머물 수 있다면<br/>그대도 아직 날 그리워 할거란<br/>말도 안 되는 헛된 기대들로 난 아직<br/>내 마음이 내 감정이<br/>생각대로 안 되서<br/>다시 난 너를 찾고 또 널 그리고<br/>너 없이는 나 안될 것 같아<br/>다시 그때로 돌아갈 수 있다면<br/>다시 그대 곁에 있어 달라고<br/>그동안 계속 날 그리워했다며<br/>예전의 따뜻한 내 사람으로<br/>돌아와줘<br/>
"
4203,진심(feat.장연정),나란히나란히,나란히프로젝트,13,<dd>2019.06.19</dd>,"오늘도 힘겨운 하루 끝<br/>억지로 눈을 감아봐<br/>나오려는 눈물을 삼키고<br/>한번도 상상한적 없는<br/>우리의 마지막 인사<br/>너의 그늘 그 안에 살아 숨 쉬던<br/>지난 날 그때 우리 다시 볼수없겠지<br/>이제 나만의 널 보내줘야 해<br/>이제는 지워야 겠지<br/>니가 있어 견뎌 왔었던<br/>차갑고 어두운 힘겨운 나의 세상을<br/>이제는 멀어져 가는 너의 뒷모습보며<br/>너의 이름만 입속에 맴돌아<br/>그때의 그날의 너에게<br/>돌아갈수있다면<br/>날 밀쳐 내려던 널 꼭 안아줄게<br/>이제는 지워야 겠지<br/>니가 있어 견뎌왔었던<br/>차갑고 어두운 조각난 나의 세상을<br/>이제는 멀어져 가는<br/>너의 뒷모습 보며<br/>너의 이름만 입속에 맴돌아<br/>널 붙잡지 못하고 서서<br/>하염없이 눈물만 흘리는 나<br/>이제는 무너져 가는<br/>너와 나의 모든 순간이<br/>미워도 미워할수 없는<br/>상처로 가슴에 남아<br/>지워도 지워지지 않는<br/>너의 향기만 남아<br/>아직 까지도 널 기다리고 있어<br/>
"
4204,우리의 밤을 외워요,카더가든카더가든,우리의 밤을 외워요,"15,931",<dd>2019.06.18</dd>,"하루를 세며 돌아보던 길 위에서<br/>먼 걸음을 그만두려고 해요<br/>우리는 우리 그대로일 거란 말이<br/>속상하고 야윈 날 안아 주길<br/>하지만<br/>다가온 이별을 알아요<br/>밤 비 조금 멎을 때면<br/>나는 언젠가 돌아보게 될<br/>우리의 밤을 외워요<br/>알아요 나는 이해해볼 수 있어<br/>계절 끝에 묻어 나온 투정도<br/>나는<br/>다가온 이별을 알아요<br/>밤 비 조금 멎을 때면<br/>나는 언젠가 돌아보게 될<br/>우리의 밤을 외워요<br/>버틸 수도 붙잡을 수도<br/>없을 만큼 멀어<br/>나는<br/>다가온 이별을 알아요<br/>밤 비 조금 멎을 때면<br/>나는 언젠가 돌아보게 될<br/>우리의 밤을 외워요<br/>서툴고 밉게 사랑하던 맘 닫아요<br/>외워 둔 채 언제 그 언젠가는<br/>꺼내요<br/>
"
4205,술이 문제야,"장혜진, 윤민수(바이브)장혜진, 윤민수(바이브)",술이 문제야,"141,997",<dd>2019.06.18</dd>,"그리워서 한 잔<br/>생각나서 한 잔<br/>내 눈물 섞어 한 잔<br/>또 한 잔 마시다<br/>우리 옛 추억에 취해<br/>독한 네 사랑에 취해<br/>너의 전화 번홀 누르게 돼<br/>아마 받지 않겠지만<br/>미안해<br/>술이 문제야 문제<br/>자꾸 너를 떠올리게 해<br/>술이 문제야 문제<br/>자꾸 네가 생각나게 해<br/>정말 미친 듯이 보고 싶어 한 잔<br/>정말 미친 듯이 그리워서 한 잔<br/>한 잔 두 잔 기울이면<br/>너의 기억 모두 끊어질까 봐<br/>술 한잔했어요<br/>잊어보려 한 잔<br/>지워보려 한 잔<br/>내 눈물 섞어 한 잔<br/>또 한 잔 마시다<br/>흐릿한 얼굴에 취해<br/>희미한 기억에 취해<br/>다시 전화 번홀 누르게 돼<br/>절대 받지 않겠지만<br/>미안해<br/>술이 문제야 문제<br/>자꾸 너를 떠올리게 해<br/>술이 문제야 문제<br/>자꾸 네가 생각나게 해<br/>정말 미친 듯이 보고 싶어 한 잔<br/>정말 미친 듯이 그리워서 한 잔<br/>한 잔 두 잔 기울이면<br/>너의 기억 모두 끊어질까 봐<br/>나 맨정신에 살 수 없어서<br/>술 한잔했어요<br/>나 제정신에 살 수 없어서<br/>술 한잔했어요<br/>딱 한 잔만 딱 한 잔만<br/>딱 한 잔만 더 마시면<br/>너 돌아올까 봐<br/>미안해<br/>다 내가 문제야 문제<br/>바보같이 널 또 기다려<br/>아니야 내가 문제야 문제<br/>아직까지 너만 사랑해<br/>정말 보고 싶은 너를 위해 한 잔<br/>정말 사랑했던 우릴 위해 한 잔<br/>한 잔 두 잔 기울이면<br/>너의 기억 모두 끊어질까 봐<br/>술 한잔했어요<br/>
"
4206,내 맘 같지 않네요 (Feat.나고은),런치박스(lunCHbox)런치박스(lunCHbox),내 맘 같지 않네요,386,<dd>2019.06.18</dd>,"가끔 생각이 날 때<br/>생각하는 건 괜찮겠지<br/>오늘 날씨 탓이라고<br/>어제도 그랬는데<br/>또 며칠째<br/>멍하니 그러고 있는데<br/>이런 날이 늘어만 가는데<br/>멀쩡한 줄 알았던<br/>내가 좀 이상해<br/>내 맘이 내 맘 같지 않네요<br/>말을 듣지 않죠<br/>어떡하죠<br/>이러면 안 되는 걸 알고 있는데<br/>쉽지 않네요<br/>몰래 찾아보곤 해<br/>너는 어떻게 지내는지<br/>벌써 아무렇지 않은<br/>네 사진 속에 이제<br/>나는 없는데<br/>참 많이 힘들었는데<br/>너 때문에 많이 울었는데<br/>우린 다시 만나도<br/>안 될 것 같은데<br/>내 맘이 내 맘 같지 않네요<br/>말을 듣지 않죠<br/>어떡하죠<br/>이러면 안 되는 걸 알고 있는데<br/>쉽지 않네요<br/>보고 싶어 하면 안 돼<br/>많이 아파했는데<br/>왜<br/>내 맘이 내 맘 같지 않네요<br/>말을 듣지 않죠<br/>어떡하죠<br/>이러면 안 되는 걸 알고 있는데<br/>쉽지 않네요<br/>정말 미워했는데<br/>왜 그랬는지 잊곤 해<br/>끝내 변하지 않는 건<br/>나의 그 시절이 너였다는 거<br/>
"
4207,그댄 내꺼라고 말하는 거예요,진영진영,퍼퓸 OST Part.5,"2,973",<dd>2019.06.18</dd>,"아차 하는순간 모든게 변했어<br/>온종일 그대는 내 주윌 맴돌고 <br/>뭔가에 홀린듯 너 없는 하루<br/>그 일분 일초가 난 견딜수 없어<br/>너무 그리워서<br/>보이나요 꿈에서라도<br/>난 그대를 만나겠죠<br/>들리나요 부르고 있잖아<br/>그대의 등 뒤에서<br/>다시 말할게요<br/>그댄 내꺼라고 말하는 거예요<br/>생각날때마다 새어나오는 내 눈물은<br/>무너질때마다 일으켜준건 그대라서<br/>힘이 들때마다 웃게해준건 그대라서<br/>내 심장이 내 눈물이 내 기억이<br/>그대를 찾기에 오늘도<br/>보이나요 꿈에서라도<br/>난 그대를 만나겠죠<br/>들리나요 부르고 있잖아<br/>그대의 등 뒤에서<br/>다시 말할게요<br/>그댄 내꺼라고 말하는 거예요<br/>생각날때마다 새어나오는 내 눈물은<br/>내 맘에 들어와요 내게로 걸어와요<br/>조금만 더 서둘러서<br/>나 기다리고 있으니까<br/>힘이 들면 내 어깨에 기대도돼<br/>내 모든 하루는 너를 위해 여기 있으니까<br/>설마 하는 순간 모두 달라졌어<br/>어쩌면 모든게 정해진 운명처럼<br/>그대가 내게 다가온 그날<br/>그때를 난 기억해 마치 어제처럼<br/>
"
4208,처음엔 그냥,정이한 (더 넛츠)정이한 (더 넛츠),처음엔 그냥,896,<dd>2019.06.18</dd>,"흔하고 흔한 이별 다 괜찮아<br/>한번 크게 놀면<br/>언제 그랬냐는듯 다시 내 모습을<br/>찾게돼 별것 아닌 이별아<br/>처음엔 그냥 다 거짓말 같았어<br/>믿기지 않아서 마음도 편안했어<br/>하지만 시간이 갈수록 커져만가는<br/>그리움속에 갇혀있는<br/>나를 아는지<br/>하루가 끝나가는 이 시간에<br/>매일 전화하던<br/>너는 어디에 있니 믿을 수가 없어<br/>하루가 일년같은 나인데<br/>처음엔 그냥 다 거짓말 같았어<br/>믿기지 않아서 마음도 편안했어<br/>하지만 시간이 갈수록 커져만가는<br/>그리움속에 갇혀있는<br/>나를 아는지<br/>눈감으면 너의 웃는 모습이<br/>떠올라서 미칠 것만 같은데<br/>처음엔 그냥 다 거짓말 같았어<br/>믿기지 않아서 마음도 편안했어<br/>하지만 시간이 갈수록 커져만가는<br/>그리움속에 갇혀있는<br/>나를 아는지<br/>
"
4209,그대가 오네,폴림(Paul Lim)폴림(Paul Lim),그대가 오네,58,<dd>2019.06.18</dd>,"너를 처음 보았던 그 순간부터<br/>너와 사랑을 하는 상상을 했어<br/>심장이 너무 크게 뛰는 것 같아<br/>처음 느껴본 감정인 것 같아<br/>너도 나와 같기를<br/>서로 맘이 같았으면<br/>그런 상상을 해<br/>사랑의 시작이 어려웠던<br/>그 한 남자에게<br/>운명이라 믿고 싶은<br/>유치한 생각을 해<br/>사랑을 몰랐었던 그 이야기 속에<br/>꽃처럼 아름다운 눈을 가진<br/>그대가 오네<br/>따스한 네 눈빛 조용한 미소<br/>너의 모든 것들이 날 행복하게 해<br/>네가 내 옆에 있기를<br/>스쳐 지나지 않았으면<br/>그런 상상을 해<br/>사랑의 시작이 어려웠던<br/>그 한 남자에게<br/>운명이라 믿고 싶은<br/>유치한 생각을 해<br/>사랑을 몰랐었던 그 이야기 속에<br/>꽃처럼 아름다운 눈을 가진<br/>그대가 오네<br/>사랑을 한다는 건 나에겐<br/>너무 어려운 일들 중 하나인데<br/>예전 모습 더 이상 신경 쓰지 않아<br/>이제는 나 널 사랑할래<br/>처음으로 누군가<br/>행복하게 해주고 싶어져<br/>언제나 너의 곁에서<br/>웃게 해 주고 싶어<br/>너와 나 같은 곳을 보고 걸었으면 해<br/>너무 빠르지 않게 맞춰서 걸어갈게<br/>사랑의 시작이 어려웠던<br/>그 한 남자에게<br/>운명이라 믿고 싶은<br/>유치한 생각을 해<br/>사랑을 몰랐었던 그 이야기 속에<br/>꽃처럼 아름다운 눈을 가진<br/>그대가 오네<br/>
"
4210,답답한 마음,윤서 (Yun Seo)윤서 (Yun Seo),답답한 마음,7,<dd>2019.06.18</dd>,"더는 후회하고 싶지 않아서<br/>그렇게 내가 원하는 걸 하는데<br/>위로는 커녕 왜 부정의 시선으로<br/>바라보며 반대만 하나요 우<br/>그냥 지켜봐주면 안되나요<br/>내가 어떤 길을 걸어가는지<br/>당신의 뜻을 강요하진 말아요<br/>나의 꿈은 내가 이뤄나가는 거니까<br/>오직 나의 꿈은 당신이 아닌 내가<br/>정하는 거예요 그게 뭐든지<br/>더는 눈물흘리고 싶지 않아서<br/>뒤늦게 내가 원하는 걸 하는데<br/>왜 자꾸 당신은<br/>내가 하기 싫은 일들을<br/>강요하며 반대만 하나요 우<br/>그냥 지켜봐주면 안되나요<br/>내가 어떤 길을 걸어가는지<br/>당신의 뜻을 강요하진 말아요<br/>나의 꿈은 내가 이뤄나가는 거니까<br/>오직 나의 꿈은 당신이 아닌 내가<br/>정하는 거예요 그게 뭐든지<br/>내가 진정으로<br/>원하는 걸 하지 않으면<br/>숨이 막혀 죽을 것만 같은데<br/>정말 내 행복을 원한다면<br/>내가 진정으로<br/>하고 싶은 일을 하게 두세요<br/>당신의 뜻을 강요하진 말아요<br/>나의 꿈은 내가 이뤄나가는 거니까<br/>오직 나의 꿈은 당신이 아닌 내가<br/>정하는 거예요 그게 뭐든지<br/>
"
4211,두근 두근,ShaviShavi,두근 두근,3,<dd>2019.06.18</dd>,"두근거리는 설레임<br/>널 바라보는 눈빛도<br/>온통 핑크 빛 세상이 눈 앞에 펼쳐져<br/>널 만나러 가는 길에<br/>내 심장은 터질 것만 같아<br/>왜 이렇게 두근대는지<br/>정말 모르겠어<br/>설레어 설레어 내 맘 가득한 설렘이<br/>그댈 바라보는 내 맘<br/>두근 두근 설레네<br/>네 손 붙잡고 걸으며<br/>널 바라보면 심쿵해<br/>온통 핑크 빛 세상이 눈 앞에 펼쳐져<br/>상큼한 오렌지처럼<br/>부드럽고 달콤한 아이스크림처럼<br/>왜 이렇게 기분 좋은지<br/>정말 모르겠어<br/>설레어 설레어 내 맘 가득한 설렘이<br/>그댈 바라보는 내 맘<br/>두근 두근 설레네<br/>어딜 가도 어딜 봐도<br/>네 모습만 보여 지금<br/>눈앞에 펼쳐진 핑크 빛 세상<br/>설레어 설레어 내 맘 가득한 설렘이<br/>그댈 바라보는 내 맘<br/>두근 두근 설레네<br/>설레어 설레어 내 맘 가득한 설렘이<br/>그댈 바라보는 내 맘<br/>두근 두근 설레네<br/>
"
4212,화이트데이 (Tuba. 서영찬),"서영찬, FM43서영찬, FM43",서영찬 With FM43,11,<dd>2019.06.18</dd>,가사가 없습니다
4213,날 봐 (Feat. 정재필 (Guitar Ver.)),FM43FM43,날 봐 (Guitar Ver.),11,<dd>2019.06.18</dd>,가사가 없습니다
4214,날 봐 (Vocal. 란지),FM43FM43,날 봐,20,<dd>2019.06.18</dd>,"날 봐 널 보고 있잖아<br/>어색한 네 모습에 할 말이 내가 없어<br/>그대 왜 슬퍼하나요<br/>무슨 일이 있는지<br/>내가 싫어졌는지<br/>알아요 그대 마음<br/>사라지지 않는 그 슬픔<br/>잊고 싶은 우리의 시간<br/>전처럼 떠날게<br/>너를 보고 있잖아<br/>왜 슬퍼하나요<br/>알아요 그대 마음<br/>사라지지 않는 그 슬픔<br/>잊고 싶은 우리의 시간<br/>전처럼 떠날게<br/>너를 보고 있잖아<br/>왜 슬퍼하나요<br/>내가 먼저 떠난다는 게<br/>우리가 사랑한다는 거<br/>알아 믿고 싶지 않은 우리의 이별이<br/>있을게 너의 곁에<br/>다른 사람 만날 때까지<br/>사라지지 않는 그 슬픔<br/>전처럼 지킬게<br/>지킬게 너의 곁을<br/>다른 사람 만날 때까지<br/>사라지지 않는 그 슬픔<br/>전처럼 떠날게<br/>너를 보고 있잖아<br/>어색한 네 모습이<br/>날 봐 널 보고 있잖아<br/>
"
4215,불장난,윤태경윤태경,불장난,90,<dd>2019.06.18</dd>,"나를 그만 흔들어줘 널<br/>좋아하게 만들지 말아 줘<br/>너의 목소리 얼굴 표정 말투 전부<br/>그만 떠올리고 싶어<br/>널 본건 아주 잠깐뿐인데<br/>왜 넌 내 머릿속에 박혀서<br/>홀로 있는 게 익숙한 나의 일상에<br/>보고 싶은 누군가가 된 거야<br/>아주 잠깐이면 돼<br/>왔다가 돌아가도 돼<br/>수많은 설렘이 한순간에<br/>다 타버린대도 난 좋아<br/>불장난이 될지라도<br/>아주 잠깐이면 돼<br/>조금은 흔들려도 돼<br/>피할 수 없었던 그 날밤에<br/>부드러운 키스처럼<br/>짧게라도 내게 와주면 돼<br/>그렇게<br/>불장난이 될지라도<br/>아주 잠깐이면 돼<br/>왔다가 돌아가도 돼<br/>수많은 설렘이 한순간에<br/>다 타버린대도 난 좋아<br/>불장난이 될지라도<br/>아주 잠깐이면 돼<br/>조금은 흔들려도 돼<br/>피할 수 없었던 그 날밤에<br/>부드러운 키스처럼<br/>짧게라도 내게 와주면 돼<br/>그렇게<br/>처음 본 그 순간부터<br/>멈출 수 없었던 그 맘을<br/>이젠<br/>
"
4216,그랬더라면,우주대통령우주대통령,그랬더라면,2,<dd>2019.06.18</dd>,"혼자서 헤매이고 있어<br/>아무런 것도 남아 있지 않은 여기에<br/>아무도 없는 여기 있어<br/>혼자서 여기저기 방황하는 내가<br/>떠나고 떠나고 모두 다 떠나도<br/>모든 것이 사라져가도<br/>나만이 여기 끝까지 남아<br/>모든 후회를 내 안에 담아<br/>만약에 그랬더라면<br/>그랬다면은 그랬었다면<br/>뒤돌아 가는 너의 모습은<br/>볼 필요가 없었을 텐데<br/>또다시 그랬더라면<br/>그랬다면은 어떨까<br/>정말로 그랬더라면 난 지금<br/>어제도 혼자 처량하게<br/>맘에도 없는 미소를 짓고 말았지 음<br/>오늘도 혼자 멍청하게<br/>맘에도 없는 쓴웃음을 남겼어<br/>지나고 지나고 모두 다 지나도<br/>모든 것이 잊혀져가도<br/>하지만 혼자 여기에 남아<br/>모든 미련을 내 안에 담아<br/>아직도 그랬더라면<br/>어떠했을까 지금은<br/>그래도 그랬더라면 우리는<br/>혼자서 헤매이고 있어<br/>아무런 것도 남아 있지 않은 여기에<br/>아무도 없는 여기 있어<br/>혼자서 여기저기 방황하는 나<br/>만약에 그랬더라면<br/>그랬다면은 그랬었다면<br/>아직도 그랬더라면 어떨까<br/>또다시 그랬더라면<br/>그랬었다면 어떨까<br/>그래도 그랬더라면 우리는<br/>만약에 그랬더라면 지금은<br/>
"
4217,소녀 (238/21) (Feat.이진주),박수진박수진,박수진의 노래일기 6장,22,<dd>2019.06.18</dd>,"평범한 날이었지<br/>나는 평범한 소녀였지<br/>어느날 집을 나섰다가<br/>그만 길을 잃어버렸네<br/>돌아가고 싶다<br/>집에 가고 싶다<br/>어머니 기다리실텐데<br/>하늘은 맑아 꽃처럼 물드는데<br/>나는 자꾸 눈물이 난다<br/>눈을 감으면 잠에 빠지면<br/>그리운 고향 집에서<br/>눈 뜰 것만 같은데<br/>너무 평범한 날이었지<br/>나는 평범한 소녀였지<br/>하늘만 하늘만<br/>그 세월 안다<br/>우리는 잊혀져 가는데<br/>그대들의 누이로부터<br/>위로해도 될까요<br/>안아드려도 될까요<br/>그대 하나둘 떠나는데<br/>아직 마르지 못한 눈물<br/>보석 같은 이름<br/>비단 같은 얼굴<br/>그댄 꽃 같은 소녀였죠<br/>하늘도 슬퍼 비처럼 내리는데<br/>나는 자꾸 후회가 된다<br/>눈을 감아도 잠에 들어도<br/>아프고 쓰라린 기억<br/>잊히지 않을텐데<br/>너무 평범한 날이었지<br/>아직 끝나지 않은 얘기<br/>하늘만 하늘만<br/>그 눈물 안다<br/>우리도 잊지 않을게요<br/>그대들의 누이로부터<br/>
"
4218,우리의 밤,김슬김슬,우리의 밤,8,<dd>2019.06.18</dd>,"너와 다툰 밤<br/>나 혼자 누워서<br/>어디서부터 잘못된 지 생각해봤어<br/>나름대로 생각을 하고 고민해봐도<br/>내가 잘못한 게 없는데 왜 그랬는지<br/>밤은 깊어가는데<br/>너에게 서운한 맘에<br/>잠들기가 힘들어<br/>나 이 시간이 버거워<br/>다시 되돌아가 떠올려보면<br/>너는 그저 내 걱정을 한 건데<br/>네 맘도 모르고 난 모진 말만<br/>이제 와보니 내가 잘못했어<br/>지금 전화해도 될까<br/>전활 받는 속상한 네 목소리<br/>너도 나처럼 후회로 이 밤 지새니<br/>나와 같다면 우리<br/>지금이라도 화해해<br/>내가 먼저 사과할게 미안해<br/>다시 되돌아가 떠올려보면<br/>너는 그저 내 걱정을 한 건데<br/>네 맘도 모르고 난 모진 말만<br/>이제 와보니 내가 잘못했어<br/>우리 다투지 말고 사랑해<br/>
"
4219,나를 사랑해주지 않을래요? (Vocal. 노동림),레터포유 (LETTER FOR YOU)레터포유 (LETTER FOR YOU),나를 사랑해주지 않을래요?,31,<dd>2019.06.18</dd>,"맘이 녹아버렸어요<br/>안녕<br/>흔하고 평범한 인사에<br/>그댄 누구죠<br/>낯설지 않아<br/>신기해 나를 끌어당기는 듯해<br/>나를 사랑해주지 않을래요<br/>나를 사랑해주지 않을래요<br/>서두르진 않을거에요<br/>언제든 내 곁으로 와요<br/>처음 본 순간부터 난<br/>음<br/>음<br/>당장이 아니라도<br/>몇 번에 계절 지나<br/>우리 우연히 마주 치게 된다면<br/>나를 사랑해주지 않을래요<br/>나를 사랑해주지 않을래요<br/>서두르진 않을거에요<br/>언제든 내 곁으로 와요<br/>처음 본 순간 그 순간부터 난<br/>나를 사랑해주지 않을래요<br/>나를 사랑해주지 않을래요<br/>말로 설명할 수 없어요<br/>내 마음 이미 다 줘버린걸요<br/>처음 본 순간부터 난<br/>음<br/>음<br/>
"
4220,오늘은 말할게 (Feat.이재신),GilmoreGilmore,오늘은 말할게 (Feat.이재신),10,<dd>2019.06.18</dd>,"널 기다리는 시간이 지루하진 않아<br/>지금은 어디쯤 일까<br/>생각하는 내 일상인걸<br/>더 재촉하지 않아도<br/>더 욕심내 바라지 않아도<br/>날 향해오는 발걸음<br/>너의 시선도 다 알고 있으니까<br/>친구들의 걱정과<br/>나만 혼자 남겨진 느낌<br/>혼잣말이 쌓여가던 날들 지나간 거야<br/>이제 다가오는<br/>네 앞에 서 있는 날 바라보네<br/>저 유리창에 비춰 보인<br/>처음 본 내 얼굴<br/>널 만나기 전에 내가 한번도 본적<br/>없던 낯선 표정들도<br/>너란 사람 하나로<br/>난 새론 꿈을 꾸게 됐어<br/>이 시간이 선물해 준<br/>가장 고마운 오늘 널 안아보네<br/>나의 품이 너의 집이 되어줄 거야<br/>이 흔한 고백조차 망설인 용기 없던<br/>나를 믿어준 너라서 이제야 말해보네<br/>친구들의 걱정과<br/>나만 혼자 남겨진 느낌<br/>혼잣말이 쌓여가던 날들 지나간거야<br/>알아 자신 없는 나를 향해서<br/>손을 내밀어 준 너의 용기<br/>두려움 없이 나를 품어준 네 온기도<br/>또다시 사랑이란 말은<br/>찾아오지 않을 거라고<br/>닫혀있던 내 마음에 다가온 나를<br/>믿어준 한 사람<br/>이제 오 기다렸던<br/>내 앞에 서 있는 널 바라본다<br/>내 이름 부르는 따뜻한 너의 목소리<br/>널 만나기 전에 내가 살아온<br/>작은 일상과 작은 기억들도<br/>너란 사람 하나로 다 새로운<br/>세계가 되었어<br/>이 시간이 선물해 준<br/>가장 고마운 오늘 널 안아본다<br/>나의 품이 너의 집이 되어줄 거야<br/>이 흔한 고백조차 망설인 용기 없던<br/>나를 믿어준 너라서 이제야 말해본다<br/>
"
4221,비가 와서 그래(Vocal. 임상목),즌즌즌즌,비가 와서 그래,62,<dd>2019.06.18</dd>,"이른 새벽 창을 두드리는<br/>내 귀를 감싸는 슬픈 소리가 들려와<br/>너는 없고<br/>홀로 남겨진 추억 속의 나<br/>떨어지는 빗소리만이 멈춘<br/>우리를 얘기해<br/>비가 와서 자꾸 비가 와서 그래<br/>우리가 같이 걷던 거리에<br/>함께 했던 시간에 비가 와서<br/>니가 보고 싶고<br/>너를 안고 싶은 내 맘을<br/>비가 대신 울어주나봐<br/>그래 비가 와서 그래<br/>근데 말야 이젠 남이 된 우린데<br/>빗방울에 적시듯<br/>너는 여전히 물들어 있어<br/>비가 와서 자꾸 비가 와서 그래<br/>우리가 같이 걷던 거리에<br/>함께 했던 시간에 비가 와서<br/>니가 보고 싶고<br/>너를 안고 싶은 내 맘을<br/>비가 대신 울어주나봐<br/>그래 비가 와서 그래<br/>어두운 눈동자 슬픔을 담은<br/>빗방울을 대신 맞아 줄<br/>우산이 필요해<br/>우산이 필요해<br/>차올라서 자꾸 차올라서 그래<br/>이제는 의미없는 후회만<br/>담겨있는 눈물이 차올라서<br/>니가 보고싶고<br/>너를 안고 싶은 내 맘을<br/>비가 대신 울어 주나봐<br/>그래 비가 와서 그래<br/>
"
4222,이런걸요,백지웅백지웅,Sincerely,"1,689",<dd>2019.06.17</dd>,"만나지 말 걸 그랬나 봐요<br/>이렇게 쉽게 다 끝날 거라면<br/>말하지 말 걸 그랬나 봐요<br/>더는 지키지 못할 약속이라면<br/>우리가 사랑한 시간의 끝이<br/>어쩜 이렇게<br/>쉬울 수가 있나요<br/>그댈 만나 웃고 울던 순간들이<br/>소중해서 돌아서는 뒷모습만<br/>한참을 바라봤죠<br/>망설이는 나의 맘과<br/>하지 못한 말들에<br/>아쉬워 또 이렇게 잠 못 이뤄요<br/>우리가 이별한 시간의 끝이<br/>어쩜 이렇게 아프기만 한가요<br/>그댈 만나 웃고 울던 순간들이<br/>소중해서 돌아서는 뒷모습만<br/>한참을 바라봤죠<br/>망설이는 나의 맘과<br/>하지 못한 말들에<br/>아쉬워 또 이렇게 잠 못 이뤄요<br/>수많은 밤과 설레던 기억들이<br/>너무 소중해서<br/>더는 아프기만 할 뿐이죠<br/>내 마음이 이런 걸요<br/>온 세상이 그대라는 걸<br/>혼자가 돼서야 이렇게 알게 됐죠<br/>다시 한 번 그댈 만나<br/>웃고 울던 그때로 돌아가<br/>나 사랑하고 싶어서<br/>또 이렇게 잠 못 이루죠<br/>
"
4223,면역력,하성운하성운,바람이 분다 OST Part.3,"18,096",<dd>2019.06.17</dd>,"오늘따라 유난히 목소리 잠겨 <br/>내 맘 밤새 건조했던 탓일까 <br/>매일같이 신경 써 조심을 해도 <br/>또 이렇게 바보처럼 늘 매번 걸려 <br/>너만 보면 늘 약해지는 <br/>내 모습 다 아는 걸까 <br/>왜 자꾸 또 나를 찾아와 <br/>내겐 <br/>도무지 없는 그 능력 <br/>너를 이겨내는 힘이 <br/>난 없는 것 같아 말도 없이 나타나<br/>몇 번을 피하려 해도 달라진 게 없어<br/>시간이 가면 갈수록<br/>오히려 더 난 오히려<br/>더 약해지는가 봐<br/>사람들이 알려준 방법 다 해봐도 음<br/>또 이렇게 바보처럼 늘 매번 걸려<br/>너만 없으면 강해지는<br/>내 모습이 싫은 걸까<br/>괜찮을만하면 찾아와<br/>내겐<br/>도무지 없는 그 능력<br/>너를 이겨내는 힘이<br/>난 없는 것 같아 말도 없이 나타나<br/>몇 번을 피하려 해도 달라진 게 없어<br/>시간이 가면 갈수록<br/>오히려 더 난 오히려 더<br/>언제쯤이면 너를 보게 되도<br/>흔들리지 않을 수 있는 힘이<br/>그런 날이 올까요<br/>이런 통증 계속되면<br/>익숙해지는 그날이<br/>가질 수 없는 그 능력<br/>너를 지워내는 일이<br/>난 힘든 것 같아 왜 자꾸만 나타나<br/>너를 막아보려 해도 달라진 게 없어<br/>시간이 가면 갈수록<br/>오히려 더 예전보다<br/>더 약해진 것 같아<br/>가질 수 없나 봐<br/>
"
4224,잡아,"존박, 임채언존박, 임채언",잡아,"3,026",<dd>2019.06.17</dd>,"잠깐만 눈을 감아봐<br/>널 위한 선물이 있어<br/>그동안 우리 많이 다투고<br/>싸웠지만 아직 단단해<br/>누가 뭐라고 해도<br/>난 너를 지킬게<br/>높은 파도가 밀려와도 나는<br/>네 옆에 있을게<br/>강한 비바람이 널 덮쳐도<br/>네 옆을 지킬게<br/>잡아 꼭 잡아<br/>여기 내 두 손<br/>절대 놓지 마<br/>나를<br/>잠깐만 모든 걸 잊고<br/>집중해 둘만의 시간에<br/>1분 1초가 너무 소중해<br/>한순간도 놓치기 싫어<br/>누가 뭐라고 해도<br/>난 우릴 지킬게<br/>높은 파도가 밀려와도 나는<br/>네 옆에 있을게<br/>강한 비바람이 널 덮쳐도<br/>네 옆을 지킬게<br/>잡아 꼭 잡아<br/>여기 내 두 손<br/>절대 놓지 마<br/>나를<br/>항상 부족한 나를<br/>사랑해준 너<br/>네게 줄 수 있는 건 사랑뿐<br/>약속해 널 넘치게 사랑해줄게<br/>oh baby 날 꼭 잡아줘<br/>높은 파도가 밀려와도 나는<br/>네 옆에 있을게<br/>강한 비바람이 널 덮쳐도<br/>네 옆을 지킬게<br/>잡아 꼭 잡아<br/>여기 내 두 손<br/>절대 놓지 마<br/>나를<br/>
"
4225,미치게,임한별임한별,초면에 사랑합니다 OST Part.10,"4,307",<dd>2019.06.17</dd>,"어설픈 농담을 하고<br/>억지로 웃어도 보고<br/>괜히 괜찮은 척 해<br/>아무렇지 않은 듯<br/>친구들 사이에 숨어<br/>나를 감춰보아도<br/>애를 써봐도 티가 나나 봐<br/>참 웃기다 내가<br/>참 별로다 내가<br/>지겨웠던 날들을<br/>자꾸 그리워하는 게<br/>미치게 네가 보고 싶다<br/>미치게 너를 안고 싶다<br/>너를 이 못난 가슴에<br/>몰래 묻고 사는데<br/>오늘은 미치게 네가 보고 싶다<br/>책상을 옮겨도 보고<br/>미뤘던 청소를 하고<br/>이제 자연스레 널<br/>잊어보려 했는데<br/>아무도 없던 때처럼<br/>나를 바꿔보아도<br/>불을 끌 때면 네가 찾아와<br/>참 힘들다 내가<br/>참 슬프다 내가<br/>사랑했던 날들을<br/>자꾸 모른 척 하는 게<br/>미치게 네가 보고 싶다<br/>미치게 너를 안고 싶다<br/>너를 이 못난 가슴에<br/>몰래 묻고 사는데<br/>오늘은 미치게 네가 보고 싶다<br/>어쩌면 날 못 잊을 거란<br/>착각에 빠져서 이렇게<br/>너를 기다리고 있는 건지<br/>아님 내가 널 잊을 수 없어<br/>걱정이 돼 잡고 싶은 건지<br/>미치게 네가 보고 싶다<br/>미치게 너를 안고 싶다<br/>너를 이 못난 가슴에<br/>몰래 묻고 사는데<br/>오늘은 미치게 네가 보고 싶다<br/>
"
4226,자꾸 웃음이나,JBJ95JBJ95,퍼퓸 OST Part.4,"2,997",<dd>2019.06.17</dd>,"사랑에 눈을 뜨면<br/>다시 또 나는 설레이죠<br/>그대의 발걸음을 계속 따라가면<br/>웃고 있는 그대가 있죠<br/>우리 둘이 손을 잡고<br/>서로 마주 보면 괜히 웃죠<br/>어색해도 이게 좋죠<br/>은근슬쩍 바라보면 조금 부끄럽죠<br/>우리 이제 서로 좋아해요<br/>나 이제 어떡해 너무 빠졌나 봐<br/>어질 어질 자꾸자꾸 빙글빙글<br/>정말 어떡해 하늘이<br/>너무 예뻐 보여 자꾸 웃음이나<br/>사랑에 눈을 뜨면<br/>다시 또 나는 설레이죠<br/>그대의 발걸음을 계속 따라가면<br/>웃고 있는 그대가 있죠<br/>지나가다 꽃을 보면 막 네 생각이<br/>아니 아침에 뜨는 해를 봐도<br/>네 생각이<br/>화사하고 밝은 모든 게 다 너로<br/>보이고 있어 네 마음속을 죄다<br/>나로 채울 수 있다면<br/>난 될 거야 사탕<br/>네 주변을 달콤하게 만들 거야 막<br/>수줍은 미소 네 앞에선 항상<br/>지어지네 어우 야 잘 안돼 감당<br/>나 이제 어떡해 너무 빠졌나 봐<br/>어질 어질 자꾸자꾸 빙글빙글<br/>정말 어떡해 하늘이<br/>너무 예뻐 보여 자꾸 웃음이나<br/>사랑에 눈을 뜨면<br/>다시 또 나는 설레이죠<br/>그대의 발걸음을 계속 따라가면<br/>웃고 있는 그대가 있죠<br/>
"
4227,기억해요 (Feat. The Belle),오이소박이오이소박이,네이버 웹툰 `내일` : 나무 OST,797,<dd>2019.06.17</dd>,"보이나요<br/>그대 앞에 서있는 내가<br/>안아줘요<br/>따뜻했던 그대 품에<br/>기억해줘요<br/>사랑했던 순간들<br/>잊지 않고 살아가줄래요<br/>약속해줘요<br/>내가 없는 하루하루를<br/>웃으며 보내요 부디 행복해줘요<br/>들리나요<br/>그댈 향해 말하는 내가<br/>알고 있죠<br/>날 비워둔 그대 내일을<br/>기억해줘요<br/>사랑했던 순간들<br/>잊지 않고 살아가줄래요<br/>약속해줘요<br/>내가 없는 하루하루를<br/>웃으며 보내요 부디 행복해줘요<br/>나 없이 보낼 날들을<br/>눈물과 바꾸지 말아요<br/>애써 짓는 미소에 맘이<br/>무너지듯 아파오니까<br/>기억해줘요<br/>사랑했던 순간들<br/>잊지 않고 살아가줄래요<br/>약속해줘요<br/>내가 없는 하루하루를<br/>웃으며 보내요 부디 행복해줘요<br/>
"
4228,아프기만 하죠,더 데이지 (The Daisy)더 데이지 (The Daisy),아프기만 하죠,233,<dd>2019.06.17</dd>,"매일 아침 눈을 뜰 때면<br/>아직 니가 제일 먼저 생각나죠<br/>하루에도 몇 번씩<br/>난 니 생각이 나 가슴이 메어오죠<br/>괜찮아질거란 내 믿음 하나로<br/>여기까지 잘 견뎌 왔는데<br/>우리 함께 자주가던<br/>그 추억을 혼자 거닐면<br/>너와 내가 행복했던 시간들이<br/>자꾸 떠올라 눈물을 만들죠<br/>난 어떻게 견뎌야만 하는지<br/>아프기만 하죠<br/>괜찮아질거란 내 믿음 하나로<br/>여기까지 잘 견뎌 왔는데<br/>우리 함께 자주 가던<br/>그 추억을 혼자 거닐면<br/>너와 내가 행복했던 시간들이<br/>자꾸 떠올라 눈물을 만들죠<br/>난 어떻게 견뎌야만 하는지<br/>아프기만 하죠<br/>시간이가도 달라지지가 않아<br/>여전히 그 자리<br/>그 순간 남겨져 있어<br/>우리 함께 자주 가던<br/>그 추억을 혼자 거닐면<br/>너와 내가 행복했던 시간들이<br/>자꾸 떠올라 눈물을 만들죠<br/>난 어떻게 견뎌야만 하는지<br/>아프기만 하죠<br/>
"
4229,내 마음 속에 저장,데이스타 (DaystAr)데이스타 (DaystAr),내 마음 속에 저장,206,<dd>2019.06.17</dd>,"유난히 넌 내게만 딱딱해<br/>그게 더 끌렸어<br/>이렇게 될 줄은 몰랐었지<br/>나도 이해 안 돼<br/>무표정해도 웃는 반달눈<br/>귀염귀염 아기 말투<br/>살짝 보이는 덧니까지도<br/>사랑스럽단 말이야<br/>기분이 좋아봐도 봐도 예쁜 너<br/>생각만 해도 두근두근 뛰는 걸<br/>말을 할까 말까<br/>고민하지 말고 웃지만 말고<br/>들어봐 나에겐 너뿐이야<br/>내 마음속에 저장하고 싶은 너<br/>예쁜 네 얼굴 나만 보고 싶은걸<br/>언제든지 보고플 때 꺼내볼 거야<br/>너만 바라볼 거야<br/>지금 내게 고백하는 거야<br/>왜 또 좋으면서 아닌척해<br/>적당히 튕길래<br/>못 본척하면 너 그냥 갔지<br/>그게 더 귀여워<br/>매일 잠들기 전 네 생각에<br/>뒤척이 다 잠들곤 해<br/>깍쟁이 너 이런 내 맘 알까<br/>애타게 좀 하지 마<br/>기분이 좋아봐도 봐도 예쁜 너<br/>생각만 해도 두근두근 뛰는 걸<br/>말을 할까 말까<br/>고민하지 말고 웃지만 말고<br/>들어봐 나에겐 너뿐이야<br/>내 마음속에 저장하고 싶은 너<br/>예쁜 네 얼굴 나만 보고 싶은걸<br/>언제든지 보고플 때 꺼내볼 거야<br/>너만 바라볼 거야<br/>지금 내게 고백하는 거야<br/>있잖아 너도 내 맘 같다면<br/>내게 와줄래<br/>기분이 좋아봐도 봐도 예쁜 너<br/>생각만 해도 두근두근 뛰는 걸<br/>말을 할까 말까<br/>고민하지 말고 웃지만 말고<br/>들어봐 나에겐 너뿐이야<br/>내 마음속에 저장하고 싶은 너<br/>예쁜 네 얼굴 나만 보고 싶은걸<br/>언제든지 보고플 때 꺼내볼 거야<br/>너만 바라볼 거야<br/>지금 내게 고백하는 거야<br/>
"
4230,무거웠던 인연,테이크 아웃테이크 아웃,무거웠던  인연,37,<dd>2019.06.17</dd>,"어차피 다른 길 가기로 한 일<br/>누구의 잘못도 아냐<br/>서로가 틀리다는걸 인정 한거지<br/>그걸로 우린 어른인거야<br/>우린 지쳐 있던거야<br/>우리보다 중요한게 나<br/>그리고 너였던거야<br/>굳이 놓으려 하지 않아도<br/>느슨하게 풀려버린<br/>우리란걸 인정한거야<br/>다 잃었어 난 다 잃었어<br/>조금의 미련과 기대만이 남아있을 뿐<br/>그걸론 안되겠지 더 많이 절실해야지<br/>하지만 그만큼만 <br/>남겨놔야 널 잊을테니<br/>집으로 가는 길 나 혼자 걷는 일<br/>이제 좀 익숙해야지<br/>지금은 당연 한거지<br/>매일 울어도 이상한 일이 아닐테니까<br/>애써 부정하긴 싫어<br/>누구보다 행복했던 나<br/>그리고 너였던거야<br/>다만 둘이 되긴 부족한<br/>그 마음안에 갇혀버린<br/>우리를 풀어준 것 뿐야<br/>사랑보다 더 중요한게<br/>서로의 시간과 미래란걸 인정한거야<br/>많은게 변하겠지 이런걸 바란거니까<br/>세월이 흐른 어느날 난<br/>내게 되묻게 되겠지<br/>그만큼 사랑했던 우리가 될지<br/>헤어질 명분이 필요했을지<br/>서로가 무거웠던 짐이였을지<br/>고작 추억이 될지<br/>
"
4231,If you (Feat. 5),정화랑정화랑,IF YOU,4,<dd>2019.06.17</dd>,"You make me feel at ease<br/>and off<br/>You make me feel so high<br/>and off<br/>It comes with your heavy heart<br/>After the storm<br/>You just say sorry again<br/>If you lose somethings again<br/>But It's fine<br/>I just forget it's fine<br/>It's fine<br/>You make me strong for you<br/>and off<br/>You make me strong for us<br/>and off<br/>It comes with your heavy heart<br/>After the storm<br/>You just say sorry again<br/>If you lose somethings again<br/>But It's fine<br/>I just forget it's fine<br/>If you lose somethings again<br/>But It's fine<br/>I just forget it's fine<br/>
"
4232,그때,김이불김이불,그때,48,<dd>2019.06.17</dd>,"아무도 없는 나의 밤에<br/>또다시 찾아온 너의 기억<br/>너와 내가 하나였던<br/>이젠 낡아버린 추억들<br/>모든 걸 주어도 돌이킬 수 없던<br/>그때의 너 그때의 우리<br/>붙잡아봐도 멀어져 가겠지<br/>흩어지는 저 별들과 함께<br/>I wanna stay stay stay in memory<br/>stay stay 그렇게 웃어주던 너<br/>I wanna stay stay stay in memory<br/>stay stay 내 곁에 있어 줘<br/>따뜻했던 이 거리에<br/>희미해진 너의 흔적<br/>너와 내가 저버렸던<br/>이젠 의미 없는 약속들<br/>모든 걸 주어도 돌이킬 수 없던<br/>그때의 너 그때의 우리<br/>붙잡아봐도 멀어져 가겠지<br/>흩어지는 저 별들과 함께<br/>I wanna stay stay stay in memory<br/>stay stay 그렇게 웃어주던 너<br/>I wanna stay stay stay in memory<br/>stay stay 내 곁에 있어 줘<br/>이젠 모두 지나가는 것만 같아 난<br/>길었던 이별이<br/>너도 여기쯤에 서서 돌아봤을까<br/>어쩌면 이미 지나갔을까<br/>I wanna stay stay stay in memory<br/>stay stay 그렇게 웃어주던 너<br/>I wanna stay stay stay in memory<br/>stay stay 내 곁에 있어 줘<br/>I wanna stay stay stay in memory<br/>stay stay 그렇게 웃어주던 너<br/>I wanna stay stay stay in memory<br/>영원히 stay stay 내 곁에 있어 줘<br/>
"
4233,버팀목,하늘하늘,버팀목,6,<dd>2019.06.17</dd>,"세상에 나 혼자 서 있는 것 같을 때<br/>함께 있어 준 너에게 정말 고마워<br/>버팀목이 되어줘서<br/>이젠 내가 함께 해줄게<br/>어떤 힘든 일이 일어나도<br/>내가 곁에 있을게<br/>든든한 네 사람이 되어줄게<br/>두려움 마음이 크게 자리 잡아도<br/>너의 손은 내가 잡아 놓지 않아<br/>버팀목이 되어줄게<br/>이젠 내가 함께 해줄게<br/>어떤 힘든 일이 일어나도<br/>내가 곁에 있을게<br/>든든한 네 사람이 oh<br/>이젠 내가 함께 해줄게<br/>어떤 힘든 일이 일어나도<br/>내가 곁에 있을게<br/>든든한 네 사람이<br/>
"
4234,짝사랑,비가 내리는 밤비가 내리는 밤,짝사랑,1,<dd>2019.06.17</dd>,"네 생각이 나<br/>잠들지 못해 밤을 새우는<br/>내 모습을 보면서<br/>눈을 감으면<br/>누구보다 아름다운<br/>네가 아른거려<br/>설렘만 가득 품어둔 채로<br/>이 마음 더욱더 깊숙이<br/>혹여 들킬까 조심히 너를 바라봐<br/>말 한마디 못 거는 나인데<br/>그저 뒤에서만 지켜보는 내 모습이<br/>못나고 또 못나 보여요<br/>설렘만 가득 품어둔 채로<br/>이 마음 더욱더 깊숙이<br/>혹여 들킬까 조심히 너를 바라봐<br/>말 한마디 못 거는 나인데<br/>그저 뒤에서만 지켜보는 내 모습이<br/>못나고 또 못나 보여요<br/>
"
4235,걷다가,J-YoungJ-Young,회상,13,<dd>2019.06.17</dd>,"너와 걸었던 이길<br/>지금 나혼자 걷고 있어<br/>그때는 너무나<br/>짧았던 이길이 왜이리 긴지<br/>조용한 음악을 켜고<br/>지나온 시간속에 기대면<br/>가만히 다가오는 너의 모습에<br/>난 자꾸 눈물이나<br/>그땐 부족한<br/>내 모습이<br/>난 두려웠어<br/>널지킬 자신이<br/>내겐 없었어<br/>나와 함께 해서<br/>힘겨울 시간들을<br/>너에게 주고 싶지 않았던<br/>내 마음 너는 알고 있니<br/>세월이 많이 지났지<br/>눈처럼 쌓인<br/>널 향한 그리움<br/>같은 하늘<br/>어딘가에<br/>함께 서있다<br/>모른체 스친건 아닐까<br/>그땐 부족한<br/>내모습에<br/>난생각했어<br/>널보내주는게<br/>사랑이라고<br/>힘들어도<br/>그렇게 널<br/>잊을 수 있을꺼라<br/>생각했던 나를<br/>용기없던 바보를<br/>너안에서 지우길 바래<br/>시간을 돌릴수 있다면<br/>절대 널 놓지않아<br/>이토록 그리움에<br/>슬퍼하지는 않을래<br/>그땐 부족한<br/>내모습에<br/>난 생각했어<br/>널보내주는게<br/>사랑이라고<br/>힘들어도<br/>그렇게 널<br/>잊을 수 있을꺼라<br/>생각했던 나를<br/>용기없던 바보를<br/>너안에서 지우길 바래<br/>넌 행복하길 바랄게<br/>
"
4236,Beautiful Days (Feat. 장효석 (Melodion Ver.)),FM43FM43,Beautiful Days (Melodion Ver.),14,<dd>2019.06.17</dd>,가사가 없습니다
4237,그 겨울의 끝 (with 시은),류한결류한결,그 겨울의 끝,10,<dd>2019.06.17</dd>,"사르르 녹아가는 눈<br/>개구리 울음소리<br/>어느덧 살이 찐 나무<br/>새들의 노랫소리<br/>차갑기만 하던<br/>그 겨울 점점 마음 풀고<br/>무거웠던 나의 외투를 벗기네<br/>가벼워진 마음<br/>설레는 가슴 움켜쥐고<br/>따스해진 이 봄을 한껏 즐기네<br/>꺄르르 뛰노는 아이들<br/>새싹이 파릇파릇<br/>새로워 보이는 아는 것들<br/>봄바람 살랑살랑<br/>영원할것 같던 그 겨울<br/>점점 마음 풀고<br/>무거웠던 나의 외투를 벗기네<br/>가벼워진 마음<br/>설레는 가슴 움켜쥐고<br/>찰나같은 이 봄을 한껏 즐기네<br/>돌고 도는 계절<br/>저 피고 지는 꽃들처럼<br/>떠날때를 아는<br/>아름다운 젊음<br/>사랑스런 날들<br/>그만큼 눈부신 우리들<br/>놓고싶지 않은<br/>이 봄의 끝자락<br/>돌고 도는 계절<br/>저 피고 지는 꽃들처럼<br/>떠날때를 아는<br/>아름다운 젊음<br/>사랑스런 날들<br/>그만큼 눈부신 우리들<br/>놓고싶지 않은<br/>이 봄의 끝자락<br/>
"
4238,Little forest,옆집언니옆집언니,Little forest,37,<dd>2019.06.17</dd>,"잠시 두 눈을 감고 상상해 <br/>커다란 나무가 날 반기는 곳 <br/>내 온몸에 새겨진 <br/>나뭇잎 사이로 <br/>따스함이 날 감싸는 그곳 <br/>조금 슬퍼지려 하는 그곳 <br/>불안함에 아른거리는 그곳 <br/>나도 모르게 떠진 불안한 두 눈에 <br/>허무하게 부서지고 말지만 <br/>I need some rest <br/>감은 두 눈 저 편의 그곳으로 <br/>지친 내 어깨를 기댈 수 있도록 <br/>다시 한 번 눈을 감아 <br/>I need some rest <br/>그곳으로 <br/>I need some rest <br/>짧은 한여름 밤의 꿈처럼 <br/>아득하게 멀어져만 가지만 <br/>내 호흡과 숨결 모두 <br/>그곳에 맡긴 채 <br/>난 또다시 감은 눈을 뜨네 <br/>I need some rest <br/>감은 두 눈 저 편의 그곳으로 <br/>지친 내 어깨를 기댈 수 있도록 <br/>다시 한 번 눈을 감아 <br/>I need some rest <br/>그곳으로 <br/>I need some rest <br/>잠시 두 눈을 감고 상상해<br/>커다란 나무가 날 반기는 곳<br/>
"
4239,우리에게 건네는,김덕팔김덕팔,우리에게 건네는,46,<dd>2019.06.17</dd>,"별빛마저 잠이 든 가로등만 홀로 선<br/>모두가 숨죽이던 쓸쓸하던 밤<br/>지친 오늘에 하룰 되뇌어보면<br/>흘러간 시간이 아련하다<br/>깊은 한숨만 깊은 걱정만<br/>너를 괴롭히며 너를 맴돌겠지만<br/>걱정하지 마 의심 하 지마<br/>실수해도 돼 그마 저도 너니까<br/>빠르게 숨 가쁜 바쁜 하루 속에서<br/>미처 쉴 새 없이 흘러간<br/>오늘이었겠지만<br/>넌 잘 해냈어 비록 난 말뿐인<br/>위로겠지만<br/>고생했어요 오늘 밤도 <br/>good night<br/>치열한 네 하루 속에<br/>바쁜 너의 하루 속에<br/>너를 위한 이 노래가 위로가<br/>되기를 바라<br/>말하지 않아도 알아<br/>네 축 처진 어깨만 봐도<br/>힘들었을 너의 하루였단 걸<br/>빠르게 숨 가쁜 바쁜 하루 속에서<br/>미처 쉴 새 없이 흘러간<br/>오늘이었겠지만<br/>넌 잘 해냈어 비록 난 말뿐인<br/>위로겠지만<br/>고생했어요 오늘 밤도 <br/>good night<br/>예전처럼 빛나진 않지만<br/>여전히 빛나고 있는 네 눈빛<br/>그 속에서 보이는 너의 지친 날들에<br/>내가 감히 네 하루를 말할 수<br/>내가 감히 네게 위로 건넬 수가<br/>있을까요<br/>비록 말뿐인 위로겠지만<br/>빠르게 숨 가쁜 바쁜 하루 속에서<br/>미처 쉴 새 없이 흘러간<br/>오늘이었겠지만<br/>넌 잘 해냈어 비록 난 말뿐인<br/>위로겠지만<br/>고생했어요 오늘 밤도 <br/>good night<br/>오늘 밤도 <br/>good night<br/>오늘 밤도 <br/>good night<br/>
"
4240,See the Light (Acoustic Ver.),Glanz2d (글란즈이디)Glanz2d (글란즈이디),See the Light,29,<dd>2019.06.17</dd>,"하얗게 밤을 태우고 Oh<br/>맥주를 들이마셨어 yeah<br/>All Night<br/>밤새 기다려온 아침이야<br/>Ohohoh Hey Never Say<br/>Just hold me tight<br/>To Love me<br/>Set to my style<br/>난 너에게<br/>말하고 싶어지는 걸<br/>Set to my style<br/>밤을 재우는 저 Sunlight<br/>우리를 비추지<br/>Can you See the Light<br/>Can you See the Light Light<br/>저기 저 빛을 따라가기만 하면 돼 Oh<br/>Can you See the Light<br/>Can you See the Light 워어어<br/>내게 보여줘<br/>Can you See the Paradise<br/>숨소리마저 지우고 Oh<br/>너의 답장을 기다려 Yeah<br/>Hey Boy<br/>망설이지 마 곧 아침이야<br/>Ohohoh Hey<br/>Let me see the Paradise<br/>To Love me<br/>Set to my style<br/>난 너에게<br/>말하고 싶어지는 걸<br/>Set to my style<br/>밤을 재우는 저 Sunlight<br/>우리를 비추지<br/>Can you See the Light<br/>Can you See the Light Light<br/>저기 저 빛을 따라가기만 하면 돼 Oh<br/>Can you See the Light<br/>Can you See the Light 워어어<br/>내게 보여줘<br/>Can you See the Paradise<br/>Oh oh oh Oh oh oh<br/>I can see the Light<br/>You can see the Star<br/>Oh oh oh Oh oh oh<br/>All day of the Light<br/>So We can see the Light<br/>We Can See the Light<br/>We Can See the Light<br/>저 저 빛을 따라기만 하면 돼<br/>We Can See the Light<br/>We Can See the Light 워어어<br/>지금 너와 난<br/>We can See the Paradise<br/>
"
4241,그것마저 너니까,준용준용,그것마저 너니까,116,<dd>2019.06.17</dd>,"요즘 안 힘든 사람이 어딨어<br/>같은 하루 속에 사는 너를 바라보면<br/>내가 너에게 하려던 말들이<br/>너를 위로해줄 수 있을지는 모르지만<br/>너가 나를 바라보던<br/>흔들리던 눈빛엔<br/>너는 없었으니까<br/>내게 자신 있다 하던<br/>그때의 너의 눈은<br/>꽤나 반짝였는데<br/>너는 괜찮냐고 물어보는 말도<br/>불안한 너가 자신 없어서<br/>부담스럽다며<br/>그럼 내게 와서 소리 내 맘껏 울고<br/>힘들다고 지쳤다고 말해줘<br/>그것마저 너니까 난 괜찮아<br/>너의 고민을 말하던 자신 없는 입술과<br/>쳐져 있는 어깨에<br/>내가 해줄 수 있는 게 몇 마디 위로와<br/>안아주는 거지만<br/>너는 괜찮냐고 물어보는 말도<br/>불안한 너가 자신 없어서<br/>부담스럽다며<br/>그럼 내게 와서 소리 내 맘껏 울고<br/>힘들다고 지쳤다고 말해줘<br/>그것마저 너니까 난 괜찮아<br/>지친 하루 끝에 내가 서 있을게<br/>너만 괜찮다면 내게 기대도 괜찮아<br/>너는 괜찮냐고 물어보는 말도<br/>불안한 너가 자신 없어서<br/>부담스럽다며<br/>그럼 내게 와서 소리 내 맘껏 울고<br/>힘들다고 지쳤다고 말해줘<br/>그것마저 너니까 난 괜찮아<br/>괜찮아<br/>
"
4242,필연적인 운명,구본웅 (Ku Bon Woong)구본웅 (Ku Bon Woong),필연적인 운명,2,<dd>2019.06.17</dd>,"우린 우연히 만났지<br/>어쩌다가 그랬지<br/>모든 만남 어떤 이유<br/>그럴듯한 인연<br/>사랑 운명적 만남<br/>오랬동안 기다려<br/>자유 이젠 더욱 중요<br/>필연적인 운명<br/>
"
4243,겨울인듯 추워,왁스왁스,겨울인듯 추워,"1,091",<dd>2019.06.16</dd>,"째깍 째깍 시간은 가는데<br/>나 혼자 멈춰 있나 왜<br/>저녁이 오는지도 모르게<br/>하루가 끝나가고<br/>깜빡 깜빡 가로등 켜질 때<br/>가슴이 먹먹할까 왜<br/>밤은 또 찾아오고 이렇게<br/>오늘도 니 생각<br/>겨울인 듯 아직 난 추워<br/>내 계절은 다 겨울 같아<br/>나만 봄 여름 가을이<br/>느껴지지가 않아<br/>니가 떠난 그 뒤로<br/>사랑은 왜 하면 할 수록 어려울까<br/>얼마나 연습해야 쉬울까<br/>아니면 아니면<br/>널 잊을까<br/>손을 대면 부서질 것처럼<br/>마음이 약해졌나 왜<br/>한번 더 사랑하지 못 하게<br/>상처만 가득 해<br/>겨울인 듯 아직 난 추워<br/>내 계절은 다 겨울 같아<br/>나만 봄 여름 가을이<br/>느껴지지가 않아<br/>니가 떠난 그 뒤로<br/>사랑은 왜 하면 할 수록 어려울까<br/>얼마나 연습해야 쉬울까<br/>아니면 아니면<br/>널 잊을까<br/>추억으로 몸을 데우기엔<br/>쓴 이별로 얼어붙은 내 밤은 길어<br/>겨울인 듯 아직 난 추워<br/>내 계절은 다 겨울 같아<br/>나만 봄 여름 가을이<br/>느껴지지가 않아<br/>니가 떠난 그 뒤로<br/>사랑은 왜 하면 할 수록 어려울까<br/>얼마나 연습해야 쉬울까<br/>아니면 아니면<br/>널 잊을까<br/>
"
4244,무슨 말이 더 필요한데 (I’m sorry),진원진원,무슨 말이 더 필요한데 (I’m sorry),"1,676",<dd>2019.06.16</dd>,"멈춰진 시간은 다시 또 그때로 나를<br/>다 지운 줄 알았던 기억 그 옆으로 나를<br/>우리 참 예뻤는데<br/>무슨 말이 더 필요한데<br/>겨우 할 수 있는 말<br/>I’m sorry I’m sorry<br/>그 흔한 위로보다<br/>쓰디쓴 술보다<br/>목소리 네 목소리<br/>이 노랠 듣는다면<br/>제발 한 번만<br/>더 사랑한 사람이 더 아픈 건데<br/>내가 왜<br/>왜 오늘을 알면서도 이별을 말했을까<br/>참 바보 같아<br/>무슨 말이 더 필요한데<br/>수없이 했던 말<br/>I’m sorry I’m sorry<br/>다른 어떤 누구도<br/>대신할 수 없었던<br/>목소리 네 목소리<br/>오늘도 듣지 못해<br/>잠 못 들어<br/>기다리면 올 거라 했던<br/>뻔한 그 말에 날 기대고<br/>눈치 없이 흐르는 내 눈물은<br/>눈을 꼭 감아도 멈춰지지 않아<br/>단 하루가 더 필요한데<br/>넌 올 수 없겠지<br/>I’m sorry I’m sorry<br/>어리석게 아꼈던<br/>혼자서 했던 말<br/>사랑해 사랑해<br/>오늘도 네가 없어<br/>나 혼자만<br/>
"
4245,Someday,이현이현,조선생존기 OST Part.1,384,<dd>2019.06.16</dd>,"지친 하루와 수많은 순간들<br/>한참 멍하니 한숨만 내쉬네<br/>언젠간 웃을 수 있을까<br/>멈춰진 내 삶에 끝에서<br/>잃었던 작은 바램들이<br/>바람을 타고 다시 불어와<br/>허탈한 내 마음에 빛을 내려줘<br/>조금 무뎌진<br/>어제의 아픔도<br/>잠시 스치듯 사라져 가기를<br/>언젠간 웃을 수 있을까<br/>멈춰진 내 삶에 끝에서<br/>잃었던 작은 바램들이<br/>바람을 타고 다시 불어와<br/>상처 난 내 아픔도 모두<br/>다 가져가<br/>다 가져가<br/>여전히 이곳에 나 홀로<br/>남겨져 헤매 인다 해도<br/>거칠은 이 세상에 남아<br/>잃었던 바램 놓지 않기를<br/>간절히 바라고 바라며<br/>오늘도 그 길을 따라 걸어가<br/>
"
4246,you are my sunshine,리치리치,여름아 부탁해 OST Part.10,111,<dd>2019.06.16</dd>,"항상 전하고 싶던 말<br/>정말 고마웠다고<br/>문득 생각해보니<br/>내 하루엔 늘 네가 있어<br/>기쁠때 힘들때도<br/>네가 있어줘서<br/>항상 웃을수 있었어 난<br/>you're my star<br/>you are my sunshine<br/>밤이든 낮이든 느낄 수 있어<br/>you're my star<br/>you are my sunshine<br/>언제라도 나를 비추는 빛<br/>그게 너야<br/>항상 기쁠때 힘들때도<br/>네가 있어줘서<br/>웃음 지을수 있었어 난<br/>you're my star<br/>you are my sunshine<br/>밤이든 낮이든 느낄 수 있어<br/>you're my star<br/>you are my sunshine<br/>언제라도 나를 비추는 빛<br/>그게 너야<br/>익숙함에 무뎌져<br/>혹시 널 서운케 했을지 몰라<br/>이것만 기억해<br/>내 하루엔 늘 니가 있어<br/>you're my star<br/>you are my sunshine<br/>밤이든 낮이든 느낄 수 있어<br/>you're my star<br/>you are my sunshine<br/>언제라도 나를 비추는 빛<br/>you're my star<br/>you are my sunshine<br/>밤이든 낮이든 느낄 수 있어<br/>you're my star<br/>you are my sunshine<br/>언제라도 나를 비추는 빛<br/>그게 너야<br/>
"
4247,다시 내게,권영찬권영찬,연주회,473,<dd>2019.06.15</dd>,"소리 없이 내려오는<br/>아침햇살이 눈에 아른거리고<br/>더딘 하루하루를 모른 척 지내봐도<br/>그대 모습만 생각납니다<br/>다시 내게로 돌아오라고<br/>시간이 멈춰 흐르던 곳에<br/>그대 나와 같다면<br/>이제 다시 시작할 수 있는데<br/>깊은 잠에서 깨면<br/>내게 멀어져 가는 <br/>그대 목소리만 생각납니다<br/>다시 내게로 돌아오라고<br/>시간이 멈춰 흐르던 곳에<br/>그대 나와 같다면<br/>이제 다시 사랑할 수 있다면<br/>나 그 자리에 남아 기다립니다<br/>
"
4248,"사랑, 참 엉터리다 (Prod. 더필름)",정동원정동원,"사랑, 참 엉터리다","2,203",<dd>2019.06.15</dd>,"사랑은 엉터리다<br/>제멋대로 날 떠나놓고<br/>사랑은 참 엉터리다<br/>잊을만 하면 찾아온다<br/>사랑은 참 엉터리다<br/>그만하자고 늘 맹세해도<br/>가고 싶을 때 오고 싶을 때<br/>그냥 아무렇게 찾아온다<br/>또 알면서 보내야 해<br/>또 알면서 이별을 해<br/>헤어진 뒤에도 몇 번을 못 잊어<br/>술 취한 밤에 전활 할거면서<br/>또 알면서 헤어진다<br/>그리고 다시 만난다<br/>사랑 참 알다가도 모르겠다<br/>사랑 참 엉터리다<br/>사랑은 엉터리다<br/>죽을 것 같이 아픈 날도<br/>사랑은 참 엉터리다<br/>새로운 사람에 지워진다<br/>사랑은 참 엉터리다<br/>아침에 그리웠던 사람이 오<br/>밤이 오고 또 시간이 가면<br/>그냥 아무렇게 사라진다<br/>또 알면서 보내야 해<br/>또 알면서 이별을 해<br/>헤어진 뒤에도 몇 번을 못 잊어<br/>술 취한 밤에 전활 할거면서<br/>또 알면서 헤어진다<br/>그리고 다시 만난다<br/>사랑 참 알다가도 모르겠다<br/>사랑 참 엉터리다<br/>사랑 참 엉터리다<br/>다신 안 속겠다<br/>수백 번 넘게 다짐해봐도<br/>처음처럼 또 눈물이 난다<br/>또 알면서 널 보낸다<br/>또 알면서 이별이다<br/>잘 가라 사랑아 다신 오지말자<br/>너 땜에 많은 날들 즐거웠다<br/>또 알면서 헤어진다<br/>그리고 다신 못 본다<br/>사랑 참 알다가도 모르겠다<br/>사랑 참 엉터리다<br/>
"
4249,"저 별, 선물",ABRYABRY,필수연애교양 OST,97,<dd>2019.06.15</dd>,"누구나 한 번쯤은<br/>꿈꾸던 사랑이<br/>살랑이는 바람처럼<br/>어느샌가<br/>내게도 불어와<br/>To You<br/>잘 할 수 있을까<br/>To You<br/>모든 게 서툰 나<br/>Oh You<br/>조용히 어느새 다가와<br/>손 내밀어주던 너<br/>Baby Everytime<br/>기다려 왔었던<br/>이 순간 더 바랄 것이 없어지는<br/>Everynight<br/>꿈꿔 왔었던 내 그대와<br/>오늘따라 더 밝게 빛나는<br/>저 별과 선물<br/>어쩌면 나와 같이<br/>외롭고 길었던<br/>끝이 없는 터널 같은<br/>나날 끝에<br/>나를 만나서<br/>To You<br/>두려워 하지 마<br/>To You<br/>혼자가 아니야<br/>Oh You<br/>조용히 어느새 다가와<br/>손 내밀어주던 너<br/>Baby Everytime<br/>기다려 왔었던<br/>이 순간 더 바랄 것이 없어지는<br/>Everynight<br/>꿈꿔 왔었던 내 그대와<br/>오늘따라 더 밝게 빛나는<br/>저 별과 선물<br/>저 별과 선물<br/>
"
4250,반칙,진아인 (JINAHIN)진아인 (JINAHIN),반칙,111,<dd>2019.06.15</dd>,"사랑하는 게 무서워요<br/>이별은 친절하지 않았죠<br/>늘 그렇게 예<br/>나를 감당하기 버거워요<br/>나도 감당할 수가 없어요<br/>시간이 나를 쫓아와요<br/>우리도 시간 지나면 서로 몰라볼까<br/>나는 진지해요<br/>너무 소중해요<br/>지금 이 순간을 맘에 잠재워요<br/>끝나지 않는 이 밤<br/>끝나지 않는 일 분<br/>끝나지 않는 하루<br/>끝나지 않는 오늘<br/>끝나지 않는 노래<br/>끝나지 않는 믿음<br/>끝나지 않는 꿈과<br/>끝나지 않는 사랑<br/>영원한 것은 없다는데<br/>그런 규칙이 마음을 옥죄어와요 예<br/>나는 어긋날래요<br/>어긋나고 싶어요<br/>나는 용서합니다<br/>나의 반칙을<br/>나의 반칙을<br/>끝나지 않는 이 밤<br/>끝나지 않는 일 분<br/>끝나지 않는 하루<br/>끝나지 않는 오늘<br/>끝나지 않는 노래<br/>끝나지 않는 믿음<br/>끝나지 않는 꿈과<br/>끝나지 않는 사랑<br/>끝나지 않는 이 밤<br/>끝나지 않는 일 분<br/>끝나지 않는 하루<br/>끝나지 않는 오늘<br/>끝나지 않는 노래<br/>끝나지 않는 믿음<br/>끝나지 않는 꿈과<br/>끝나지 않는 사랑<br/>
"
