1751,이게 사랑이라면,정우정우,이게 사랑이라면,252,<dd>2019.11.17</dd>,"언젠가 내게 머릴 쓰다듬고<br/>살짝 웃던 그땐가<br/>늦은 저녁쯤 집 앞에서 서성거리며<br/>서있던 그때였나<br/>내 머릿속을 온통 헤집고 다니며<br/>뜬 눈으로 날 뒤척이게 해<br/>혹시 이상한 이 감정이<br/>사랑인 거라면<br/>말론 설명할 수 없는<br/>이게 사랑이라면<br/>그댈 사랑하는 마음이<br/>행여 나올까 봐<br/>저기 깊숙한 곳 어딘가에<br/>꼭꼭 숨겨요<br/>반짝이던 모래사장을 걷던 우리 둘<br/>종일 빗소리에 젖어 듣던<br/>그때 그 노래<br/>너를 생각하면 할 수록<br/>자꾸 떠올라서<br/>내 방 창가에 고이고이<br/>곱게 접어둬요<br/>내 머릿속을 온통 헤집고 다니며<br/>뜬 눈으로 날 뒤척이게 해<br/>혹시 이상한 이 감정이<br/>사랑인 거라면<br/>말론 설명할 수 없는<br/>이게 사랑이라면<br/>그댈 사랑하는 마음이<br/>행여 나올까 봐<br/>저기 깊숙한 곳 어딘가에<br/>꼭꼭 숨겨요<br/>혹시 이상한 이 감정이<br/>사랑인 거라면<br/>말론 설명할 수 없는<br/>이게 사랑이라면<br/>그댈 사랑하는 마음이<br/>행여 나올까 봐<br/>저기 깊숙한 곳 어딘가에<br/>꼭꼭 숨겨요<br/>
"
1752,우리 참 예뻤어,차가을차가을,우리 참 예뻤어,"4,827",<dd>2019.11.16</dd>,"처음엔 신기했었어<br/>어쩌면 이렇게 잘 맞아<br/>서로가 좋아하는 것도 닮았고<br/>대화도 너무 잘 통했잖아<br/>그렇게 조금씩<br/>사랑을 배웠어<br/>미치게 좋았어<br/>가만히 바라만 봐도<br/>그때에 우린 참 예뻤어<br/>가진 건 하나 없었지만<br/>서로를 아끼는 마음과<br/>설레임 가득한 순간이<br/>가득했잖아 진심이었잖아<br/>정말 예뻤잖아<br/>세상에서 우리 가장 행복했잖아<br/>여유가 없어서<br/>차가 끊길 때면<br/>밤새 걸어가도<br/>너와 함께라 즐거웠어<br/>그때에 우린 참 예뻤어<br/>가진 건 하나 없었지만<br/>서로를 아끼는 마음과<br/>설레임 가득한 순간이<br/>가득했잖아 진심이었잖아<br/>정말 예뻤잖아<br/>세상에서 우리 가장 행복했잖아<br/>유난히도 기운 없던 날엔<br/>약한 날 안고서 힘내자고<br/>그렇게 말했던<br/>우<br/>그때에 온기가<br/>지금도 나를 버티게 해<br/>내 생애에 다시 한번<br/>그 시절이 안 온대도<br/>고마울 뿐이야 꿈같은 추억<br/>남겨준 너에게<br/>못난 이 울보가 웃으며<br/>잘 지내게 해주니까<br/>숨 쉬게 해주니까<br/>
"
1753,너의 하루는 어때?,앤씨아앤씨아,"안녕, 모모 (웹드라마) OST - Part.6","1,213",<dd>2019.11.16</dd>,"툭툭 지나가던 내 걸음이<br/>또또 멀게만 느껴지는 하루에요 난<br/>점점 마음이 겁이 나서 <br/>이제 버틸 수가 없죠<br/>혼자인 게 두려워요 난<br/>너의 하루는 어때 <br/>난 잘 못 지내는 것 같아<br/>하루하루가 힘들어<br/>꿈은 어디에 있는지<br/>나의 하루는 그래<br/>서툰 날이지만<br/>이 노래가 나의 위로가 되길<br/>빛나길 원해<br/>뚝뚝 내리는 내 눈물이<br/>또또 멈추질 않아요 나 힘들어요 난<br/>점점 마음이 멀어져도 <br/>이제 버릴 수가 없죠<br/>혼자인 게 힘들어요 난<br/>너의 하루는 어때 <br/>난 잘 못 지내는 것 같아<br/>하루하루가 힘들어<br/>꿈은 어디에 있는지<br/>나의 하루는 그래<br/>서툰 날이지만<br/>이 노래가 나의 위로가 되길<br/>불안하기만 했던 내 감정도<br/>밤하늘의 별이 되어 더욱 밝게 빛나길<br/>너의 하루는 어때<br/>난 잘 못 지내는 것 같아<br/>하루하루가 힘들어<br/>꿈은 어디에 있는지<br/>하루도 수고했죠<br/>서툰 날이지만<br/>이 노래가 나의 위로가 되길<br/>빛나길 원해<br/>
"
1754,아직 남은 말,김이지김이지,몽슈슈 글로벌 하우스 OST Part.2,318,<dd>2019.11.16</dd>,"어두운 하늘 달아나는 구름<br/>하루 끝에서 가만히 바라봐<br/>아직 전하지 못한 맘<br/>내 남은 얘기 들어 줄래<br/>꿈에 그리던 시간 기대들은<br/>괜한 걱정에 자리를 내주고<br/>홀로 있는 나 곁에서<br/>고개를 끄덕여준다면<br/>울컥하는 마음들이 헝클어져<br/>끝나버린 하룰 세워두고서<br/>초라하게 여기 남은 서툰 마음<br/>너에게 닿도록 되뇌어 본다<br/>따스한 온기 서로 다독이는<br/>사람들 틈에 나만 혼자인걸<br/>위로를 건네준다면<br/>함께 걸으며 들어 줄래<br/>울컥하는 마음들이 헝클어져<br/>끝나버린 하룰 세워두고서<br/>초라하게 여기 남은 서툰 마음<br/>너에게 닿도록 되뇌어 본다<br/>고요한 시간 색을 잃은 거리<br/>괜찮다 하듯 차분해진 공기<br/>아직 전하지 못한 말<br/>여기 남은 맘 바라본다<br/>여기 남은 맘 전해본다<br/>
"
1755,빛,이진아이진아,[Vol.39] 유희열의 스케치북 10주년 프로젝트 : 열아홉 번째 목소리 `유스케 X 이진아`,"2,006",<dd>2019.11.16</dd>,"늘 함께 있어 소중함을 몰랐던 거죠<br/>언제나 나와 함께 있어 준<br/>소중한 사람들을<br/>가끔씩 내가 지쳐 혼자라 느낄 때<br/>언제나 내게 힘이 돼 준<br/>사람들을 잊고 살았죠<br/>힘들어도 지쳐도 쓰러지지 말고<br/>내일을 생각하며 일어나요<br/>사업에 실패했어 사랑에 실패했어<br/>그 어떤 것도 우리를 <br/>쓰러뜨릴 순 없어<br/>알고 있죠 세상엔 <br/>당신 혼자가 아니란 걸<br/>주저앉아 슬퍼하고 있을 때가 <br/>아니란 걸 아는 걸<br/>일어나요 손을 내밀어요<br/>다 함께 손을 잡아요 <br/>그리고 하늘을 봐요<br/>우리가 함께 만들 세상을 <br/>하늘에 그려 봐요<br/>눈이 부시죠 너무나 아름답죠<br/>마주 잡은 두 손으로 <br/>우리 모두 함께 만들어 가요<br/>어둠에 둘러싸인 세상이<br/>그 곳에 쓰러져 가는 <br/>모두들의 모습이<br/>우리 마음 속에 있는 믿음과 사랑이<br/>크지 못하게 가로막고 있다 해도<br/>다시 시작할 수 있는 굳은 용기<br/>일어설 수 있다는 걸 알고 있어<br/>눈물을 닦고서 <br/>밝아오는 빛을 맞이하며<br/>높이 우뚝 선 모두들의 모습을<br/>주위를 들러보면 <br/>너무나 가슴이 아프죠<br/>세상에 가득 차 있는 <br/>미움과 아픔들이 나를<br/>서로를 미워하는 그런 마음들을<br/>조금만 가슴을 열어 <br/>우리 서로의 사랑을 나누어 봐요<br/>서로에게 조금씩 사랑을 보일 때<br/>서로에 대한 믿음을 키워나갈 때<br/>싸울 일 없어 기분 나쁜 일도 없어<br/>찡그리며 다툴 필요도 전혀 없어<br/>우리가 꿈꾸는 <br/>눈부신 빛이 저기 있어<br/>아름다운 세상이 바로 저기 보여<br/>우린 여기 서서 이렇게 말하고 있어<br/>우린 H.O.P.E<br/>다 함께 손을 잡아요 <br/>그리고 하늘을 봐요<br/>우리가 함께 만들 세상을 <br/>하늘에 그려 봐요<br/>눈이 부시죠 너무나 아름답죠<br/>마주 잡은 두 손으로 <br/>우리 모두 함께 만들어 봐요<br/>마주 잡은 두 손으로 <br/>우리가 해냈어요<br/>두려움은 없어요 슬픔도 이젠 없어<br/>우리 마음을 여기에 모아 <br/>기쁨의 축제를 열어요<br/>
"
1756,소중한 사람,임희빈임희빈,두 번은 없다 OST Part.1,216,<dd>2019.11.16</dd>,"웃어봐 좋은 일이 생길 것 같아<br/>맑은 하늘도 불어오는 바람도<br/>설레이는 걸<br/>널 보면 바보처럼 웃게 되는 나<br/>기다려왔던 사랑<br/>함께 해줘서 감사해<br/>소중한 사람<br/>아직은 알 수 없는 이야기도<br/>그대 있으면 힘이 생기는 날들<br/>같이 손잡고 걸어보는 거야<br/>나에게 그대는 소중한 사람<br/>괜찮아 언제든지 기대도 좋아<br/>기억 해 줄래 그대 곁에서<br/>언제나 지켜줄 나란 걸<br/>나에게 기적이 일어난 것 같아<br/>눈을 감아도<br/>그대 생각만으로 가득해<br/>소중한 사람<br/>아직은 알 수 없는 이야기도<br/>그대 있으면 힘이 생기는 날들<br/>같이 손잡고 걸어보는 거야<br/>나에겐 소중한 단 한 사람<br/>어쩌다 우리 지치더라도<br/>서로의 손을 마주 잡아 주겠니<br/>한 걸음씩 걸어보는 거야 사랑해<br/>그댄 내 소중한 사람<br/>
"
1757,"넌 항상, 나의 미래 (Solo.김경욱 Prod.다섯)",나몰라패밀리 (Namolla Family)나몰라패밀리 (Namolla Family),"넌 항상, 나의 미래",369,<dd>2019.11.16</dd>,"문득 바라보다가 피식 웃는 내 모습<br/>이렇게 설렘 가득한 내가 좀 낯설어<br/>소란스런 어쩌면 분주했던<br/>내 하루 끝엔<br/>니가 있어 포근 할 수 있어<br/>가끔 숨이 가쁘게 뛰고 싶은 답답함<br/>느껴질 때 나와 같이 달려 주겠니<br/>오늘도 난 내일도<br/>흩어질 수 없는 시간에<br/>다 너라서 내 미래를 약속해<br/>난 말야 하루에 모든 시간<br/>너로 가득 채워지더라<br/>참 포근한<br/>넌 항상 나의 미래<br/>걱정스런 어쩌면 부족했던<br/>내 하루 끝엔<br/>니가 있어 완벽할 수 있어<br/>종일 바쁜 일상 속 햇살 같은 따뜻함<br/>생각날 때 내게 기대 쉬어가겠니<br/>오늘도 난 내일도<br/>흩어질 수 없는 시간에<br/>다 너라서 내 미래를 약속해<br/>난 말야 하루에 모든 시간<br/>너로 가득 채워지더라<br/>참 포근한 넌 항상 나의 미래<br/>어두운 세상 언제나 환하게<br/>비춰준 너란 별이 나로 인해<br/>더 오래 빛날 수 있다면<br/>늘 곁에 있을게<br/>오늘도 난 내일도<br/>너와 같은 시간속에서<br/>난 고마워 내 미래를 약속해<br/>난 말야 너를 만난 그 순간<br/>너로 가득 채워지니까<br/>참 포근한 넌 항상 나의 미래<br/>
"
1758,아무렇지 않은 날,주말오후주말오후,아무렇지 않은 날,199,<dd>2019.11.16</dd>,"아무렇지 않은 날에 너와 <br/>함께 걷던 그 길 위에 혼자 <br/>한참을 멍하니 우두커니 서서 <br/>널 그려보다 지워 <br/>아무렇지 않은 날에 너와 <br/>물끄러미 날 봐주던 너의 <br/>장난기 가득한 그 웃음까지도 <br/>내 귓가에 맴돌아 <br/>괜찮은 줄만 알았던 <br/>우리의 사랑은 이제 <br/>모두 흩어져가 기억 저 너머로 <br/>우리가 없던 그때로 <br/>가끔 널 떠올릴 때면 <br/>휘청거리던 그날에 <br/>우리의 사랑도 별다를 것 없이 <br/>똑같은 만남과 이별 <br/>아무렇지 않은 날에 혼자 <br/>익숙해진 네 빈자리<br/>점점 더 괜찮아져가 <br/>네가 없던 때로 다시 오지 않을 그날 <br/>사실 나 예전의 우리가 그리워 <br/>널 잊지 못하고 <br/>미안해 지금은 널 볼 자신이 없는 걸<br/>괜찮은 줄만 알았던 <br/>우리의 사랑은 이제 <br/>모두 흩어져가 기억 저 너머로 <br/>우리가 없던 그때로 <br/>가끔 널 떠올릴 때면 <br/>휘청거리던 그날에 <br/>우리의 사랑도 별다를 것 없이 <br/>똑같은 만남과 이별 <br/>아무렇지 않은 날에 너와 <br/>마지막 인사를 하며 <br/>서로 꽉 잡은 두 손을 <br/>놓아주었어<br/>
"
1759,Waiting For You,더 데이지 (The Daisy)더 데이지 (The Daisy),놓치지 마 OST Part.2,70,<dd>2019.11.16</dd>,"그때 우리 좋았는데 <br/>누구보다 더 생각하면 <br/>그때 그날 그리워진다 <br/>이제와서 생각하면 후회 가득해 <br/>돌아가고싶어 다시 그날로 <br/>시간이 가도 눈을 감아도 <br/>너의 모습 내게 아직 <br/>그대로 남아있어 <br/>아프게하고 지치게하고 있어 <br/>그때 그날의 찬란했었던<br/>Waiting for you<br/>Waiting for you<br/>Waiting for you<br/>아름다웠던 우리 사이 그리워지는 밤 <br/>Waiting for you <br/>Waiting for you <br/>아름답던 니가 그리워 <br/>가슴 깊이 박혀있어 생각만하면 <br/>찔린듯이 아파와서 눈물이난다 <br/>너와 내가 보낸 시간 소중했기에 <br/>지우지를 못해 너를 떠올려 <br/>시간이 가도 눈을 감아도 <br/>너의 모습 내게 아직 <br/>그대로 남아있어 <br/>아프게하고 지치게하고 있어 <br/>그때 그날의 찬란했었던 <br/>Waiting for you <br/>Waiting for you <br/>Waiting for you <br/>아름다웠던 우리 사이 그리워지는 밤 <br/>Waiting for you <br/>Waiting for you <br/>아름답던 니가 그리워 <br/>시간이 가도 눈을 감아도<br/>너의 모습 내게 아직<br/>그대로 남아있어<br/>아프게하고 지치게하고 있어<br/>그때 그날의 찬란했었던<br/>Waiting for you<br/>Waiting for you<br/>Waiting for you<br/>아름다웠던 우리 사이 그리워지는 밤<br/>Waiting for you<br/>Waiting for you<br/>아름답던 니가 그리워<br/>
"
1760,너를 그렇게 사랑을 했었을까,한경일한경일,꽃길만 걸어요 OST Part.05,174,<dd>2019.11.16</dd>,"늦지 않게 나에게 와줘<br/>초조한 내 곁으로<br/>기다리는 가여운 맘이<br/>쓰러져 지치기 그전까지<br/>이별이라는 게 한 사람은 남겨져<br/>떠나버린 너를 매일 그리며<br/>살아야하나봐<br/>너를 그렇게 사랑을 했었을까<br/>후회가 돼<br/>조금씩만 사랑하고 그랬었다면<br/>차가워진 마음이<br/>나를 견딜 수 없게 만들잖아<br/>매일 아파하는 날 잡아줄래<br/>생각하면 좋았던<br/>우리 매일 웃었던 우리<br/>마지막 그 차갑던 표정<br/>가슴에 박혀서 잊지 못해<br/>사랑을 했었고 이별을 맞이하고<br/>이게 사랑이라 말을 하지만<br/>난 정말 힘들어<br/>너를 그렇게 사랑을 했었을까<br/>후회가 돼<br/>조금씩만 사랑하고 그랬었다면<br/>차가워진 마음이 나를 견딜 수<br/>없게 만들잖아<br/>매일 아파하는 날 잡아줄래<br/>매일 이별과 난 싸우고 살아<br/>지워내는 널 잡고 기다려<br/>너를 그렇게 사랑을 했었을까<br/>후회가 돼<br/>조금씩만 사랑하고 그랬었다면<br/>차가워진 마음이<br/>나를 견딜 수 없게 만들잖아<br/>매일 아파하는 날 잡아줄래<br/>
"
1761,달과 함께 걸어요,Obze (오브제)Obze (오브제),달과 함께 걸어요,136,<dd>2019.11.16</dd>,"달과 함께 걸어요<br/>음악도 흐르고 사람들도 보여<br/>걷기엔 딱 좋아요<br/>술 한 잔 들이켜고<br/>이제 말을 해봐요<br/>무엇이 가장 그댈 힘들게<br/>하고 있나요<br/>아 말 한마디면 이렇게 터놓을 게 많은데<br/>다 알면서도 입이 떨어지지 않는 건 <br/>왜일까요 아 외로워 음 <br/>그러니 오늘만큼은 <br/>나와 달과 함께 걸어요<br/>그래도 좋지 않나요<br/>때론 이런 고독이<br/>나를 빛나게 해주어요<br/>그리고 그대도 있죠<br/>숨 한번 내쉬고<br/>이제 말을 해봐요<br/>무엇이 가장 그댈 살게 하고 있나요<br/>아 말 한마디면 이렇게 터놓을 게 많은데<br/>다 알면서도 입이 떨어지지 않는 건 <br/>왜일까요 아 외로워 음<br/>그러니 오늘만큼은 <br/>나와 달과 함께 걸어요<br/>그러니 오늘만큼은 <br/>나와 달과 함께 걸어요<br/>
"
1762,그려본다,반광옥반광옥,그려본다,"2,757",<dd>2019.11.15</dd>,"잊지 못해 사는 게 참 힘들어<br/>더는 마주할 수 없는<br/>네가 보고파서<br/>그리워하며 또 하루가 흘러<br/>나는 아직 널 잊을 준비가 안 됐어<br/>너를 그리고 또 그려도<br/>채워지지 않아<br/>눈을 감으면 또 눈물이<br/>내 눈 앞을 가려<br/>너를 사랑한다고<br/>아직 사랑한다고<br/>외쳐봐도<br/>돌아오지 않을 널<br/>나는 또 그려 본다<br/>애써 눈물을 감춰보지만 더는<br/>네가 남기고 간<br/>추억들이 많아서<br/>손에 남아있는 너의 온기를<br/>아무렇지 않은 척하기 힘들어서<br/>혹시라도 내가 널<br/>그리워하는 게<br/>그것마저도 내겐 과분해서<br/>이젠 정말 끝이라며<br/>나를 위로해봐도<br/>다 소용이 없어<br/>나아지지 않아<br/>너를 그리고 또 그려도<br/>그려지지 않아<br/>눈을 감으면 또 눈물이<br/>내 눈 앞을 가려<br/>너를 사랑한다고<br/>아직 사랑한다고<br/>외쳐봐도<br/>다시 널 안고 싶어<br/>네가 보고 싶어<br/>누구도 필요 없어 나는<br/>하루가 일 년 같아 너 없이는<br/>너를 그리고<br/>또 그려도 채워지지 않아<br/>눈을 감으면<br/>또 눈물이 내 눈 앞을 가려<br/>너를 사랑한다고<br/>아직 사랑한다고<br/>돌아오지 않을 널<br/>나는 애써 그려 본다<br/>
"
1763,괜찮아지면 안 돼,릴리 (Lily)릴리 (Lily),괜찮아지면 안 돼,"1,030",<dd>2019.11.15</dd>,"헤어진 후로 줄곧 달력만 봤어<br/>어쩌면 네가 올까 봐<br/>남잔 한 달 뒤에 이별을 실감한댔어<br/>너도 아파했으면 좋겠다<br/>Oh 괜찮아지면 안 돼<br/>너도 나처럼<br/>내 생각에 힘들어지기를<br/>이기적인 사랑이라 해도<br/>괜찮아지면 안 돼<br/>정말 잘할 수 있을 줄 알았어<br/>우리 함께한 시간을 믿었어<br/>어쩌다 서로 다른 길을 걷게 됐을까<br/>시작조차 없었던 것처럼<br/>Oh 괜찮아지면 안 돼<br/>너도 나처럼<br/>내 생각에 힘들어지기를<br/>이기적인 사랑이라 해도<br/>제발 괜찮아 지지마<br/>흘러가는 시간에<br/>애가 타 두려워져<br/>용기 없는 내가 미워져<br/>Oh 내게 오는 걸음이<br/>좀 느린 건지<br/>잊어가는 중인지 아니면<br/>일부러 참지 말고 돌아와<br/>네가 그리워 정말<br/>괜찮아지면 안 돼<br/>너도 나처럼<br/>너의 내가 그리워지기를<br/>잊으려고 노력하지만<br/>다시 돌아와<br/>
"
1764,다 잘될 거라 생각해,스윗소로우 (SWEET SORROW)스윗소로우 (SWEET SORROW),SWEET SORROW 5TH PART 1 NEW DAY,"1,078",<dd>2019.11.15</dd>,"그래 난 잘할 거라 생각해<br/>다 잘될 거라 생각해<br/>내 물음표를 느낌표로 멋지게 바꿀게<br/>난 당당하게 살 테니까<br/>난 한 걸음 더 갈 테니까<br/>날 지켜봐줘 더 나은 내 내일아<br/>숨가쁜 오늘도 한참을 떠돌다<br/>답답한 마음이 가득 차올라<br/>한숨을 떨군다<br/>바로 그 때 갈 곳 없이 헤매던<br/>내 눈길이 멈춘 곳은<br/>결국 여기 내 발끝 나 걸어온 흔적<br/>난 나름대로 괜찮은 선택을 해왔어<br/>Yes I’ve made a good choice<br/>흔들리고 때론 넘어질 순 있어도<br/>내 마음을 믿어 그래 그거잖아<br/>난 잘할 거라 생각해<br/>다 잘될 거라 생각해<br/>세상이 던진 물음표에 당당히 맞설게<br/>난 힘들어도 갈 테니까<br/>난 한 걸음 더 갈 테니까<br/>날 지켜봐줘 더 나은 내 내일아<br/>넌 이래서 안돼<br/>저래서 못해 어쩌라구 어<br/>내 나름대로 내 식대로 가는 거야<br/>좋으면 따라와 OK<br/>그게 아니면 조용히 No Thanks<br/>많은 선택들 중에 택한 내가<br/>걸어갈 시간들 속에<br/>그 한 고비 넘지 못해<br/>괴로운 날도 많겠지<br/>Oops I’m in trouble again<br/>근데 말야 다 잘할 순 없는 거야<br/>정답이 어디 있겠어<br/>나 답게 가 보는 거야<br/>난 잘할 거라 생각해<br/>다 잘될 거라 생각해<br/>내 물음표를 느낌표로 멋지게 바꿀게<br/>난 당당하게 살 테니까<br/>난 한 걸음 더 갈 테니까<br/>날 지켜봐줘 더 나은 내 내일아<br/>왜 못할 거라 생각해<br/>왜 안될 거라 생각해<br/>세상이 던진 물음표에<br/>질 수는 없잖아<br/>나 떳떳하게 갈 테니까<br/>난 나를 믿고 갈 테니까<br/>날 지켜봐줘 더 나은 내 내일아<br/>
"
1765,있고,젬스톤 (유한결)젬스톤 (유한결),있고,552,<dd>2019.11.15</dd>,"네가 베던 베개도 있고<br/>선물해준 신발도 있고<br/>환하게 웃고 있는<br/>사진 속 네 미소도<br/>아직도 그대로 있는데<br/>넌 아직 그 자리에 있는지<br/>좋은 사람과 잘 지내는지<br/>난 말야<br/>아직 그 시간에 갇혀<br/>숨 막히는 하루를 보내<br/>오늘도<br/>네가 앉던 소파에 앉아<br/>네가 써준 편지를 읽고<br/>아직 너의 향기가<br/>묻어 있는 셔츠도<br/>내 방 안에 그대로 남아있는데<br/>넌 아직 그 자리에 있는지<br/>좋은 사람과 잘 지내는지<br/>난 말야<br/>아직 그 시간에 갇혀<br/>숨이 멎을듯한 하루를 보내<br/>난 아직 너만 기다리는데<br/>아직 그 시간에 멈춰있는데<br/>돌아와<br/>날 찾던 예쁜 입술로<br/>떠나라는 차가운 그 말<br/>하지마<br/>너 없는 하루를 보낸다는 게<br/>난 아직 너만 기다리는데<br/>아직 그 시간에 멈춰있는데<br/>돌아와<br/>나만 바라보던 그 때로<br/>떠나가란 아픈 말<br/>하지마<br/>떠나가란 아픈 말<br/>하지마<br/>
"
1766,우리 둘만을 위한 선물,우12우12,우리  둘만을  위한 선물,19,<dd>2019.11.15</dd>,"아침에 눈을 뜨면<br/>나도 몰래 웃음이나<br/>보고 또 보고 싶어<br/>핸드폰을 꺼내어보니 웃음이 나와<br/>내가 어디에 있든 무얼 하든<br/>늘 니 생각에 힘이 솟아나<br/>매일 꿈을 꾸는 것 같아<br/>비 온 뒤 무지개 같은 그대여<br/>힘든 날도 있겠지만<br/>때론 눈물도 흐르겠지만<br/>그럴 땐 뒤돌아 내 손을 잡아<br/>너의 뒤엔 항상 내가 있어<br/>많은 사람들 중에 너를 만나서<br/>사랑한다<br/>그 자체만으로도<br/>아름답다 생각해 나는<br/>늘 너와 함께 하고 싶은걸<br/>매일 그런 상상을 했어<br/>천연기념물 같은 그대여<br/>힘든 날도 있겠지만<br/>때론 눈물도 흐르겠지만<br/>그럴 땐 뒤돌아 내 손을 잡아<br/>너의 뒤엔 항상 내가 있어<br/>많은 사람들 중에 너를 만나서<br/>아름다운<br/>사랑을 한다는 건<br/>우리 둘만을 위한 선물<br/>때론 친구처럼<br/>부모처럼<br/>기쁜 날에도 슬픈 날에도<br/>우리는 하나야<br/>함께해<br/>하늘이 주신 운명처럼<br/>내 인생의 전부<br/>소중한 그대여<br/>힘든 날도 있겠지만<br/>때론 눈물도 흐르겠지만<br/>그럴 땐 뒤돌아 내 손을 잡아<br/>너의 뒤엔 항상 내가 있어<br/>많은 사람들 중에 너를 만나서<br/>아름다운<br/>사랑을 한다는 건<br/>우리 둘만을 위한 선물<br/>
"
1767,소식,구범환구범환,이음 001 소식,31,<dd>2019.11.15</dd>,"내 소식 물었다는<br/>그대의 안부 전해 들었죠<br/>난 잘 지내요 모두 말하듯<br/>시간이 흐르니 괜찮았어요<br/>가끔 어색해져요<br/>오늘처럼 그대 내게 들린 날이면<br/>안부 따위는 굳이<br/>우리 당연한 일상이<br/>지겨울 텐데 참<br/>그래요 나 잘 지내요 그대<br/>이젠 그래요 모두 말하둣<br/>그저 스쳐가는 옛 사랑일 뿐<br/>가끔 어색해져요<br/>오늘처럼 소식 전해 들린 날이면<br/>안부 따위는 굳이<br/>우리 당연한 일상이<br/>지겨울 텐데 참<br/>그래요 나 잘 지내요<br/>그대도 나도 알죠<br/>우린 이제 안부보단<br/>가끔 떠올리는게 더 어울리는 사이<br/>사실 궁금했어요<br/>많이 운 건 아닌지<br/>우리 헤어지던 날엔 잘 들어갔는지<br/>그대로 잘 지내줘요 그대<br/>
"
1768,With You (Vocal By 지현),젤리프로젝트젤리프로젝트,With You (Vocal By 지현),33,<dd>2019.11.15</dd>,"우린 매일 <br/>계획 하나 없이<br/>어디든 떠나곤 했어<br/>너와 함께면 난 너무 좋아<br/>걱정하나 없이 <br/>보낼 수 있어서<br/>오늘 우릴 기다리는 곳은 어딜까<br/>기대가 돼 어서 가고파<br/>어떻게 너랑 있음<br/>처음처럼 모든 게 새로워<br/>매일 왔던데도 다르게 느껴져<br/>그래서 즐거워 너랑 있다 보면<br/>지금 이 순간이 내겐 너무 소중해<br/>많이 힘든 날이어도<br/>몸이 피곤 한 날이어도<br/>신기하게<br/>너와 함께면 난 너무 좋아<br/>걱정하나 없이 <br/>보낼 수 있어서<br/>오늘 우릴 기다리는 곳은 어딜까<br/>기대가 돼 어서 가고파<br/>어떻게 너랑 있음<br/>처음처럼 모든 게 새로워<br/>매일 왔던데도 다르게 느껴져<br/>그래서 즐거워 너랑 있다 보면<br/>지금 이 순간이 내겐 너무 소중해<br/>Um Woo Um 나<br/>너와 있는 내일을 언제나 기대해<br/>그대와 함께 있으면<br/>시간이 너무 짧아져<br/>해가 서둘러 얼굴을 감추고<br/>밤이 드리웠네요<br/>아쉬운 맘 뒤로하고<br/>다시 내일을 그리며<br/>집에 돌아가요 난 <br/>어떻게 너랑 있음<br/>처음처럼 모든 게 새로워<br/>자주 걷던 길도 다르게 느껴져<br/>그래서 즐거워 너랑 있다 보면 난<br/>이 순간이 점점 더 소중해져 가네요<br/>
"
1769,Walking With You,최의성최의성,최의성 미니앨범,11,<dd>2019.11.15</dd>,"숨을 들이쉰다<br/>길을 걸어간다<br/>잠시 멈춰선다<br/>눈을 감아본다<br/>어딜 향해 갈지<br/>어느 길로 갈지<br/>나는 모르지만<br/>발걸음을 뗀다<br/>흐르는 강물 위로<br/>자유롭게 나는 새처럼<br/>흐르는 구름 위로<br/>눈부시게 하얀 빛처럼<br/>나는 걸어가네<br/>다시 걸어가네<br/>불어오는 바람 속에<br/>속삭임을 따라<br/>새겨진 고단한 발걸음을 보며<br/>나는 걸어가네<br/>기쁨의 이 길을<br/>흐르는 강물 위로<br/>자유롭게 나는 새처럼<br/>흐르는 구름 위로<br/>눈부시게 하얀 빛처럼<br/>나는 걸어가네<br/>다시 걸어가네<br/>불어오는 바람 속에<br/>속삭임을 따라<br/>새겨진 고단한 발걸음을 보며<br/>나는 걸어가네<br/>기쁨의 이 길을<br/>헤아릴 수 없었던<br/>그대 사랑과<br/>나를 보는 그대 미소<br/>비추네 이 길을<br/>나는 걸어가네<br/>다시 걸어가네<br/>불어오는 바람 속에<br/>속삭임을 따라<br/>새겨진 고단한 발걸음을 보며<br/>나는 걸어가네<br/>기쁨의 이 길을<br/>기쁨의 이 길을<br/>
"
1770,그 때,원동성원동성,그 때,4,<dd>2019.11.15</dd>,"집으로 돌아오는 길<br/>한걸음 두 걸음 무거워지는데<br/>즐거워 보이는 저 사람들은<br/>내 맘을 아는지 모르는지<br/>다 헤져가는 낡은 신발처럼<br/>불안한 내 모습을 보다<br/>오늘이 지나고 내일을 지나면<br/>그때 내가 웃을 수 있을까<br/>내 맘속 한편에 놓을 수 없었던<br/>네가 네가 있어 살아갈 수 있다<br/>저물어가는 오늘이 지나면<br/>조금 더 나아질 수 있을까<br/>오늘이 지나고 내일을 지나면<br/>그때 내가 웃을 수 있을까<br/>내 맘속 한편에 놓을 수 없었던<br/>네가 네가 있어 살아갈 수 있다<br/>날 숨 쉬게 하는 날 있게 해준 너<br/>오늘이 지나고 내일을 지나면<br/>그때 내가 웃을 수 있을까<br/>내 맘속 한편에 놓을 수 없었던<br/>네가 네가 있어 살아갈 수 있다<br/>
"
1771,독도랑아리랑,최윤석최윤석,독도랑아리랑,0,<dd>2019.11.15</dd>,"독도라고 한데요 혼자있는 섬이라<br/>성난파도와 세찬 바람만 친구라죠<br/>독도라고 불려도 혼자는 외롭겠죠<br/>그래서 나도 파도를 타고<br/>친구하러 갑니다<br/>어깨동무 내 친구 독도<br/>동해에 사는 내친구 독도<br/>아리아리 아리랑 아리쓰리 독도랑<br/>아리랑 파도를 넘어보자<br/>사진한장 들고서 찾아가는 섬이라<br/>나를 몰라보면 어쩌나 마음 졸이다<br/>짙은 안개속에서 수줍게 내민 얼굴<br/>헤어진 친구 다시 만나듯<br/>내게 달려옵니다<br/>어깨동무 내 친구 독도<br/>동해에 사는 내친구 독도<br/>아리아리 아리랑 아리쓰리 독도랑<br/>아리랑 파도를 넘어보자<br/>성난파도 보다 더 세찬 바람 보다 더<br/>함께하는 우릴 샘내는 섬도 있지만<br/>그렇지만 우리는 걱정하지 않아요<br/>아리랑 한번 독도랑 한번<br/>불러본적 없으니<br/>어깨동무 내 친구 독도<br/>동해에 사는 내친구 독도<br/>아리아리 아리랑 아리쓰리 독도랑<br/>아리랑 파도를 넘어보자<br/>아리랑 독도랑 너랑 나 아리랑<br/>
"
1772,Lay Back,정은재정은재,Lay Back,27,<dd>2019.11.15</dd>,"나에게 그댈 맡겨요<br/>무슨 생각하나요 지금<br/>우리의 밤은 짧아요<br/>그댈 아끼지 마요 내게<br/>우리 사이로 이 밤이 흐르고<br/>작은 걱정들은 흐릿해져가요<br/>지금처럼만 잔잔히 흐르게<br/>나의 곁에 그댈 계속 둬요 My Love<br/>그대로 있어요 아무 것도 하지 마요<br/>내일이 와도 그냥 모른척 해요<br/>지금 이 순간에도 시간이 가요 또<br/>Lay back Lay back with me babe<br/>그대 뭘 원하는지 전부 알고있죠 나<br/>맘을 열어요 내게<br/>우리 사이로 이 밤이 흐르고<br/>작은 걱정들은 흐릿해져가요<br/>지금처럼만 잔잔히 흐르게<br/>나의 곁에 그댈 계속 둬요 My Love<br/>그대로 있어요 아무 것도 하지 마요<br/>내일이 와도 그냥 모른척 해요<br/>지금 이 순간에도 시간이 가요 또<br/>Lay back Lay back Lay Back<br/>서로 모르고 지난 시간<br/>사라져가는 오늘 이 밤<br/>눈을 감아 이제<br/>내가 입맞출 수 있게<br/>그대로 있어요 아무 것도 하지 마요<br/>내일이 와도 그냥 모른척 해요<br/>지금 이 순간에도 시간이 가요 또<br/>Lay back Lay back with me babe<br/>
"
1773,위로,최솜최솜,위로,29,<dd>2019.11.15</dd>,"다 지나간 일 또 눈물짓지 않을<br/>그 시간만이 더 필요한 거야<br/>할 수 있다 말 한마디보다도<br/>따듯한 손이 위로가 될 거야<br/>창 밖에 보이는 거리<br/>앞만 보고 걷는 사람들<br/>어디로 바쁘게 가는지<br/>나 혼자만 멈춘듯해<br/>나를 걱정하는 그 눈빛 말투들<br/>날 등 떠밀어왔어<br/>한 걸음을 내딛기에 서툴러서<br/>더 조급해졌나 봐<br/>다 지나간 일 또 눈물짓지 않을<br/>그 시간만이 더 필요한 거야<br/>할 수 있다 말 한마디보다도<br/>따듯한 손이 위로가 될 거야<br/>하나 둘 켜지는 가로등<br/>기울어가는 하루의 끝<br/>어둑해진 골목길 앞에선<br/>나 혼자 서있는 듯해<br/>나를 걱정하는 그 눈빛 말투들<br/>날 등 떠밀어왔어<br/>한 걸음을 내딛기에 서툴러서<br/>더 조급해졌나 봐<br/>다 지나간 일 또 눈물짓지 않을<br/>그 시간만이 더 필요한 거야<br/>할 수 있다 말 한마디보다도<br/>따듯한 손이 위로가 될 거야<br/>
"
1774,DANI,dullin (덜린)dullin (덜린),DANI,43,<dd>2019.11.15</dd>,"Oh 다니 우리 만나기로 했는데<br/>그대 왜 날 바람맞히나<br/>온종일 그대 생각밖에 않나 나<br/>혹여나 내가 부담 줬는지 몰라<br/>그래 나 부담 줬는지 몰라<br/>어쩌면 너무 당연한 반응인데<br/>이게 나 정말 너무 바보 같아서<br/>Oh 나 정말<br/>Oh 다니 우리 만나기로 했는데<br/>그대 왜 날 바람맞히나<br/>이제는 날아가버리고 없는데<br/>바람아 나도 멀리 날려버려라<br/>Oh 다니 우리 만나기로 했는데<br/>그대 왜 날 바람맞히나<br/>이제는 날아가버리고 없는데<br/>바람아 나도 멀리 날려버려라<br/>그대를 떠나 보내리<br/>이제는 잠시 쉬어 가자<br/>Oh 다니 내가 부담 준거 미안해<br/>조용히 잘 지내라고 빌게요<br/>
"
1775,오늘도 (Feat. 류이현),키포키포,오늘도,16,<dd>2019.11.15</dd>,"나를 바라보는 눈빛이<br/>하나 둘씩 변해 갈 때면<br/>아직은 아니라고<br/>내게 말을 걸었어<br/>어색해진 너의 표정도<br/>차가워진 너의 말투도<br/>나를 바라보는 시선 하나도<br/>너는 오늘 날 불안하게 만들었잖아<br/>오늘도 너와의 기억은<br/>내 안에 남아있어<br/>나는 여전히 니 앞에 앉아서<br/>울고 있어<br/>너를 사랑하는 내가<br/>참 바보 같다는<br/>마음 그 하나 까지도<br/>나는 오늘도 니 맘과 같아<br/>초라해진 나를 볼 때면<br/>비참해진 나를 볼 때면<br/>아직 사랑하는 마음까지도<br/>너는 오늘 날 불안하게 만들었잖아<br/>오늘도 너와의 기억은<br/>내 안에 남아있어<br/>나는 여전히 니 앞에 앉아서<br/>울고 있어<br/>너를 사랑하는 내가<br/>참 바보 같다는<br/>마음 그 하나까지도<br/>나는 오늘도 니 맘과 같아<br/>
"
1776,꺼내지 못한 말,최혜리최혜리,꺼내지 못한 말,40,<dd>2019.11.15</dd>,"아무 일 아닌 듯이<br/>넌지시 떠보듯이<br/>헤어지잔 한마디<br/>툭 던진 한마디<br/>그랬니 그랬니<br/>이별을 준비한 거니<br/>나만 아무것도 몰랐었나 봐<br/>내가 갈게 지금은 그냥 갈게<br/>오늘이 지나고 내일이 오면<br/>내 맘 바뀔지 몰라<br/>널 사랑하니까 아직 사랑하니까<br/>대답할 수 없는 내 맘 알아줘<br/>제발 가지마 가지마 가지마<br/>돌아와 돌아와 돌아와<br/>차마 꺼내지 못한 말<br/>독하게 말하지마<br/>모질게 말하지마<br/>너도 아프잖아 나만큼 아프잖아<br/>혼자서 혼자서 이별을 준비한 거니<br/>나만 아무것도 몰랐었나 봐<br/>내가 갈게 지금은 그냥 갈게<br/>오늘이 지나고 내일이 오면<br/>내 맘 바뀔지 몰라<br/>널 사랑하니까 아직 사랑하니까<br/>대답할 수 없는 내 맘 알아줘<br/>그동안 힘들었던 니 맘을<br/>모른 척 한 날 용서해<br/>미안해 정말 미안해 No<br/>내가 갈게 지금은 그냥 갈게<br/>오늘이 지나고 내일이 오면<br/>내 맘 바뀔지 몰라<br/>널 사랑하니까 아직 사랑하니까<br/>대답할 수 없는 내 맘 알아줘<br/>제발 가지마 가지마 가지마<br/>돌아와 돌아와 돌아와<br/>차마 꺼내지 못한 말<br/>니가 밉다<br/>
"
1777,CHRONOS,산토킹산토킹,CHRONOS,20,<dd>2019.11.15</dd>,"스물하나<br/>되고 싶던 아이는 벌써 스물다섯<br/>어른의 삶을<br/>상상하던 아이는 어디에<br/>매년 매월 매일 매 순간이<br/>너무 빨리 흘러가 나는 겁이 나<br/>아직 난 준비 안된 철부지인걸<br/>그저 누군가의 어린아이인걸<br/>터무니없는 얘기겠지만<br/>철없는 나의 고집이지만<br/>쉬었다 가자 조금만 천천히<br/>오래 함께 있자 행복한 지금에<br/>꿈보다 겁을 먼저 배운 아이는<br/>벌벌 떨며 울고만 있지 멈춘 채<br/>이기적인 시간은 나를 보아도<br/>멈추지 않아 더 빨리 달려가<br/>터무니없는 얘기겠지만<br/>철없는 나의 고집이지만<br/>쉬었다 가자 조금만 천천히<br/>오래 함께 있자 행복한 지금에<br/>나의 바람이 말도 안 되는 거 알아<br/>세월 흘러 주름진 부모님 얼굴<br/>볼 때면 나도 몰래 두 손 모아<br/>기도해 시간아 제발 멈춰<br/>터무니없는 얘기겠지만<br/>철없는 나의 고집이지만<br/>쉬었다 가자 조금만 천천히<br/>오래 함께 있자 행복한 지금에<br/>
"
1778,커튼,최우혁최우혁,커튼,12,<dd>2019.11.15</dd>,"커튼을 가린체 햇빛도 가린체<br/>난 잠이 들었지<br/>상처를 감춘지 딱지가 앉은지<br/>꽤 오래된 날이야<br/>꿈에서 너의 홈피를 찾아<br/>무슨일을 하는지<br/>누구와 있는지<br/>사소한 것들을 훔쳐 보더라<br/>번호도 숨긴체 마음도 숨긴체<br/>난 그렇게 살았어<br/>그때의 일들도 추억거리가 된지<br/>꽤 오래된 날이야<br/>꿈에서 너의 사진을 넘겨<br/>어떤 표정을 짓는지<br/>잘 웃고 있는지<br/>네 모습만 환해지더라<br/>커튼사이 추운 바람에 눈을 뜨면<br/>내 폰에 너의 흔적은 보이질 않고<br/>다시 잠시만 더 보고 싶어<br/>눈을 감으면 아무것도 없더라<br/>커튼사이 추운 바람에 눈을 뜨면<br/>내 폰에 너의 흔적은 보이질 않고<br/>다시 잠시만 더 보고 싶어<br/>눈을 감으면<br/>꿈에서 깬 후에<br/>보통의 아침을 맞이해<br/>근데 난 계속<br/>잠들고 싶더라<br/>
"
1779,그랬을 거야,차광민차광민,그랬을 거야,4,<dd>2019.11.15</dd>,"시간을 거꾸로 돌려<br/>그때로 돌아간다면 널<br/>밀어낼 수 있을까<br/>이렇게 끝날 걸 알았더라면<br/>나는 너를 지나쳐 갔을 텐데<br/>니가 보인다<br/>그날의 모든 게 이렇게 선명해<br/>가까워진다<br/>아무리 생각해도 다른 선택은 없었어<br/>어떻게 내가<br/>오 내가<br/>그날의 너를 지나칠 수가 있겠니<br/>우린 반드시 함께할 수밖에 없었던 거야<br/>니가 보인다<br/>선명하진 않아도 그 자리에 있어<br/>떠올려본다<br/>아무리 생각해도 다른 선택은 없었어<br/>그래 나는 <br/>오 나는<br/>그때가 아니라도 널 찾았을 거야<br/>우린 어떻게든 시작과 끝이 있었을 거야<br/>
"
1780,오  나도,.OHYO..OHYO.,To You,6,<dd>2019.11.15</dd>,"나에게 알맞게 구부러지는 침대는<br/>마침 널 떠올리게해<br/>내 생각 내의미 내 마음에 맞춰<br/>기울어 오는 네 마음같아<br/>더 무거워도되 날 좋아해<br/>라라라라라라 좋아해<br/>오 나도 조금 가볼까<br/>너에게 가까이<br/>아아아아아 랄라라<br/>그 예쁜 목소리 들으러 가볼까<br/>얼마나 기울 수 있어 한번 와 봐<br/>구불구불 할 수록 딱 좋아<br/>더 무거워도되 날 좋아해<br/>라라라라라라 좋아해<br/>오 나도 조금 가볼까<br/>너에게 가까이<br/>아아아아아 랄라라<br/>그 예쁜 목소리 들으러 가볼까<br/>아아아아<br/>너의 그 따스한 품 속으로 나<br/>오나도 조금 가볼까<br/>너에게 가까이<br/>아아아아아 랄라라<br/>그 예쁜 목소리 들으러 가볼까<br/>
"
1781,1년 만에,이진재이진재,1년 만에,"1,140",<dd>2019.11.14</dd>,"몰랐어 헤어진 지 1년 만이래<br/>이렇게 널 보게 될 줄이야<br/>심장은 터질 듯 바쁘고 <br/>다리 힘은 풀려서<br/>어색하게 웃기만 했어<br/>반갑다 잘 지내지 뻔한 인사만<br/>의미 없이 늘어놓다가<br/>니 손 잡고 있던 그 사람 <br/>왠지 미안했는지<br/>친구라 그냥 소개하더라<br/>괜찮아 난 그런 거잖아<br/>살다가 보면 누군갈 만나고 <br/>다시 사랑하잖아<br/>모른척할 걸 그냥 지나칠 걸<br/>다시 너 땜에 한동안 취해 살 텐데<br/>사랑한다 사랑한다고 울면서<br/>내게 올 거라고 바보같이 믿었어<br/>그럴 줄 알았어<br/>전보다 얼굴이 더 좋아졌더라<br/>그 사람이 잘해주나 봐<br/>그땐 내가 정말 못돼서 <br/>아프게만 했는데<br/>잘됐다 웃을 일이 많아서<br/>괜찮아 난 그런 거잖아<br/>살다가 보면 누군갈 만나고 <br/>다시 사랑하잖아<br/>모른척할 걸 그냥 지나칠 걸<br/>다시 너 땜에 한동안 취해 살 텐데<br/>사랑한다 사랑한다고 울면서<br/>내게 올 거라고 바보같이 믿었어<br/>그럴 줄 알았어<br/>다 어제 같은데<br/>모든 게 너라서<br/>너란 세상에 살아<br/>넌 다 잊었나 봐 그럴 수 있나 봐<br/>난 아닌데 너라서 행복했는데<br/>돌아와 줘 돌아와 줘 단 한 번만 <br/>이 말 한마디가 내겐 어려웠나 봐<br/>어쩔 수 없나 봐<br/>사랑한다 사랑한다고 바보야 돌아와<br/>너무 늦었다는 걸 이제야 알았어<br/>
"
1782,노래하자,하이브로하이브로,노래하자,182,<dd>2019.11.14</dd>,"어차피 다 혼자인 거야<br/>내 옆을 하나 둘 떠나고<br/>일과 사랑 어느 것 하나<br/>손에 쥐지 못한 나지만<br/>웃어주자<br/>슬퍼하지 말자<br/>적어도 행복 했었다면<br/>다시 일어나<br/>흐르는 눈물을 닦고서<br/>노래하자<br/>나를 떠난 그 시절의 너를 위해<br/>노래하자<br/>사랑했던 다신 없을 우릴 위해<br/>노래하자<br/>보내주자<br/>고여있지 말자<br/>지나간 일은 묻어두고<br/>다시 일어나<br/>다가올 내일을 향해서<br/>노래하자<br/>나를 떠난 그 시절의 너를 위해<br/>노래하자<br/>사랑했던 다신 없을 우릴 위해<br/>오늘이 마지막 밤인 것처럼<br/>다시 오지 않을 것처럼<br/>노래하자<br/>자 일어나 소리 질러<br/>사라진 우리를 위해<br/>노래하자 다시 한 번 노래하자<br/>노래하자 다시 한 번 노래하자<br/>노래하자<br/>노래하자<br/>노래하자<br/>
"
1783,I'll Be With You,가은 (GA EUN)가은 (GA EUN),동백꽃 필 무렵 (KBS2 수목드라마) OST - Part.10,"1,627",<dd>2019.11.14</dd>,"You thought you were alone<br/>You always looked lonely<br/>Your face in the moonlight<br/>It was like a tree full of sorrow<br/>when tears blindfold your eyes<br/>high up above or down below<br/>I'll be with you<br/>Lights will guide you home<br/>The sun will hold you warmly<br/>you will rise up <br/>I'll always be there for you<br/>Don't be afraid Be brave<br/>Sometimes you're nervous<br/>No matter what they say<br/>Don't fall down<br/>when tears blindfold your eyes<br/>high up above or down below<br/>I'll be with you<br/>Lights will guide you home<br/>The sun will hold you warmly<br/>you will rise up <br/>I'll always be there for you<br/>Don't be afraid Be brave<br/>
"
1784,많이 힘들었나봐 (feat. 가원),에피타이저 (Appetizer)에피타이저 (Appetizer),많이 힘들었나봐,193,<dd>2019.11.14</dd>,"많이 힘들었나봐 <br/>항상 웃게 해주고 싶었는데<br/>꼭 말하진 않아도 <br/>내 마음 알거라 믿었어<br/>이젠 지워버렸니 모두 <br/>견뎌내기로 했던 약속들<br/>혹시 너도 나처럼 힘들어 하고 있니 <br/>자꾸만 걱정이돼<br/>나에겐 너뿐인데 너 하나뿐인데 <br/>누구도 널 대신 할 수 없는데<br/>아무리 노력해봐도 안돼 정말 안돼 <br/>이런날 니가 제일 잘 알잖아 <br/>돌아와 다시 돌아와 아직 여기 있어 <br/>시간이 약이라고 날 달래지마<br/>지우려 애를 써봐도 아냐 이건 <br/>한번만 내게 다시 <br/>기회를 줘 다시 돌아와<br/>손끝에 스쳐가는 바람처럼 <br/>잡을 수 없는 넌가봐<br/>매일 밤새워 바라던 바램 <br/>그게 넌데 넌 전혀 모르겠지<br/>나에겐 너뿐인데 너 하나뿐인데 <br/>누구도 널 대신 할 수 없는데<br/>아무리 노력해봐도 안돼 정말 안돼 <br/>이런날 니가 제일 잘 알잖아 <br/>돌아와 다시 돌아와 아직 여기 있어 <br/>시간이 약이라고 날 달래지마<br/>지우려 애를 써봐도 아냐 이건 <br/>한번만 내게 다시 <br/>기회를 줘 다시 돌아와<br/>내 맘을 담아 그대에게 보내면 <br/>그대에게 전해질까요<br/>나에겐 너뿐인데 너 하나뿐인데 <br/>누구도 널 대신 할 수 없는데<br/>아무리 노력해봐도 안돼 정말 안돼 <br/>이런날 니가 제일 잘 알잖아 <br/>돌아와 다시 돌아와 아직 여기 있어 <br/>시간이 약이라고 날 달래지마<br/>지우려 애를 써봐도 아냐 이건 <br/>한번만 내게 다시 <br/>기회를 줘 다시 돌아와<br/>
"
1785,너의 곁 (Feat. 백선녀),에스프레소에스프레소,너의 곁,166,<dd>2019.11.14</dd>,"아무 일도 없는듯이<br/>친구와 웃고 떠들어<br/>요즘 친구들 내게 밝아졌다고<br/>그냥 그러는 척하고<br/>지내는게 나으니까<br/>주위의 위로조차 싫어서<br/>돌아오는 무거운 걸음<br/>내 마음은 사실은<br/>참 힘들어서 지쳐가는데<br/>아무말 하지않았어<br/>너의 소식이 들릴까<br/>너의 이름 한번 말하지 않았어<br/>우연히 니 소식을 나 듣게 된다면<br/>흔들릴게 뻔하니까<br/>이대로만 그렇게 이대로만<br/>나도 새로운 사랑을<br/>어서 해야하는걸까<br/>마음이 아직 준비 안됐어<br/>계절이 몇번 바뀌었어<br/>그렇지만 아직도<br/>그 시간 속에 살고있나봐<br/>아무말 하지않았어<br/>너의 소식이 들릴까<br/>너의 이름 한번 말하지 않았어<br/>우연히 니 소식을 나 듣게 된다면<br/>흔들릴게 뻔하니까<br/>이대로만 그렇게 이대로만<br/>혼자 울고싶어 오늘 더 그래<br/>너무 힘이들어 나는<br/>그리워 어쩔 수 없어<br/>나도 알지만 또 이래<br/>너란 사람 잊기 이렇게 힘드니<br/>그때가 함께했던 그때가 그리워<br/>싸우기도 많이 했던<br/>너의 곁이 오늘 더 그리워져<br/>
"
1786,우리가 사랑했던 정원에서,수상한 커튼수상한 커튼,우리의 만춘,93,<dd>2019.11.14</dd>,"가끔 쓸쓸한 기분이 들 때<br/>그럴 때 마다<br/>그저 안아줄 따스한 말이<br/>필요할 때쯤<br/>코끝에 맴도는 풀들의<br/>향기가 가득한 그곳에서<br/>귓가에 울리는 풀들의 노래가 가득한<br/>우리의 시간 속에서<br/>가끔 구석진 곳에서 못난<br/>마음이 자라나<br/>세상 모두가 미워져 모두<br/>다 놓고 싶을 때<br/>코끝에 맴도는 풀들의<br/>향기가 가득한 그곳에서<br/>귓가에 울리는 풀들의 노래가 가득한<br/>우리의 시간 속에서<br/>내 기억 속에 멈춰진 곳<br/>우리의 시간만이 가득한<br/>영원히 함께<br/>
"
1787,태어나 처음 말을 배울 때,차빛나차빛나,태어나 처음 말을 배울 때,62,<dd>2019.11.14</dd>,"태어나 처음 말을 배울 때<br/>나는 그 힘을 몰라서<br/>사탕을 손에 꼭 쥐듯이<br/>언어를 움켜 잡았던 거야<br/>힘을 빼는 법을 배우기까지<br/>아득히 먼 길이였어<br/>늘 어려운 숙제처럼<br/>헤매던 시간들이 떠올라<br/>내게 쓰인 말들은 추하기도 하고<br/>아름답기도 했지만<br/>결국 인생을 통해 내가 배우고 싶던<br/>바로 그 말은<br/>사랑한다는 말 사랑이라는 말<br/>사랑한다는 말 사랑이라는 말<br/>그 말이라네<br/>힘을 빼야 할 수 있는 말<br/>욕심 없이 할 수 있는 말<br/>그 때 가장 힘 있는 말이라네<br/>사랑한다는 말 사랑이라는 말<br/>사랑한다는 말 사랑이라는 말<br/>그 말이라네<br/>라라 라라 라라라라라라<br/>라라 라라<br/>그 말이라네<br/>
"
1788,배고파,파인 (FiNE)파인 (FiNE),배고파,71,<dd>2019.11.14</dd>,"나 너무 배고파<br/>아무리 먹어도 배가 고파<br/>뭔가 좀 이상해<br/>해도 해도 너무 많이 먹잖아<br/>세상에 맛있는 게 너무 많아<br/>어제 먹었던 소고기는<br/>자꾸 왜 생각나<br/>어떤 사람은 되지 Vegetarian<br/>나는 돼지 되게 좋아<br/>대따 좋아 대빵 좋아<br/>나 배 배고파<br/>먹어도 배 배고파<br/>먹기 위해 사는 것 같아<br/>맛있으면 눈물도 나<br/>맛있는 건 정말 나<br/>참을 수 없어<br/>오예<br/>아침을 먹으면서 또 생각나<br/>점심엔 뭐를 먹고<br/>저녁은 또 뭐를 먹나<br/>어떤 사람은 소식 1일 1식<br/>나는 꼭 삼시 세끼<br/>추가로 또 간식 세끼<br/>나 배 배고파<br/>먹어도 배 배고파<br/>먹기 위해 사는 것 같아<br/>맛있으면 눈물도 나<br/>맛있는 건 정말 나<br/>참을 수 없어<br/>오예<br/>오늘은 무엇을 먹어야<br/>잘 먹었다 소문나나<br/>아까 먹은 치킨 벌써 꺼져버렸어<br/>그 배랑 그 배는 엄연히 달라요<br/>공복을 주면 안 돼<br/>그러다 건강 해쳐<br/>나 배 배고파<br/>먹어도 배 배고파<br/>먹기 위해 사는 것 같아<br/>맛있으면 눈물도 나<br/>맛있는 건 정말 나<br/>참을 수 없어<br/>오예<br/>나 배 배고파<br/>먹어도 배 배고파<br/>먹기 위해 사는 것 같아<br/>맛있으면 눈물도 나<br/>맛있는 건 정말 나<br/>참을 수 없어<br/>오예<br/>
"
1789,당신의 빈자리,이영재이영재,Dear you,74,<dd>2019.11.14</dd>,"늦은 새벽 아직 잠들지 못한<br/>공허한 내 마음<br/>무엇으로도 채워지지 않아<br/>오랜시간에 무더져<br/>익숙해질때즈음<br/>다시 날 찾아와 아프게하네요<br/>얼마만큼 시간이 흘러야<br/>익숙해 지는지<br/>그댈 향한 내 이 슬픔도<br/>예고도 없이 찾아온 그 이별앞에<br/>뒤늦은 후회뿐인데<br/>그대를 다시 만나는 날<br/>내 그리움이 끝나는 날<br/>따뜻하게 그댈 안아줄게요<br/>이제는 아픔 없는 곳에<br/>당신이 항상 행복하길 기도해요<br/>당신을 보낸 그 곳에서<br/>함께 했던 그 거리 속에서<br/>우릴 떠올리면<br/>그때 스치던 향기도 맴돌죠<br/>당신을 추억하면서 아파한 시간도<br/>좋은 기억으로 간직할게요<br/>다시 한번 만날 수 있다면<br/>그리운 목소리<br/>다시 한번 더 들을 수 있다면<br/>오늘따라 더 그리운 당신의 모습이<br/>눈에 더 선명해져요<br/>그대를 다시 만나는 날<br/>내 그리움이 끝나는 날<br/>따뜻하게 그댈 안아줄게요<br/>이제는 아픈없는 곳에<br/>당신이 항상 행복하길 기도해요<br/>당신을 보낸 그 곳에서<br/>지금은 보이지 않아도 볼 수 없어도<br/>항상 곁에 있다는걸 느끼죠<br/>저 하늘이 허락해<br/>언젠가 다시 만나게 되는 날<br/>당신을 보며 꼭 안아줄게요<br/>길었던 아픈 이별 끝에<br/>힘들었던 시간속에<br/>우리가 다시 만나게되면<br/>그때는 너무 늦지않게<br/>당신을 보며 말할게요<br/>미안하고 정말로 사랑했었다고<br/>이제는 우리 영원히 함께일거라고<br/>
"
1790,오래전 너에게,김정민김정민,오래전 너에게,11,<dd>2019.11.14</dd>,"편안한 옷으로 만날 수 있던 너<br/>친구처럼 힘이 됐던 너<br/>매일 같은 시간에 만나<br/>내가 웃는 이유였던 너<br/>거꾸로 시간은 거리를 거닐다<br/>다른 사람 옆에 있는 너<br/>왜 머리를 짧게 잘랐니<br/>눈물 흘리면서 돌아섰던 날<br/>처음 사랑을 가르쳐줘서<br/>하루하루를 가슴 떨려서<br/>나를 보며 웃는 네 모습<br/>얼마나 이뻤는지 몰라<br/>조그만 강의실 한구석에 앉아<br/>우리 미랠 걱정하면서<br/>샴페인에 취해 서로를<br/>위로하며 안아주던 너<br/>가슴 속 깊이 묻어뒀던 말<br/>사랑이란 말 가르쳐줘서<br/>너를 향한 나의 마음이<br/>너무도 오랫동안<br/>나를 움직이는지<br/>많은 시간이 흘러<br/>나를 버려야했던<br/>그 어린 날에<br/>난 일어설 수 없었어<br/>다시 널 만난다면<br/>지금과 다를까 같을까<br/>우린 어떤 얘기들을<br/>나눌 수 있을까<br/>내게 사랑을 가르쳐줘서<br/>하루하루를 가슴 떨려서<br/>나를 보며 웃는 네 모습<br/>희미한 기억에서도<br/>얼마나 이뻤는지 몰라<br/>가슴 속 깊이 묻어뒀던 말<br/>사랑이란 말 가르쳐줘서<br/>너를 향한 나의 마음이<br/>지금도 나를 움직이는지<br/>
"
1791,I'm In Love,"Miin, 김태길Miin, 김태길",I'm In Love,42,<dd>2019.11.14</dd>,"너와 길을 걷고<br/>너의 눈을 볼 때면<br/>나도 모르게 또<br/>웃음이 새어나와<br/>im in love<br/>im in love<br/>im in love you<br/>이런 게 사랑일까<br/>어떡해 자꾸만 떨려와<br/>누가 좀 뭐라고 말해줘<br/>어떻게 말을 건넬까<br/>너에게 조금씩 더 다가가<br/>baby i need you<br/>이젠 말할게<br/>널 기다려 왔다고<br/>i wanna stay with you<br/>사랑인걸까<br/>이렇게 떨리는 내 마음이<br/>i wanna say i love you<br/>네게 말할게<br/>이렇게 널 사랑한다고<br/>햇살 좋은 날에<br/>네 생각이 날 때면<br/>언제부턴가 또<br/>자꾸 보고싶어져<br/>im in love<br/>im in love<br/>im in love you<br/>i always<br/>you stay in my heart<br/>어떡해 자꾸만 떨려와<br/>누가 좀 뭐라고 말해줘<br/>어떻게 말을 건낼까<br/>oh 다가가볼까<br/>baby i need you<br/>이젠 말할게<br/>널 기다려 왔다고<br/>내 마음이 온통 너로 가득해<br/>너도 나와 같다면<br/>네 곁에 늘 있어줄게<br/>i always be with you<br/>어떡해 자꾸만 떨려와<br/>누가 좀 뭐라고 말해줘<br/>어떻게 말을 건넬까<br/>oh 다가가볼까<br/>baby i need you<br/>이젠 말할게<br/>널 기다려 왔다고<br/>i wanna stay with you<br/>사랑인걸까<br/>이렇게 떨리는 내 마음이<br/>i wanna say i love you<br/>네게 말할게<br/>이렇게 널 사랑한다고<br/>
"
1792,하지못한말,혜지혜지,하지못한말,3,<dd>2019.11.14</dd>,"넌 나를 떠나 지금은 행복한지<br/>너와 내 시간들이 이젠 의미 없는지<br/>좋았던 모든 너와 내 시간들에<br/>이젠 니가 없는걸<br/>언제나 내 옆에 니가 함께 있어서<br/>익숙함에 속아서<br/>더 잘해주지 못한<br/>나를 떠나간 너에게<br/>한번 더 하지 못한 말<br/>사랑해 늘 하고 싶었던 말<br/>I love you I miss you 너만을<br/>다시 너에게로 돌아 갈 수 있다면<br/>널 다시는 놓지 않을게<br/>이별을 말하던<br/>너의 마지막 그 모습이<br/>왜이리 떠나질 않는지<br/>더이상 나에게 돌아오지 않을 너인걸<br/>잊지 못해 너를 그린다<br/>사랑해 늘 하고 싶었던 말<br/>I love you I miss you 너만을<br/>다시 너에게로 돌아 갈 수 있다면<br/>널 다시는 놓지 않을게<br/>사랑해 이 밤을 지새본다<br/>l miss you I love you 너만을<br/>너를 사랑하지 않았더라면<br/>난 조금은 괜찮았을까<br/>
"
1793,Lottery(358172033) (Vocal 타르트),애틋 (Ateut)애틋 (Ateut),La Mia Piazza,29,<dd>2019.11.14</dd>,"한 쪽엔 너와 나<br/>처음 만난 번호 둘<br/>다른 곳엔 너의 생일<br/>너랑 헤어졌던 날<br/>너를 닮은 숫자만<br/>달이 뜨는 날<br/>난 늘 몰래 새겨<br/>수많은 사람들<br/>같은 꿈을 꾸는데<br/>내겐 그런 헛된 바람<br/>아무 의미 없는 걸<br/>햇살 너무 시린 날<br/>비에 흠뻑 젖는 날<br/>혼자 울긴 싫어<br/>꿈같은 우연처럼<br/>잊지 못할 밤처럼<br/>둘은 바란 적도 없어 난<br/>너 혼자 와 줘<br/>널 찾지 못한 날들<br/>매일 매일 아파 난<br/>언제까지 넌 날<br/>외롭게 할까<br/>봄 끝과 여름 끝<br/>네가 그리웠던 날<br/>이젠 네가 생각 안 나<br/>웃고 외면 해봐도<br/>슬픈 나의 귓가 또 스치는<br/>흔한 네 이름<br/>낯선데 못 잊을 세 글자<br/>꿈같은 우연처럼<br/>잊지 못할 밤처럼<br/>둘은 바란 적도 없어 난<br/>너 혼자 와 줘<br/>널 찾지 못한 날들<br/>매일 매일 아파 난<br/>언제까지 넌 날<br/>외롭게 할까<br/>아픈 숫자 남기고<br/>숨어버린 너<br/>그걸 알아버린<br/>내 맘 어떨까<br/>네가 모른 날<br/>믿게 하고 싶어서<br/>널 항상 기다린 난데<br/>네가 사는 그 곳<br/>네가 물든 그 하루<br/>나만 찾아 갈 수 없어<br/>끝을 모를 이 밤<br/>난 그저 여기 남아<br/>달이 떠오른 그 날<br/>너를 만나기를<br/>바라고 있어<br/>꿈같은 우연처럼<br/>그날 밤처럼<br/>너만 여기 오면<br/>좋을 것 같아<br/>
"
1794,"그때, 그대",리혜리혜,"그때, 그대",29,<dd>2019.11.14</dd>,"문득 꺼내본 사진에<br/>벌써 세월이 지나간 흔적이<br/>빛바랜 사진을 보면서<br/>나도 모르게 흐르는 눈물<br/>벌써 이렇게 흘러왔나<br/>그대 짊어진 무게가 이렇게 컸나<br/>그대 기다려주세요<br/>너무 빨리 지나가버려서<br/>그때 그 시절 속의 그대가<br/>흐려져 보이지 않네요<br/>벌써 이렇게 흘러왔나<br/>그대 짊어진 무게가 이렇게 컸나<br/>그대 기다려주세요<br/>너무 빨리 지나가버려서<br/>그때 그 시절 속의 그대가<br/>흐려져 이젠 보이지 않네요<br/>그대 내게 주신 모든 것들이<br/>나는 당연한 줄 알았죠<br/>더 못 줘서 미안하다는 말은<br/>하지 말아요 철없는 내가<br/>미워질 뿐이죠<br/>다시 되돌아가기엔<br/>너무 빨리 지나가 버려서<br/>그때 그 시절 속의 그대가<br/>흐려져 이젠 보이지 않네요<br/>
"
1795,그대를,오동원오동원,그대를,60,<dd>2019.11.14</dd>,"햇빛 드는 작은 창가에 앉아<br/>그대와 함께 웃고 떠들래요<br/>그대 손을 붙잡고<br/>하루종일 바라보며<br/>매일 그렇게 보내고 싶어요<br/>비 내리는 작은 창가를 보며<br/>따뜻한 담요를 덮어줄게요<br/>그대를 꼭 안고는<br/>빗소리를 들으면서<br/>서로의 소중함에 젖어가죠<br/>그대 그댈 위한 노래죠<br/>이 순간을 지켜줄게요<br/>내가 어리고 힘들때면<br/>그대는 날 위해서<br/>따뜻히 안아주세요<br/>나를 나를 바라봐줘요<br/>두 눈빛을 마주쳐요<br/>우리 함께 하는 순간의<br/>끝자락을 향해서<br/>평생 함께해주세요<br/>내 손을 잡아줘요<br/>작은 시간들이 모여서<br/>지금 우리가 됐죠<br/>함께 있기만 해도 소중한 사람<br/>그대 그댈 위한 노래죠<br/>이 순간을 지켜줄게요<br/>내가 어리고 힘들때면<br/>그대는 날 위해서<br/>따뜻히 안아주세요<br/>나를 나를 바라봐줘요<br/>두 눈빛을 마주쳐요<br/>우리 함께 하는 순간의<br/>끝자락을 향해서<br/>평생 함께해주세요<br/>내 손을 잡아줘요<br/>
"
1796,엄마라고,샘존샘존,엄마라고,6,<dd>2019.11.14</dd>,"가끔 잠에서 뒤척이다 깨면 <br/>고요한 새벽 속 나홀로 <br/>앞 베란다에 나가 <br/>조용히 앉아서 멍하니 <br/>소리없는 한숨을 <br/>이제서야 늘 보고싶은 <br/>울 어머니 생각을 <br/>엄마 엄마라고 이제서야 <br/>당신을 소리내 불러봅니다 <br/>아무도 없는 이허공에 <br/>막연히 그냥 엄마라고 <br/>불러봅니다 엄마라고 <br/>시골집 마당 <br/>따가운 햇볕 아래에서 <br/>묵묵히 언제나 나홀로 <br/>일만 하고 계시던 <br/>어머니 생각에 멍하니 <br/>소리없는 눈물을 <br/>이제서야 한없이 <br/>흐르는 내눈물을 <br/>엄마 엄마라고 이제서야 <br/>당신을 소리내 불러봅니다 <br/>아무도 없는 이허공에 <br/>막연히 그냥 엄마라고 <br/>불러봅니다 엄마라고 <br/>어머니를 엄마라 <br/>부르던 어린시절이 <br/>회초리를 들고 계시는 <br/>어머니의 모습이 <br/>떠오르는 날에는 <br/>눈물젖은 입술로 <br/>엄마라고 불러봅니다 <br/>엄마 사랑하는 나의 어머니 <br/>이제서야 당신을 <br/>소리내 불러봅니다 <br/>아무도 없는 이 허공에 <br/>막연히 그냥 엄마라고<br/>불러봅니다 엄마라고 <br/>불러봅니다 엄마라고<br/>
"
1797,새벽 1시 (Vocal. 임형순),FM43FM43,새벽 1시,7,<dd>2019.11.14</dd>,"잠이 오지 않는 새벽 1시<br/>텅 빈 방안에 나 혼자<br/>영화 한편 봐야 잠이 올까<br/>왠지 모르게 불안한<br/>영화를 볼까 말까 망설이다가<br/>결국엔 또 멍하니 천장만<br/>평소엔 생각 없다가도<br/>항상 이 시간만큼은 허무한 순간<br/>외로움 타는 걸까<br/>우 내일은 밝을 거라<br/>내게 거짓말 하는 저 햇빛<br/>우 그래도 거짓에 속아<br/>웃으며 눈떠야 하는 나<br/>나의 시간은 늘 새벽 1시<br/>남들은 뭐가 그리 바쁜지<br/>나는 지금 무얼 하는 걸까<br/>왠지 모르게 불안한<br/>일자릴 구해볼까 망설이다가<br/>결국엔 또 한숨에 바닥만<br/>평소엔 생각 없다가도<br/>항상 이 시간만큼은 나에게 물어<br/>잘 하고 있는 걸까<br/>우 내일은 밝을 거라<br/>내게 거짓말 하는 저 햇빛<br/>우 그래도 거짓에 속아<br/>웃으며 눈떠야 하는 나<br/>가끔은 혼자 산책을 나가는 게 좋아<br/>아무 생각 없이 걷는<br/>밤거리가 난 좋아<br/>의미도 없이 걷고 또 걷고 나면<br/>잠시 내 맘을 비울 수 있을까<br/>우 내일은 밝을 거라<br/>내게 거짓말 하는 저 햇빛<br/>우 그래도 거짓에 속아<br/>웃으며 눈떠야 하는 나<br/>
"
1798,새벽 (Feat. 제체은),김수현김수현,새벽,5,<dd>2019.11.14</dd>,"새벽 어스름을 품었던<br/>너의 옅은 웃음이 생각나<br/>창 끝에서 물끄러미 바라보다<br/>하늘 위로 네가 떠올라<br/>모두 꿈같았던 넌<br/>어느새 스며들어<br/>자꾸 생각나게 만들어<br/>정신을 차려보니<br/>내 곁에 넌 없었고<br/>네 온기만 맴돌다 가<br/>솔직할 걸 그랬어<br/>유난히도 너에겐<br/>특별하고 싶었다고<br/>모두 꿈같았던 넌<br/>어느새 스며들어<br/>자꾸 생각나게 만들어<br/>정신을 차려보니<br/>내 곁에 넌 없었고<br/>네 온기만 맴돌다 가<br/>솔직할 걸 그랬어<br/>유난히도 너에겐<br/>특별하고 싶었다고<br/>
"
1799,보통의 그림자,다지다지,보통의 그림자,14,<dd>2019.11.14</dd>,"햇살 머금은 바람 따라<br/>느려지는 나의 걸음 따라<br/>웬일인지 눈물이 뚝뚝뚝뚝뚝<br/>길을 잃은 탓은 아니야<br/>내일이 두려운 탓도 아냐<br/>다만 두려워할 내일이<br/>더는 없다는 게 서러웠지<br/>작은 소망이 욕심이 되었고<br/>욕심은 너의 불안이 되어<br/>내게 스몄지<br/>미안해 너의 자리를<br/>찾을 순 없을 것 같아<br/>고단한 너를 여기에 두고<br/>난 방황할게<br/>계절을 품은 구름 따라<br/>멈춰선 나의 걸음 따라<br/>웬일인지 너의 기억이 뚝뚝뚝뚝뚝<br/>어제가 그리운 탓은 아니야<br/>오늘이 버거운 탓도 아니야<br/>다만 한숨 한 번에 녹아내린<br/>어제가 너무 아쉬워<br/>작은 소망이 욕심이 되었고<br/>욕심은 너의 불안이 되어<br/>내게 스몄지<br/>미안해 너의 자리를<br/>찾을 순 없을 것 같아<br/>고단한 너를 여기에 두고<br/>지난날 너를 여기 남기고<br/>떠나갈게<br/>
"
1800,혼자가 아니야 (feat.이지은),양지혜양지혜,혼자가 아니야 (feat.이지은),16,<dd>2019.11.14</dd>,"혼자가 아냐 너는<br/>네 곁에 내가 있으니 외로워하지마<br/>한번만 불러도 답할테니<br/>불러줘 나를 안아줘 나를<br/>오늘도 나는 너의 <br/>기억속에 있기를 바래<br/>그러나 눈길조차 없는 네 모습<br/>내 마음이 아파 내 가슴이 아파<br/>우리 약속했잖아 함께 영원하기로 <br/>영원히 사랑한단말 다 거짓이었니<br/>아팠지만 그만큼 우리 사랑했잖아 <br/>내 곁을 떠나가지마<br/>다시 첨으로 돌아가자<br/>네 곁에 내가 있었던 때로<br/>기억나니 너의 수줍은 말 <br/>행복하다 말했었지<br/>우리 약속했잖아 함께 영원하기로 <br/>영원히 사랑한단말 다 거짓이었니<br/>아팠지만 그만큼 우리 사랑했잖아 <br/>내 곁을 떠나가지마<br/>우리의 추억을 가슴에만 묻어두진마<br/>너와나 우리둘 평생 영원까지야<br/>서로가 서로를 믿어주기만 하자<br/>너와나 우리둘 평생 사랑만하자<br/>사랑만하자<br/>
"
