4351,달이 떴어,안재윤안재윤,하늘,112,<dd>2019.06.11</dd>,"달이 떴어 오늘 밤에<br/>달이 떴어 오늘 밤에<br/>달이 떴어 그날 밤에<br/>달이 떴어 나의 맘에<br/>그대가 없는 하루는<br/>참 아쉽기만 하네요<br/>그때가 기억 나나요<br/>우리 처음 만났던 그때<br/>눈이 내리던 거리의 한복판에서<br/>우리 두 손을 꼭 잡고<br/>떨리는 마음 그대 손을 잡고<br/>하늘을 올려다 봤죠<br/>달이 떴어 오늘 밤에<br/>달이 떴어 오늘 밤에<br/>달이 떴어 그날 밤에<br/>달이 떴어 그대 맘에<br/>화려한 불빛 속에서<br/>서로를 마주 보며<br/>흩날리는 눈들 속에서<br/>내품에 안겼었죠<br/>수많은 별들도 우릴 보고있죠<br/>저기 저 하늘의 달도<br/>아름다웠던 하늘의 저 달이<br/>환하게 웃어 주었죠<br/>달이 떴어 오늘 밤에<br/>달이 떴어 오늘 밤에<br/>달이 떴어 그날 밤에<br/>달이 떴어 우리 맘에<br/>달이 떴어 오늘 밤에<br/>달이 떴어 오늘 밤에<br/>달이 떴어 그날 밤에<br/>달이 떴어 저 하늘에<br/>
"
4352,Going home (Feat. 소민),ONZONZ,Going home,3,<dd>2019.06.11</dd>,"잔잔한 바람은 손끝을 스치며 와서<br/>흔적만 남기고 가려 해<br/>새벽녘 어둠 속을 헤메인<br/>아픈 사연은<br/>갈 곳을 모른채 홀로 울다가<br/>지쳤어 이젠<br/>I’m going home<br/>여전히 이대로 살겠지<br/>여기 남겨 진채로<br/>찢겨 진내 마음은<br/>I Wanna go home<br/>When I live in a fantasy<br/>파편 푼인 꿈속에<br/>상처 뿐인 두발로<br/>wanna go home<br/>캄캄한 어둠이 내리는 골목 사이로<br/>아침을 기다리며 걸었어<br/>먼하늘 만 봤었어 넌 떠난 줄 모르고<br/>뒤돌아 그림자 숫잘 세다가 지쳤어<br/>이젠 I’m going home<br/>뒤돌아 그림자 숫잘 세다가 지쳤어<br/>이젠 I’m going home<br/>여전히 이대로 살겠지<br/>여기 남겨 진채로<br/>찢겨 진내 마음은<br/>I Wanna go home<br/>When I live in a fantasy<br/>파편 푼인 꿈속에<br/>상처 뿐인 두발로<br/>wanna go home<br/>다갈곳이 없음에<br/>울다 갈곳이 없음에 웃다<br/>
"
4353,Tonight,박재정박재정,바람이 분다 OST Part.2,"1,575",<dd>2019.06.10</dd>,"When u came<br/>And just look into my eyes and tell<br/>Everything will be fine<br/>It means everything to me<br/>I can't take a day without you here<br/>You are every breath i take<br/>Wanna share my love with you<br/>Your eyes<br/>Your smile<br/>makes me feel my dream come true<br/>How can I tell you that I love you<br/>I can't explain<br/>If only we have tonight<br/>All I wanna do is love you<br/>Baby let's stay tonight<br/>Don't be worried I'm with you<br/>You're the only one<br/>I wanna spend my life all day<br/>Let me be your sunny day<br/>Want you to know<br/>I will always love you<br/>I've been lost<br/>I was broken with no where to go<br/>Never knew such a day<br/>could happen to my world<br/>I can't take a day without you here<br/>You are every breath i take<br/>Wanna share my love with you<br/>Sometimes<br/>It's hard<br/>I know love can break my heart<br/>But Love is kind it makes me stronger<br/>When I'm with you<br/>If only we have tonight<br/>All I wanna do is love you<br/>Baby let's stay tonight<br/>Don't be worried I'm with you<br/>You're the only one<br/>I wanna spend my life all day<br/>Let me be your sunny day<br/>Want you to know<br/>I will always love you<br/>No matter where you go<br/>You know that you are not alone<br/>Every moment I can feel you my love<br/>If only we have tonight<br/>All I wanna do is love you<br/>Baby let's stay tonight<br/>Don't be worried I'm with you<br/>I can feel your heart<br/>even you don't say any word<br/>All I wanna say my love<br/>Want you to know<br/>I will always love you<br/>
"
4354,늦바람,윤종신윤종신,2019 월간 윤종신 6월호,"4,158",<dd>2019.06.10</dd>,"너무 오래 머문 것일까<br/>여긴 정말 머물 곳일까<br/>여기서 보고 느낀 그 모든 게<br/>내게 최선이었을까<br/>너무 늦었다고 하겠지<br/>무책임한 늦바람이라<br/>하지만 너무 많은 남은 날이<br/>아찔 해오는 걸<br/>조금 더 찾겠어<br/>내 삶의 한 가운덴 것 같아<br/>깨달은 게 많아 뒤로 빠지기엔<br/>좀 더 꿈꾸겠어<br/>생각보다 훨씬 느낄 게 많아<br/>바람 맨 앞에서<br/>숨지 말아야 해<br/>겪는 게 이득이래 어차피 다가올 날<br/>멍하니 만나긴 싫어<br/>나 조금 더 멋있어질래<br/>남들 얘기 속 그거 말고<br/>뭐가 더 내 거 인지<br/>내 마음 인지 이젠 내가 보여<br/>조금 더 찾겠어<br/>내 삶의 한 가운덴 것 같아<br/>깨달은 게 많아<br/>뒤로 빠지기엔<br/>좀 더 꿈꾸겠어<br/>생각보다 훨씬 해 볼 게 많아<br/>바람 맨 앞에서<br/>숨지 말아야 해<br/>겪는 게 이득이래<br/>한동안 힘들 거야<br/>세상 속도 나보다 빠르니까<br/>결국은 도착하겠지<br/>지쳐 걸 터 앉아<br/>그 나무에 기대는 날<br/>조금 더 걷겠어<br/>상상만 했던 그 길 어떨지<br/>겪지 않기에는<br/>몹쓸 그 호기심들<br/>아무 말 않겠어<br/>내 이야긴 나 혼자 간직할게<br/>각자의 길인 걸<br/>다 다른 나그네인걸<br/>만나면 토닥여줘 우연한 그늘에서<br/>내 길을 우기지 말고<br/>
"
4355,Starlight,소향소향,퍼퓸 OST Part.2,"1,848",<dd>2019.06.10</dd>,"When I fell in love with the star<br/>나만을 비추던 starlight<br/>잡을 수 없이 사라져가<br/>희미한 꿈처럼<br/>When I fell in love with the star<br/>나를 감싸주던 starlight<br/>지금 처럼 만 후<br/>조금만 더 그저 그대 곁에서<br/>날 머물게 해줘요 줘요<br/>운명이라면 비켜가요<br/>슬픔의 꿈에서 날 깨워줘요<br/>for you 후<br/>heart longs for you always<br/>떠나야 하는 이 시간<br/>그대의 눈물을<br/>한번만 닦게 해줘요<br/>When I fell in love with the star<br/>나만을 비추던 Starlight<br/>다시 내게는 없을 사람<br/>영원히 간직 할 수 있을까<br/>그대<br/>
"
4356,그대라서,승준승준,그대라서,167,<dd>2019.06.10</dd>,"눈치 없이 그댈 바라보다가<br/>내 마음은 한없이 또<br/>작아집니다<br/>나를 보는 그대의 시선에 내 두 눈은<br/>갈 곳을 잃어버렸네요<br/>날 두고 가지 말아요<br/>내가 어떤 맘인지 그댄 알잖아요<br/>우리 볼 수 없다면<br/>나도 살 수 없단 걸<br/>알고 있잖아 느끼잖아<br/>그대라서<br/>난 웃을 수 있죠<br/>내 옆에 그대여서<br/>내가 숨 쉬는 거죠<br/>그대라서<br/>내가 있는 거죠<br/>이제 나 말할 수 있어요<br/>아무 생각 없이 또 바라봅니다<br/>한순간도 그대 말곤<br/>볼 수 없네요<br/>나를 보는 그대의 시선에 내 두 눈도<br/>그대만 담고 있네요<br/>다신 볼 수 없다면<br/>나도 살 수 없단 걸<br/>알고 있잖아<br/>느끼잖아<br/>그대라서<br/>난 웃을 수 있죠<br/>내 옆에 그대여서<br/>내가 숨 쉬는 거죠<br/>그대라서<br/>내가 있는 거죠<br/>이제 나 말할 수 있어요<br/>그대만 괜찮다면<br/>이젠<br/>같은 기억을 걸어봐요<br/>그대 담고 싶어요<br/>그대라서<br/>내가 있는 거죠<br/>이제 나<br/>이제 나<br/>말할 수 있어요<br/>
"
4357,나 사랑이 잘 안돼서,란 (RAN)란 (RAN),나 사랑이 잘 안돼서,253,<dd>2019.06.10</dd>,"천천히 멀어져요<br/>뒤돌아 선 맘이<br/>변한 우리 사이<br/>서운한 맘에 잠을 설치죠<br/>마지막일 거라고 함께했던 약속<br/>추억으로만 남겠죠<br/>숨을 쉬는 모든 순간<br/>언제나 함께였었던<br/>지난 날을 떠올리고 떠올려도<br/>실감이 나지가 않는거죠<br/>나 사랑이 잘 안돼서<br/>매일을 혼자였는데<br/>그대 만나서 이제야<br/>사랑을 겨우 알 것만 같은데<br/>어떡하죠 또 혼자인 나를<br/>생각하면 두려워요<br/>어떻게 하나요<br/>한순간에 없어진 우리 사랑<br/>더는 되돌릴 수가 없나요<br/>숨을 쉬는 모든 순간<br/>언제나 함께였었던<br/>지난날을 떠올리고 떠올려도<br/>실감이 나지가 않는거죠<br/>나 사랑이 잘 안돼서<br/>매일을 혼자였는데<br/>그대 만나서 이제야<br/>사랑을 겨우 알 것만 같은데<br/>어떡하죠 또 혼자인 나를<br/>생각하면 두려워요<br/>어떻게 하나요<br/>다시 돌아가고 싶어<br/>그날 그때로 너무 힘들죠<br/>비참하게 보낸 이 시간<br/>나 사랑이 잘 안돼서<br/>매일을 혼자였는데<br/>그대 만나서 이제야<br/>사랑을 겨우 알 것만 같은데<br/>어떡하죠 또 혼자인 나를<br/>생각하면 두려워요<br/>어떻게 하나요<br/>
"
4358,너는 내게 달,이베니 (EBENY)이베니 (EBENY),너는 내게 달,92,<dd>2019.06.10</dd>,"바쁜 하루 끝 문득 그렇게<br/>니가 없는 게 느껴질 때면<br/>아 이젠 혼자지<br/>잊을 때도 된 것만 같은데<br/>왜 늘 난 제자리 일까<br/>그래 나 아직야<br/>밤을 지나 새벽의 끝<br/>생각하고 또 생각하다<br/>지쳐가는 맘 너를 탓했다가<br/>아픈 감정들로 뒤덮힌 방안<br/>지나가 버린 시간 들과 지워지지 않는<br/>니가 있는 반복된 낮과 밤<br/>아직도 너를 사랑해서 내가 미웠다가<br/>그러다 또 밤 같은 아침이 와<br/>텅텅 비어 무너진 밤<br/>그때의 너와 내가 있는<br/>그날에 멈춰 익숙해질까<br/>묘한 두려움에 거리로 나가<br/>지나가 버린 시간들과 지워지지 않는<br/>니가 있는 반복된 낮과 밤<br/>아직도 너를 사랑해서 내가 미웠다가<br/>그러다 또 밤 같은 아침이 와<br/>난난난 내 새벽을 감싼 추억들이<br/>밉지만은 않아<br/>널 이젠 볼 수 없지만<br/>온통 쓸쓸함이 가득하지만<br/>지나가 버린 시간들과 지워지지 않는<br/>니가 있는 반복된 낮과 밤<br/>아직도 너를 사랑해서 내가 미웠다가<br/>그러다 또 밤 같은 아침이 와<br/>그러다 또 밤 같은 아침이<br/>
"
4359,"물들어가 (Feat. Paul Yoon, SJ)",AnnieAnnie,"다이어리,하나 : 물들어가",9,<dd>2019.06.10</dd>,가사가 없습니다
4360,옛날동화,김민주김민주,옛날동화,17,<dd>2019.06.10</dd>,"머물러 있던 그날에서<br/>용기 내 한 발짝 걸음을 옮겨본다<br/>머쓱하게도 참 괜한 엄살이 었나봐<br/>내가 변한건지<br/>그냥 나로 돌아온 건지<br/>무심히도 거리는 나를 반긴다<br/>찬바람이 빗물이 조금씩<br/>너를 데려 가는 것 같아<br/>옛날영화처럼 흘러 지나가는데<br/>말해준다 이 계절이<br/>다 지나간 일 이라고<br/>그저 그런 하루인 거라고<br/>혼란스럽던 그날에서<br/>모든게 조금씩 자리를 찾아 간다<br/>그렇게 아팠던 만큼 나도 자랐나봐<br/>나도 변한건지 너를 놓아 준건지<br/>무심한척 한걸음 나아가 본다<br/>봄바람이 햇살이 이제는<br/>너를 불러 오질 못 한다<br/>한 여름 밤 꿈처럼 잊혀 지나가는데<br/>말해준다 이 계절이<br/>다 지나간 일 이라고<br/>그저 그런 하루인 거라고<br/>어느새 서늘해진 바람<br/>견디기가 어려워<br/>도망치듯 집으로 간다<br/>찬바람이 첫눈이 모조리<br/>너를 데려 가버렸나 봐<br/>옛날동화처럼 믿어지지 않는데<br/>돌아오는 이 계절이<br/>어쩔 수 없는 것처럼<br/>이젠 보내줘야만 하는 걸 배웠다<br/>
"
4361,이별지화,서연서연,이별이야기 Part1,31,<dd>2019.06.10</dd>,"친구들 모두<br/>우리 단골포차 가게로 불러 놓곤<br/>그냥 울기만 하니까<br/>널 세상 제일 나쁜 놈으로<br/>만들어 버렸어<br/>그래 너는 날 버렸어<br/>여기가 많이 아프다고<br/>이내 첫마딜 꺼냈어<br/>맘 아픈 건 전염도 안된데<br/>너도 따라 아파야 하는데<br/>그래야 내가 나을 것 같은데<br/>왜 우리 테이블엔 휴지가 없을까<br/>벽에 걸린 휴지박스가<br/>왜 이리 먼 걸까<br/>뽑다 보면 울다 보면 없어지겠지<br/>너와의 기억도 한 장씩 사라진다면<br/>여기가 대체 어디냐고<br/>잠시 잠꼬대를 했었데<br/>아니야 술주정 한거야<br/>소주 한 병 다 비우지 못하고<br/>내 몸 하나도 가누지 못하고<br/>뭐 오늘 하루쯤은 괜찮지 않을까<br/>방금 걸린 모르는 번호 <br/>너이진 않을까<br/>이런 생각 하는 내가 바보 같아도<br/>세상 제일 가여운 여자를 이해해줘<br/>더 이상 너와는<br/>나눌 수 없는 우리 이야기<br/>되돌아 갈수도 없는 다 지난 이야기<br/>끝내 이루지 못한 슬픈 이별이야기<br/>이 밤이 지나면 나도 끝을 내려 해<br/>그래 시간이 흘러서 잊혀 지든 말든<br/>언젠가는 또 누군가의 여자가 되어서<br/>살다 보면 웃다가도 생각나겠지<br/>너와의 기억은 생각보다도<br/>더 강할 테니까<br/>난 보란 듯이 행복하게 살거야<br/>어디서든 내 소식을<br/>너도 당연 듣고 살 테니까<br/>오늘 이별 후회하게 만들 테니까<br/>난 영원히 남의 여자 <br/>다시는 보지 말자<br/>
"
4362,좋겠다,테디 (Teddy)테디 (Teddy),Confession,50,<dd>2019.06.10</dd>,"우리의 처음부터 많은 일이 있었어<br/>좋고 싫고 울고 웃고<br/>많은걸 함께하고<br/>사랑하기도 하고 미워 하기도 하고<br/>그냥 나의 전부였으니<br/>너란사람의 끝은 나였으면 좋겠다<br/>나란사람의 끝은 너였으면 좋겠다<br/>시간을 멈추진 못한다면<br/>허락된 시간동안 이라도<br/>네곁에 있음 좋겠다<br/>세월이 흘러서 서로를 바라 볼때<br/>아무런 후회도 하지않도록<br/>늘 너에게 힘이 되주는 사람<br/>그게 나였으면 좋겠다<br/>네 꿈속에도 네 미래에도<br/>너란 사람의 끝은 나였으면 좋겠다<br/>나란 사람의 끝도 너였으면 좋겠다<br/>시간을 멈추진 못한다면<br/>허락된 시간동안<br/>이라도 네곁에 있음 좋겠다<br/>
"
4363,너란 바다,하늘하늘,너란 바다,7,<dd>2019.06.10</dd>,"마주 보면 어색하니까<br/>옆자리에 앉았네<br/>그러니까 더 어색하네<br/>손이라도 잡을까<br/>연애가 좀 서툴러 난<br/>좋아하면 더 그래<br/>말도 자꾸 더듬고<br/>헛소리만 나와도<br/>널 너무 좋아해서 그렇다고<br/>유난히도 밝은 햇살 때문일까<br/>네 두 눈이 더 빛나 보여서<br/>똑바로 쳐다보지 못하는 그 이유가<br/>네가 너무 빛나서<br/>너무 아름다워 보여<br/>네가 너무 예뻐 너 때문이야<br/>너무 아름다운 너 때문이야<br/>그래 빠졌어 너에게로 빠졌어<br/>너란 바다 깊고 푸른 곳에<br/>앞을 보면 옆을 보니까<br/>네가 옆을 봐줄래<br/>눈을 보면 당황하니까<br/>입술 보고 있을게<br/>연애가 좀 서툴러 난<br/>좋아하면 더 그래<br/>말도 자꾸 더듬고<br/>헛소 리만 나와도<br/>널 너무 좋아해서 그렇다고<br/>유난히도 밝은 햇살 때문일까<br/>네 두 눈이 더 빛나 보여서<br/>똑바로 쳐다보지 못하는 그 이유가<br/>네가 너무 빛나서<br/>너무 아름다워 보여<br/>네가 너무 예뻐 너 때문이야<br/>너무 아름다운 너 때문이야<br/>그래 빠졌어 너에게로 빠졌어<br/>너란 바다 깊고 푸른 그곳에<br/>시간이 딱 멈춰<br/>내 시간도 너에게 멈춰<br/>나 이대로 네 맘 안에 갇혀 아무것도<br/>안 할 수 있어 널 사랑하나 봐<br/>유난히도 밝은 햇살 때문일까<br/>네 두 눈이 더 빛나 보여서<br/>똑바로 쳐다보지 못하는 그 이유가<br/>네가 너무 빛나서<br/>너무 아름다워 보여<br/>네가 너무 예뻐 너 때문이야<br/>너무 아름다운 너 때문이야<br/>그래 빠졌어 너에게로 빠졌어<br/>너란 바다 깊고 푸른 그곳에<br/>
"
4364,In Your Eyes,젤리프로젝트젤리프로젝트,In Your Eyes,6,<dd>2019.06.10</dd>,"In your eyes<br/>너의 눈 속을<br/>헤엄치고 있는 기분이야<br/>Your my angel<br/>조금 더 깊이 빠져가<br/>너의 모든 것<br/>다 좋아졌어 난<br/>Stay over<br/>머물러 너의 곁에<br/>I can feel your heart<br/>들려오는 심장소리<br/>그대와 같이 있는 게 좋아<br/>Oh Stay with me forever<br/>You looks like<br/>다가와 다가와 밀려와 Oh<br/>파도같이 밀려와 밀려와<br/>내게 다가왔어 너는<br/>I don’t have anything else<br/>너와 함께면 됐어 Oh bae<br/>다른 생각 하지 않을 거야<br/>오늘도 바랬어<br/>우리 만나기를<br/>네가 있는 순간은<br/>하나도 지루하지 않아<br/>Your my angel<br/>조금 더 깊이 빠져가<br/>너의 모든 것<br/>다 좋아졌어 난<br/>Stay over<br/>머물러 너의 곁에<br/>I can feel your heart<br/>들려오는 심장소리<br/>그대와 같이 있는 게 좋아<br/>Oh Stay with me forever<br/>You looks like<br/>다가와 다가와 밀려와 Oh<br/>파도같이 밀려와 밀려와<br/>내게 다가왔어 너는<br/>I don’t have anything else<br/>너와 함께면 됐어 Oh bae<br/>다른 생각 하지 않아<br/>I can’t wait any longer<br/>조금도 조금도 조금도 나는 너를<br/>기다릴 수 없어 지금<br/>I don’t have anything else<br/>너는 참 특별해서 Oh bae<br/>다른 생각 하지 않을 거야<br/>
"
4365,"추억이라 쓰고, 사랑이라 읽자",정회관정회관,"추억이라 쓰고, 사랑이라 읽자",21,<dd>2019.06.10</dd>,"요즘 들어 부쩍 니 생각이 들어<br/>보면 오랬던 사랑은 아니지만<br/>마주잡던 두 손 같이 거닐던 그거리<br/>두 눈 맞추며 웃었던<br/>그 시간이 가끔 난 그리워져<br/>하지만 다신 볼 수 없겠지<br/>그댄 행복 할 테니까 음<br/>내 맘은 그댈 보고파 해도<br/>그리움으로 끝나야 할 테니까<br/>잠깐의 시간이라도<br/>너를 사랑했었나봐<br/>처음 봤던 그때 그 모습<br/>지금도 그대로인거같아<br/>우리의 이별은 사랑만 그쳤을 뿐<br/>흐르는 시간 속에 그만 흘려 보낸다<br/>바보같이 난 널 보고 싶어져 가<br/>바보같이 그 자리에 서성이다<br/>또다시 너를 볼 수 없겠지<br/>우린 알고 있으니까 음<br/>우리가 그 땔 보고파 하면<br/>그리움은 사라져가겠지만<br/>잠깐의 시간이라도<br/>너를 사랑했었나봐<br/>처음 봤던 그때 그 모습<br/>지금도 그대로인거같아<br/>우리의 이별은 사랑만 그쳤을 뿐<br/>흐르는 시간 속에 그만 흘려 보내며<br/>지나면 알게 되겠지<br/>섣불리 찾지 않겠지<br/>두 눈에 가득 담았던 그 사랑들을<br/>우리는 자기 자리에<br/>추억은 이 시간 위에 그댄<br/>눈물 닦던 날 모르겠지<br/>잠깐의 시간이라도<br/>너를 보고 싶었나 봐<br/>처음 봤던 그때 그 모습<br/>지금도 그대로 인거잖아<br/>우리의 이별은 사랑만 그쳤을 뿐<br/>멈추지 않나 봐<br/>시간 속에 그만 흘려 보낸다<br/>
"
4366,너를 내일 만나면,박준박준,너를 내일 만나면,4,<dd>2019.06.10</dd>,"집에 돌아 가는 길에<br/>문득 너의 웃는 모습이 떠올라<br/>너에게 하고 싶은 말이 있었는데<br/>내가 그렇지 뭐<br/>내일로 미루지<br/>널 내일 만나면<br/>이런 말을 할거야<br/>네가 웃는 모습<br/>얼마나 예쁜지<br/>니가 잠든 모습<br/>내겐<br/>얼마나 천사 같은지 모르지<br/>언제부턴가 너만<br/>생각나<br/>이렇게 마음이 허한 날에는<br/>네가 내 옆에 있으면 좋겠어<br/>이런 게 너를 좋아하는 걸까<br/>가끔 두려워<br/>혼자가 될까 봐<br/>널 내일 만나면<br/>이런 말 듣고 싶어<br/>너도 나 같다고<br/>가끔 참을 수 없이<br/>보고 싶다고<br/>가끔<br/>나와 말없이 걷고 싶다고<br/>마음 둘 곳 없는 이 세상에<br/>난 아직도 너만을 사랑해<br/>한참을 기다렸어<br/>이 순간을<br/>너와 마주 잡은 이 순간을<br/>이제야 알 것 같아<br/>널 사랑해<br/>너만 있으면 돼<br/>
"
4367,벚꽃이 진다 해도,6월애6월애,벚꽃이 진다 해도,7,<dd>2019.06.10</dd>,"봄이 왔어 너와 처음 보내는 봄이야<br/>온 세상이 핑크 빛인게<br/>딱 널 만난 후에 보는 세상 같아<br/>벚꽃이 핀 이 거리에<br/>꽃처럼 밝은 너의 미소까지<br/>너무나 행복한데<br/>핑크 빛 꽃 때문인지<br/>내 꽃인 너 때문인지<br/>괜히 가슴이 떨려와<br/>비가 와서 벚꽃이 진다고 해도<br/>상관없어 지금 내 눈엔<br/>벚꽃인 네가 있어<br/>봄이 왔어 너를 만난 지금이 봄이야<br/>온 세상이 아름다워<br/>딱 널 만난 후에 보는 세상 이야<br/>벚꽃이 핀 이 거리에<br/>꽃처럼 밝은 너의 미소까지<br/>너무나 완벽한데<br/>핑크 빛 꽃 때문인지<br/>내 꽃인 너 때문인지<br/>괜히 가슴이 떨려와<br/>비가 와서 벚꽃이 진다고 해도<br/>상관없어 지금 내 옆에 너<br/>꽃보다 아름다워서<br/>벚꽃은 보이지도 않아<br/>비가와도 지지 않는 꽃이 되어<br/>내 곁에서 항상 웃어줘<br/>
"
4368,그대에게 가는 길,문익과지연문익과지연,그대에게 가는 길,23,<dd>2019.06.10</dd>,"그대가 나를 불러주기 전에<br/>나는 어둠 속에 갇혀 지냈죠<br/>누구도 기억하지 않는 나의 이름을<br/>그대는 나에게 알려주었죠<br/>그대가 보여준 아름다운 세상을<br/>나는 다시 잊을 수가 없었죠<br/>이제는 다시 돌아가지 않아요<br/>그대와 같은 세상에 살게요<br/>지금 나는 길을 떠나요<br/>아름다운 그대가 있는 곳으로<br/>우 뚜루루 우우우<br/>지금 나는 길을 걸어요<br/>사랑하는 그대 향기를 따라서<br/>우 뚜루루 우우우<br/>그대에게 가는 길 따라서<br/>아름다운 그대 이름을 불러요<br/>그대에게 가는 길 따라서<br/>사랑하는 그대 노래를 불러요<br/>지금 나는 길을 떠나요<br/>아름다운 그대가 있는 곳으로<br/>우 뚜루루 우우우<br/>지금 나는 길을 걸어요<br/>사랑하는 그대 향기를 따라서<br/>우우우 뚜루루 우우우<br/>그대에게 가는 길 따라서<br/>아름다운 그대 이름을 불러요<br/>그대에게 가는 길 따라서<br/>사랑하는 그대 노래를 불러요<br/>그대에게 가는 길 따라서<br/>아름다운 그대 이름을 불러요<br/>그대에게 가는 길 따라서<br/>사랑하는 그대 노래를 불러요<br/>그대에게 가는 길 따라서<br/>아름다운 그대 이름을 불러요<br/>그대에게 가는 길 따라서<br/>사랑하는 그대 노래를 불러요<br/>그대에게 가는 길 따라서<br/>아름다운 그대 이름을 불러요<br/>그대에게 가는 길 따라서<br/>사랑하는 그대 노래를 불러요<br/>
"
4369,이걸 사랑이라고 불러도 괜찮겠죠,지호지호,이걸 사랑이라고 불러도 괜찮겠죠,42,<dd>2019.06.10</dd>,"사랑에 빠지는 건<br/>날 약하게 만들어서<br/>붙잡을 수 있는 것도<br/>난 놓치고 말아요<br/>이별이란 단어는<br/>왜 그렇게 두려운지<br/>스치듯 들리는 작은 소리에도<br/>난 울고 말아요<br/>젊은 날엔 아무것도 아닌<br/>사랑의 무게는<br/>다음 날에 눈뜨고 보면은<br/>조금씩 늘어 있죠<br/>아무도 모르는<br/>내 헛된 바보짓들 다 모아<br/>이걸 사랑이라고 불러도<br/>괜찮겠죠<br/>어린 날에 무서울 것 없었던<br/>아름다운 기억은<br/>다음날에 눈 뜨고 보면은<br/>조금씩 사라져 가요<br/>하나 바라는 게 있다면<br/>나 너에게 좋은 사람이었기를<br/>젊은 날엔 아무것도 아닌<br/>사랑의 무게는<br/>다음 날에 눈뜨고 보면은<br/>조금씩 늘어 있죠<br/>아무도 모르는<br/>내 헛된 바보짓들 다 모아<br/>이걸 사랑이라고 불러도<br/>괜찮겠죠<br/>이걸 사랑이라고 불러도<br/>괜찮겠죠<br/>
"
4370,호수공원,유승한유승한,호수공원,25,<dd>2019.06.10</dd>,"따스한 햇살이 내리쬐는 곳에서<br/>시원한 바람이 불어오는 곳에서<br/>아무런 생각도 하지 않은 채로<br/>이렇게 너와 있으면<br/>노트북에 다운받은 영화를 틀고<br/>손에 잡히는 대로 과자를 먹고<br/>아무런 걱정도 하지 않은 채로<br/>이렇게 너와 있으면<br/>흘러가는 건 저 하늘에 띄우고<br/>다가오는 넌 내 품에 쏙 안기고<br/>이대로 네 무릎을 베고 누울래<br/>다른건 잊을래<br/>잊혀지는 건 잊혀지게 놔두고<br/>시끄러운 얘긴 이제 그만하고<br/>이대로 네 무릎 베고 누울래<br/>다른건 미룰래<br/>흘러가는 건 저 하늘에 띄우고<br/>다가오는 넌 내 품에 쏙 안기고<br/>이대로 네 무릎을 베고 누울래<br/>다른건 잊을래<br/>잊혀지는 건 잊혀지게 놔두고<br/>시끄러운 얘긴 이제 그만하고<br/>이대로 네 무릎 베고 누울래<br/>다른건 미룰래<br/>따스한 햇살이 내리쬐는 곳에서<br/>시원한 바람이 불어오는 곳에서<br/>아무런 생각도 하지 않은 채로<br/>이렇게 너와 있으면<br/>
"
4371,마음별,heimishheimish,마음별,131,<dd>2019.06.10</dd>,"어두워 버린 밤하늘<br/>가리운 수많은 별들<br/>그 중 하나만 맘을 비춰준다면<br/>빛날까 싶은<br/>불안함에 선잠에서 깨어<br/>나아진 날 원망해도<br/>멀어져 가는 너의 마음까지는<br/>닿을 수 없어<br/>되돌릴 수 있다면<br/>나의 맘은 너를 안았을 텐데<br/>어두워져 가는 그 모든 기억을<br/>네 맘 속 별이 되어<br/>비출 수만 있다면<br/>미안하다며 말을 건네보지만<br/>잡을 순 없다고<br/>되돌릴 수 있다면<br/>나의 맘은 너를 안았을 텐데<br/>어두워져 가는 그 모든 기억을<br/>네 맘 속 깊은 별이 되어<br/>비춰주고 싶어<br/>돌아갈 순 없어도<br/>내가 그리워지는 새벽이오면<br/>여전히 기대어 푹 잠들 수 있게<br/>너의 곁에서 내가 지킬 수만 있다면<br/>후회로 가득 찬 날<br/>나의 잘못들만 하루 종일 떠오르는걸<br/>따스한 마음별 하나에<br/>얼어붙은 맘이 녹아 내리면<br/>쌓여버린 오해들을 잊진 않을까<br/>옅은 바람들만<br/>또 날려보내어<br/>
"
4372,어쩌면 우리,차승주차승주,어쩌면 우리,114,<dd>2019.06.10</dd>,"어쩌면 우린 그렇게 달랐던 걸까<br/>수 많았던 일상속에<br/>무심코 지나쳤을까<br/>그 시절 우린 서로가 알았던 걸까<br/>마주하던 그 순간<br/>그 눈빛이 무얼 말하는지<br/>너의 뒷모습 잡을 수 있다면<br/>서로에 맘을 알아줬다면<br/>그때 내 손을 잡을 수 있다면<br/>우린 같이 걷고 있을까<br/>아직 서로 사랑하고 있었을까<br/>어쩌면 우린 많이도 달랐던 걸까<br/>흘러가는 시간속에<br/>잡을 수는 없었을까<br/>그 시절 우린 서로가 알았던 걸까<br/>마주하던 그 순간<br/>그 눈빛이 무얼 말하는지<br/>너의 뒷모습 잡을 수 있다면<br/>서로에 맘을 알아줬다면<br/>그때 내 손을 잡을 수 있다면<br/>우린 같이 걷고 있을까<br/>아직 서로 사랑했을까<br/>흐른 눈물을 꽉 잡았더라면<br/>조금만 더 널 안아줬다면<br/>지난 추억에 맘 아플거라면<br/>우린 같이 걷고 있을까<br/>아직 서로 사랑하고 있었을까<br/>
"
4373,솔직하게 말해서 나,김나영김나영,솔직하게 말해서 나,"119,878",<dd>2019.06.09</dd>,"햇살이 좋았던 그 날<br/>그만하자며 말을 하는 너<br/>전혀 믿어지지가 않아<br/>지금 이순간 모든 시간이 멈춘 듯<br/>어떤 말을 해야할지<br/>어떤 표정 지어야할지<br/>아무것도 생각나지를 않아<br/>솔직하게 말해서 나<br/>헤어질 자신이 없어<br/>괜찮은 척 웃으며 널<br/>보내줄 자신이 없어<br/>네가 없는 내 하루<br/>하루도 생각한 적 없는데<br/>나보다 나를 니가 더 잘 알면서<br/>마지막 인사를 하며<br/>멀어져가는 너를 보며<br/>아무것도 할수있는 게 없어<br/>솔직하게 말해서 나<br/>헤어질 자신이 없어<br/>괜찮은 척 웃으며 널<br/>보내줄 자신이 없어<br/>네가 없는 내 하루<br/>하루도 생각한 적 없는데<br/>나보다 나를 니가 더 잘 알면서<br/>이별앞에 서 있는 너의 눈에 비춰진<br/>애써 웃는 내 모습이<br/>나를 더욱 아프게만해<br/>솔직하게 말할게 나<br/>헤어지고 싶지 않아<br/>너 없이 나 혼자서<br/>지낼 자신이 난 없어<br/>네가 없는 내 하루 하루도<br/>견딜수가 없는데<br/>나보다 네가 먼저였던 날<br/>나보다 나를 니가 더 잘 알면서<br/>
"
4374,당신은 천사와 커피를 마셔본 적이 있습니까,이세준(유리상자)이세준(유리상자),여름아 부탁해 OST Part.8,307,<dd>2019.06.09</dd>,"그녀는 너무나<br/>눈부신 모습을 하고 있었죠<br/>하지만 나는<br/>그녀에게 가까이 갈수 없었죠<br/>나의 더러운 것이 묻을까<br/>두렵기도 했지만<br/>그녀에게 다가갈수록<br/>내 마음은 병이 들었죠<br/>그녀는 천사의 얼굴을<br/>천사의 맘을 가졌죠<br/>하지만 사람들은<br/>그녀를 알아보지 못하죠<br/>허름한 청바지에<br/>플라스틱 귀걸이를 달고 있던<br/>그녀를 나만이 느낄 수 있는건<br/>너무나 자랑스러워<br/>내가 갖고 있는 또 하고 있는<br/>내가 그렇게도 원했던<br/>모든것 어느날 갑자기<br/>의미 없게 느껴질 때 오겠지만<br/>그녀와 커피를 함께했던<br/>가슴 뛰던 기억은 오랫동안<br/>내 맘 속에서 지워지지 않을꺼예요<br/>사랑이란 말이 점점<br/>그 의미를 잃어가고 있는 요즘이기에<br/>나는 그녀를 감히<br/>사랑한다고 말하기는 싫었어<br/>하지만 밤새워 걸어도<br/>아무리 생각해봐도 그보다 더<br/>적당한 말은 찾아내지 못했습니다<br/>외로운 날이면 그녀 품에서<br/>실컷 울고 싶을때도 있었죠<br/>가느다란 손이 날 어루만지며<br/>꼭 안아준다면<br/>그녀는 나에게 말했죠<br/>친절한 사람이라고 하지만 그녀를<br/>사랑하기에 그렇게 대한것이죠<br/>그러나 그녀는 그 사실을<br/>아직도 모르고 있죠<br/>우우우우<br/>
"
4375,보리보리,다래다래,보리보리,31,<dd>2019.06.09</dd>,"이불 속에 내 품으로 파고든 너<br/>푹 한숨 쉬면 꼭 사람인 것 같은 너<br/>너는 참 신기하게 숨소리만 들려도<br/>내 마음의 어디 한구석이 밝아져<br/>살랑살랑 흔들흔들거리는 꼬리<br/>샐쭉하게 내밀고 있는 저 혓바닥<br/>모두 나를 좋아하는 마음이<br/>너무 보여서<br/>나도 너를 안 좋아할 수가 없잖아<br/>불어오는 봄날의 바람도<br/>네 숨소리보다<br/>더 따듯하진 않을 거야<br/>넌 참 작은 몸집을 했어도<br/>훨씬 더 커다란 사랑이 있어서<br/>불어오는 봄날의 바람도<br/>네 숨소리보다<br/>더 따듯하진 않을 거야<br/>넌 참 작은 몸집을 했어도<br/>훨씬 더 커다란 사랑이 있어서<br/>불어오는 봄날의 바람도<br/>네 숨소리보다<br/>더 따듯하진 않을 거야<br/>넌 참 작은 몸집을 했어도<br/>훨씬 더 커다란 사랑이 있어서<br/>
"
4376,모든 날이 다 너였다,진주 (JIN JU)진주 (JIN JU),모든 날이 다 너였다,"1,230",<dd>2019.06.08</dd>,"모든 날이 다 너였다<br/>내 모든 순간이 다 너였다<br/>꿈을 꾸듯 닿지 않는<br/>그곳에 내가 있었다<br/>찬란했던 내 사랑아<br/>다시는 찾지 않는 그곳에<br/>두고 간다 꽃처럼 피었던 사랑을<br/>조용히 눈을 감아요 <br/>돌아선 그대가 보일까<br/>햇살처럼 눈부시던 모든 순간들이 <br/>바람결에 흩어져 나를 떠나간다<br/>모든 날이 다 너였다 <br/>내 모든 순간이 다 너였다<br/>꿈을 꾸듯 닿지 않는 <br/>그곳에 내가 있었다<br/>찬란했던 내 사랑아 <br/>다시는 찾지 않는 그곳에<br/>두고 간다 꽃잎처럼 피었던 <br/>내 사랑을<br/>꿈을 꾸듯 닿지 않는 <br/>그곳에 내가 있었다<br/>찬란했던 내 사랑아 <br/>다시는 찾지 않는 그곳에<br/>두고 간다 꽃처럼 피었던 사랑을 <br/>꽃처럼 지는 내 사랑을<br/>
"
4377,"그 계절, 오후",캔도 (CANDO)캔도 (CANDO),"그 계절, 오후",372,<dd>2019.06.08</dd>,"무슨 일일까 분주한 마음이<br/>가시지가 않아 누가 다녀간 듯<br/>마른 땅 위에 가랑비가 내렸는지<br/>촉촉하게 젖은 내 맘<br/>글쎄 누군가 나의 맘을 두드리네<br/>불현듯 날 찾아온 편지같은<br/>뭐야 나를 찾아온 이 떨림<br/>뭐야 자꾸 나를 웃게 하는 이유 <br/>떨리는 내 손이 그댈 스친 후<br/>마음의 온도가 달라졌어 뭐야<br/>어느새 훌쩍 커져 버린 맘은<br/>감출수록 더 티가 나<br/>무슨 일일까 이 감정은 대체 뭘까<br/>너를 마주하는 게 어려워져<br/>뭐야 나를 찾아온 이 떨림<br/>뭐야 자꾸 나를 웃게 하는<br/>이유 떨리는 내 손이<br/>그댈 스친 후 마음의 온도가 달라졌어<br/>수십번의 고민과<br/>날 감싸는 어색함<br/>너와 처음 닿았던 그 숨결<br/>뭐야 한 순간 바보가 되는<br/>이유 머릿속에 가득 채워진<br/>그댄 낯설지가 않아 <br/>마치 모든 순간들이 전부 데자뷰처럼<br/>너야 고민할게 뭐 있어<br/>나야 너의 모든 순간 함께할 사람<br/>떨리는 내 손이 그댈 스친 후 <br/>마음의 온도가 달라졌어<br/>어느 날 문득 떠올리다 보면 <br/>셀 수 없을 만큼 많은 게 변해있겠지<br/>따스한 바람 눈부신 햇살은<br/>내 맘처럼 그 자리에<br/>계절을 지나<br/>
"
4378,goodbye,레이디스레이디스,이몽 OST Part.6,92,<dd>2019.06.08</dd>,"덩그런 달빛만 머리 위에 <br/>길어진 그림자 나를 따라와 <br/>바람도 잠이 든 듯 <br/>눈물 마를 새 없게 <br/>외로움이 가득 채운 이 밤 <br/>when I say goodbye <br/>I wanted to say I love you <br/>널 사랑하기에 보낼 수 밖에 없는데 <br/>꺼낼 수 없는 마음 <br/>눈물로 삼키는 나 <br/>가만히 너를 불러본다 <br/>별빛도 자리를 비운 이 밤 <br/>어디를 둘러봐도 너는 없는데 <br/>바람도 잠이 든 듯 <br/>눈물 마를 새 없게 <br/>외로움이 가득 채운 이 밤 <br/>when I say goodbye <br/>I wanted to say I love you <br/>널 사랑하기에 보낼 수 밖에 없는데 <br/>건낼 수 없는 마음 <br/>눈물로 삼키는 나 <br/>가만히 너를 불러본다 <br/>when I say goodbye<br/>I wanted to say I love you<br/>널 사랑하기에 보낼 수 밖에 없는데<br/>건낼 수 없는 마음<br/>눈물로 삼키는 나<br/>가만히 너를 불러본다<br/>사랑이 나를 떠나간다<br/>
"
4379,Stay,김민석김민석,[Vol.20] 유희열의 스케치북 10주년 프로젝트 : 아홉 번째 목소리 `유스케 X 김민석`,"3,682",<dd>2019.06.08</dd>,"Stay 내 눈물이 마를 때까지<br/>Stay 내가 나를 모를 때까지<br/>Stay 아주 조금만 기다려<br/>Stay 내 기억의 주인은 나야<br/>Stay 내가 널 보내줄 때까지<br/>Stay 내 기억 속에서라도<br/>조금의 따뜻함이라도<br/>간직할 수 있게 해줘<br/>난 이미 얼어버릴 듯 한없이 차가워<br/>너마저 떠나면 나에겐<br/>이제 아름다움이 없어<br/>난 이미 버려져 있고 한없이 더러워<br/>Hey 이미 꽤 오랜 시간 동안<br/>내 안에 머물러 있었잖아<br/>이제 그냥 집이라고 생각해<br/>조금의 따뜻함이라도<br/>간직할 수 있게 해줘<br/>난 이미 얼어버릴 듯 한없이 차가워<br/>너마저 떠나면 나에겐<br/>이제 아름다움이 없어<br/>난 이미 버려져 있고 한없이 더러워<br/>Stay inside my dear<br/>Don`t you come out my dear<br/>조금의 따뜻함이라도<br/>간직할 수 있게 해줘<br/>난 이미 얼어버릴 듯 한없이 차가워<br/>너마저 떠나면 또 나에겐<br/>이제 아름다움이 없어<br/>난 이미 죽어 버릴 듯 한없이 더러워<br/>Stay my dear<br/>Stay my dear<br/>
"
4380,When I`m Falling,이팝 (Epop)이팝 (Epop),필수연애교양 OST Part 2,419,<dd>2019.06.08</dd>,"아마 난<br/>그대에게 빠진것만 같아요<br/>어쩌면<br/>구름 속을 헤메이는 것 같죠<br/>그런 난<br/>어떡해야 그대에게 닿을까<br/>모든 것들이<br/>아름답게만 느껴지는 하루<br/>When I'm falling<br/>커져만 가는<br/>언제나 그대 곁에서<br/>머물고 싶은 내 마음<br/>When I'm falling<br/>꿈 같은 하루<br/>모든게 멈춰 버린 듯<br/>깊게 번져 가는 내 마음<br/>하나씩<br/>의미없이 짙어지는 감정들<br/>오늘도 나는<br/>파도 속에 잠긴것 같은 기분<br/>When I'm falling<br/>커져만 가는<br/>언제나 그대 곁에서<br/>머물고 싶은 내 마음<br/>When I'm falling<br/>꿈 같은 하루<br/>모든게 멈춰 버린 듯<br/>깊게 번져 가는 내 마음<br/>When I'm falling<br/>When I'm falling<br/>When I'm falling<br/>사랑한다는 말<br/>모든게 멈춰 버려도<br/>오늘은 말하고 싶은 그 말<br/>
"
4381,Holic,마크 최마크 최,Holic,110,<dd>2019.06.07</dd>,"고장 난 시계처럼 멈춰<br/>제자리만 도는 너와 나<br/>추억을 되돌려보아도<br/>그저 끝없는 반복뿐이야<br/>사실 나도 많이 변했지<br/>요즘 널 보며 고민해<br/>내가 받을 상처와<br/>네가 줄 사랑 중에 뭐가 더 나을까<br/>내 잘못이 아닐지도 몰라<br/>어쩌면 모든 게 운명일 수 있어<br/>이렇게 내 맘 멋대로인 적<br/>아마도 난 처음인 것 같아<br/>잊는 것만큼 쉬운 건 없어<br/>지금 내가 이별을 한다 말해도<br/>울거나 잡거나 하지는 마<br/>어차피 쉽게 잊을 테니까<br/>행복했었던 기억들<br/>함께 맞이한 아침도<br/>진심이 아니었던 적은 없었어<br/>단지 쉽게 식어 버렸지<br/>내 탓이 아닐지도 몰라<br/>어쩌면 모든 게 운명일 수 있어<br/>이렇게 내 맘 멋대로인 적<br/>아마도 난 처음인 것 같아<br/>잊는 것만큼 쉬운 건 없어<br/>지금 내가 이별을 말한다 해도<br/>울거나 잡거나 하지는 마<br/>어차피 쉽게 잊을 테니까<br/>이기적인 거 알아<br/>아마 넌 후회하겠지<br/>시간이 가고 아픔이 그치면<br/>너도 이해해줄 수 있겠지<br/>내가 사랑한 건 너뿐이야<br/>다만 내 상처가 너무 깊어서<br/>니가 준 사랑 바꿀 순 없어<br/>이제 떠날 때가 된 것뿐야<br/>잊혀질 만큼 미워한 데도<br/>지금 내가 이별을 말한다 해도<br/>울거나 잡거나 하지는 마<br/>어차피 쉽게 잊을 테니까<br/>
"
4382,Moment,허영생허영생,MOMENT,571,<dd>2019.06.07</dd>,"달빛 아래 있는 밤 <br/>기억은 <br/>다시 내 안에 찾아오고 <br/>널 닮은 그 향기도 <br/>널 따라 들어와 <br/>이젠 볼 수 없는 걸 알아 <br/>스쳐 지나간 짧은 순간 <br/>꿈에라도 널 볼 수 있을까<br/>In your moment <br/>너의 순간은 내 삶에 들어와 <br/>많은 꽃을 피워 <br/>In this moment <br/>나의 기억은 <br/>널 다시 데려와 <br/>다시 나를 채운다 <br/>별로 가득 채운 밤 <br/>추억은 또 <br/>널 다시 불러오고 <br/>널 닮은 그 향기도 <br/>널 따라 들어와 <br/>이젠 볼 수 없는 걸 알아 <br/>스쳐 지나간 짧은 순간 <br/>꿈에라도 널 볼 수 있을까 <br/>In your moment <br/>너의 순간은 내 삶에 들어와 <br/>많은 꽃을 피워 <br/>In this moment <br/>나의 기억은 <br/>널 다시 데려와 <br/>다시 나를 채운다<br/>다시 나를 채운다 <br/>이젠 어쩔 수 없는 걸 알아 <br/>우리가 마주할 순 없겠지 <br/>달빛 아래 있는 밤 <br/>기억은 <br/>다시 내 안에 찾아오고 <br/>널 닮은 그 향기도 <br/>널 따라 들어와 <br/>너의 순간은 내 삶에 들어와 <br/>많은 꽃을 피워 <br/>In this moment <br/>나의 기억은 <br/>널 다시 데려와 <br/>다시 나를 채운다 <br/>
"
4383,기다릴 테니,박연(담소네공방)박연(담소네공방),녹두꽃 OST Part.5,411,<dd>2019.06.07</dd>,"내 두 손이 닿을 수 없는 곳에<br/>그대가 있었다면<br/>그 기억이 잡히지 않더라도<br/>있어 주길 바래<br/>이제 내가 찾을 테니<br/>아무 말도 하기 힘든 걸 알아<br/>그저 내가 서 있을 테니<br/>어떤 말도 할 수 없단 걸 알지만<br/>나는 괜찮아 여기서 기다릴 테니<br/>알 수 없는 어느 곳에 있어도<br/>그대가 행복하길<br/>내 바람이 닿을 수 없더라도<br/>꿈꿔 주길 바라<br/>그곳에서 만날 테니<br/>아무 말도 하기 힘든 걸 알아<br/>그저 내가 서 있을 테니<br/>어떤 말도 할 수 없단 걸 알지만<br/>나는 괜찮아 여기서 기다릴 테니<br/>가지 말라고 내 어깨를 감싸며<br/>했던 말들이<br/>추억이라 생각할수록<br/>가슴이 메어서 힘들어<br/>이젠 모든 걸 지우려 해<br/>그리움에 지쳐있을 뿐이야<br/>한 걸음 더 딛고 있으니<br/>너무 멀리 떨어져 있다는 걸 알지만<br/>그대로 거기 서 있어 주면 돼<br/>아무 말도 하기 힘든 걸 알아<br/>그저 내가 서 있을 테니<br/>어떤 말도 할 수 없단 걸 알지만<br/>나는 괜찮아 여기서 기다릴 테니<br/>
"
4384,다시 돌아와줘,영지영지,여름아 부탁해 OST Part.7,470,<dd>2019.06.07</dd>,"아무렇지 않은 척 애써<br/>웃으려 노력해봐도<br/>눈물이 나는걸<br/>잊으라고 말하면 다 잊힐까<br/>사랑이 그랬듯 뜻대로 안돼<br/>다시 돌아와줘<br/>꿈이라면 날 깨워줘<br/>더는 하루도 난 견딜 수 없어<br/>제발 돌아와줘<br/>더는 멀어지면 안돼<br/>이렇게 아파하는 나<br/>내 맘이 닿길 바래<br/>깊이 박힌 가시 같아서<br/>꺼내려 애를 쓸수록<br/>추억만 새 나와<br/>잊으려고 한다고 잊혀질까<br/>누굴 만나도 너로 보이는데<br/>다시 돌아와줘<br/>꿈이라면 날 깨워줘<br/>더는 하루도 난 견딜 수 없어<br/>제발 돌아와줘<br/>더는 멀어지면 안돼<br/>목이 터지게 부르는데<br/>내 맘이 닿길 바래<br/>너로 채운 맘<br/>눈물로 비워도<br/>도무지 줄어들질 않아<br/>다시 돌아와줘<br/>꿈이라면 날 깨워줘<br/>더는 하루도 난 견딜 수 없어<br/>제발 돌아와줘<br/>더는 멀어지면 안돼<br/>이렇게 나 아파하는데<br/>내 맘이 닿길 바래<br/>
"
4385,우리가 함께했던 시간,모닝커피 (Morning Coffee)모닝커피 (Morning Coffee),우리가 함께했던 시간,153,<dd>2019.06.07</dd>,"매일 아침이 오면<br/>또 어김없이 니가 떠올라<br/>밤새 뒤척이는 나에요<br/>아직도 나는 그대 생각만으로도<br/>가슴이 아려오죠<br/>다 정말 괜찮아질거라고<br/>모두 지나갈거라고<br/>매일 날 달래보죠<br/>우리가 함께했던 시간<br/>반짝이던 너와 나<br/>미치도록 그리운데<br/>우리 우리가 다시 만나게 된다면<br/>널 놓치고 싶지 않아<br/>널 정말 사랑했던 나였어<br/>같은 마음이라 믿던<br/>내가 바보였나봐<br/>우리가 함께했던 시간<br/>반짝이던 너와 나<br/>미치도록 그리운데<br/>우리 우리가 다시 만나게 된다면<br/>널 놓치고 싶지 않아<br/>셀수없이 너를 그리워하는 밤<br/>사는 것도 아닌듯<br/>아직 난그래 너는 어떠니<br/>울어도 아무 소용없어<br/>더 마음만 아파와<br/>이별이란 이런거니<br/>나는 사랑만 알아서<br/>아직 이별을 받아드릴 수가 없나봐<br/>
"
4386,비가 멈추면,김예원김예원,비가 멈추면,127,<dd>2019.06.07</dd>,"반쯤 열린 창 밖에서<br/>들려오는 이 빗소리<br/>듣고 있니<br/>서로를 바라보며 말없이<br/>듣던 그날 그때의<br/>우릴 기억하니<br/>내가 좋아하던 비<br/>그리고 또 너<br/>더 바랄 것 없었지 그 땐<br/>너와 함께 들어서 그래서 좋았어<br/>이제는 아무 의미 없어<br/>숨어보고 피하고 닦아내 봐도<br/>그 자리에 계속 넌 흐르고 있어<br/>네 모습과 이 비가 그쳐줬음 해<br/>비가 멈추면 너도 사라지기를<br/>이젠 혼자서 이 빗소리를 들어<br/>우리 사랑이 잠든 곳에서<br/>그때 우리처럼<br/>이 빗소리처럼 다시 좋을 순 없을까<br/>숨어보고 피하고<br/>숨어보고 피하고 닦아내 봐도<br/>그 자리에 계속 넌 흐르고 있어<br/>네 모습과 이 비가 그쳐줬음 해<br/>비가 멈추면 너도 사라지기를<br/>
"
4387,넌지시 (Feat. 유정우),유기은유기은,넌지시,25,<dd>2019.06.07</dd>,"넌지시 아닌 듯이<br/>눈 감으면 모든 게 다 감춰지듯이<br/>아무것도 변하는 건<br/>없단 걸 알아요 그저 나는<br/>탁자 위에 화분처럼 여기 있을게요<br/>나는 그래요 그댈 바라보기만 해도<br/>곁에 있기만 해도<br/>내 맘이 떨려오는 걸요<br/>그댄 그래요 나를 바라보기만 해도<br/>그저 눈빛만 봐도<br/>내 맘이 아려오는 걸요<br/>넌지시 지운 듯이<br/>시간이 지나면 모든 게 다 변해가듯<br/>어떤 것도 영원할 순 없죠 알아요<br/>그저 나는<br/>오늘이 왜곡되지 않기를<br/>나는 그래요 그댈 떠올리기만 해도<br/>곁에 없다고 해도<br/>내 맘은 떨려오는 걸요<br/>그댄 그래요 점점 잊혀진다고 해도<br/>가끔 떠오를 때면<br/>조금은 웃기를 바라요<br/>
"
4388,생각나더라,류미니류미니,생각나더라,154,<dd>2019.06.07</dd>,"나는 잘 이해가 안 돼<br/>사소한 말다툼에 이렇게<br/>헤어져야만 했었니<br/>오해가 오해를 만들어<br/>내 맘 몰라준 게<br/>오빠가 미웠던 부분이야<br/>매일 지겹게만 느꼈을 잔소리가<br/>오늘따라 정말 미안해<br/>술 한 잔이 생각나더라<br/>서로에게 미소 짓던<br/>그때처럼 마주하자 항상<br/>우리 부딪히던 술잔들처럼<br/>다시 만나고 싶어<br/>만나고 싶어 나는<br/>어제 우리 함께한<br/>기억에 울었어 술주정<br/>그게 원수 같아<br/>이렇게 한잔 두 잔 생각나<br/>원하고 바래 너와 나<br/>술 한 잔이 생각나더라<br/>서로가 사랑했었던<br/>그때처럼 함께하자 항상<br/>우리 부딪히던 술잔들처럼<br/>다시 만나야만 해<br/>만나야만 해 부디<br/>헤어지고 며칠 동안 생각해<br/>미칠 것만 같아서 잊지 못해 너를<br/>혼자 생각해서 미안해<br/>단 하나 약속할게<br/>난 오빠면 돼 충분하니까<br/>여기 지금 내 맘속에 너 하나뿐이야<br/>우리 함께 하던 곳 그곳에 오면 돼<br/>기다릴게<br/>
"
4389,너와의 봄,소소소소,너와의 봄,2,<dd>2019.06.07</dd>,"살랑거리는 바람이 불어<br/>내 맘 어떡해<br/>혼자 야단법석해 난리 나<br/>얼굴 빨개져<br/>손잡고 길을 걸을 아무나 없나<br/>오늘도 혼자야<br/>또다시 다음 봄까지<br/>기다릴 수밖에 없나 oh 난<br/>오늘따라 더 네가 그리워<br/>우리의 좋았던 날<br/>여전히 반짝이는 추억들과<br/>같이 이 봄을 걸을게<br/>몇 번 지나고 보고 또 봤던<br/>벚꽃들인데<br/>역시 그냥 지나가질 않아<br/>설렘 퐁퐁해<br/>손잡고 길을 걸을 아무나 없나<br/>오늘도 혼자야<br/>또다시 다음 봄까지<br/>기다릴 수밖에 없나 oh 난<br/>오늘따라 더 네가 그리워<br/>우리의 좋았던 날<br/>여전히 반짝이는 추억들과<br/>같이 이 봄을 걸을게<br/>오늘따라 더 네가 그리워<br/>우리의 좋았던 날<br/>여전히 반짝이는 추억들과<br/>같이 이 봄을 걸을게<br/>
"
4390,DREAM,환지트환지트,DREAM,14,<dd>2019.06.07</dd>,"참 바쁘게 살죠 오늘도 난<br/>멍하니 거울을 봤죠<br/>웃고 있는 내 모습 언젠지<br/>알수 없을 만큼 잊고 살았던<br/>그 언젠가 좋았던<br/>어린 날에 나처럼<br/>행복했던 날 걱정없던 날<br/>진짜 나를 찾아서<br/>떠나본다 용기를 내본다<br/>한 번 더 꿈을 갖게 되면<br/>그 끝이 어디든 걸어갈 거야<br/>이 길 위에서 난 노래할 거야<br/>아름다운 내 꿈을<br/>움츠린 마음을 다시 펴고<br/>새로운 일상을 찾아<br/>나만의 여행을 떠나본다<br/>행복했던 날 걱정 없던 날<br/>진짜 나를 찾아서<br/>떠나본다 용기를 내본다<br/>한 번 더 꿈을 갖게 되면<br/>그 끝이 어디든 걸어갈 거야<br/>이 길 위에서 난 노래할 거야<br/>아름다운 내 꿈을<br/>이제 모두 기억나<br/>나 얼마나 빛나는 사람인지<br/>잊지 않을 꺼야 영원히<br/>한 번 더 꿈을 갖게 되면<br/>그 끝이 어디든 걸어갈 거야<br/>이 길 위에서 난 노래할 거야<br/>아름다운 내 꿈을<br/>한 번 더 꿈을 갖게 되면<br/>멈추지 않을래 다신<br/>이 길 위에서 난 노래할 거야<br/>아름다운 내 아름다운 내 꿈을<br/>
"
4391,서른병,우리안우리안,서른병,3,<dd>2019.06.07</dd>,"오도 가도 못하고<br/>이리 가도 치이고<br/>저리 가도 치이는<br/>나는 지금 서른<br/>하얀 파도 하나 없는<br/>검푸른 바다 위에 그저 둥둥 둥둥<br/>떠다니네<br/>떠가는 배 한 척 없는<br/>나홀로 바다 위를 그저 그냥<br/>그렇게 그렇게<br/>오도 가도 못하고<br/>이리 가도 치이고<br/>저리 가도 치이는<br/>나는 지금 서른<br/>어디로 가는건지<br/>어디로 가야하는지<br/>조차 잘 모르겠는<br/>나는 지금 서른<br/>얼마나 지났을까<br/>끝없는 바다 위에 그저 둥둥 둥둥<br/>떠다니네<br/>언제쯤 돌아갈까<br/>나홀로 바다 위를 그저 그냥<br/>그렇게 그렇게<br/>아무런 준비없이<br/>아무런 약속없이 와버린걸<br/>그냥 이대로 멈춰주길<br/>이대로 머무르기를<br/>나의 서른이여<br/>오도 가도 못하고<br/>이리 가도 치이고<br/>저리 가도 치이는<br/>나는 지금 서른<br/>
"
4392,난 왜 너여야만 할까 (Feat. 지오),하아린 (HAARIN)하아린 (HAARIN),Reason,117,<dd>2019.06.07</dd>,"여느 때와 다름없이 우린 밥을 먹고<br/>여느 때와 다름없이 커피를 마시지<br/>소소함에서 오던 행복은 사라지고<br/>어색함이 싫어서 열심히 할말을 찾지<br/>너도 나와 같을 거라는 생각이<br/>이젠 불안하고<br/>끝내 삼키고 만 수많은 이야기<br/>이대로 괜찮은 걸까<br/>난 왜 너여야만 할까<br/>넌 왜 나여야만 할까<br/>우린 왜 서로가 아니면 안돼<br/>이렇게 불행해<br/>조금은 미안해지고<br/>조금은 미워지는 지금<br/>내려다본 날 잡은 손<br/>눈물이 나는 건 왜일까<br/>뭐가 뭔지 모르는 채<br/>또 시간은 마냥 흘러가고<br/>이제 서로 다른 곳에 있는 우리<br/>이대로 괜찮은 걸까<br/>난 왜 너여야만 할까<br/>넌 왜 나여야만 할까<br/>우린 왜 서로가 아니면 안돼<br/>이렇게 불행해<br/>조금은 미안해지고<br/>조금은 미워지는 지금<br/>내려다본 날 잡은 손<br/>눈물이 나는 건 왜일까<br/>아무 말 하지 말고 내 손을 잡아줘<br/>이대로 우리 끝이 나버릴까 두려워<br/>난 왜 너여야만 할까<br/>넌 왜 나여야만 할까<br/>우린 왜 서로가 아니면 안돼<br/>이렇게 불행해<br/>조금은 미안해지고<br/>조금은 미워지는 지금<br/>여전히 아름다운 너<br/>눈물이 나는 건 왜일까<br/>난 너여야만 하나 봐<br/>
"
4393,우리는 바다 (A Ver.),느리고 낮은느리고 낮은,우리는 바다,11,<dd>2019.06.07</dd>,"우리는 우리는 우리는 우리는<br/>바다 우리는<br/>바다 우리는<br/>우리는 우리는<br/>파도 우리는<br/>파도 우리는<br/>우리는 우리는 우리는 우리는<br/>
"
4394,괜찮아,하진우하진우,괜찮아,64,<dd>2019.06.07</dd>,"잡을 수 없는<br/>그 예쁜 손처럼<br/>내 맘은<br/>그댈 놓아야 하죠<br/>어떻게 해야 하죠<br/>그댈 향한 마음은<br/>다른 적이 없는데<br/>모자란<br/>나의 잘못인 거죠<br/>그대를<br/>지켜낼 수 없었던<br/>부족하기만 했던<br/>이런 나의 사랑이<br/>그댈 보낸 거겠죠<br/>괜찮아요<br/>난 괜찮아요<br/>미안하단 말하지 않아도 돼요<br/>그대에게 다가가 그 아름다운 미소를<br/>다시 담고 싶은데<br/>알잖아요<br/>날 알잖아요<br/>몇 번을 되물어봐도<br/>그대 없이도 그댈 사랑할 사람<br/>나란 걸 잘 알잖아요<br/>단 한 번 내게 허락된 그대<br/>내 곁에 머물러줬던 그대<br/>작은 후회조차도 느끼지 못할 만큼<br/>그댈 사랑했었죠<br/>부탁해요 나를 떠나도<br/>하나였던 그대와 내 시간들<br/>그대밖에 모르던<br/>바보 같던 사랑을 부디 잊지 말아요<br/>감사해요<br/>난 감사해요<br/>지금의 이 아픔까지도<br/>사랑이란 걸<br/>내게 알려준 사람<br/>그대에 난 감사해요<br/>
"
4395,쿵쿵쿵,멜팅멜팅,쿵쿵쿵,3,<dd>2019.06.07</dd>,"눈이 부시게 밝은 그대<br/>그런 너와 함께 있으면<br/>I like it Oh<br/>천사를 닮은 그대 Oh<br/>멀리서 걸어오는<br/>너를 본 순간<br/>내 맘은 두근거렸던 걸 넌 알고 있니<br/>you know<br/>단둘이 걸을 때 쿵쾅거리는 소리<br/>너에게 들릴까 조마조마했었어<br/>파랗게 펼쳐진 하늘<br/>어느새 그대 어깨에 기댄 내 모습<br/>내가 조금은 서툴고 어색하더라도<br/>이 모습 그대로<br/>I love you forever<br/>나를 꽉 안아주는 너를 본 순간<br/>내 맘은 떨리고 있던걸 넌 알고 있니<br/>you know<br/>단둘이 걸을 때 쿵쾅거리는 소리<br/>너에게 들릴까 조마조마했었어<br/>파랗게 펼쳐진 하늘<br/>어느새 그대 어깨에 기댄 내 모습<br/>내가 조금은 서툴고 어색하더라도<br/>이 모습 그대로<br/>I love you forever<br/>오오오 그대<br/>우리 추억을 평생 간직해<br/>단둘이 걸을 때 쿵쾅거리는 소리<br/>너에게 들릴까<br/>오늘이 지나고 또 내일이 지나도<br/>우린 항상 변함없을 거야<br/>일 년이 지나고 또 시간이<br/>흘러가도 Oh<br/>끝없이 펼쳐진 하늘<br/>어느새 그대 어깨에 기댄 내 모습<br/>내가 조금은 서툴고 어색하더라도<br/>이 모습 그대로<br/>I love you forever<br/>
"
4396,마지막,김민수김민수,마지막,17,<dd>2019.06.07</dd>,"바쁘다며 연락이 뜸해지던 니가<br/>오랜만에 데이트 하자며 만났지<br/>그런데 뭔가 다른 것 같아<br/>내가 알던 니가 아닌 다른<br/>내 눈을 피하는 느낌이<br/>아니라고 해줘<br/>착각 이였음 좋겠어<br/>아니면 너무 슬프잖아<br/>차가운 눈빛에 얼어붙은 말투<br/>말하지 않아도 알아<br/>오늘이 마지막인걸<br/>다시 만나거든 모른 척 해줘<br/>이젠 사랑 아닌 아픈 추억을<br/>묻어둘게<br/>내 손을 피하는 느낌이<br/>아니라고 해줘<br/>착각 이였음 좋겠어<br/>아니면 너무 슬프잖아<br/>차가운 눈빛에 얼어붙은 말투<br/>말하지 않아도 알아<br/>오늘이 마지막인걸<br/>다시 만나거든 모른 척 해줘<br/>이젠 사랑 아닌 아픈 추억을<br/>묻어둘게<br/>마지막인 거니까<br/>애써 웃으면서 괜찮은 척<br/>뒤돌아 서서 갈게 워<br/>차가운 눈빛에 얼어붙은 말투<br/>말하지 않아도 알아<br/>오늘이 마지막인걸<br/>다시 만나거든 모른 척 해줘<br/>이젠 사랑 아닌 아픈 추억을<br/>묻어둘게<br/>
"
4397,전부 (My Everything),고한승고한승,Onnellisuus : 행복,50,<dd>2019.06.07</dd>,"내 전부를 줘도<br/>그게 크지 않아서<br/>모든 걸 줘도 채울 수 없나 봐<br/>원하는 것 하나 네가<br/>웃고 있는 모습<br/>모든 걸 줘도 난 아깝지 않아<br/>서로 다른 길을 걸었던<br/>너와 내가 만나서<br/>같은 길을 걸을 땐<br/>너와 내가 걷는 길이 행복하게<br/>조금만 천천히 걸어가 줘<br/>가진 것 없어도 지켜봐 줘<br/>사랑할 줄 몰랐어 준비를 못 했어<br/>미안해 내 전부를 걸어서<br/>쉬지 않고 네게 다가갈게<br/>조금 늦어도 잠시 기다려줘<br/>행복할 수 없었던 날 꿈꾸게 해준<br/>너는 나의 전부<br/>가난했던 마음이<br/>상처 났던 기억들이<br/>지워도 여전히 계속 남아있던 나<br/>모났었던 마음도<br/>네게 다듬어서 갈게<br/>다른 사람들 보다<br/>행복하게 지낼 수 있도록<br/>조금만 천천히 걸어가 줘<br/>가진 것 없어도 지켜봐 줘<br/>사랑할 줄 몰랐어 준비를 못 했어<br/>미안해 내 전부를 걸어서<br/>쉬지 않고 네게 다가갈게<br/>조금 늦어도 잠시 기다려 줘<br/>행복할 수 없었던 날 꿈꾸게 해준<br/>너는 나의 전부<br/>내가 더 좋은 사람이 돼서<br/>널 행복하게 할 수 있기를<br/>매일 기도해 사랑한다 말할 수 있게<br/>행복한 우리의 시간들이<br/>그늘져 어두워지지 않고<br/>밝게 빛날 수 있게<br/>늘 빛이 되어준<br/>너도 오늘 행복하길 바라<br/>
"
4398,않아 알아,이파란이파란,않아 알아,4,<dd>2019.06.07</dd>,"않아 않아 그댄 날 사랑 하지 않아<br/>알아 알아 네 맘 내 곁에 없었잖아<br/>않아 않아 그댄 날 사랑 하지 않아<br/>알아 알아 네 맘 내 곁에 없었잖아<br/>거짓말 같았던<br/>우리의 소중했던 그 하루<br/>그렇게 사랑했던<br/>사랑하던 우리의 모습<br/>미안해 하지마 모든 게 내 탓이니까<br/>어두운 골목을 지나<br/>내게로 왔던 그 찬란한 너니까<br/>않아 않아 그댄 날 사랑 하지 않아<br/>알아 알아 네 맘 내 곁에 없었잖아<br/>안아 안아 가슴 한켠에 널 안아<br/>않아 않아<br/>이젠 너를 그리워하지 않아<br/>오늘 너를 기다리던 슬픈 이별이<br/>지금 내게 와서<br/>마주할 줄 몰랐으니까<br/>한 번만 기회를줘<br/>내가 더 더 잘할수있어<br/>미워 미워 너를 사랑했던 나를<br/>울어 울어 너를 사랑했던 내가<br/>안아 안아 가슴 한켠에 널 안아<br/>않아 않아 이젠 너를 그리워하지<br/>안아 안아 가슴 한켠에 널 안아<br/>않아 않아<br/>이젠 너를 그리워하지 않아<br/>
"
4399,Love is the Best,보란보란,Love is the Best,12,<dd>2019.06.07</dd>,"왠지 아침부터 몸이 피곤하더니<br/>맘이 자꾸 가라앉아 이상하더니<br/>곰곰히 생각해보니 나 또 새벽에<br/>널 만나러 갔나봐<br/>오랜만에 만난 넌 여전해 내 손에<br/>잡히질 않아서 나는 우울했는데<br/>곰곰히 생각해보니 넌 그 날에도<br/>마냥 웃고 있더라<br/>시간이 많이 지났지만 난 기대해<br/>왜냐면 내겐 아직 love is the best<br/>오늘 새벽에도 너를 만나고 싶어<br/>꿈이어도 좋으니<br/>Love is the best<br/>Love is the best huh<br/>Love is the best<br/>Love is the best<br/>그 중에도<br/>You are the best<br/>You are the best huh<br/>You are the best<br/>You are the best<br/>네가 없어도 사랑 할 수 있겠단 말<br/>나는 지금까지도 어긴적이 없어<br/>너는 그저 웃고 넘긴 진심 담긴 말<br/>Love is the best<br/>Still<br/>꿈에서 조차도 내가 싫다는 너를<br/>꿈에서 조차도 내게 차가운 너를<br/>곰곰히 생각해봐도 답 없는 질문<br/>난 왜 니가 좋을까<br/>시간이 많이 지났지만 난 기대해<br/>왜냐면 내겐 아직 love is the best<br/>오늘 새벽에도 너를 만나고 싶어<br/>꿈이어도 좋으니<br/>Love is the best<br/>Love is the best huh<br/>Love is the best<br/>Love is the best<br/>그 중에도<br/>You are the best<br/>You are the best huh<br/>You are the best<br/>You are the best<br/>너무 많이 사랑해서 겁이난단 말<br/>나는 지금까지도 널 보면은 그래<br/>너는 그저 웃고 넘긴 진심 담긴 말<br/>Love is the best<br/>Still<br/>
"
4400,홀고로미,원서정원서정,홀고로미,69,<dd>2019.06.07</dd>,"따뜻한 달빛처럼 곱고<br/>은은한 복숭아꽃처럼<br/>청초한 그대의 향기<br/>애틋한 우리의 여운에<br/>매일 밤 그 시절에 잠겨<br/>오래도록 그댈 그리워해요<br/>잿빛으로 물든 마음에<br/>허허로운 하루하루<br/>나만 이런 마음이나요<br/>그댄 요즘 어떤 하루인가요<br/>나와 같은 마음인가요<br/>아님 행복한 날들인가요<br/>아직도 그대의 향기가<br/>조용히 내게로 불어와<br/>잊었던 우리 예쁨까지도<br/>애틋한 우리의 여운에<br/>소리 없이 흐르는 눈물<br/>오래도록 그댈 기다려요<br/>잿빛으로 물든 마음에<br/>허허로운 하루하루<br/>나만 이런 마음이나요<br/>그댄 요즘 어떤 하루인가요<br/>나와 같은 마음인가요<br/>아님 행복한 날들인가요<br/>아직도 그대의 향기가<br/>조용히 내게로 불어와<br/>잊었던 우리 예쁨까지도<br/>애틋한 우리의 여운에<br/>소리 없이 흐르는 눈물<br/>오래도록 그댈 기다려요<br/>
"
