3151,You U (Feat. Ji-eon) (Prod. Root37),Root37Root37,You U,9,<dd>2019.08.30</dd>,"Not A Day<br/>빠짐없이 찾아가<br/>너의 집 앞으로<br/>가로수길 넘어<br/>얇은 외투 걸치고<br/>아무 생각조차도 나지 않아<br/>그냥 발이 가는 대로<br/>밝은 달 비추는 대로<br/>Uh Baby boy<br/>나만의 남자로 남아<br/>4계절 내내 기억해<br/>비가 오나 눈이 오나<br/>네 곁에<br/>머무를 테니까<br/>전화하면 5분이라도<br/>얼굴 비춰<br/>널 볼 수 있는 시간은<br/>지금뿐이니까<br/>You 너란 남자는<br/>Because of you<br/>한숨도 못 잤어<br/>나 왜 그래<br/>대체 뭐가 문제야<br/>I don’t know I don’t know<br/>I don’t know<br/>알다가도 모를<br/>남자야<br/>어떻게 내 맘에<br/>딱 맞아 떨어질 수 있는지<br/>이게 정말 맞는 건지<br/>새벽 달이 뜨면<br/>나 네 생각에 La la la la<br/>흥얼대며 잠들지<br/>네 꿈꾸며 잠들지<br/>Uh Baby boy<br/>나만의 남자로 남아<br/>4계절 내내 기억해<br/>비가 오나 눈이 오나<br/>네 곁에<br/>머무를 테니까<br/>전화하면 5분이라도<br/>얼굴 비춰<br/>널 볼 수 있는 시간은<br/>지금뿐이니까<br/>You 너란 남자는<br/>Because of you<br/>한숨도 못 잤어<br/>나 왜 그래<br/>대체 뭐가 문제야<br/>I don’t know I don’t know<br/>I don’t know<br/>알다가도 모를<br/>남자야<br/>You 너란 남자는<br/>Because of you<br/>한숨도 못 잤어<br/>나 왜 그래<br/>대체 뭐가 문제야<br/>I don’t know I don’t know<br/>I don’t know<br/>알다가도 모를<br/>남자야<br/>Woo 나란 여자는<br/>Because of you<br/>한숨도 못 잤어<br/>나 왜 그래<br/>대체 뭐가 문제야<br/>I don’t know I don’t know<br/>I don’t know<br/>너만 보는 그런<br/>여자야<br/>
"
3152,고마워요,V.O.KV.O.K,고마워요,4,<dd>2019.08.30</dd>,"그대에게 드리는 마음을<br/>가득 담은 편지<br/>다신 오지않을 오늘<br/>이제야 전해드려요<br/>눈물을 흘릴때면<br/>언제나 힘이되준그대<br/>항상 그대를 위해서<br/>이렇게 노래부를게요<br/>고마워요 이제 우리<br/>멀어지지만 변할건없죠<br/>언제나 날 위해주는<br/>그대라서 고마워요<br/>부족한 나를위해<br/>언제나 이끌어준그대<br/>항상 그대를 위해서<br/>이렇게 노래부를게요<br/>고마워요 이제 우리<br/>멀어지지만 변할건없죠<br/>언제나 날 위해주는<br/>그대라서 고마워요<br/>고마워요 이제 우리<br/>멀어지지만 변할건없죠<br/>언제나 날 위해주는<br/>그대라서 고마워요<br/>고마워요 이제 우리<br/>멀어지지만 변할건없죠<br/>언제나 날 위해주는<br/>그대라서 고마워요<br/>
"
3153,하늘 (feat. 김태련),강미주강미주,하늘,48,<dd>2019.08.30</dd>,"한걸음 조차 무거운<br/>짓누른 마음 버거워<br/>문득 고개를 들어<br/>저 하늘을 바라봐<br/>모든게 너무 지치고<br/>빠르게 흐르는 시간들<br/>모두다 내려놓고<br/>저 하늘을 따라가<br/>i fly away<br/>저 하늘 저 높이<br/>i fly away<br/>자유로워질 때<br/>나는 비로소 내가 되고<br/>무거운 짐은 내려놔<br/>뜻대로 되지 않는 일들<br/>나를 묶어 왔던 일상들<br/>잠시 내려놓고<br/>저 하늘을 따라<br/>올라 더 높이 날아봐<br/>i fly away<br/>저 하늘 저 높이<br/>i fly away<br/>자유로워질 때<br/>나는 비로소 내가 되고<br/>무거운 짐은 내려놔<br/>i fly away<br/>저 하늘 저 높이<br/>i fly away<br/>자유로워질 때<br/>나는 비로소 내가 되고<br/>잊었던 나를 찾아<br/>무거운 짐은 내려놔<br/>
"
3154,식혀줘,보라미유보라미유,식혀줘,"3,636",<dd>2019.08.29</dd>,"네 마음도 내 맘처럼<br/>한여름에 피어난 <br/>아지랑이 같을까<br/>너무 뜨거워 식지 못하는<br/>한여름에 길처럼 <br/>내 마음이 그래<br/>식혀줘 달래줘 날 안아줘<br/>날 위해 한 번만 <br/>비처럼 내게 내려줘<br/>원하고 또 원하면 <br/>닿을 수 있을까<br/>내 허튼 기대가 <br/>현실이 될 순 없을까<br/>언젠가 내게 무심코 건넨<br/>잘 자라는 인사에 <br/>밤새 설렜었어<br/>괜한 기대가 커져갈 때쯤<br/>한여름 밤 꿈처럼 <br/>다 사라지더라<br/>식혀줘 달래줘 날 안아줘<br/>날 위해 한 번만 <br/>빛처럼 나를 비춰줘<br/>원하고 또 원하면 <br/>닿을 수 있을까<br/>내 허튼 기대가 <br/>현실이 될 순 없을까<br/>하고 싶은 말을 <br/>꺼내어 들고서 <br/>너에게 보여줄 <br/>순간이 온다면 <br/>듣고 있다면 <br/>혹시 듣고 있다면<br/>내 맘을 안아주기를 <br/>있잖아 언젠가 너의 옆에서<br/>웃으며 서 있던 <br/>지금 날 꼭 기억해줘<br/>누군가 세상에서 <br/>널 제일 많이<br/>사랑했었다면 <br/>그게 나였었다는 걸<br/>말이야<br/>
"
3155,우리 둘 사이로,사이로(415)사이로(415),우리 둘 사이로,"4,844",<dd>2019.08.29</dd>,"Forget me close your eyes<br/>Forget me close your eyes<br/>돌아보지 않을 거야 나 이제<br/>Forget me close your eyes<br/>Forget me close your eyes<br/>돌아보지 않을 거야 나 이제<br/>Forget me close your eyes<br/>Forget me close your eyes woo<br/>leak out 우리 둘 사이로<br/>아무렇지 않을 너는<br/>이 맘 알고 있을까<br/>두려워<br/>널 보낼 때가 돼버린 걸까 이제<br/>매일 헤매이는 밤<br/>잠들 때마다 미워지지만 괜찮아<br/>하루에도 난 수백 번 고민해<br/>너 없을 때에도<br/>그날 너에게 전할 얘기가<br/>나를 자꾸 괴롭히는 걸<br/>내일이면 다 지워버려야지 이젠<br/>이번에는 널 다 잊을 수 있을까<br/>Forget me close your eyes<br/>Forget me close your eyes<br/>돌아보지 않을거야 나 이제<br/>Forget me close your eyes<br/>Forget me close your eyes woo<br/>leak out 우리 둘 사이로<br/>네가 없는 나의 하루는 어떨진 몰라<br/>근데 자꾸만 내 맘이 조금씩<br/>나도 모르게 흘러가는 걸<br/>그저 서롤 힘들게<br/>굴지 않아도 되는 날에<br/>행복하길 바래<br/>하루에도 난 수백 번 고민해<br/>같이 있을 때에도<br/>지금 너에게 전할 얘기가<br/>너를 더 아프게 하는 걸까<br/>내일이면 다 지워낸 뒤겠지 이젠<br/>이번에는 널 다 잊을 수 있을까<br/>Forget me close your eyes<br/>Forget me close your eyes<br/>돌아보지 않을 거야 나 이제<br/>Forget me close your eyes<br/>Forget me close your eyes woo<br/>leak out 우리 둘 사이로<br/>그날이 그립겠지만<br/>잊을 수 없게 됐지만<br/>이제 돌이킬 수 없는 날이 됐지만<br/>같은 시간 속 우린 다른 하룰<br/>그리워하며 흘러가겠지<br/>I just wanna get away with it<br/>Forget me close your eyes<br/>Forget me close your eyes<br/>같이 나눈 그 순간은<br/>눈 감으면 잊혀질까<br/>Forget me close your eyes<br/>Forget me close your eyes woo<br/>leak out 우리 둘 사이로<br/>
"
3156,너뿐인데,"나비, 빨간양말나비, 빨간양말",너뿐인데,726,<dd>2019.08.29</dd>,"날 밀어 내는 눈빛 내 맘이 무거워<br/>서러움 밀려와서 많이 두려워<br/>더 이상 너의 사랑이 아닌가 봐<br/>너에게 난 이제 아닌가 봐<br/>점점 더 더 멀어져 가<br/>자꾸만 더 작아져 가<br/>너 없이 혼자선 못 살아 못 살아<br/>내가 어떻게 널 떠나<br/>니가 어떻게 떠나<br/>날 놔두고서 말도 안 된단 말야<br/>나 너뿐인데 너뿐인데<br/>너뿐인데 나에겐 너뿐인데<br/>내 눈물이 모든 걸 말해주잖아<br/>너 없이는 안 된다고<br/>떠나면 안 된다고<br/>살 도려내는 바람 내 맘이 시려워<br/>차갑게 떠민 니 손 많이 괴로워<br/>이젠 더 더 볼 수 없나<br/>눈물이 앞을 가린대도<br/>아직은 너밖에 안 보여 안 들려<br/>니가 어떻게 날 버려<br/>내가 어떻게 널 잊어<br/>믿을 수 없어 말도 안 된단 말야<br/>나 너뿐인데 너뿐인데 너뿐인데<br/>나에겐 너뿐인데<br/>내 눈물이 모든 걸 말해주잖아<br/>나 없이는 안 된다고<br/>버리면 안 된다고<br/>아무것도 할 수 없는 내가 미워<br/>그냥 이대로 널 보낼 수밖에<br/>하루에도 수 천 번 널 사랑 하는 난데<br/>어떻게 날 버리니 어떻게 널 보내니<br/>나 너뿐인데 너뿐인데 너뿐인데<br/>오로지 너뿐인데<br/>내 눈물이 이제는 말해주잖아<br/>사랑해선 안 된다고<br/>더 이상 안 된다고<br/>나에겐 너뿐인데<br/>
"
3157,Think About U,"안현정, 신재안현정, 신재",일진에게 찍혔을 때 OST Part.3,622,<dd>2019.08.29</dd>,"I think about U<br/>오늘 하루도 난 너로 시작해<br/>눈을 뜨면 제일 먼저 네 생각해<br/>내 입가에 걸린 기분 좋은 미소<br/>하루 종일 날 맴도는 너 때문이야<br/>Oh my love 지금 넌 뭘하고 있을까<br/>널 알고 싶어 지금껏 알지 못한<br/>내가 모르는 널 더 많이 알고 싶어<br/>이미 내 세상은 너로 가득한 걸<br/>Always I think about U<br/>늦은 밤에도 이른 아침에도<br/>널 생각하면 두근대는 걸 어떡해<br/>네 손끝만 봐도 괜히 또 설레어<br/>이런 느낌 나도 몰랐던 맘인걸<br/>Oh my wish 있잖아 점점 더 좋아져<br/>널 알고 싶어 지금껏 알지 못한<br/>내가 모르는 널 더 많이 알고 싶어<br/>이미 내 세상은 너로 가득한 걸<br/>Always I think about U<br/>이게 사랑인걸까<br/>꼭 이렇게 말로 하지 않아도<br/>알 수 있을 것 같아<br/>내 곁에 늘 항상 늘 항상<br/>함께하는 너라서 행복해<br/>널 알고 싶어 지금껏 알지 못한<br/>내가 모르는 널 더 많이 알고 싶어<br/>이미 내 세상은 너로 가득한 걸<br/>Always I think about U<br/>Woo Woo<br/>I think about U<br/>Woo 내 맘은 너로 가득한데<br/>I think about U<br/>
"
3158,그때 우리 헤어지게 됐어,지은 (JIEUN)지은 (JIEUN),그때 우리 헤어지게 됐어,251,<dd>2019.08.29</dd>,"아무렇지 않은 척 해봐도<br/>마음속은 까맣게 타들어가<br/>못 이긴 척 먼저 전화를 할까<br/>망설이다가 하루가 끝나가<br/>그때 우리 헤어지게 됐어<br/>별거 아닌 내 자존심때문에<br/>늘 항상 곁에 있던 우린데<br/>그땐 왜 서로를 아프게 했는지<br/>I miss you more<br/>I miss you more<br/>I miss you more love you<br/>니가 없는 텅빈자리에서<br/>오랫동안 이렇게 지냈는데<br/>어떠니 넌 벌써 다 잊은거니<br/>아직도 나는 여전히 궁금한데<br/>그때 우리 헤어지게 됐어<br/>별거 아닌 내 자존심때문에<br/>늘 항상 곁에 있던 우린데<br/>그땐 왜 서로를 아프게 했는지<br/>지금이라도 니가 보이면<br/>달려가 안길 것만 같은데<br/>어떻게 우리 헤어진거니<br/>I miss you boy<br/>나 매일하는 말<br/>아직도 난 믿기지가 않아<br/>그때 우리 헤어지게 됐어<br/>별거 아닌 내 자존심때문에<br/>늘 항상 곁에 있던 우린데<br/>그땐 왜 서로를 아프게 했는지<br/>I miss you more<br/>I miss you more<br/>I miss you more love you<br/>
"
3159,우리가 처음 만난 날,SondiaSondia,악마가 너의 이름을 부를 때 OST Part 7,"1,248",<dd>2019.08.29</dd>,"우리가 우연히 처음 만나던 날<br/>따듯한 기억이 닿았던 걸까<br/>오래전 멈추어 있던 <br/>내 심장 소리가<br/>오늘 유난히 크게 들리는 밤<br/>어쩌면 우리는<br/>어쩌면 당신은<br/>끊어진 내 꿈 속에 살진 않았을까<br/>알 것 같은 목소리<br/>우리가 만난 적은 없을까<br/>묻고 싶은 <br/>You make me the colors of love <br/>선명하게 그어놓은 <br/>그 선을 난 넘지 못해<br/>하고 나면 쉬워질까 <br/>솔직하게 말해볼까<br/>안된다고 말려본다 <br/>내 가슴을 참아본다<br/>Oh You know that is love<br/>어제로 어제로<br/>지나온 그 날로 <br/>우리가 처음 만났던 키 작은 그때로<br/>한 사람만 찾으려<br/>이룰 수 없었던 나의 꿈이<br/>찾고 있던 <br/>You make me the colors of love<br/>내 앞에 선<br/>You make me the colors of love<br/>
"
3160,보라 Purple (Feat. 길은경 Piano),FM43FM43,보라 Purple,8,<dd>2019.08.29</dd>,가사가 없습니다
3161,FM43 Diary 2019.08.22 (Feat. 장효석 Melodion),FM43FM43,FM43 Diary 2019.08.22,7,<dd>2019.08.29</dd>,가사가 없습니다
3162,FM43 Diary 2019.08.21 (Feat. 장효석 Melodion),FM43FM43,FM43 Diary 2019.08.21,7,<dd>2019.08.29</dd>,가사가 없습니다
3163,You,엄태수엄태수,You,6,<dd>2019.08.29</dd>,"니가 없는 이거리에 <br/>나홀로 남겨진 아픔은 <br/>돌아올수 없는 걸 알지만 <br/>또 내 마음둘곳 잃어버린 듯 <br/>여기저기 헤매어봐도 <br/>바보같아 우네 <br/>다신 그리워 하지 않아야지 <br/>보내야지 <br/>그리워한 내가 미워 지는거야<br/>떠나줘 떠나줘 널 보내줄게 <br/>두번 다시 그리워 않을게 <br/>너없는 시간에 미칠지라도 <br/>나는 잊을게 <br/>이제다시 내 가슴속에서 <br/>내 추억이 떠오르지 않아 난 <br/>여기저기 헤매어 봐도 <br/>너는 내게 없네 <br/>다신 그리워 하지 <br/>않아야지 보내야지 <br/>그리워한 내가 미워 지는 나는없어<br/>떠나줘 떠나줘 널 보내줄게 <br/>두번 다시 그리워 않을게 <br/>너없는 시간에 미칠지라도 <br/>나는 잊어가겠어 <br/>나는 잊어가겠어 <br/>
"
3164,걸어본다,더네스 (Dawn_S)더네스 (Dawn_S),걸어본다,1,<dd>2019.08.29</dd>,가사가 없습니다
3165,ROMANTIC,데이브레이크 (DAYBREAK)데이브레이크 (DAYBREAK),ROMANTIC,"2,453",<dd>2019.08.28</dd>,"불을 꺼줄래 내 눈빛이<br/>널 비추게<br/>기다려왔던<br/>It’s romantic moment<br/>완벽한 나를 보여줄게<br/>오늘 너 조금 놀랄지 몰라<br/>각오해야 해<br/>변한 내 모습에 나도 놀라<br/>지금 나 너무 맘에 들어<br/>바꿔버렸어 모든 걸 바꿔버렸어<br/>표정 말투 하나부터 열까지<br/>너에게 완벽한 한 사람이 되기 위해<br/>가르쳐줄게<br/>더 sweet 하게<br/>빠져들게<br/>데려다줄게<br/>Romantic paradise<br/>오늘은 니 맘 훔쳐 갈래<br/>I’ll give you my everything<br/>Cause you’re my everything<br/>Give me one more chance<br/>Give me one more chance<br/>Give me one more chance<br/>Give me one more chance to get you<br/>예상치 못한 순간에<br/>난 좀 더 빨라질지도 몰라<br/>차고 넘치는 내 맘이 급해서<br/>그런 걸 나도 어쩔 수 없어<br/>정신 못 차리게<br/>너를 끌어당길 거야 난<br/>못 이기는 척 내게 맡겨줄래<br/>어느새 완벽한 이 순간이 펼쳐지면<br/>가르쳐줄게<br/>더 sweet 하게<br/>빠져들게<br/>데려다줄게<br/>Romantic paradise<br/>오늘은 니 맘 훔쳐 갈래<br/>I’ll give you my everything<br/>Cause you’re my everything<br/>Give me one more chance<br/>Give me one more chance<br/>Give me one more chance<br/>Give me one more chance to get you<br/>불을 켜줄래 니 눈빛을<br/>느낄 수 있게<br/>아름다운 밤<br/>My romantic lady<br/>내 맘에 가득 차버린 너<br/>How much I’m loving you<br/>How much I’m feeling you<br/>넌 이미 알고 있잖아<br/>I’ll give you my everything<br/>Cause you’re my everything<br/>baby<br/>Give me one more chance<br/>Give me one more chance<br/>Give me one more chance<br/>Give me one more chance to get you<br/>I’m loving you<br/>I’m loving you<br/>
"
3166,알면서 또 그래,VIINI (권현빈)VIINI (권현빈),웹툰 연놈 OST Part.3,"2,643",<dd>2019.08.28</dd>,"매일 보는 너의 얼굴이 낯설기만 해<br/>익숙하지 않은 눈빛이 두렵기만 해<br/>무슨 일이 있는지 무슨 생각 하는지<br/>온통 머릿속엔 너의 생각뿐<br/>너의 모든 걸 나누고 싶은데<br/>너의 모든 걸 느끼고 싶은데<br/>나의 이기적인 욕심인 건지<br/>자꾸만 나는 네게 집착해<br/>이러면 안 되는데<br/>알면서 또 그래<br/>아무 얘기 없는 널 보면 서운한 맘에<br/>괜히 멀어지는 것 같아 너의 곁에서<br/>무슨 비밀이기에 그토록 숨기는 걸까<br/>점점 머릿속엔 의심만 늘어<br/>너의 모든 걸 나누고 싶은데<br/>너의 모든 걸 느끼고 싶은데<br/>나의 이기적인 욕심인 건지<br/>자꾸만 나는 네게 집착해<br/>이러면 안 되는데<br/>알면서 또 그래<br/>니 맘 편해질 때까지<br/>기다리려 해봐도<br/>내 맘은 왜 이리 조급해지는지<br/>참 바보 같아<br/>너의 모든 걸 나누고 싶어서<br/>너의 모든 걸 느끼고 싶어서<br/>너를 사랑해서 이러는 내 맘<br/>이해해줄 걸 이미 알기에<br/>자꾸 널 귀찮게 해<br/>알면서 또 그래<br/>
"
3167,못 헤어져서 미안해,김동준김동준,헤어져줘서 고마워 Part. 2,"10,536",<dd>2019.08.28</dd>,"못 헤어져서 미안해<br/>아직 사랑해서 미안해<br/>같은 말 하게 하지 마<br/>더 미안하게 하지 마<br/>난 안 바뀌니까<br/>네가 하는 말 못 믿어 안 믿어<br/>왜 거짓말을 해<br/>마음에 없는 말 좀 하지 마<br/>네가 뭐래도 난 못 헤어져 알잖아<br/>아니 이대로 난 안 헤어져 미안해<br/>제발 우리 그만 아파하고<br/>괜히 또 후회할 일 하지 말고<br/>맨날 백 번을 끝내자 내게 말해도<br/>나는 너랑 절대 못 헤어져<br/>그래 네 마음 다 이해해<br/>뭐가 됐건 내가 미안해<br/>술 취해 늦은 밤들과<br/>점점 짧아진 답장에<br/>아팠을 거 알아<br/>미안하지만 난 못해 난 안돼<br/>어떻게 널 보내<br/>마음에 없는 말 좀 하지 마<br/>네가 뭐래도 난 못 헤어져 알잖아<br/>아니 이대로 난 안 헤어져 미안해<br/>제발 우리 그만 아파하고<br/>괜히 또 후회할 일 하지 말고<br/>맨날 백 번을 끝내자 내게 말해도<br/>나는 너랑 절대 못 헤어져<br/>맨날 소리치고 싸우긴 해도<br/>다시 돌아서면 나밖에 없었잖아<br/>너 내일이면 아무렇지 않게 내게<br/>못 이긴 척 돌아올 거잖아<br/>죽어도 난 너랑 못 헤어져 가지 마<br/>정말 이렇게는 널 못 보내 난 못해<br/>결국 미친 듯이 생각나고<br/>죽도록 보고 싶어 할 거잖아<br/>맨날 백 번을 끝내자 내게 말해도<br/>나는 너랑 절대 못 헤어져<br/>
"
3168,내 하나뿐인 그대,유열유열,유열 Largo2,271,<dd>2019.08.28</dd>,"변함없을 약속이 담긴<br/>영원이라 부를 사랑이<br/>지금 내 앞에서 나를 바라보네<br/>내 하나뿐인 그대<br/>사랑으로 쓰여진 약속<br/>믿음으로 쓰인 사랑이<br/>지금 네 곁에서 너를 바라보네<br/>내 사랑하는 그대<br/>그대를 내게 주신 그분께<br/>난 감사드릴 뿐이네<br/>끝없는 그 사랑을<br/>나 닮게 하여 주소서<br/>변함 없을 약속이 담긴<br/>영원이라 부를 사랑이<br/>지금 내 앞에서 나를 바라보네<br/>내 하나뿐인 그대<br/>그대를 내게 주신 그분께 <br/>난 감사드릴 뿐이네 <br/>끝없는 그 사랑을 <br/>나 닮게 하여 주소서 <br/>변함 없을 약속이 담긴<br/>영원이라 부를 사랑이<br/>지금 내 앞에서 나를 바라보네<br/>내 하나뿐인 그대<br/>사랑으로 쓰여진 약속<br/>믿음으로 쓰인 사랑이<br/>지금 네 곁에서 너를 바라보네 <br/>내 사랑하는 그대 <br/>지금 내 앞에서 나를 바라보네<br/>내 하나뿐인 그대<br/>
"
3169,"같은 밤, 다른 우리",플랏나인플랏나인,"같은 밤, 다른 우리",780,<dd>2019.08.28</dd>,"뭐해 넌 자고 있니<br/>혹시라도 네게<br/>이 말이 닿을 수 있을까 봐<br/>이 밤에 기대어<br/>너에게 보낸 문자에<br/>더는 답장이 오질 않았어<br/>그때 널 잡았더라면<br/>지금쯤 내 품에 안긴 채<br/>사랑한다고 내게 말해주겠지<br/>우리 밤을 새워가며 나눴던<br/>수많은 그 얘기들이 전부 다<br/>사라질까 봐 무뎌질까 봐<br/>이렇게 너를 놓지 못하는<br/>나 미안해<br/>하루의 끝엔 언제나<br/>너의 이야길 듣는 게<br/>나에겐 전부였어<br/>오늘 좀 힘들었다고<br/>기대어 잠들던 네 모습<br/>유난히 길었던 밤이 너무 그리워<br/>우리 밤을 새워가며 나눴던<br/>수많은 그 얘기들이 전부 다<br/>사라질까 봐 무뎌질까 봐<br/>이렇게 너를 놓지 못하는 나<br/>우리 함께 보냈던<br/>잊지 못할 소중했던 밤<br/>내 맘 안에 아직까지 남아서<br/>널 기다리며 울어<br/>이불 속에서 나<br/>미친 듯이 너를 불러<br/>보고 싶다고<br/>나 혼자 밤을 새워가며<br/>나 혼자 밤을 새워가며 기다려<br/>오늘 밤 창밖을 보며 네가 날<br/>좋아한다고 사랑한다고<br/>말했던 때로<br/>돌아가게 해줘<br/>
"
3170,나만 잘하면돼,김보경 (NEON)김보경 (NEON),나만 잘하면돼,610,<dd>2019.08.28</dd>,"아무 것도 없는 텅 빈 마음에<br/>바람 불어오네<br/>나도 알아 어딘가 좀 잘못 됐다는걸<br/>혼자이기 싫지만 혼자있고 싶어<br/>창 밖에 내리는 비를 바라보긴 해도<br/>젖고싶진 않아<br/>언제나 너에게 사랑받고 싶지만<br/>자애 하는 방법은 몰라<br/>Take It Easy Take It Easy<br/>Take It Easy<br/>치열하게 살다보니<br/>왜 이러고 사는지도 가끔 모르겠어<br/>나만 잘하면 될 것 같은데<br/>나만 잘하면 행복할 것 같아<br/>Take It Easy<br/>나만 잘하면 될 것 같은데<br/>Take It Easy<br/>나만 잘하면 행복할 것 같아<br/>Take It Easy<br/>나만 잘하면 될 것 같은데<br/>Take It Easy<br/>나만 잘하면 행복할 것 같아<br/>Take It Easy Take It Easy<br/>Take It Easy<br/>Take It Easy<br/>woo<br/>
"
3171,I`m Alive,테일러테일러,미스터 기간제 OST Part 3,474,<dd>2019.08.28</dd>,"Three more days here <br/>on the outside<br/>Still I can’t touch the hand of God<br/>Even though I come close<br/>When I’m falling apart<br/>I’m alive that’s enough for now<br/>When I see it all around <br/>I will never leave the ground<br/>You told me I could bear the weight<br/>Uh Oh<br/>Why you waiting on the line<br/>Why you wasting all this time<br/>You told me I could find the light<br/>Uh Oh<br/>At a young and hopeful twenty-three<br/>I was standing miles apart<br/>From the man that I have inside of me<br/>Uh Oh<br/>I don’t wanna lie <br/>want to be given life<br/>Just a little more I’m out of time<br/>Will you call me back this time<br/>Uh Oh<br/>Why you waiting on the line<br/>Why you wasting all this time<br/>You told me I could find the light<br/>Uh Oh<br/>Why you waiting on the line<br/>Why you wasting all this time<br/>You told me I could find the light<br/>Uh Oh<br/>I don’t wanna wait for time<br/>Will you call me back<br/>No I don’t wanna wait for time<br/>Uh Oh<br/>Why you waiting on the line<br/>Why you wasting all this time<br/>You told me I could find the light<br/>Uh Oh<br/>Why you waiting on the line<br/>Why you wasting all this time<br/>You told me I would be all right<br/>Uh Oh<br/>
"
3172,무엇이 되어,유이란유이란,닥터탐정 OST Part.3,42,<dd>2019.08.28</dd>,"바람이 되어 만날까<br/>구름 되어 만날까<br/>강물이 되어 만날까<br/>바다 되어 만날까<br/>그대가 무엇이 되었어도<br/>그 무엇이 되었어도<br/>난 그대 가까이 있는<br/>무엇이 되고 싶네<br/>돌이 되어 이별할까<br/>나무 되어 이별할까<br/>물고기로 이별할까<br/>가재 되어 이별할까<br/>그대가 무엇이 되었어도<br/>그 무엇이 되었어도<br/>난 이대로 그대와<br/>나 사이에 이별 안에 있네<br/>그대가 무엇이 되었어도<br/>그 무엇이 되었어도<br/>난 이대로 그대와<br/>나 사이에 이별 안에 있네<br/>무엇이 되어 만날까 어찌 이별할까<br/>
"
3173,그걸로 만족해 (Feat. 최치봉),"류지광, 리틀티류지광, 리틀티",Depressing Night,257,<dd>2019.08.28</dd>,"더 사랑할 수 있는데 왜 나를 떠났어<br/>더 기다릴 수 있는데 왜 나를 버렸어<br/>애써 밀어내려 하는 너<br/>차갑게 돌아선 너<br/>내 기억 속에서 죽어줄래<br/>내 기억 속 널 닮은 작은 인형 하나가<br/>오늘도 가슴 아파하며 눈물짓게 해<br/>상처뿐인 기억보다 더욱 아픈 건<br/>울다 지친 네 모습인데<br/>가지 마 조금만 내 곁에 있어 줘<br/>잠시도 못 견뎌 내 맘은 찢어져<br/>그리워 함께한 지난날 이제는<br/>너 내 기억 속에서 죽어줄래<br/>널 사랑해 널 사랑해<br/>널 사랑해 난 너를<br/>사랑해 널 사랑해<br/>널 사랑해 난 너를<br/>미안해하지 마 잠시라도 나를<br/>사랑했으니 그걸로 만족해<br/>미안해요 그대 맘에<br/>서툰 사랑 상처 줬죠<br/>괜찮아요 그댈 향한<br/>내 심장도 멈춘걸요<br/>그리워요 함께 했던<br/>지난날은 이제 없죠<br/>너 내 기억 속에서<br/>널 그리고 또 그리며<br/>널 부르던 난 너를<br/>사랑해 널 사랑해<br/>널 사랑해 난 너를<br/>미안해하지 마<br/>잠시라도 나를 사랑했으니<br/>그걸로 만족해<br/>
"
3174,그날.. 그 말,무성무성,The Day,265,<dd>2019.08.28</dd>,"오늘도 그날이 생각나<br/>날 아프게 한 그날이<br/>끝없는 새벽길을 걸어<br/>나를 아프게 한 그 말만 떠올라<br/>왜 그런 거야 그날의<br/>네 눈을 보고 묻지 못했어<br/>새벽이 지나도록 네 이름만<br/>부르고 있는 내가 또 네가 참 미워<br/>그날 널 마지막으로 눈에<br/>담았던 그 시간 속에<br/>갇혀있는 나 아직<br/>네 뒷모습 바라보며<br/>세상 모든 기다림의<br/>노래를 부르고 있어<br/>왜 그런 거야 그날의<br/>네 두 손 놓지 말걸 그랬어<br/>새벽길 따라 걸어가는 내 발자국마다<br/>고이는 내 눈물 소리<br/>그날 널 마지막으로 눈에<br/>담았던 그 시간 속에 갇혀있는 나<br/>아직 네 뒷모습 바라보며<br/>세상 모든 기다림의<br/>노래를 부르고 있어<br/>기다려도 오지 않을 사람을<br/>기다리고 있는 나<br/>혹시 너에게도 아직 내가 있다면<br/>그날의 내가 조금이라도<br/>아주 조금이라도<br/>네게 남아있는 거라면<br/>단 한 번만 돌아봐줄래<br/>오직 눈물의 향기만<br/>어루만지며 울고 있는 나<br/>그 말 우리 헤어지자는 그 말<br/>불어오는 바람에 실어<br/>저 멀리 보낼게<br/>너의 마지막 눈빛이라도 기억하려고<br/>애쓰는 난 안되겠어<br/>기다릴게 너를<br/>
"
3175,난 아직도,은서 (eunseo)은서 (eunseo),모두 다 쿵따리 OST Part 6,61,<dd>2019.08.28</dd>,"난 여전히 네 모습 기억해 <br/>한 번도 한순간도 잊은 적 없는데 <br/>넌 여전히 먼 곳만 보곤 해 <br/>네 앞에 네 주변에 항상 맴도는데 <br/>내 눈 안에 닮은 사람이 너인데 <br/>나와 함께 바라보는데 <br/>내 심장에 깊게 박혀서 아픈데 <br/>내 안에서 숨을 쉬며 사는데<br/>시작이 있는 걸까<br/>기다리면 끝이 보일까<br/>내 가슴을 타일러<br/>언젠가는 알아주겠지<br/>고된 시간 지나고 나면<br/>좋은 날 오겠지<br/>늘 차갑게 대하는 너인데<br/>무엇이 이렇게도 너를 놓지 못해<br/>내 눈 안에 닮은 사람이 너인데<br/>나와 함께 바라보는데<br/>내 심장에 깊게 박혀서 아픈데<br/>내 안에서 숨을 쉬며 살아가<br/>시작이 있는 걸까<br/>기다리면 끝이 보일까<br/>내 가슴을 타일러<br/>언젠가는 알아주겠지<br/>고된 시간 지나고 나면<br/>좋은 날 오겠지<br/>아팠던 시간 외로웠던 시간들<br/>다 지나갈 거야<br/>꿈을 꿨다고 생각해<br/>다시는 다시는 없을 사람<br/>세월 흘러 모습이 변해도<br/>하나뿐인 내 사람<br/>난 아직도 난 아직도 그대를<br/>기억에서 지워지지 않는<br/>영원한 내 사람<br/>기억에서 지워지지 않는<br/>영원한 내 사람<br/>
"
3176,새벽이 빌려 준 마음,이승윤이승윤,새벽이 빌려 준 마음,51,<dd>2019.08.28</dd>,"안테나가 전부 다 숨어버렸고<br/>라디오는 노래들을 잊어버렸습니다<br/>무지개가 뿌리째 말라버렸고<br/>소나기는 출구를 잃어버렸습니다<br/>새벽이 빌려 준 마음을<br/>나는 오래도 쥐었나 봅니다<br/>사람이 된 신도 결국엔 울었고<br/>사람들은 그제서 눈물을 닦았습니다<br/>새야 조그만 새야 너는 왜 날지 않아<br/>아마 아침이 오면 나도 나도 그래<br/>새벽이 빌려 준 마음을<br/>나는 오래도 쥐었나 봅니다<br/>
"
3177,Go3gether,"진호, 두호진호, 두호",Go3gether,0,<dd>2019.08.28</dd>,"우리 같이 걸어온 지난 시간들<br/>어느새 우린 각자 홀로 서있어<br/>시간이 갈수록 우린 멀어지겠지<br/>너무 바쁜 삶의 걸음을 걷다 보면<br/>때론 멀어져도 그래도<br/>우리가 함께였음을 기억해<br/>기억해 너와 내가<br/>나눈 말들 그 순간들<br/>우리가 하나였던 그 때를<br/>비록 항상은 아니지만 그래도 함께<br/>그 시간들을 기억해<br/>눈 앞의 시험은 두렵지 않았지<br/>하지만 이젠 사소한 걱정에도<br/>주저 앉아<br/>얼굴을 마주할 용기가 모자라<br/>가끔은 혼자서 숨어버리고 싶었지<br/>때론 멀어져도 그래도<br/>우리가 함께였음을 기억해<br/>기억해 너와 내가<br/>나눈 말들 그 순간들<br/>우리가 하나였던 그 때를<br/>비록 항상은 아니지만 그래도 함께<br/>그 시간들을 기억해<br/>서로 다른 곳을 바라볼 때도<br/>결국 돌아갈 곳은 하나야<br/>점점 숨은 추억을 찾기 버거워<br/>그래도 그 시간은 너와 함께<br/>기억해 너와 내가<br/>나눈 말들 그 순간들<br/>우리가 하나였던 그 때를<br/>비록 항상은 아니지만 그래도 함께<br/>그 시간들을 기억해<br/>기억해 너와 내가<br/>나눈 말들 그 순간들<br/>우리가 하나였던 그 때를<br/>비록 항상은 아니지만 그래도 함께<br/>그 시간들을 기억해<br/>그 시간들을 기억해<br/>
"
3178,블레싱(Blessing),박진수박진수,THE BLESSING,11,<dd>2019.08.28</dd>,"지금 이 순간 바로 이 자리에<br/>새로운 만남이 시작 되죠<br/>지금 이 두 사람 바로 이 두 사람<br/>그들의 사랑이 완성 되죠<br/>그토록 기다렸던 시간이 흐르고 <br/>그토록 바라던 미래가 펼쳐 지죠<br/>하늘이 허락한 이 순간<br/>하늘이 맺어준 두 사람<br/>소중히 간직해온 <br/>서로를 향한 믿음과 사랑<br/>영원히 변치 않기를 축복해요<br/>때론 견디기 힘든 슬픔도 있겠지만<br/>때론 감당할 수 없는 어려움도 있겠지만<br/>하늘이 허락한 이 순간<br/>하늘이 맺어준 두 사람<br/>소중히 간직해온 <br/>서로를 향한 믿음과 사랑<br/>영원히 변치 않기를 <br/>영원히 변치 않기를<br/>영원히 변치 않기를<br/>축복해요<br/>
"
3179,너를 너를 너를,하헌일하헌일,너를 너를 너를,72,<dd>2019.08.28</dd>,"날이 좋다거나<br/>별들이 예쁠땐<br/>우리가 함께였으면 좋겠어<br/>너의 맘속에 한번은<br/>내가 있었으면 해<br/>나도 잘 알아<br/>잠시뿐이거야<br/>이 마음은 영원하지 않아라고<br/>날 다독여봐도 잘 안되는 것 뿐이야<br/>널 사랑해도 왜 나는 안되는데<br/>널 이렇게 바라보고 있는데<br/>너를 너를 너를<br/>미안해 아직까지<br/>나는 널 포기할 수 없나봐<br/>더 힘들어도 기다릴 수 있는데<br/>너였으면 하는데<br/>너를 너를 너를<br/>미안해 아직까지<br/>나는 널 지울수가 없나봐<br/>날이 흐리거나<br/>비라도 내릴땐<br/>우리가 함께 였으면 좋겠어<br/>나는 너 때문에<br/>가끔은 슬프고 또 행복해<br/>너를 좋아해<br/>좋아하고 싶어<br/>가끔 넌 내 생각을 하겠지만<br/>나는 가끔만 너 아닌<br/>딴 생각을 하는걸<br/>널 사랑해도 왜 나는 안되는데<br/>널 이렇게 바라보고 있는데<br/>너를 너를 너를<br/>미안해 아직까지<br/>나는 널 포기할 수 없나봐<br/>더 힘들어도 기다릴 수 있는데<br/>너였으면 하는데<br/>너를 너를 너를<br/>미안해 아직까지<br/>나는 널 지울수가 없나봐<br/>한번만 날 바라봐 준다면<br/>너에게 어울리는 사람이<br/>난 될 수 있을텐데<br/>널 사랑해도 왜 나는 안되는데<br/>널 이렇게 바라보고 있는데<br/>너를 너를 너를<br/>미안해 아직까지<br/>나는 널 포기할 수 없나봐<br/>더 힘들어도 기다릴 수 있는데<br/>너 였으면 하는데<br/>너를 너를 너를<br/>미안해 아직까지<br/>나는 널 지울 수가 없나봐<br/>
"
3180,후회,네이비톤 (NavyTone)네이비톤 (NavyTone),후회,35,<dd>2019.08.28</dd>,"매일 후회하며 살아가지만<br/>언젠가는 나아지겠지 그래<br/>매일 내 자신을 위로하겠지<br/>의미 없는 하루를 보내고<br/>더는 살아갈 수 없을 것 같아<br/>이렇게 나약하기만 한 나인걸<br/>Ah 시간을 되돌려 달라고<br/>말해본들 무슨 소용이겠어<br/>I cry 그렇게도 애원했는데<br/>달라진 건 아무것도 없었어<br/>Someday<br/>그런대로 살아가겠지<br/>아무 일도 없었던 듯이 그래<br/>Maybe 지워지지는 않을 거야<br/>아물지 않는 상처처럼 영원히<br/>더는 버텨낼 수 없을 것 같아<br/>이렇게 무너져가기만 하는걸<br/>Ah 시간을 되돌려 달라고<br/>말해본들 무슨 소용이겠어<br/>I cry 그렇게도 애원했는데<br/>달라진 건 아무것도 없었어<br/>Ah 아무것도 할 수 없는 게<br/>이렇게도 힘든 건지 몰랐어<br/>Goodbye<br/>나에게서 떠나가줄래<br/>이제 그만 편해지고 싶어<br/>
"
3181,FM43 Diary 2019.08.20 (Feat. 장효석 Melodion),FM43FM43,FM43 Diary 2019.08.20,7,<dd>2019.08.28</dd>,가사가 없습니다
3182,FM43 Diary 2019.08.19 (Feat. 장효석 Melodion),FM43FM43,FM43 Diary 2019.08.19,7,<dd>2019.08.28</dd>,가사가 없습니다
3183,기다리면 다시 오려나,신석주신석주,기다리면 다시 오려나,0,<dd>2019.08.28</dd>,"너의 손을 놓아버린<br/>되돌릴 수 없는 그날<br/>나를 보며 울먹이던<br/>널 떠나야 했었던 날<br/>후회만 했던 널 떠난 시간<br/>널 잃은 시간<br/>이제서야 네가 소중한 걸<br/>난 깨달아<br/>너에게로 네 곁으로<br/>돌아가고 싶어<br/>그때 그 순간 행복했던 그곳으로<br/>날 조금만 기다려줘요<br/>네가 사준 반지를 빼던<br/>되돌릴 수 없는 그날<br/>무심하게 나를 떠난<br/>널 보내야 했었던 날<br/>후회만 했었던 널 떠난 시간<br/>널 잃은 시간<br/>이제서야 네가 소중한 걸<br/>난 깨달아<br/>너에게로 네 곁으로<br/>돌아가고 싶어<br/>그때 그 순간 행복했던 그곳으로<br/>그러니 어서 빨리 내게 와줘요<br/>
"
3184,그대는 어디에,구본웅 (Ku Bon Woong)구본웅 (Ku Bon Woong),그대는 어디에,1,<dd>2019.08.28</dd>,"외롭다 내인생에<br/>봄은 오는가<br/>술 한잔 걸치면<br/>횡설수설 사회비판 자아비판<br/>오 Lady 그대는 어디에<br/>내사랑 darling 여기에<br/>어디에 어디에<br/>그립다 환상속에<br/>그대 있는가<br/>긴 밤을 지새며<br/>고뇌하네 절세미녀 천생연분<br/>오 Lady 그대는 어디에<br/>내사랑 darling 여기에<br/>어디에 어디에<br/>오 Lady 그대는 어디에<br/>내사랑 darling 여기에<br/>어디에 어디에<br/>
"
3185,착각 (Feat. 박지현),앙오앙오,착각,15,<dd>2019.08.28</dd>,"Hi 오늘은 어땠어 <br/>일하는 건 힘들지 않았는지<br/>너의 하루가 궁금해<br/>Slow 시간이 흘러가 <br/>널 그리는 마음이<br/>예전 같지 않은데<br/>날 바라보는 그때의 너의 그 눈빛이<br/>나에게 말했던 예쁜 그 말들이 모두<br/>진심인 줄 알았는데<br/>넌 마음이 어떠니 아주 가끔<br/>생각은 날까 우리 시간이<br/>날 바라보는 그때의 너의 그 눈빛이<br/>나에게 말했던 예쁜 그 말들이 모두<br/>진심인 줄 알았는데<br/>알아 노력해도 <br/>우린 같은 마음이 될 수 없겠지<br/>그래도 내 기억 속에 <br/>네가 지워질 거라는 생각에<br/>마음이 너무 아파<br/>날 바라보는 그때의 너의 그 눈빛이<br/>나에게 말했던 예쁜 그 말들이 모두<br/>진심인 줄 알았는데<br/>나 혼자만의 착각이었나봐<br/>
"
3186,펫,도균도균,펫,44,<dd>2019.08.28</dd>,"내게 늘 말하는 것처럼<br/>곁에 있어줘<br/>너와 함께 있던 일들로<br/>난 하루를 버티네<br/>가끔 바쁜 하루에 난<br/>외로움을 느끼면<br/>네가 없는 빈자리를 메워가<br/>만약 네가 없는 하루를<br/>살아가야 한다면<br/>아프지 않고도 난 <br/>살아갈 수 있을까<br/>I want to be loved by you<br/>I want to be in your eyes<br/>I want to be loved by you<br/>By you<br/>I want to be loved by you<br/>I want to be in your eyes forever<br/>그대 품에서 잠들 수 있게 <br/>나 허락해줘요<br/>그대 뭐가 힘들던지<br/>해결해줄 수는 없지만<br/>그래도 내게 얘길 해주세요<br/>피곤해 보이는 너는<br/>지친 몸을 이끌고 <br/>돌아와 쓰러지듯이<br/>잠에 들어버리고<br/>I want to be loved by you<br/>I want to be in your eyes<br/>I want to be loved by you<br/>By you<br/>I want to be loved by you<br/>I want to be in your eyes<br/>I want to be loved by you<br/>I want to be loved I want to be loved<br/>내게 늘 말하는 것처럼<br/>곁에 있어줘<br/>너와 함께 있던 일들로 난<br/>하루를 버티네<br/>
"
3187,괜찮을게요,강신재강신재,괜찮을게요,4,<dd>2019.08.28</dd>,"아무런 말도 내게 하지 말아요<br/>어떤 말로도 이미 내게 그대는<br/>남이 될 수 없단 걸 그댄 알잖아요<br/>뒤돌아보지 말고 떠나요<br/>너무 차갑게 떠나가 버린<br/>그댈 보며 다짐 했어요<br/>어차피 이 순간이 지나가고 나면<br/>없었던 사람처럼 잊혀 질 텐데<br/>어쩌다 네 생각이 나서 그리워져도<br/>다신 그댈 찾지 않아요<br/>함께 했던 순간 아무리 그려봐도<br/>그댄 내게 오지 않는데<br/>언젠가 긴 시간이 지나 무뎌진다면<br/>그 땐 그대 모습 그려볼 게요<br/>아무렇지 않은 척 웃어 보일게요<br/>나 혼자만 아픈 건 싫어<br/>나 괜찮을 게요<br/>아무렇지도 않은 척을 해봐도<br/>이미 두 눈은 젖어가고 있는데<br/>그대 내게서 점점 멀어져가네요<br/>그댄 아무렇지도 않나요<br/>우리 함께한 많은 날 동안<br/>너무 많은 걸 나눴네요<br/>이제 그대 뒷모습 사라지고 나면<br/>나 홀로 추억 속을 헤매 일 텐데<br/>어쩌다 네 생각이 나서 그리워져도<br/>다신 그댈 찾지 않아요<br/>함께 했던 순간 아무리 그려봐도<br/>그댄 내게 오지 않는데<br/>언젠가 긴 시간이 지나 무뎌진다면<br/>그 땐 그대 모습 그려볼 게요<br/>아무렇지 않은 척 웃어 보일 게요<br/>나 혼자만 아픈 건 싫어<br/>혹시나 내 생각이 나서 그리워지면<br/>매일 후회하며 날 찾길 바라요<br/>내가 아파할 만큼 아니 그보다 많이<br/>내 생각에 아파해줘요<br/>난 괜찮을 테니<br/>난 괜찮을 테니<br/>
"
3188,널 사랑했었다,DANYDANY,널 사랑했었다,46,<dd>2019.08.28</dd>,"이따금씩 너의 기억들이<br/>말을 걸어오는 것 같아<br/>쇠털 같은 세월을<br/>함께 지내온 넌 그렇게<br/>언제나처럼 내게 다가와서<br/>나를 반기며 사라지고<br/>나는 또 한번 맥 없이<br/>고꾸라져 넘어진다<br/>이 공간에는 수 많은 네가 있다<br/>나를 다독여주는 너만 없어<br/>나는 소리내어 울었다<br/>네가 없는 우리의 공간에서<br/>아이처럼 울었다<br/>우리 함께 덮던 이불에는<br/>너의 잔향이 남아 있어<br/>오늘도 내 방에는 널부러져<br/>날 보며 웃는 네가 있는데<br/>이 공간에는 수 많은 네가 있다<br/>나를 다독여주는 너만 없어<br/>나는 소리내어 울었다<br/>네가 없는 우리의 공간에서<br/>아이처럼 울었다<br/>내 방엔 모퉁이가 많아<br/>그 끝에 앉아<br/>네가 닿았던 곳들을 천천히 바라봐<br/>멍하니 널 그리고 있어<br/>눈물로 널 그리고 있어<br/>너의 기억엔 내가 있을까<br/>이 공간에는 수 많은 네가 있다<br/>나를 다독여주는 너만 없어<br/>나는 소리내어 울었다<br/>네가 없을 우리의 공간에서<br/>아이처럼 울었다<br/>널 사랑했었다<br/>
"
3189,기다리면 (With 령교),그녀그녀,기다리면,473,<dd>2019.08.27</dd>,"다가와 내게 입 맞추어 주던<br/>내 맘 훔친 그 입술로 이별을 말해요<br/>그대 나는 무너질 것만 같아요<br/>모든 게 내 잘못인가요<br/>눈치 없이 매번 보채던<br/>내가 싫었다면<br/>그댈 위해 모든 게 달라질 텐데<br/>내가 기다리면 내게 돌아올까요<br/>달려와 눈물을 닦아주던<br/>나의 그대인걸요<br/>나는 괜찮아요 내게 화낼 때처럼<br/>그대는 다시 웃어주겠죠<br/>내가 세상에서 제일 좋다던<br/>그대의 이별은<br/>나를 놀려주려고 준비한 거겠죠<br/>내가 기다리면 내게 돌아올까요<br/>달려와 눈물을 닦아주던<br/>나의 그대인걸요<br/>나는 괜찮아요 내게 화낼 때처럼<br/>그대는 다시 웃어주겠죠<br/>내가 받은 사랑<br/>그댄 언제나 나 하나만<br/>사랑해준 그 시간을<br/>돌려줄게요 못난 내 사랑이 다<br/>오직 그대만이 나의 사랑이란 걸<br/>온 세상 그 누구보다도<br/>그대가 알잖아요<br/>내게 돌아와요 나의 전부를 줬던<br/>이 사랑이 빛을 잃기 전에<br/>
"
3190,Summer Rain (feat.재주소년),수후 (Soohoo)수후 (Soohoo),Summer Rain,68,<dd>2019.08.27</dd>,"투명한 색 <br/>이 여름엔 잘 어울리지 <br/>그 속엔 <br/>저마다의 공간이 비추어지고  <br/>위를 보면<br/>하늘은 구름을 채워<br/>내 손은 <br/>너의 번호를 찾아 눌러<br/>볼륨을 올려보면 <br/>더 시원해질 거야 <br/>이건 마치 한 여름의 시작인 듯해 <br/>좀 더 내려도 좋겠어  <br/>좀 더 울어도 되겠어 <br/>널 또 보는 건 어떨까<br/>핑계는 비가 오니까 <br/>좀 더 내려도 좋겠어 <br/>좀 더 울어도 되겠어 <br/>널 또 보는 건 어떨까<br/>핑계는 비가 오니까 <br/>네 마음을   <br/>들여다볼 기횔 준다면 반드시 <br/>비가 오기 전의 그 날로 나를 데려가서<br/>어쩔 줄 모르는 너의 두 손을<br/>혼자 두지 않을 수 있어 <br/>빗소리가 들릴 땐<br/>너를 기억해볼게<br/>이건 마치 한 여름의 끝인 것 같아<br/>좀 더 내려도 좋겠어 <br/>좀 더 울어도 되겠어 <br/>널 또 보는 건 어떨까  <br/>핑계는 비가 오니까  <br/>좀 더 내려도 좋겠어 <br/>좀 더 울어도 되겠어 <br/>널 또 보는 건 어떨까  <br/>핑계는 비가 오니까  <br/>널 만나러 가는 그 시간에 <br/>늘 올려 보던 하늘<br/>그 여름날의 눅눅한 기분이 <br/>다시 느껴지면<br/>또 마지막에서 처음으로 <br/>난 돌아가고 싶어<br/>널 볼 수 있는 <br/>유일한 핑계는 비가 오니까<br/>핑계는 비가 오니까<br/>핑계는 비가 오잖아<br/>
"
3191,이별과 추억,HudebnikHudebnik,Hudebnik,0,<dd>2019.08.27</dd>,"네가 나를 떠난 이유를 나는 알아<br/>그렇게 해야 했던 이유를<br/>하지만 슬픈 기억만을 남긴 채<br/>머 언 하늘만 보다가<br/>넌 아직 모를 거야 나의 진실을<br/>그렇게 애태웠던 이유가<br/>이세상이 너무 슬퍼지게<br/>느낀 안타까운 마음이었어<br/>다시 만날 순 없지만<br/>그래도 기억만은 남는 걸<br/>다시 돌이킬 수 없는 시간은<br/>이제는 그리움만이<br/>믿을 수 없는 슬픈 이별과<br/>지난날의 많은 추억들<br/>무너지는 나의 기대는<br/>서글픈 아픔이 되어<br/>멀어 저 가는 저 하늘 위로<br/>아름다운 나의 추억들도<br/>이젠 내 곁을 떠나며 날아가 버리네<br/>다시 만날 순 없지만<br/>그래도 기억만은 남는 걸<br/>다시 돌이킬 수 없는 시간은<br/>이제는 그리움만이<br/>믿을 수 없는 슬픈 이별과<br/>지난날의 많은 추억들<br/>무너지는 나의 기대는<br/>서러운 눈물이 되어<br/>멀어 저 가는 저 하늘 위로<br/>아름다운 나의 추억들도<br/>이젠 내 곁을 떠나며 날아가 버리네<br/>날아가 버리네<br/>
"
3192,"집에가는길 (Feat. 윤수진, 이보영)",염창동김민철염창동김민철,눈물&여행,1,<dd>2019.08.27</dd>,"길가다 그렇게 길가다 그렇게<br/>갑자기 갑자기 울어<br/>평소에 그렇게 평소에 그렇게<br/>갑자기 갑자기 울어<br/>아침 부터 내리는 비가 내 맘을 덮쳐<br/>출근하는 발걸음 어느때보다 무거워<br/>하루 하루 모든 순간 눈물만 흘려<br/>창피하니까 오늘은 말걸지 말아줘<br/>아침부터 써내려간 장문의 문자<br/>끝내 보내지 못하고<br/>손끝에서 묻어야 하는 이유는<br/>굴러가는 저 수레바퀴 처럼<br/>삐그덕대며<br/>우린 왜 계속 어긋나만 가는지<br/>각자의 길을 가자<br/>나도 이젠 잊고 싶어<br/>오늘이 지나가면 난 다신 울지 않아<br/>각자의 길을 가자<br/>나도 이젠 잊고 싶어<br/>오늘 집에 가는 길 난 또 울테니까<br/>자주가던 공원 벤치 앉아서 하늘을봐<br/>갑자기 눈물이나 앉아서 하늘을봐<br/>어두워진 하늘아래 가로등 불빛아래<br/>추적추적내리는 빗방울 아래<br/>자주가던 공원 벤치에<br/>남긴 추억을 다<br/>흐르는 눈물에<br/>다 모아 버려 추억을 다<br/>기억나는 추억들 다<br/>미련없이 모든걸 다<br/>추적추적내리는 빗방울 아래<br/>각자의 길을 가자<br/>나도 이젠 잊고 싶어<br/>오늘 집에 가는 길 난 또 울테니까<br/>길을걷다 소리쳐 미친척 달려볼까<br/>길바닥에 주저앉아<br/>술취한척 울어볼까<br/>이미 지난 일이야<br/>돌이킬 수 없는 일이야<br/>이제 우린 두번 다시는<br/>만날 일 없을테니까<br/>버스를 기다리던 네 모습<br/>버스 창 너머 인사하던 네 모습<br/>헤어지기 싫어 아쉬워하던 네 모습<br/>출근할때 밥먹을때<br/>퇴근할때 통화하던<br/>습관같던 일들도 이젠 모두 안녕<br/>난 혼자 집으로 가네<br/>각자의 길을 가자<br/>나도 이젠 잊고 싶어<br/>오늘이 지나가면 난 다신 울지 않아<br/>각자의 길을 가자<br/>나도 이젠 잊고 싶어<br/>오늘 집에 가는 길 난 또 울테니까<br/>
"
3193,단 하나의 의미,시슬리시슬리,단 하나의 의미,2,<dd>2019.08.27</dd>,"내가 의미 였으면 좋겠어<br/>너의 마음 속에 있는<br/>단 하나의 의미<br/>밀어 내려 하지만 너의 눈빛이 <br/>그렇게 나를 보고 있어<br/>핸드폰을 들었어 니 사진을 보면서 <br/>웃고 있는 모습이 너무 맘에 들어 <br/>언제 이렇게 웃어 봤었는지 <br/>기억도 나질 않지만 <br/>사진 속에 니 얼굴엔 <br/>밝은 미소가 보기 좋아 <br/>너를 제대로 보는 건 처음이야 <br/>이렇게 웃는 모습이 보기 좋은 건<br/>어릴적 웃음도 해맑은 기억처럼 <br/>이렇게 행복 했었나봐<br/>네가 내 마음에 그렇게 새겨져 있어<br/>나에게 왔었던 그 날 <br/>내 마음에 새겨진 너<br/>너에게 새겨진 나 우리 <br/>그렇게 만났었는데<br/>많은 시간동안 참 힘겹게도 걸어 왔지<br/>늘 마음속에 있어 너의 미소 <br/>너의 향기 너의 모든 것이 <br/>때론 슬픔이 때론 아픔이 <br/>우릴 힘들게 한다 해도 <br/>너의 미소로 난 이겨 낼수 있어 <br/>너의 모든 것이 내겐 힘이 되니깐<br/>내가 의미 였으면 좋겠어<br/>너의 마음 속에 있는<br/>단 하나의 의미<br/>
"
3194,뜸,오닐오닐,뜸,14,<dd>2019.08.27</dd>,"뭐라고 말해야 할지 모르겠어<br/>하고픈 말이 있는데<br/>그게 정리가 안돼<br/>너도 알잖아 나 평소에 말 잘하는 거<br/>근데 나 왜 이래<br/>나 요즘 이상해<br/>널 볼 때면 얼굴도 말을 안 들어<br/>멋대로 웃지<br/>신경도 안 쓰던 전화기<br/>계속 확인하는 나<br/>그니까 내가 하고픈 말은<br/>내가 널 좋아하는 것 같아<br/>아니 좋아해<br/>이미 내 맘 들킨 것 같아<br/>조금 쑥스럽지만<br/>사랑이란 말은<br/>네게 아직 무거우니까<br/>우리 이렇게 시작해 볼까<br/>내가 널 좋아해<br/>어느새 우리 만난 것도 여러 번<br/>또 이른 아침부터 잘 때까지 계속<br/>연락하는 우리 사이<br/>그니까 내가 하고픈 말은<br/>내가 널 좋아하는 것 같아<br/>아니 좋아해<br/>이미 내 맘 들킨 것 같아<br/>조금 쑥스럽지만<br/>사랑이란 말은 네게<br/>아직 무거우니까<br/>우리 이렇게 시작해 볼까<br/>조금 늦었을 수도 있어<br/>아니 늦은 게 맞아<br/>오만가지 생각들이 내 입을 막아서<br/>말하지 못했던 말<br/>너도 기다리고 있었으면 해<br/>그니까 내 말은<br/>내가 널 좋아하는 것 같아<br/>내가 널 너를 좋아해<br/>내 맘 들킨 것 같아<br/>조금 쑥스럽지만<br/>사랑이란 말은 네게<br/>아직 무거우니까<br/>우리 이렇게 시작해 볼까<br/>나랑 만나줄래<br/>
"
3195,단 하나의 사랑,이재박이재박,단 하나의 사랑,32,<dd>2019.08.27</dd>,"나 니가없었던 세상 <br/>의미 없었던 내 삶 <br/>하지만 니가 내 삶에 들어와서 <br/>이젠 너무 달라진 세상 <br/>말로 다 할순 없지만 <br/>정말 너를 사랑하나봐 <br/>미안해 내가 말수가 적어서 <br/>너무 무뚝뚝해서 <br/>니가 많이 힘들었잖아 <br/>사랑해 이젠 표현도 잘하고 <br/>나 많이 달라졌어 <br/>매 순간 순간이 너무 행복해 <br/>이대로 영원히 <br/>시간이 멈췄으면 좋겠어요 <br/>난 너를 위해 함께하는 <br/>단 하나의 사랑이 될게 <br/>미안해 술을 많이 마셔서 <br/>신경쓰이게 해서 <br/>너와 가끔 다투곤 했어 <br/>사랑해 이 손 놓지 않을게 <br/>나를 믿어줄래 <br/>나는 너밖에 안보이는데 <br/>이대로 영원히<br/>가만히 내 곁에만 있어줘요<br/>난 너를 위해 살아가는<br/>단 하나의 남자가 될게<br/>My only one My only one My love<br/>My everything My everything<br/>My everything<br/>내 곁에서 머물러주길<br/>이대로 영원히<br/>시간이 멈췄으면 좋겠어요<br/>난 너를 위해 함께하는<br/>단 하나의 사랑이 될게<br/>이대로 영원히<br/>가만히 내 곁에만 있어줘요<br/>난 너를 위해 살아가는<br/>단 하나의 남자가 될게<br/>
"
3196,결혼합니다,"래피, 신소현래피, 신소현",결혼합니다,22,<dd>2019.08.27</dd>,"매일 아침 눈을 떴을 때<br/>그대가 있어줘요 내 곁에<br/>너무 감사해요<br/>이제 같은 길을 걸어요<br/>그 모든 어려운 순간<br/>우린 너무 아파했지만<br/>이제 나는 알 것 같아요<br/>지금을 위한 시간이었음을<br/>그대 웃어 보아요<br/>나를 둘러싼 사람들 속에<br/>가장 빛나는 사람<br/>내겐 그대뿐이죠 My Love<br/>이른 아침 눈을 떴을 때<br/>그대가 있잖아요 내 곁에<br/>너무 행복해요<br/>이제 같은 곳을 보아요<br/>그 모든 어려운 순간<br/>우린 너무 아파했지만<br/>이제 나는 알 것 같아요<br/>지금을 위한 시간이었음을<br/>그대 웃어 보아요<br/>나를 둘러싼 사람들 속에<br/>가장 빛나는 사람<br/>내겐 그대뿐이죠 My Love<br/>힘들고 지쳐서 다투기도 하지만<br/>그때마다 기억해 바로 지금 이 시간<br/>내 손을 잡아요 두려워 말아요<br/>내 사랑아 내 사랑아<br/>나를 둘러싼 사람들 속에<br/>가장 빛나는 사람<br/>내겐 그대뿐이죠 My Love<br/>
"
3197,FM43 Diary 2019.08.18 (Feat. 장효석 Melodion),FM43FM43,FM43 Diary 2019.08.18,7,<dd>2019.08.27</dd>,가사가 없습니다
3198,FM43 Diary 2019.08.17 (Feat. 장효석 Melodion),FM43FM43,FM43 Diary 2019.08.17,7,<dd>2019.08.27</dd>,가사가 없습니다
3199,My own star (With 초희 of 쁨),에이엔 (An)에이엔 (An),여름방학 OST,14,<dd>2019.08.27</dd>,"눈 부신 햇살에<br/>눈을 찡그리며 일어나<br/>멍하니 창문을 보네<br/>오늘도 하루를 시작하며<br/>평범한 내 일상에서<br/>신선한 걸 찾고 싶어져<br/>나른한 오후 속<br/>상쾌함이 필요해<br/>졸린 나를 깨워서<br/>밖으로 나가<br/>멀리 저 멀리로<br/>훨훨 날아가고파<br/>Let's go make my own star<br/>좀 더 높이<br/>날아올라 high high<br/>저 하늘에 닿을 거야<br/>바람이 날<br/>데려가는 곳으로<br/>별을 따라<br/>날아올라 high high<br/>은하수에 닿을 거야<br/>반짝이는 나를<br/>찾으러 갈래<br/>나만 알고 있는<br/>골목길로 들어가<br/>고양이를 만나서<br/>비밀 얘길 해<br/>나는 저 멀리로<br/>날아가고 싶다고<br/>Let's go make my own star<br/>좀 더 높이<br/>날아올라 high high<br/>저 하늘에 닿을 거야<br/>바람이 날<br/>데려가는 곳으로<br/>별을 따라<br/>날아올라 high high<br/>은하수에 닿을 거야<br/>반짝이는 나를<br/>찾으러갈래<br/>뜬금없는 생각<br/>뜬금없는 행동<br/>아리송하게 나를 쳐다보겠지<br/>알 수 없는 표정<br/>따가운 시선들<br/>맘대로 할 거야<br/>그건 자유니까<br/>Let's make my own star<br/>좀 더 높이<br/>날아올라 high high<br/>저 하늘에 닿을 거야<br/>바람이 날<br/>데려가는 곳으로<br/>별을 따라<br/>날아올라 high high<br/>은하수에 닿을 거야<br/>반짝이는 나를<br/>찾으러 갈래<br/>좀 더 높이<br/>날아올라 high high<br/>저 하늘에 닿을 거야<br/>바람이 날<br/>데려가는 곳으로<br/>별을 따라<br/>날아올라 high high<br/>은하수에 닿을 거야<br/>반짝이는 나를<br/>찾으러 갈래<br/>
"
3200,비,송현근송현근,비,29,<dd>2019.08.27</dd>,"널 보고 있으면<br/>마음이 편해져<br/>요즘 네 생각에 힘이 풀려<br/>가끔 아주 가끔이 좋아<br/>널 자주 보기엔 힘이 들어<br/>그저 한번씩 보고싶거든<br/>널 보고있으면<br/>마음이 편해져<br/>그냥 가만히 바라볼게<br/>네 소리 네 향기<br/>내 가슴에 남아<br/>나 대신 네가 울어주거든<br/>내가 어떤 모습이라도<br/>어떤 마음이라도<br/>변함없이 그저 한번씩 찾아오거든<br/>널 보고있으면<br/>마음이 편해져<br/>그냥 가만히 바라볼게<br/>네 소리 네 향기<br/>내 가슴에 남아<br/>나 대신 네가 울어주거든<br/>날 안아줘<br/>여리고 나약한 날 감싸줘<br/>널 보고 있으면<br/>모든 게 편해져<br/>그저 두 눈을 감아볼게<br/>네 소리 네 향기<br/>내 두 손에 남아<br/>울고있는 날 안아주거든<br/>널 자주 보기엔<br/>너무 힘이 들어<br/>항상 네게 모든 걸 들키거든<br/>매번 모른 척 해줘도<br/>대신 울어줘도<br/>너 떠난 후에 난<br/>
"
