3451,너의 하루 (Feat. 프론),멜팅멜팅,너의 하루,8,<dd>2019.08.08</dd>,"맨 처음 너를 보았을 때<br/>내 마음이 두근거려<br/>그러다 문득 궁금해져<br/>오늘은 뭐하고 지낼까<br/>언제 일어났을까<br/>밥은 뭘 먹었을까<br/>너무 궁금해<br/>사랑이 온 걸까<br/>내 마음에도 사랑이<br/>그대의 하루가<br/>궁금해진 걸 보니<br/>그대도 그럴까<br/>내 맘과 같을까<br/>하나부터 열까지<br/>모든 게 알고 싶어<br/>네가 날 가끔 바라볼 때에<br/>궁금해 무슨 생각 하니<br/>그러다 문득 행복해져<br/>내 옆에 나타난 너 땜에<br/>내일 많이 바쁠까<br/>주말엔 뭐 할까 너무 궁금해<br/>사랑이 온 걸까<br/>내 마음에도 사랑이<br/>그대의 하루가<br/>궁금해진 걸 보니<br/>그대도 그럴까<br/>내 맘과 같을까<br/>하나부터 열까지<br/>모든 게 알고 싶어<br/>이런 내 모습<br/>너무 낯설어 나조차도<br/>그만큼 내가<br/>사랑을 하나 봐<br/>너에게 푹 빠졌나 봐<br/>그대의 하루가<br/>궁금해진 걸 보니<br/>그대도 그럴까<br/>내 맘과 같을까<br/>하나부터 열까지<br/>모든 게 알고 싶어<br/>
"
3452,살아 (With 달다예),김형김형,살아,4,<dd>2019.08.08</dd>,"너와 함께 걸었던<br/>그 길을 나 혼자 걸어<br/>길을 잃은 어린아이처럼<br/>너 없이 하루를 사는 게<br/>익숙해질까 봐<br/>오늘도<br/>난 너를 그리며 살아<br/>우리둘은<br/>아무 일 없는 듯<br/>살아가고<br/>소중했던 추억들은<br/>점점 희미해져<br/>이별하는 연인들은<br/>모두 아픈 걸까<br/>네가 없이<br/>살아간다는 건 모순인데<br/>말이 안 돼<br/>너 없이는<br/>안돼 나는<br/>불안 한 우리 사랑이<br/>여전한 게 싫었어<br/>너를 지우면<br/>나를 잃는 건데<br/>이별도 사랑이라고<br/>덤덤하게 말했지만<br/>오늘도 멍하니<br/>추억에 살아<br/>우리 둘은<br/>아무 일 없는 듯 살아가고<br/>소중했던 추억들은<br/>점점 희미해져<br/>이별하는 연인들은<br/>모두 아픈 걸까<br/>네가 없이<br/>살아간다는 건 모순인데<br/>우연처럼<br/>마주칠 수 있기를<br/>너도 나와 같은 마음 이길<br/>운명처럼 널 다시<br/>내 곁으로 돌려주길<br/>너도 날 아직<br/>사랑하잖아<br/>우린 아직 그대로잖아<br/>말도 안 되는 이별 따윈<br/>이제 우리 그만하자<br/>이렇게 너를 그리며 살아<br/>
"
3453,인사 Greeting,"글루미 선데이 (Gloomy Sunday), FM43글루미 선데이 (Gloomy Sunday), FM43",글루미 선데이 (Gloomy Sunday) With FM43 Vol.8,9,<dd>2019.08.08</dd>,가사가 없습니다
3454,내 맘 모를 너에게(feat.신서연),임용주임용주,내 맘 모를 너에게,121,<dd>2019.08.08</dd>,"내 맘 모를 너에게<br/>전하지 못했던 말<br/>너는 봄처럼 따뜻했어<br/>꽃이 다시 필 때면<br/>니가 날 잊었을까<br/>너를 울렸던 나였는데<br/>꽃이 핀다 우리는 바래진다<br/>그때로 우리 돌아갈 수 있을까<br/>기다리지 말란 마지막 그 말에<br/>울고 있을 너일까 사실 난<br/>걱정이 돼<br/>다 내가 미안해<br/>함께 걷던 거리가<br/>이렇게 컸었는지<br/>항상 내 옆을 지켰는데<br/>한밤 또 자고 나면<br/>한 발 더 멀어지는 게<br/>너무 싫어서 오늘도 난<br/>꽃이 핀다 우리는 바래진다<br/>그때로 우리 돌아갈 수 있을까<br/>기다리지 말란 너의 그 말을<br/>들어주고 싶은데 사실 나<br/>못하겠어<br/>이런 날 용서해<br/>흩날리는 꽃잎이<br/>작년 봄에 우리 같아<br/>내가 널 이제 보내줄게<br/>꽃이 진다 우리는 바래진다<br/>그때로 우리 돌아갈 수 있을까<br/>기다리지 말란 너의 그 말을<br/>들어주고 싶은데 사실 나<br/>못하겠어<br/>이런 날 용서해<br/>
"
3455,단 하루만,김태훈김태훈,단 하루만,4,<dd>2019.08.08</dd>,"단 하루만 그댈 그리워 해도 될까요<br/>그대가 보고 싶은 밤이죠<br/>그대에게 내 마음 전해진다면<br/>더이상 나는 바랄게 없죠<br/>난 또 이렇게<br/>하루가 지나고 또 하루가 지나면<br/>그대가 날 불러줄까요<br/>나는 기억해요 그대의 목소리<br/>하고싶은 말이 얼마나 많은데<br/>하루가 지나면 또 하루가 오겠죠<br/>그땐 그댈 부를 수 있을까요<br/>그댈 사랑해요 이젠 말할게요<br/>하고싶은말이 얼마나 많은지<br/>나 그대에게<br/>단 하루만 나의 꿈 속에 와줘요<br/>그대가 보고싶은 밤이죠<br/>그대에게 내 마음 전해진다면<br/>더이상 나는 바랄게 없죠<br/>난 또 이렇게<br/>하루가 지나고 또 하루가 지나면<br/>그대가 날 불러줄까요<br/>나는 기억해요 그대의 목소리<br/>하고싶은 말이 얼마나 많은데<br/>하루가 지나면 또 하루가 오겠죠<br/>그땐 그댈 부를 수 있을까요<br/>그댈 사랑해요 이젠 말할게요<br/>하고싶은말이 얼마나 많은지<br/>내게 단하루만<br/>시간을 줘요<br/>또 그대를 놓치면<br/>난 사랑을 못할것같아요<br/>하루가 지나고 또 하루가 지나면<br/>그대가 날 불러줄까요<br/>나는 기억해요 그대의 목소리<br/>하고싶은 말이 얼마나 많은데<br/>하루가 지나면 또 하루가 오겠죠<br/>그땐 그댈 부를 수 있을까요<br/>그댈 사랑해요 이젠 말할게요<br/>하고싶은말이 얼마나 많은지<br/>나 그대에게<br/>
"
3456,꿈이 있었죠,리노 쿠 (Rino Ku)리노 쿠 (Rino Ku),Rk10,0,<dd>2019.08.08</dd>,"오늘도 해가 뜬다<br/>어지러운 술기운을 잊고<br/>무엇을 위해 사는지<br/>의미없이 바쁘게 흘러<br/>그래도 예전 나는<br/>소년시절 꿈이 있었죠<br/>마음속 깊이 숨은<br/>소중했던 나의 바램들<br/>하루가 다시 온다<br/>따스했던 너의 격려 힘을<br/>조금은 알아 가네<br/>사는것이 의미 라는 것<br/>그래도 예전 나는<br/>소년시절 꿈이 있었죠<br/>마음속 깊이 숨은<br/>소중했던 나의 바램들<br/>그래도 예전 나는<br/>소년시절 꿈이 있었죠<br/>마음속 깊이 숨은<br/>소중했던 나의 바램들<br/>그래도 예전 나는<br/>소년시절 꿈이 있었죠<br/>마음속 깊이 숨은<br/>소중했던 나의 바램들<br/>오늘도 해가 뜬다<br/>어지러운 술기운을 잊고<br/>무엇을 위해 사는지<br/>의미없이 바쁘게 흘러<br/>
"
3457,열정이 있을때 즐겨라,리노 쿠 (Rino Ku)리노 쿠 (Rino Ku),열정이 있을때 즐겨라,0,<dd>2019.08.08</dd>,"내가 좋아하던 그곳에 갔지<br/>몇년동안 내집처럼 이곳에 살아<br/>열정이 있을때 즐겨라 모든시간<br/>헛되지 않게<br/>사람이 있을땐<br/>사랑을 너만의 세계를 가져라<br/>항상 추구하던 열정이 식어<br/>그렇지만 이제다시 새로운 시작<br/>열정이 있을때 즐겨라 모든시간<br/>헛되지 않게<br/>사람이 있을땐<br/>사랑을 너만의 세계를 가져라<br/>열정이 있을때 즐겨라 모든시간<br/>헛되지 않게<br/>사람이 있을땐<br/>사랑을 너만의 세계를 가져라<br/>열정이 있을때 즐겨라 모든시간<br/>헛되지 않게<br/>사람이 있을땐<br/>사랑을 너만의 세계를 가져라<br/>열정이 있을때 즐겨라<br/>
"
3458,우리 함께였던 그곳,리노 쿠 (Rino Ku)리노 쿠 (Rino Ku),우리 함께였던 그곳,0,<dd>2019.08.08</dd>,"파도가 부서지는 이밤을 걷고<br/>저멀리 고동소리 심장을 뛰게해<br/>내 기억이 맞을까<br/>우리 함께였던 그곳<br/>너는 어떻게 살고있을까<br/>많은시간 지나 너는<br/>우리가 함께했던 긴밤을 지나<br/>사랑과 우정이 가득한 이곳은<br/>내 기억이 맞을까<br/>우리 함께였던 그곳<br/>너는 어떻게 살고있을까<br/>많은시간 지나 너는<br/>내 기억이 맞을까<br/>우리 함께였던 그곳<br/>너는 어떻게 살고있을까<br/>많은시간 지나 너는<br/>내 기억이 맞을까<br/>우리 함께였던 그곳<br/>너는 어떻게 살고있을까<br/>많은시간 지나 너는<br/>
"
3459,운명의 마침표,리노 쿠 (Rino Ku)리노 쿠 (Rino Ku),운명의 마침표,0,<dd>2019.08.08</dd>,"이 지루한 시간이 나에겐 족쇄가 되고 <br/>너 떠나간 자리엔 <br/>고독의 흔적만 <br/>이시간이 이밤이 우리의 마지막 <br/>아쉬워도 두려워도 <br/>운명의 마침표 <br/>나 바쁘게 보냈지 삶이란 의미를 찾아 <br/>다 지나간 자리엔 <br/>조그만 의미를 <br/>이시간이 이밤이 우리의 마지막 <br/>아쉬워도 두려워도 <br/>운명의 마침표 <br/>이시간이 이밤이 우리의 마지막 <br/>아쉬워도 두려워도 <br/>운명의 마침표 <br/>이시간이 이밤이 우리의 마지막 <br/>아쉬워도 두려워도 <br/>운명의 마침표 <br/>운명의 마침표<br/>
"
3460,"하루, 또 하루",박정환박정환,"With You 13, 하루, 또 하루",2,<dd>2019.08.08</dd>,"아침부터 나는 너를 생각하며는 <br/>구름위를 걷고있는것같아 <br/>행복을 가져다 주고 있는 니가 있어<br/>완벽한 또 하루를 가질 수 있어<br/>모든 순간 너는 나를 기다려주고 <br/>나를 향한 너의 미소 항상 따뜻해 <br/>햇살과 같은 너를 바라볼 수 있는 <br/>이 시간을 너와 같이 지키고 싶어<br/>매일 매일 난 너와 함께 있어서 <br/>할 수 있는 모든 것 놓치지 않아 <br/>아무것도 난 네 겐 필요치않아 <br/>날 그냥 안아주고 언제나 옆에 있어 <br/>그저 힘들때 너의 품에서 잠들고 싶어 <br/>하루하루 너는 내게 기쁨을 주고 <br/>누구보다 나를 위한 마음에 <br/>설레게 하는 이 모든 꿈만 같은 시간<br/>나에겐 무엇보다 빛과 같은데 <br/>함께하는 시간 들을 생각해보면 <br/>유난히도 별과 같이 빛나고 있어 <br/>어둠이 내려와도 난 두렵지 않아 <br/>날 사랑하는 너만 꼭 있어준다면 <br/>매일 매일 난 너와 함께 있어서<br/>할 수 있는 모든 것 놓치지 않아 <br/>아무것도 난 네 겐 필요치않아 <br/>날 그냥 안아주고 언제나 옆에 있어 <br/>그저 힘들때 너의 품에서 잠들고 싶어 <br/>꿈에서 조차도 내 맘은 너만 향하고 <br/>이런 나만 바라봐주는 너가 있어서 <br/>이 세상을 너와 함께 지나고 싶어 <br/>나 너와 함께 <br/>매일 매일 난 너와 함께 있어서 <br/>할 수 있는 모든 것 놓치지 않아 <br/>아무것도 난 네겐 필요치않아 <br/>날 그냥 안아주고 언제나 옆에 있어 <br/>그저 힘들때 나의 품을 너에게 주고싶어<br/>
"
3461,다른 일상 (With 김수미),김시형김시형,다른 일상,3,<dd>2019.08.08</dd>,"평범하게 살아온 수 많은 날들이<br/>이제부터 갑자기 변해서 <br/>살아오며 해왔던 수 많은 일들을<br/>지금부터 할 수가 없어서<br/>나는 다른 일상 속으로<br/>들어가고 있다는 것에<br/>서로 같은 척 하며 지낼 수록<br/>너무 버거워하며 참고있고<br/>서로 다른 걸 알고 인정하면<br/>굳이 어렵게 살지 않는 것을 알게되네<br/>사람은 손쉽게 바뀔 수 없다는 <br/>사실을 언제나 기억하면<br/>지금부터 살아갈 수 많은 날들이<br/>변할수도 있다는 사실을<br/>감당하며 지내면서 <br/>웃으면서 지낼수록<br/>마음들이 편하게 되면서<br/>나는 다른 일상 속에서<br/>너와 다른 나를 보면서<br/>서로 같은 척 하며 지낼 수록<br/>너무 버거워하며 참고있고<br/>서로 다른 걸 알고 인정하면<br/>굳이 어렵게 살지 않는 것을 알게되네<br/>사람은 손쉽게 바뀔 수 없다는 <br/>사실을 언제나 기억하면<br/>마주보는 얼굴로 주고받는 대화를<br/>생각하면 미소를 지을 수 있어<br/>무던하게 웃으며 덤덤하게 지낼 수록<br/>느껴지는 무게를 벗어나<br/>서로 같은 척 하며 지낼 수록<br/>너무 버거워하며 참고있고<br/>서로 다른 걸 알고 인정하면<br/>굳이 어렵게 살지 않는 것을 알게되네<br/>사람은 손쉽게 바뀔 수 없다는 <br/>사실을 언제나 기억하면<br/>사람은 손쉽게 바뀔 수 없다는 <br/>사실을 언제나 기억하면<br/>
"
3462,우리들의 끝없는 이야기,구본웅 (Ku Bon Woong)구본웅 (Ku Bon Woong),우리들의 끝없는 이야기,0,<dd>2019.08.08</dd>,"올바른 모습이야 <br/>지금 사는 내모습 <br/>있는 그대로 <br/>살아가고 있어 <br/>언젠가 너를 만나면 <br/>내 얘기 들려주고 싶어 <br/>하늘 저멀리 깊은 우주와 <br/>우리들의 끝없는 이야기 <br/>새로운 느낌이야 <br/>내가 보는 저바다 <br/>붉은 저노을 <br/>우리곁에 있어 <br/>언젠가 너를 만나면 <br/>내 얘기 들려주고 싶어 <br/>하늘 저멀리 깊은 우주와 <br/>우리들의 끝없는 이야기 <br/>언젠가 너를 만나면 <br/>내 얘기 들려주고 싶어 <br/>하늘 저멀리 깊은 우주와 <br/>우리들의 끝없는 이야기 <br/>우리들의 끝없는 이야기<br/>
"
3463,My Dream,윤미래윤미래,신입사관 구해령 (MBC 수목드라마) OST - Part.2,"2,604",<dd>2019.08.07</dd>,"끝이 없는 길을 나 홀로 걸어간다<br/>저기 멀리 보이는 빛이 나를 오라 부른다<br/>돌아서 갈 수 없는 지나간 기억들이<br/>흩어진 조각들 사이로 <br/>내 안에 숨겨둔 내일의 나의 꿈을<br/>혼자 간직했던 꿈을 찾아 걸어간다<br/>바람에 안길래 저 멀리 나를 데려가<br/>끝없는 길을 헤매인데도 괜찮아<br/>나의 길을 간다<br/>두 눈을 감아보니 그대는 내 품 안에<br/>눈 뜨면 사라질지 몰라 <br/>내 가슴 가득히 붙들어 두려는 나를<br/>다가갈 수 없는 나를 그대 잡아 줘요<br/>사랑에 안길래 바람아 나를 데려가<br/>숨소리까지 느낄 수 있어 그대여<br/>나의 길을 간다<br/>
"
3464,혼잣말,SondiaSondia,악마가 너의 이름을 부를 때 OST Part 3,"7,996",<dd>2019.08.07</dd>,"버릇처럼 혼자 하는 말<br/>잘 될 거야 괜찮아<br/>언젠가는 웃게 해줄게<br/>거울보다 어색해도 해봤잖아<br/>다 지나갈 거야<br/>별을 세며 참았던 여린 눈물도<br/>다 지나가겠지<br/>주저앉고 싶었던<br/>어제 일기도 지친 맘도<br/>머리맡에 작은 인형이<br/>졸린 듯 기대와<br/>나도 몰래 등을 토닥여<br/>잘 자라고 견뎌줘서 고맙다고<br/>다 지나갈 거야<br/>길고 길던 이 길도 낯선 내일도<br/>다 지나가겠지<br/>하루하루 넘으면<br/>더딘 내 꿈도 보이겠지<br/>늘 꿈과 다투던<br/>내게 너무 미안해 아직 못한 말<br/>다 지나갈 거야<br/>길고 길던 이 길도 낯선 내일도<br/>다 지나가겠지<br/>하루하루 넘으면<br/>더딘 내 꿈도 보이겠지<br/>
"
3465,사랑은 어려워,파니니 브런치 (PANINI BRUNCH)파니니 브런치 (PANINI BRUNCH),사랑은 어려워,338,<dd>2019.08.07</dd>,"우리 참 잘어울린대<br/>잘 보면 서로 닮은 것 같기도 하고<br/>첨엔 그냥 다 좋았지<br/>서툰 젓가락질도<br/>괜히 특별해보였는데<br/>좋은건 빠르게 지나가고<br/>결국 사랑은 쉽게 변해버리네<br/>처음 같을 순 없을까<br/>항상 변하게 되는걸까<br/>내가 원한건 특별한 것은 아닌데<br/>이번엔 다를거라 생각했는데<br/>결국 이렇게 끝나 버리는걸까<br/>우린 닮은게 많아서<br/>그래서 다투는것도 많기도 하고<br/>사람은 만나봐야아나봐<br/>네가 어떤앤지 조금 알것같기도해<br/>처음 같을 순 없을까<br/>항상 변하게 되는걸까<br/>내가 원한건 특별한 것은 아닌데<br/>이번엔 다를거라 생각했는데<br/>결국 이렇게 끝나 버리는걸까<br/>너없이 혼자인건 싫은데<br/>사랑은 어려워 이럴땐 어떡해야해<br/>처음 같을 순 없을까<br/>항상 변하게 되는걸까<br/>내가 원한건 특별한 것은 아닌데<br/>이번엔 다를거라 생각했는데<br/>결국 이렇게 끝나 버리는걸까<br/>
"
3466,우리 할매 (Grandma),초이 (CHOI)초이 (CHOI),우리 할매 (Grandma),157,<dd>2019.08.07</dd>,"어릴 때부터 나를 돌봐준<br/>허리 굽은 슈퍼우먼<br/>일 때문에 나간 부모님 대신<br/>나의 어리광을 받아준<br/>흰색 머리 아가씨<br/>잘 들어줘요<br/>그대를 위한 노래예요<br/>천사가 있다면<br/>그건 우리 할매인걸요<br/>할머니라는 말 대신<br/>천사라는 말이 더 어울려요<br/>사랑해요 할매 손주 이제 다컸어요<br/>신에게 자랑해도 돼요<br/>늦는 우리 엄마 걱정이돼 밤늦게<br/>마중을 나가야겠다던<br/>할매 손을 잡았을때 느꼈어요<br/>엄마의 마음을<br/>잘 들어줘요 그대를 위한 노래예요<br/>천사가 있다면<br/>그건 우리 할매인걸요<br/>할머니라는 말 대신<br/>천사라는 말이 더 어울려요<br/>사랑해요 할매 손주 이제 다컸어요<br/>신에게 자랑해도 돼요<br/>얼굴에 주름이 있어도<br/>누구보다 아름다웠죠<br/>딸에게 엄마라고 부를 땐<br/>조금은 두려웠지만<br/>마지막까지<br/>날 기억해줘서 고마워요<br/>천사가 있다면<br/>그건 우리 할매인거예요<br/>할머니라는 말 대신<br/>천사라는 말이 더 어울려요<br/>사랑해요 할매 손주 이제 다컸어요<br/>신에게<br/>할매 손주 이제 다컸어요<br/>이젠 그에게 자랑해도돼요<br/>
"
3467,사랑이라 느끼면,블러셔(Blusher)블러셔(Blusher),사랑이라 느끼면,125,<dd>2019.08.07</dd>,"이별이란 감정에 난<br/>느껴보지 못한 상처들로<br/>너를 기다리면서 아팠어<br/>그저 바라보고 있었을 뿐<br/>이기적인 사랑이란 걸 알아<br/>마지막 그대를 바라보면<br/>상처주고 싶지도 않아<br/>이제 날 바꿔보려 해<br/>사랑이라 느꼈던 순간에 감정에<br/>늘 얽메이는 듯한<br/>한심한 내모습이 참 어리석군요<br/>한 두번 겪은 일도 아닐텐데<br/>그대가 떠날거란 생각이 들면<br/>아직은 상처가 많은 나라서 그래요<br/>돌아갈 나란 걸 알아<br/>마지막이라고 생각하면<br/>상처주고 싶지도 않아<br/>이제 날 바꿔보려해<br/>사랑이라 느꼈던 순간에 감정에<br/>늘 얽메이는 듯한<br/>한심한 내모습이 참 어리석군요<br/>한 두번 겪은 일도 아닐텐데<br/>그대가 떠날거란 생각이 들면<br/>아직은 상처가 많은 나라서 그래요<br/>사랑이라 느꼈던 순간에 감정에<br/>늘 얽메이는 듯한<br/>한심한 내모습이 참 어리석군요<br/>한 두번 겪은 일도 아닐텐데<br/>그대가 떠날거란 생각이 들면<br/>아직은 상처가 많은 나라서 그래요<br/>
"
3468,안되는거 아는데,박예진박예진,Mark,18,<dd>2019.08.07</dd>,"오늘도 난 이렇게<br/>네 생각이 많이 난 하루<br/>사실 많이 걱정 했었어<br/>이렇게 널 보내기가<br/>난 쉽지가  않아<br/>널 잊는 다는게<br/>이러는거 정말 싫은데<br/>그만 해야 하는걸가<br/>네 마음이 그렇다는데<br/>내가 뭘 어떻게 할 수 있겠어<br/>우리 안되는거 아는데<br/>널 놓치고 싶지가 않아<br/>그냥 투정부리고 싶었어<br/>지금 내가 어떤지<br/>알아달라는 얘기야<br/>네가 내 손을 잡고<br/>해맑게 웃어주던<br/>그 순간들이 떠오르곤 해<br/>아직 끝난거 아니잖아<br/>많은 거 바라지 않을게<br/>우리 안되는거 아는데<br/>널 놓치고 싶지가 않아<br/>그냥 투정부리고 싶었어<br/>지금 내가 어떤지<br/>알아달라는 얘기야<br/>그동안 힘들었잖아<br/>그래 우린 여기까지라고<br/>마지막으로 딱 한번만<br/>나를 안아주면 안될까<br/>우리 안되는거 아는데<br/>너 없이 난<br/>
"
3469,저편 (feat.디엠제이),은대리은대리,저편,15,<dd>2019.08.07</dd>,"널 처음 만난 이곳을<br/>나는 잊을 수 없죠<br/>수많은 기다림 끝에<br/>너를 이곳에서 만났으니까<br/>행복했던 널 기다리는 시간들<br/>마음속 문 앞에 서 있는 간절함을<br/>알 수 없겠지만<br/>모르겠지만<br/>그대에게 닿길 바래요<br/>저편 너머에 그대<br/>그대가 보이네요<br/>내 곁으로 어서 와요<br/>깊은 후회의 끝에 날 두고<br/>떠나버리면 안 돼요<br/>소중했던 우리의 지난 추억이<br/>어느새 익숙한 일상이 된 것처럼<br/>의미 없어지고 그 간절함을<br/>모두 잊은 것처럼 떠나가요<br/>저편 너머에 그대<br/>그대가 보이네요<br/>내 곁으로 어서 와요<br/>깊은 후회의 끝에 날 두고<br/>떠나버리면 안 돼요<br/>나를 만나 흘렸던 눈물들은<br/>저편 너머로 보내요<br/>이제야 후회하고 있네요<br/>저편 그대를 보면서<br/>다시 나를 안아줘요<br/>저편 너머에 그대<br/>그대가 보이네요<br/>내 곁으로 어서 와요<br/>다신 그대를 잃는<br/>그런 실수 하지는 않을게요<br/>떠나버리면 안 돼요<br/>
"
3470,너는,기누기누,너는,3,<dd>2019.08.07</dd>,"오늘도 눈이 부신 미소와<br/>다정한 네 말투와 목소리<br/>언제나 내 마음을 녹이는 사람<br/>너야 너 Only you<br/>바라볼 때면 마주치는 눈<br/>그 눈길이 난 좋아서<br/>한 번 더 널 또다시 널<br/>보게 되는 걸 어떡해<br/>너의 얼굴이 그 그 미소가<br/>너무 예뻐서 나도 널 따라 웃게 돼<br/>보고 있어도 보고 싶다는<br/>그 말이 나도 이제 이해가 되는 걸<br/>오늘도 나를 감싸준 어깨와<br/>달콤한 네 품속의 그 향기<br/>언제나 내 마음을 녹이는 사람<br/>너야 너 너<br/>바라볼 때면 떨리는 내 맘<br/>그 떨림이 난 좋아서<br/>한 번 더 널 또다시 널<br/>보게 되는 걸 어떡해<br/>너의 얼굴이 그 그 미소가<br/>너무 예뻐서 나도 널 따라 웃게 돼<br/>보고 있어도 보고 싶다는<br/>그 말이 나도 이제 이해가 되는 걸<br/>너의 얼굴 그 미소는<br/>너무 예뻐서 나도 날 따라 웃게 돼<br/>보고 있어도 보고 싶다는<br/>그 말이 나도 이제 이해가 되는 걸<br/>
"
3471,Remember Me (Feat. elppa),UAZUAZ,Remember Me,3,<dd>2019.08.07</dd>,"Remember me <br/>나도 널 기억해 <br/>둘만의 비밀처럼 우리를 기억해 <br/>이 마음 가득 <br/>오늘도 난 너의 손잡고 <br/>마음을 열어 너의 눈을 보면서 <br/>우리들 시간이 <br/>얼마나 남았을까 <br/>조금 걱정은 되지만 또 난<br/>I don’t know 모르고 싶어 난 <br/>지금 이 순간을 기억해 <br/>너와 나 점점 닮아가는 걸 느끼네 <br/>그래 우리<br/>그렇게 하루 종일 마음대로 놀자고 <br/>너를 기억할 수 있게 <br/>Remember remember remember you<br/>Remember remember you<br/>너와 있음 모든 게 행복해져서<br/>나에게 너는 특별함이야 <br/>Remember me <br/>널 보면 항상 난 미소 지어 <br/>오늘도 좋아해 널 <br/>이 마음 가득 <br/>오늘도 난 너의 손잡고 <br/>마음을 열어 너의 눈을 보면서 <br/>우리들 시간이 <br/>얼마나 남았을까 <br/>조금 걱정은 되지만 또 난<br/>I don’t know 모르고 싶어 난 <br/>지금 이 순간을 기억해 <br/>네가 웃으면 나도 기분이 좋아 <br/>오늘도 널 좋아해 난 오늘도 좋아해 널<br/>그렇게 하루 종일 마음대로 놀자고 <br/>너를 기억할 수 있게 <br/>Remember remember remember you<br/>Remember remember you<br/>너와 있음 모든 게 행복해져서<br/>나에게 너는 특별함이야 <br/>Remember remember remember you<br/>Remember remember you<br/>너와 있음 모든 게 행복해져서<br/>나에게 너는 특별함이야 <br/>
"
3472,"안녕, 나는",LoveTomLoveTom,"안녕, 나는",247,<dd>2019.08.07</dd>,"안녕 난 네 맘속에<br/>살고 있는 나야<br/>요즘 좀 힘이 들어<br/>얘기 좀 하려고 해<br/>무슨 일 있는지<br/>잘은 모르겠지만<br/>네 맘에 여기저기<br/>멍이 든 것 같아서<br/>그래 그때 내 말에 맘이 울었네<br/>그래 그때 그 말에 맘이 울렸네<br/>안녕 난 네 맘속에<br/>살고 있는 나야<br/>요즘 좀 힘이 들어<br/>얘기 좀 하려고 해<br/>네 상처와 함께<br/>나도 지쳐가지만<br/>네 맘을 아프게 한게<br/>나인 것 같아서<br/>하얗게 칠하고 싶다<br/>내 욕심인 걸까<br/>까만 마음속에선<br/>어두워 난 무서워<br/>나를 보면 어둠이<br/>씻기는 거 아녔어<br/>아프게 해서 미안해 또 미안해<br/>우리들은 참 약하고<br/>또 참 다르다<br/>그래도 나 사랑하지<br/>그래도 나 사랑하지<br/>안녕 난 네 맘속에<br/>살고 있는 나야<br/>요즘 좀 힘이 들어<br/>얘기 좀 하려고 해<br/>무슨 일 있는지<br/>잘은 모르겠지만<br/>네 맘에 눈물이 넘쳐<br/>내가 잠기려 해<br/>하얗게 칠하고 싶다<br/>내 욕심인 걸까<br/>까만 마음속에선<br/>어두워 난 무서워<br/>나를 보면 어둠이<br/>씻기는 거 아녔어<br/>아프게 해서 미안해 또 미안해<br/>우리들은 참 약하고<br/>또 참 다르다<br/>그래도 나 사랑하지<br/>그래도 나 사랑하지<br/>우리들은 참 약하고<br/>또 참 다르다<br/>그래도 나 사랑하지<br/>그래도 나 사랑하지<br/>
"
3473,Like a bird,캐슬레인캐슬레인,Like a bird,27,<dd>2019.08.07</dd>,"Like a bird<br/>해가 뜰 때면<br/>잠깐 기대어 울고<br/>또 날아 볼까<br/>바람을 더 따라갈게<br/>Like a bird<br/>하늘만 보다<br/>하루를 보내도 좋아<br/>또 날아볼까<br/>팔을 뻗어 닿는 데로 가<br/>Just like<br/>바람을 닮아있어<br/>Just like<br/>햇살을 머금은 듯<br/>넌 참 아름다워<br/>Like a bird<br/>Like a bird<br/>혼자라고 느낄 때<br/>함께 날아주던<br/>너를 알아<br/>또 날아 볼까<br/>바람을 더 따라갈게<br/>Like a bird<br/>아무 말 없다<br/>웃어 보내도 좋아<br/>또 날아 볼까<br/>팔을 뻗어 닿는 데로 가<br/>Just like<br/>바람을 닮아있어<br/>Just like<br/>햇살을 머금은 듯<br/>넌 참 아름다워<br/>Like a bird<br/>해가 뜰 때면<br/>잠깐 기대어 울고<br/>또 날아 볼까<br/>
"
3474,가볼래(Feat. 이백진),최감사최감사,가볼래,16,<dd>2019.08.07</dd>,"가지고 있던 것마저 잃을까<br/>포기한 기회와 도전들<br/>관계가 너무 두려워<br/>주저하고 피했던 사람과 사랑들<br/>하고 나서 후회할까 걱정했었지만<br/>하지도 않고도 후회했네<br/>나 이제 가볼래 내일을 난 모르지만<br/>실망할 수도 후회할 수도 있지만<br/>하길 잘했다 다행이다<br/>노래 부를 수도 있잖아<br/>내 선택이 과연 어떻게 끝이 날까<br/>먼저 한 두렴과 걱정들<br/>그래서 이젠 필요해<br/>나아갈 수 있는 용기와 희망들<br/>더 이상 제자리에 가만 앉아서<br/>고민만 하는 그런 사람이 되지 않을래<br/>나 이제 해볼래 결과는 잘 모르겠지만<br/>슬퍼할 수도 아파할 수도 있지만<br/>참 감사하다 행복하다<br/>즐거워할 수도 있잖아<br/>나 이제 해볼래 결과는 모르지만<br/>슬퍼할 수도 아파할 수도 있지만<br/>참 감사하다 행복하다<br/>즐거워할 수도 있잖아<br/>노래 부를 수 있잖아<br/>행복할 수도 있잖아<br/>
"
3475,시계,황난아황난아,시계,20,<dd>2019.08.07</dd>,"붉게 물든 저녁노을<br/>그 아래 그려지는 우리 그 기억 속에<br/>미처 완성할 수 없었던<br/>그 밝기만 한 나의 하늘<br/>오늘은 바람 참 좋은 날이야<br/>서툰 처음 걸음<br/>이미 지나간 걸음<br/>다시 걸어가기엔 너무 커버린 지금<br/>조금 알았다면<br/>다시 돌아가면<br/>그땐 너를 안아줄 수 있을까<br/>이젠 흩어진 너의 모습<br/>수많은 밤은 내게 짙어져 버린 기억<br/>끝내 버리지 못한 마음<br/>그 밝기만 한 나의 하늘<br/>오늘은 바람 참 좋은 날이야<br/>함께 한 추억만<br/>하나 둘 남겨져<br/>모른 척 묻어두기엔 날 자꾸 떠밀어<br/>그때 그 시간을<br/>찾을 수 있다면<br/>그땐 너를 안아줄 수 있을까<br/>이미 늦어버린 시간을 달려가보지만<br/>벌써 멈춰진 이 시계를<br/>돌려보기만 해<br/>바꿔어버린 나의 낮과<br/>밤 사이 너머로 반짝이던 기억<br/>아무렇지 않듯 어둠이 지나가면<br/>돌아갈 순 없겠지 순간 안에<br/>남겨진 서툴렀던 그때로<br/>이미 늦어버린<br/>시간을 달려가보지만<br/>무심히 흘러버린<br/>시간 속에 남겨둔 채<br/>벌써 멈춰진<br/>이 시계를 돌려보기만 해<br/>이미 늦어버린 시간을 달려가보지만<br/>벌써 멈춰진 이 시계를<br/>돌려보기만 해<br/>
"
3476,궁금한 하루,신주영신주영,궁금한 하루,50,<dd>2019.08.07</dd>,"안녕하세요<br/>이렇게 말하려니까<br/>쑥스럽네요<br/>하고 싶은 말이 너무 많은데<br/>노래밖에 못하는 사람이라서<br/>이렇게 말할게요<br/>처음 스쳤던 그 모습 무감각했던<br/>내가 자꾸만 안절부절 못했죠<br/>자꾸만 힐끔 너를 보며 불편한<br/>내 모습 그때 알았어요<br/>널 사랑하나 봐<br/>어디서 무얼 하고 있을까<br/>너무 답답했죠<br/>한숨이 늘어만 가는<br/>내가 불안했었죠<br/>혹시 내 맘 들키면 달아날까 봐<br/>맘 졸이며 그냥 누르고 있었죠<br/>가슴 먹먹한 내 맘 알긴 알까요<br/>내가 어떻게 다가가서<br/>무슨 말을 할지<br/>첫 눈에 반했다고<br/>곧이곧대로 말하면<br/>이상한 사람 될까 봐<br/>어디서 무얼 하고 있을까<br/>너무 답답했죠<br/>한숨이 늘어만 가는<br/>내가 불안했었죠<br/>혹시 내 맘 들키면 달아날까 봐<br/>맘 졸이며 그냥 누르고 있었죠<br/>자꾸만 뚫어져라<br/>그대 얼굴만 바라보는<br/>내가 참 이상했겠죠<br/>사랑해요 사랑해요<br/>이 말을 꾹 참아왔죠<br/>이런 내 맘 주제 넘은 것 같나요<br/>약속할 수 있죠 이 세상 가장<br/>소중한 사람은 바로 그대죠<br/>my love<br/>이런 내 맘 받아주세요<br/>
"
3477,따듯한 겨울의 별에게,24계절24계절,따듯한 겨울의 별에게,19,<dd>2019.08.07</dd>,"너가 내게 했던 말<br/>잘 지낼 수 있단 말<br/>우린 괜찮다는 말<br/>하지만 난 괜찮지 않은 것 같기도 해<br/>깊은 밤 지금 넌 무슨 생각을 할까<br/>계절이 반대로 흐르는 그곳에서<br/>언제나 반짝이던 넌 <br/>어디서든 빛이 나겠지<br/>이제는 날 떠나가도 괜찮아 정말<br/>그땐 내가 어떻게든 해볼게<br/>사라지지 않는 꿈에 머물러 있는 난<br/>네가 날 바라보지 않는다고 해도<br/>난 정말 괜찮을 거야 이런 날 알잖아<br/>깊은 밤 지금 난 그런 생각을 했어<br/>계절이 반대로 흐르는 이곳에도<br/>따듯한 겨울이 오면 <br/>밤하늘에 네가 보일까<br/>정말 나를 잊었대도 괜찮아 정말<br/>이런 날 알잖아<br/>그땐 내가 어떻게든 해볼게<br/>네가 없던 긴 밤에서 깨어나는 날<br/>그때도 네가 날 기억하고 있다면<br/>난 네게 돌아갈 거야 그때 날 안아줘<br/>바라보지도 못하는 <br/>닿아 보지도 못하는<br/>너무 멀리 있는 별 하나<br/>그 별을 내가 바라보는 게<br/>바라볼 수밖에 없는 게<br/>그때 내가 어떻게든 해볼게<br/>네가 없던 긴 밤에서 깨어나는 날<br/>그때도 네가 날 기억 하고 있다면<br/>난 네게 안길 거야 내 손을 잡아줘<br/>반짝이는 나의 별에게<br/>
"
3478,말해줘 왜 날 혼자 두는지 (Feat. 이병란 (Rani)),봄날봄날,말해줘 왜 날 혼자 두는지,31,<dd>2019.08.07</dd>,"기분이 우울한 날에는 꼭 술 한잔<br/>가끔은 바람에<br/>드라이브하는 걸 좋아해<br/>좋은 일이 있는 날엔<br/>사람들을 주로 만나고<br/>종종 책 한 권 들고<br/>카페 가는 걸 좋아해<br/>널 안다고 생각해<br/>세상에 너만큼은 내가<br/>제일 잘 안다고 믿었단 말야<br/>근데 너 떠나는 이유는 알지 못해<br/>말해줘 왜 날 혼자 두는지<br/>처음 너와 거닐던<br/>그 길 위에 혼자 서서<br/>너에게 하지 못한 good bye<br/>인사를 건네도<br/>여전히 식지 않은<br/>내 맘은 갈 곳을 잃어<br/>영영 돌아오지 못할 것만 같아<br/>널 안다고 생각해<br/>세상에 너만큼은 내가<br/>제일 잘 안다고 믿었단 말야<br/>근데 너 떠나는 이유는 알지 못해<br/>말해줘 왜 날 혼자 두는지<br/>내가 기억하고 싶은 너는<br/>우리가 사랑했을 때의 너인데<br/>그럴 수 있을까<br/>시간이 지나가면<br/>날 떠난 이율 알 수 있을까<br/>너 떠나고 알았어<br/>세상엔 절대 알 수 없는<br/>마음 투성이인걸<br/>몰랐단 말야<br/>이제 너 떠나는 이유는 묻지 않아<br/>말해줘 난 널<br/>잊을 수 있을 거라고<br/>
"
3479,끝자락,이규호이규호,끝자락,41,<dd>2019.08.07</dd>,"알고있어 사랑이라는 변명에<br/>억지로 버티고 버텼던 너<br/>아니라고 하지만<br/>이제 너도 알잖아<br/>알고있니 널 위해<br/>보내준다 말했었던<br/>내 이기적인 거짓을<br/>이제 긴말 안할게<br/>달려가고 싶지만<br/>너무 멀리온길<br/>나 이미 내 모든게 너로 가득 차있어<br/>한번 보고싶지만<br/>그럼 또 반복될걸 알기에<br/>나 사실 자신없어 너 떠나 보낸뒤가<br/>우리 뜨겁던 사랑이<br/>왜 이렇게 됐을까<br/>알고있어 우리의 순간들을<br/>남겨두고 떠나가던 네 모습을<br/>이제 이 계절의 끝과 홀로<br/>걸어가는길 견뎌야겠지만<br/>나 이제 어떡해야 잊고 살수 있을까<br/>너무 많은 추억과<br/>흔적이 남아있는데<br/>나 이제 끝내려해 우리의 이야기를<br/>정말 행복했어 그리고 잘지내야해<br/>
"
3480,종이비행기,오브로젝트오브로젝트,종이비행기,323,<dd>2019.08.06</dd>,"어렸을 적 내 꿈은<br/>하늘을 가르는 종이비행기<br/>말도 안 돼 넌<br/>자유로운 하늘을 꼭 끌어안은 채<br/>날고 싶었어<br/>날개가 있다고<br/>믿은 적은 없어 한 번도<br/>날아간다는 게 꼭 하늘 위는 아닐걸<br/>사람들의 시선들에 나 부딪힐 때면<br/>움츠려든 적 있지 물론<br/>숨어버리고 싶던 적도 물론<br/>근데 이제 알아 나<br/>키는 내가 쥐고 있어 오지랖은 BYE<br/>하늘은 이렇게 넓은데<br/>사람들은 한 곳만 보네<br/>같은 꿈을 꾸고 정답만 찾으며<br/>살긴 싫어 난<br/>때론 말도 안 될 꿈이어도<br/>괜찮아 자유롭고 싶어<br/>언제나 어렸을 적 내 꿈처럼<br/>비행기 타고 놀러 가고 싶어<br/>비행기 타고 날아가고 싶던<br/>꿈을 꿨던 어린애는 없어<br/>그저 매일 살기 너무 빡세졌어<br/>돈을 버는 만큼 씀씀이는 커지는데<br/>돈을 버는 만큼 지갑은 얇아지는 게<br/>나 뭐 어쩌라고 언제 돈을 모아<br/>집을 사고 차를 사고 배우자를<br/>맞이할 준비를 하고<br/>웩 또 일주일을 개처럼 일해도<br/>개처럼 벌어 정승처럼 써도<br/>개 까마득해<br/>비행기 타고 날아가는<br/>다른 나라 여행은<br/>TV로 보는 거로 만족해<br/>이게 내 삶인데 뭐<br/>어쩌라고 나도 나름<br/>열심히 살고 있다고<br/>날아가고 싶던 꿈을 꾸던<br/>그때로 돌아갈 순 없대도<br/>하늘은 이렇게 넓은데<br/>사람들은 한 곳만 보네<br/>같은 꿈을 꾸고 정답만 찾으며<br/>살긴 싫어 난<br/>때론 말도 안 될 꿈이어도<br/>괜찮아 자유롭고 싶어<br/>언제나 어렸을 적 내 꿈처럼<br/>가끔씩은 무너질 거야<br/>사람들의 시선을<br/>신경 쓰지 않아도 돼<br/>너의 길을 가<br/>이렇게 넓은 저 하늘에<br/>꿈을 실어 띄워 보낼래<br/>계속해서 위로 저 구름 너머로<br/>가고 싶어 난<br/>언젠가 내겐 꼭 이뤄질<br/>말도 안 되는 꿈이어도<br/>괜찮아 자유롭게 꿈꿀 거야<br/>
"
3481,주르륵,자흔자흔,주르륵,52,<dd>2019.08.06</dd>,"너와 나는 지난 사람이 됐구나<br/>나는 최선을 다했고<br/>너도 마찬가지였을 거야<br/>했던 약속들이 누구나 그렇듯<br/>전부 끝나면 함께 사라지고<br/>우리는 생각하지 말자 생각하지 말자<br/>그대가 돌아올까 돌아올까<br/>문밖만 바라보다가<br/>네가 오지 않을 거란 확신이 들어<br/>눈물이 주르륵<br/>그대가 돌아올까 돌아올까<br/>문밖만 바라보다가<br/>네가 오지 않을 거란 확신이 들어<br/>눈물이 주르륵<br/>너와 나는 닮은 사람이 됐구나<br/>내 행동 하나에 네가 박히고<br/>지워지질 않아<br/>했던 약속들이 누구나 그렇듯<br/>전부 끝나면 함께 사라지고<br/>우리는 생각하지 말자<br/>더이상 생각하지 말자<br/>그대가 돌아올까 돌아올까<br/>문밖만 바라보다가<br/>네가 오지 않을 거란 확신이 들어<br/>눈물이 주르륵<br/>그대가 돌아올까 돌아올까<br/>문밖만 바라보다가<br/>네가 오지 않을 거란 확신이 들어<br/>눈물이 주르륵<br/>그대가 돌아올까 돌아올까<br/>문밖만 바라보다가<br/>네가 오지 않을 거란 확신이 들어<br/>눈물이 주르륵<br/>그대가 돌아올까 돌아올까<br/>문밖만 바라보다가<br/>네가 오지 않을 거란 확신이 들어<br/>눈물이 주르륵<br/>
"
3482,Nanana,TwoToneClayTwoToneClay,Nanana,6,<dd>2019.08.06</dd>,"what the fall <br/>여름밤 <br/>너와의 데이트 <br/>IT'S A PERPECT NIGHT <br/>LIFE IS COOL <br/>언제나 <br/>YOU AND I <br/>중심의 우주속에 <br/>주인공 <br/>COULD YOU WHISPER IN MA EAR <br/>WOULD YOU WHISPER IN MA SOUL <br/>너와 나의 사랑 <br/>실타레 같이 <br/>IN MA SOUL IN MA SOUL <br/>NANANANANA <br/>IN YOUR SOUL<br/>NANANANANA <br/>언제나 상상대로 MA WAY MA WAY <br/>완벽한 너와 나의 STORY STORY <br/>NANANANANA <br/>IT'S A PERPECT DAY <br/>NANANANANA <br/>IT'S A PERPECT DAY <br/>NANANANANA <br/>NANANANANANANANA <br/>what the fall<br/>여름밤<br/>너와의 데이트<br/>IT'S A PERPECT NIGHT<br/>LIFE IS COOL<br/>언제나<br/>YOU AND I<br/>중심의 우주속에<br/>주인공<br/>COULD YOU WHISPER IN MA EAR<br/>WOULD YOU WHISPER IN MA SOUL<br/>너와 나의 사랑<br/>실타레 같이<br/>IN MA SOUL IN MA SOUL<br/>NANANANANA<br/>IN YOUR SOUL<br/>NANANANANA<br/>언제나 상상대로 MA WAY MA WAY<br/>완벽한 너와 나의 STORY STORY<br/>NANANANANA<br/>IT'S A PERPECT DAY<br/>NANANANANA<br/>IT'S A PERPECT DAY<br/>NANANANANA<br/>NANANANANANANANA<br/>
"
3483,썸은 이제 그만,하늘하늘,썸은 이제 그만,2,<dd>2019.08.06</dd>,"아슬아슬하게 닿을듯한 너와 나<br/>손등이 서로 맞닿은 순간 얼굴이<br/>빨개지네<br/>피하질 않아 너도 내가 좋단 걸까<br/>모르는척하고 손깍지 끼고<br/>마주 본다<br/>눈으로 말했어 That’s ok<br/>웃으며 말하네 행복해<br/>썸은 이제 그만 시작해<br/>오늘부터 이 손 놓지 않을 거야<br/>Be with you<br/>알듯 말듯 하게 밀당했던 너와 나<br/>눈빛이 서로 만나는 순간 얼굴이<br/>빨개지네<br/>피하질 않아 너도 내가 좋단 걸까<br/>모르는척하고 손깍지 끼고<br/>마주 본다<br/>눈으로 말했어 That’s ok<br/>웃으며 말하네 행복해<br/>썸은 이제 그만 시작해<br/>오늘부터 이 손 놓지 않을 거야<br/>Be with you<br/>알면서도 모르는 척<br/>좀 더 일찍 보여줄 걸 내 맘<br/>괜찮아 우린<br/>늦은 만큼 진하게<br/>눈으로 말했어 That’s ok<br/>웃으며 말하네 행복해<br/>썸은 이제 그만 시작해<br/>오늘부터 이 손 놓지 않을 거야<br/>Be with you<br/>이러다 놓칠까 봐 걱정했어<br/>밤마다 너 때문에 잠 못 잤어<br/>썸은 이제 그만 시작해<br/>오늘부터 이 손 놓지 않을 거야<br/>Be with you<br/>
"
3484,다 해볼래,소소소소,다 해볼래,6,<dd>2019.08.06</dd>,"꿈속을 걷는 것 같아 <br/>너와의 매일매일<br/>아직 실감나지 않는데 <br/>꿈인 걸까 말해줄래<br/>눈을 보는 게 <br/>대체 뭐라고 어려운 걸까<br/>너무 떨린 이 행복함을 <br/>감출 수 없어서 그래<br/>손을 잡고 팔짱 끼고 걸어도 될까<br/>너의 볼에 살짝 입맞춰도 될까<br/>너와 나누고 싶던 일들<br/>망설임 없이 다 해볼래<br/>영화보고 커피 한 잔 <br/>평범한 일들부터<br/>훌쩍 떠나는 여행 같은 <br/>멋진 일도 함께할래<br/>눈을 보는 게 <br/>대체 뭐라고 어려운 걸까<br/>너무 떨린 이 행복함을 <br/>감출 수 없어서 그래<br/>손을 잡고 팔짱 끼고 걸어도 될까<br/>너의 볼에 살짝 입맞춰도 될까<br/>너와 나누고 싶던 일들<br/>망설임 없이 다 해볼래<br/>이 마음 변하지 않을게 너만 바랄게<br/>나와 영원을 같이 걸어줘 my love<br/>손을 잡고 팔짱 끼고 걸어도 될까<br/>너의 볼에 살짝 입맞춰도 될까<br/>너와 나누고 싶던 일들<br/>망설임 없이 다 해볼래<br/>흘러가는 시간들<br/>가득 채워줄 너라는 사람<br/>나에게 온 행운 절대 안 놓칠래<br/>
"
3485,Step,바란바란,Step,4,<dd>2019.08.06</dd>,"이제 그만 열어요<br/>그대의 마음<br/>더 기다리기엔 늦어요<br/>너무 어려워 마<br/>잠들듯 스르르 천천히<br/>Oh baby come to my arms<br/>너무 불안해하지 마<br/>누구보다 더 예뻐할게<br/>내 눈을 봐요<br/>내 안에 비친 내 세상을 보여줄게<br/>너로 가득해<br/>살짝살짝 너에게 다가갈게<br/>살랑살랑 나에게 불어와줘<br/>다가와 너를 기다리고 있는<br/>나의 품으로<br/>너만 있으면 돼 그거면 돼<br/>한 발 한 발 너를 향한 내 걸음<br/>한 걸음도 내겐 아깝지 않아<br/>나를 봐 너 하나 바라보는 나를 봐<br/>난 너뿐이야<br/>뭘 망설이나요<br/>그런 생각 하지 마요<br/>너무 어려워 마 맘을 따라서 천천히<br/>Oh baby give it to me<br/>너무 불안해하지 마<br/>누구보다 더 예뻐할게<br/>내 눈을 봐요<br/>내 안에 비친 세상을 보여줄게<br/>너로 가득해<br/>살짝살짝 너에게 다가갈게<br/>살랑살랑 나에게 불어와줘<br/>다가와 너를 기다리고 있는<br/>나의 품으로<br/>너만 있으면 돼 그거면 돼<br/>한 발 한 발 너를 향한 내 걸음<br/>한 걸음도 내겐 아깝지 않아<br/>나를 봐 너 하나 바라보는 나를 봐<br/>난 너뿐이야<br/>
"
3486,니가 불어와 (Feat. 루오),미스터 프랜들리미스터 프랜들리,니가 불어와,11,<dd>2019.08.06</dd>,"어쩌면 널 처음 본 순간 이었을 거야<br/>시간이 멈춘 것만 같은 기분<br/>세상이 꼭 너로 물든 것 같고<br/>하나에서 열까지<br/>내 하루가 너로 채워져<br/>꽃 향기를 머금은 바람이<br/>살랑이던 그날에 우리 처음<br/>손을 잡던 날이 생각이나<br/>어쩌면 널 처음 본 순간 이었을 거야<br/>모든 게 아름답게 보였던 날<br/>세상이 꼭 너로 물든 것 같고<br/>하나에서 열까지<br/>내 하루가 너로 채워져<br/>꽃 향기를 머금은 바람이<br/>살랑이던 그날에 우리 처음<br/>손을 잡던 날이 생각이나<br/>꽃이 너인지 네가 꽃 인지<br/>모를 만큼 예쁜 너 라서<br/>눈부신 하늘 마저<br/>널 예쁘게 비춰<br/>꽃 향기를 머금은 바람이<br/>살랑이던 그날에 우리 처음<br/>손을 잡던 날이 생각이나<br/>꽃 바람이 너와 내 사이로 흩어져<br/>그날에 찍었던<br/>사진 속 우리가 생각이나<br/>
"
3487,걷고 싶어,엘투와이 (L2Y)엘투와이 (L2Y),모두 다 쿵따리 OST Part.3,19,<dd>2019.08.06</dd>,"눈부시도록 햇살이 비추고<br/>걸음마다 너로 물들어가<br/>우리앞에 이 길이 사랑이라면<br/>너와 함께 걷고 싶어<br/>왠지 오랜 일 같아<br/>혼자 먼 길을 해매다<br/>지쳐 우연히 들어선 모퉁이<br/>그때 마주친 운명<br/>그 길은 너에게 이어지고<br/>세상 모든게 달라졌어<br/>지금의 내가 될 수 있는 이유<br/>그 시작엔 너<br/>눈부시도록 햇살이 비추고<br/>걸음마다 너로 물들어가<br/>우리앞에 이 길이 사랑이라면<br/>너와 함께 걷고 싶어<br/>내내 고단했던 맘<br/>너를 알아본 그 순간<br/>길위에 놓인 수많은 우연이<br/>너란 의밀 찾았어<br/>내 맘엔 지도가 그려지고<br/>금세 방향은 분명해져<br/>오늘이 너무 아름다운 이유<br/>그 중심엔 너<br/>눈부시도록 햇살이 비추고<br/>걸음마다 너로 물들어가<br/>우리앞에 이 길이 사랑이라면<br/>너와 함께 걷고 싶어<br/>너를 바라보면<br/>더 좋은사람 되고 싶어져<br/>나의 세상이 돼준 너<br/>너만 있다면<br/>눈부시도록 하루는 빛나고<br/>서로에게 점점 물들어가<br/>함께가는 이 길이 사랑이라면<br/>나는 너와 걷고 싶어<br/>눈부시도록 하루는 빛나고<br/>서로에게 점점 물들어가<br/>함께가는 이 길이 사랑이라면<br/>나는 너와 걷고 싶어<br/>
"
3488,차오르던 (With 전용일 Of 비버타운),아날로그아날로그,차오르던,62,<dd>2019.08.06</dd>,"잊지 못할 것 같아<br/>너와의 추억들 하나하나<br/>나를 울고 웃게 만들어<br/>언젠가 먼 길 돌아<br/>우리 다시 만나면 그땐<br/>그땐 그땐 난 그동안<br/>너를 기다렸다고<br/>우린 너무 달라서<br/>함께 할 수 없었던거야<br/>괜찮아 나도 이해한다는<br/>새빨간 거짓말<br/>미련하게 사랑했던<br/>우리들의 추억을<br/>하나하나 내 맘대로<br/>지워가면돼<br/>차오르던 한가지<br/>너에대한 기억들<br/>그 모든것 모든것<br/>다 잊어야 해서<br/>잊혀지지 않는 한가지<br/>너와 마주했던 그 순간들이<br/>내 가슴속에 남아 있네<br/>오늘은 오직 너를 위한<br/>노래를 만들었어<br/>왠일인지 평소와는 다른 하루였지<br/>우리 이별한뒤로<br/>내 모든게 다 바뀌었어<br/>그만큼 너를 사랑한 내가 미웠지<br/>차오르던 한가지<br/>너에대한 기억들<br/>그 모든것 모든것<br/>다 잊어야 해서<br/>잊혀지지 않는 한가지<br/>너와 마주했던 그 순간들이<br/>내 가슴속에 남아 있네<br/>잊혀지지 않는<br/>순간 순간들이 나에겐<br/>좋은 기억이 될 수 있을까요<br/>돌아가기엔 너무 늦은걸 알죠<br/>괜찮아 하고 돌아서<br/>눈물 흘리겠지만<br/>차오르던 한가지<br/>너에대한 기억들<br/>그 모든것 모든것<br/>다 잊어야 해서<br/>잊혀지지 않는 한가지<br/>너와 마주했던 그 순간들이<br/>내 가슴속에 남아 있네<br/>
"
3489,아아,언니누나언니누나,여름날,11,<dd>2019.08.06</dd>,"오늘 너와 만났던 그 카페에서<br/>니가 좋아하는 아이스 아메리카노<br/>나도 똑같은 걸로 주세요 말했지<br/>니가 좋아하는 아이스 아메리카노<br/>아 아아 밤은 내렸고<br/>아 아아 잠은 안오네<br/>아메리카노가 좋은 게 아니라<br/>니가 좋은 건데<br/>아 잠은 안 오고 눈을 감으면<br/>떠올라 웃고 있는 니가<br/>잠자긴 틀렸네<br/>내일은 너와 만나면 그 카페에서<br/>내가 좋아하는 너를 바라보며<br/>너도 내가 제일 좋은지 물어야지<br/>니가 좋아하는 아이스 아메리카노<br/>보다 아아 별이 빛나고<br/>아 아아 너도 빛나네<br/>너만 보면 나도 모르게<br/>자꾸만 혀가 꼬이는 걸<br/>아 지금 갑자기 니가 나에게<br/>전화를 해준다면 정말<br/>너의 큰손이 내 머릴 쓰다듬으면<br/>우주를 떠다니는 것 같아<br/>아메리카노가 좋은 게 아니라<br/>니가 좋은 건데<br/>아 잠은 안 오고 눈을 감으면<br/>떠올라 웃고 있는 니가<br/>잠자긴 틀렸네<br/>
"
3490,나의 계절,우의 (UUi)우의 (UUi),나의 계절,17,<dd>2019.08.06</dd>,"하루가 지나 또 한 번 무뎌지고<br/>차가운 바람에 또 한 줌 너를 보내<br/>시리던 밤에 나 홀로<br/>남겨져 있던 날들<br/>그 시간 속에서 널 흘려 보냈어<br/>내 마음의 꽃이 지고<br/>길었던 순간도 떠나가고<br/>끝나지 않을 것 같던<br/>내 마음의 차가웠던<br/>나의 그 계절이 지나간다<br/>엉킨 실타래처럼<br/>되돌릴 수 없던 널<br/>그 시간 속에서 홀로 견뎌냈어<br/>내 마음의 꽃이 지고<br/>길었던 순간도 떠나가고<br/>끝나지 않을 것 같던<br/>내 마음의 차가웠던<br/>나의 그 계절이 지나간다<br/>내 마음의 꽃이 지고<br/>길었던 순간도 떠나가고<br/>찾을 수 없을 것 같던<br/>내 마음의 따스한<br/>나의 그 계절이 다가온다<br/>
"
3491,전화번호(Can You Hear Me),이삭(Isaac)이삭(Isaac),전화번호(Can You Hear Me),37,<dd>2019.08.06</dd>,"수줍게 물어본 너의 전화번호<br/>설레인 마음에 잠들지 못한밤<br/>혹시나 한맘에 혼자 꿈속에서<br/>기대는 맘으로 너에게 전화해<br/>사랑이란게 참 묘한것같아<br/>정말 너와내겐<br/>Can You Hear Me<br/>내맘을 알아줘<br/>Hear Me 내맘을 들어줘<br/>이것뿐야 너의대한 나의대답<br/>Can You Hear Me<br/>내맘이 들리니<br/>Hear Me 내말이 들리니<br/>이것뿐야 너의대한 나의고백<br/>I'm Fall In Love Woo Woo<br/>I'm Fall In Love<br/>나의 고백<br/>수줍게 웃어주던 그날 너의표정<br/>꿈속에서 조차 그모습 기억해<br/>하루만 지나면 괜찮아 지겠지<br/>아니야 지금도 내맘은 널향해<br/>사랑이란게 참 모를것같아<br/>정말 너와내겐<br/>Can You Hear Me<br/>내맘을 알아줘<br/>Hear Me 내맘을 들어줘<br/>이것뿐야 너의대한 나의대답<br/>Can You Hear Me<br/>내맘이 들리니<br/>Hear Me 내말이 들리니<br/>이것뿐야 너의대한 나의고백<br/>너에게 달려간다<br/>내마음도 너에게로<br/>Can You Love Me<br/>니맘을 말해줘<br/>Love Me 니맘을 들려줘<br/>고백할게 너를 사랑하겠다고<br/>Can You Love Me<br/>내맘이 들리니<br/>Hear Me 내말이 들리니<br/>약속할게 너만 사랑하겠다고<br/>I'm Fall In Love Woo Woo<br/>I'm Fall In Love<br/>너를 위한 나의 노래<br/>I'm Fall In Love<br/>널 사랑해<br/>
"
3492,텅 빈 길,"송광일, 변지민송광일, 변지민",텅 빈 길,29,<dd>2019.08.06</dd>,"언제 이렇게 어두워졌나<br/>밤이 오는 줄도 몰랐는데<br/>금세 눈 앞이 캄캄해졌네<br/>좁고 낡은 골목길<br/>그 위엔 고장 난 가로등<br/>지나는 이 하나 없는 이 곳<br/>나는 홀로 서성이네<br/>텅 빈 길에 눈물 쏟아봐도<br/>차오르지 않는 달빛<br/>텅 빈 맘에 술을 부어봐도<br/>떠오르지 않는 달빛<br/>내 텅 빈 가슴 알아줄 이<br/>어디 없나요<br/>날 채워줄 눈물 한 잔 어디 없나요<br/>아무리 소리쳐봐도 사람 하나 없네<br/>골목길 헤집어봐도 나는 여기 없네<br/>텅 빈 길에 눈물 쏟아봐도<br/>차오르지 않는 달빛<br/>텅 빈 맘에 술을 부어봐도<br/>떠오르지 않는 달빛<br/>깜빡이는 가로등 같아 나<br/>여기 내가 있어<br/>대답 없는 어둠 속 나는 옅어져 가네<br/>
"
3493,오늘따라,호연호연,오늘따라,19,<dd>2019.08.06</dd>,"나 술 한잔 한다<br/>니가 올 것 같아서<br/>나 술을 마신다<br/>니가 알아줄까 봐<br/>오늘따라 더 그래<br/>너의 잔소리가 듣고 싶어 그래<br/>내가 가장 싫어하던<br/>니 눈물마저도<br/>오늘따라 더 보고 싶어<br/>내가 싫어하던 니 눈물과<br/>니가 미워하던 내 습관들<br/>내가 싫어하던 니 말투와<br/>니가 미워하던 내 모든 것<br/>오늘따라 더 그래<br/>오늘따라 더 생각나<br/>오늘따라 더 취해<br/>너와 함께했던 이곳에서 취해<br/>니가 가장 좋아하던 나의 목소리라도<br/>니가 듣게 불러본다<br/>내가 싫어하던 니 눈물과<br/>니가 미워하던 내 습관들<br/>내가 미워하던 니 말투와<br/>니가 싫어하던 내 모든 것<br/>내가 좋아하던 니 웃음과<br/>니가 좋아하던 내 목소리<br/>내가 좋아하던 니 향기와<br/>우리 함께했던 모든 추억들<br/>오늘따라 더 그래<br/>오늘따라 더 실감나<br/>우리 이별했나 봐<br/>
"
3494,우리가 만난 이야기,옹성우옹성우,열여덟의 순간 OST Part.2,"27,510",<dd>2019.08.05</dd>,"아주 오래 전 소중한 기억처럼<br/>여전히 남아있죠<br/>한 걸음 멀게 혼자만 알던<br/>그 꽃들과 파란 하늘<br/>하나 둘 희미해지 던<br/>시간이 선명해지면<br/>작은 문이 열리고 세상이 달라지던 그 날<br/>느끼는 행복함 내 전부인듯<br/>눈부시게 찬란해 내민 손이 초라한 나는<br/>조심스레 안녕 마음을 전해요<br/>또 어느 조용한 오후<br/>문득 내 맘에 찾아와<br/>작은 문이 열리고 세상이 달라지던 그 날<br/>느끼는 행복함 내 전부인듯<br/>눈부시게 찬란해 내민 손이 초라한 나는<br/>조심스레 안녕 마음을 전해요<br/>어두웠던 틈에 그대<br/>사라져가는 흐려진 맘에<br/>사랑이라는 색으로 물들이죠<br/>작은 문이 열리고 세상이 달라지던 그 날<br/>보았던 하늘과 전해 온 떨림<br/>사소했던 어제가 커다란 오늘이 되었죠<br/>내 곁에 있어줘 나의 사랑 그대<br/>
"
3495,셰리 (Mon Beau Cheri) (feat. 해이),조규찬조규찬,셰리 (Mon Beau Cheri),404,<dd>2019.08.05</dd>,"해가 밝게 빛나고 있어, 나의 사랑.<br/>데리러 갈게, 알았지?<br/><br/>푸코처럼 파리의 거리에 있는 카페에 앉아 책을 읽자!<br/>난 오랑주리 미술관을 너무 좋아해!<br/>마그리뜨의 그림도 감상하자.<br/><br/>내가 무슨 말 하는 줄 잘 알잖아!<br/>그 곳에서 귀여운 코알라처럼 그렇게 머물러 있지 마<br/>센느강을 거닐까? 생폴드방스를 가도 좋아.<br/>가자!<br/><br/>우리 어디로 가는 거야? 나의 사랑<br/>잠 못 이룰 어느 낯선 도시 위를 걸어가<br/>이대로 멈추지 않고 걷고 또 걷다 보면 어디에 다다르게 될까?<br/><br/>반짝이는 별빛이 보여?<br/>우리 산책할까?<br/>모란꽃 꽃밭에서, 흥얼거리거나<br/>공룡 보러 갈까?<br/>앤아버의 고요한 동산을 등산해도 좋아.<br/><br/>내가 무슨 말 하는 줄 잘 알잖아!<br/>그 곳에서 귀여운 코알라처럼 그렇게 머물러 있지 마<br/>춤추러 갈까? 나 춤 굉장히 잘 춰!<br/>가자!<br/><br/>우리 어디로 가는 거야? 나의 사랑<br/>잠 못 이룰 어느 낯선 도시 위를 걸어가<br/>이대로 멈추지 않고 걷고 또 걷다 보면 정말 다다를 수 있을 지 금 이 길이 <br/>나의 시간을 되돌려 데려갈 수 있을까<br/>열지 않은 선물상자처럼 설레임으로 <br/>가득했던 나의 꿈으로 <br/><br/>더 좋은 생각이 있어!<br/>너의 방으로 가자.<br/>구름이 흘러가는 것을 보며, 잠들며, 꿈꿀 수 있게<br/>마음을 정해봐, 난 어디로 가야하는 거야?<br/><br/>어디로 가는 거야? 나의 사랑<br/>내가 집이라 일컫는 곳에선 안개가 눈으로 만들어져<br/>초현실적인 꿈같아 <br/>삶을 움켜쥐고 있으니, 시간이 흐르면서, 나의 마음은 치유돼<br/><br/>난 어디로 가야하는 걸까?<br/><br/>어디로 가는 거야? 나의 사랑<br/>너는 말했지, 시간은 지나간다고<br/>그러나 내게 시간은 머물러 있어<br/>초현실적인 꿈같아 <br/><br/>마음을 정해봐, 내겐 시간이 많이 남아있지 않아<br/>갈 거야? 안 갈 거야? <br/>만약 잠시 이곳에 머무를 거라면<br/><br/>다음 만날 때까지<br/>다음 만날 때까지<br/><br/>안녕<br/><br/>해가 밝게 빛나고 있어, 나의 사랑<br/>
"
3496,애쓰지 않아도,신유나신유나,17세의 조건 OST,264,<dd>2019.08.05</dd>,"그래 너 정말 힘들었을 거야<br/>축 처진 어깨가 안쓰러워<br/>사실은 많이 외로운 거 알아<br/>아무도 네 마음을 몰라주지만<br/>나는 알아 어제의 너보다<br/>오늘의 네가 내일의 우리가<br/>더 넓은 하늘이라는 걸<br/>그러니까 애쓰지 않아도 괜찮아<br/>지금처럼 한 걸음씩 너의 속도로<br/>그래 너 정말 버거웠을 거야<br/>모든 걸 혼자 감당하기엔<br/>사실은 많이 불안한 거 알아<br/>아무도 네 마음을 몰라주지만<br/>나는 알아 어제의 너보다<br/>오늘의 네가 내일의 우리가<br/>더 넓은 하늘이라는 걸<br/>그러니까 애쓰지 않아도 괜찮아<br/>지금처럼 한 걸음씩 너의 속도로<br/>어디로 가야 할지<br/>정답이 있긴 한 건지<br/>답답하고 불안한 마음<br/>하늘을 올려다보며<br/>가슴을 펴고 숨을 크게 쉬고<br/>바람에 귀 기울여<br/>나는 알아 어제의 너보다<br/>오늘의 네가 내일의 우리가<br/>더 넓은 하늘이라는 걸<br/>그러니까 애쓰지 않아도 괜찮아<br/>지금처럼 한 걸음씩 너의 속도로<br/>
"
3497,눈물따라,박권태박권태,눈물따라,6,<dd>2019.08.05</dd>,"난 너와 함께한 기억<br/>보내줄께 모두<br/>아픈 날 떠나 가는<br/>너의 맘을 이해해<br/>우리 함께 했었던 순간들<br/>이제는 보내려는 시간들<br/>널 위해서<br/>난 널 보낼께<br/>두번 다신<br/>사랑한다 말하지마<br/>하지만 그대여<br/>널 사랑해<br/>너를 난 보내기 싫어<br/>보낼 수 밖에 없는 내가 싫어져<br/>떠나가는 널 보면<br/>난 눈물 따라 흘러<br/>너를 떠나 보내줄게요<br/>난 너의 마음을 알아<br/>나를 위한 생각<br/>이제 널 두고 혼자<br/>떠나가서 미안해<br/>우리 함께 했었던 순간들<br/>이제는 널 보내려는 시간들<br/>널 위해서<br/>난 널 보낼께<br/>두번 다신<br/>이별이란 말하지마<br/>이제는 그대여<br/>날 안아줘<br/>너 없이는 난 살 수가 없어<br/>이젠 너 없인 나도 없어<br/>떠나가는 널 보면<br/>난 눈물 따라 흘러<br/>너를 떠나 보내줄게요<br/>이제 두번 다신<br/>이별이란 말은 하지마<br/>너 없이는 난 살 수가 없어<br/>이젠 너 없인 나도 없어<br/>떠나가는 널 보면<br/>난 눈물 따라 흘러<br/>너를 떠나 보내줄게요<br/>
"
3498,Sunshine (Feat. elppa),젤리프로젝트젤리프로젝트,Sunshine,24,<dd>2019.08.05</dd>,"나침반은 항상 널 향해<br/>마음이 시키는 대로 할래<br/>항상 널 먼저 가리키는 방향 속에<br/>날 가둬 둘래 오늘 바람도 참 좋은데<br/>너의 섬에 내가 들어가고 싶어<br/>너와 함께 계속 표류하고 싶어<br/>밤이면 별자리를 세보자<br/>파도 소리 들으면<br/>잠에 들다 깨면 또 다시 눈을 감아<br/>우리만의 sunset sunset sunset<br/>하얀 모래위로<br/>우리만의 발자국을 남기자고<br/>시간은 많아 너의 섬에선<br/>빈틈 없이 우릴 채워 둘 거야<br/>항상 널 먼저 가리키는 방향 속에<br/>날 가둬 둘래 오늘 바람도 참 좋은데<br/>너의 섬에 내가 들어가고 싶어<br/>너와 함께 계속 표류하고 싶어<br/>둘만의 별자리를 만들자<br/>파도 소리 들으면<br/>잠에 들다 깨면 또 다시 눈을 감아<br/>우리만의 sunset sunset sunset<br/>하얀 모래위로<br/>우리만의 발자국을 남기자고<br/>조용한 공기 속에 우릴 새겨놓자<br/>꺼내 볼 수 있게<br/>우리 손 닿는 데까지 보금자리야<br/>밤하늘은 우리 천장이야<br/>둘만의 별자리를 만들자<br/>파도 소리 들으면<br/>잠에 들다 깨면 또 다시 눈을 감아<br/>우리만의 sunset sunset sunset<br/>하얀 모래위로<br/>우리만의 발자국을 남기자고<br/>
"
3499,혼자 걷는 길,주혁주혁,혼자 걷는 길,23,<dd>2019.08.05</dd>,"나 이제 다 알 거 같아요 <br/>혼자 걷는 이 길이 얼마나 지루한지 <br/>하루가 이렇게 길었나요 <br/>우리 흔하게 이별했을 뿐인데 <br/>다 괜찮을 거란 나를 위한 말들이 <br/>아직은 나 반갑지 않아 <br/>먼저 일어섰죠 <br/>참 오래 기다려온 사랑이 <br/>어떻게 다 없던 일처럼 사라져요 <br/>난 오늘도 함께 걷던 자리 <br/>쉽게 지나칠 수 없는 걸 <br/>끝까지 이렇게 바보 같죠 <br/>오늘은 다른 거 같아요 <br/>한껏 밝아진 맘에 뜸했던 웃음까지 <br/>한참을 바쁘게 살아보다 <br/>끝내 그대란 추억이 밀려와요 <br/>왜 답이 없냐며 투덜대던 전화도 <br/>이제는 또 올 일 없네요 <br/>모두 내 탓이죠 <br/>참 오래 기다려온 사랑이<br/>어떻게 다 없던 일처럼 사라져요<br/>난 오늘도 함께 걷던 자리<br/>쉽게 지나칠 수 없는 걸<br/>끝까지 이렇게 바보 같죠<br/>할 말이 많아도 참아야겠죠<br/>잘하지 못해 미안해요<br/>또 다른 품에 안길 사랑이<br/>아직은 나 낯설고 많이 힘겨워도<br/>잘 살아요 내가 주지 못한<br/>예쁜 기억 만들어가요<br/>나 잊을 수 있게<br/>괜찮아요 사랑했던 만큼<br/>조금만 더 아파할게요<br/>내 맘이 그댈 지울 수 있게<br/>
"
3500,음표를 끄적이고 있어요 (Feat.라다정),신서윤신서윤,음표를 끄적이고 있어요,43,<dd>2019.08.05</dd>,"또 이렇게 무수한 사람들 속에<br/>나는 음표를 끄적이고 있어요<br/>많은 사람들도 이 시간에<br/>가사를 끄적이고 있겠죠<br/>나만 하는게 아닌데 내가해서 될까<br/>내가 위로받는 음악처럼<br/>나도 위로 해줄수 있겠죠<br/>나도 할 수있다는데 내가 해서 될까<br/>공책안에 수많은 나의 이야기로<br/>사람들의 위로받는것 만으로<br/>나는 다시 한번 펜을 들고<br/>음표를 끄적이고 있어요<br/>
"
