4101,네가 옳아,류일한류일한,네가 옳아,113,<dd>2019.06.26</dd>,"단 한순간도 너를 원망한 적 없어<br/>너란 존재는 내 작은 가슴에<br/>한 줄기 빛이었나 봐<br/>니가 날 놓음으로 난 날 알게 됐어<br/>아무것도 몰랐던 내가<br/>네게 얼마나 힘든 짐을 지게 했는지<br/>네 잘못이 아니야<br/>그러니 눈물 흘리지 마 괜찮아<br/>날 잊고 잘 살아줘<br/>네게 미안하고 미안해<br/>네 마음과 선택 모두 다 이해해<br/>네가 옳아<br/>너의 마음 안에서 지워져 온 우리<br/>내가 알던 그 미소 눈빛<br/>너의 내일도 온전하길 간절히 바래<br/>날 다 지우고 일어나<br/>넌 그럴 자격 충분하니 괜찮아<br/>다 잊고 잘 살아줘<br/>네게 감사하고 감사해<br/>넌 나에게 선물 같은 은인이야<br/>너의 맑은 영혼이<br/>또 다른 빛이 되길 바래 행복해<br/>그 오랜 시간 동안<br/>나를 믿어주고 믿어준<br/>그 하나만으로 내가 살아왔어<br/>행복했어<br/>내가 못 지켰던 너다운<br/>너만의 널 잃지말아줘<br/>니 잘못이 아니야<br/>그러니 눈물 흘리지마 괜찮아<br/>다 잊고 잘 살아줘<br/>네게 미안하고 미안해<br/>네 마음과 선택 모두 다 이해해<br/>네가 옳아<br/>
"
4102,내가 말할게,여은여은,퍼퓸 OST Part.7,"1,117",<dd>2019.06.25</dd>,"그런 얼굴 하지 말아요<br/>두눈을 마주보지 말아요<br/>부디 노력 하지 말아요<br/>내게준 추억 만으 로 충분 하니까<br/>내가 말할게 내가 말하게 해줘요<br/>사랑의 시작도 내가 했잖아<br/>우리가 주인공이였던 영화<br/>그 영화속의 마지막이 이별이라면<br/>아무리 되돌려봐도<br/>결말은 똑같을테니<br/>언젠가는 꺼내야 하는 얘기라면<br/>내가 말할게<br/>그대 뒤에서 웃으며 그댈 보내요<br/>언젠가 그대도 내맘알겠죠<br/>우리가 주인공이였던 영화<br/>그 영화속의 마지막이 이별이라면<br/>아무리 되돌려봐도<br/>결말은 똑같을테니<br/>언젠가는 꺼내야 하는 얘기라면<br/>그대를 만난 처음부터 나는<br/>멋진곳을 여행을 떠난 기분이였어<br/>매일이 설레였고<br/>매일이 행복했었어<br/>그러니 더는 내게 미안해<br/>붙잡지 말아요<br/>현실은영화속 얘기완 달리<br/>좋은 이별이 우리에겐 있을지몰라<br/>우리 남이 되더라도<br/>미워는 하지말아요<br/>언젠가는 꺼내야 하는 얘기라면<br/>내가 말할게<br/>
"
4103,나의 하루들과 너의 하루들이 지금처럼 같기를,Ways (웨이즈)Ways (웨이즈),나의 하루들과 너의 하루들이 지금처럼 같기를,986,<dd>2019.06.25</dd>,"참 신기한 일이야<br/>너의 옆에 있는 게<br/>참 고마운 맘이야<br/>마음껏 다 줄 수 있음에<br/>평범한 하루 끝에 처음 널 봤어<br/>그렇게 우연히 시작됐어<br/>나의 하루들과 너의 하루들이<br/>지금처럼만 영원히 같기를<br/>매일 반짝이는 수놓은 별과<br/>나를 가득 담은 너의 두 눈을<br/>함께 볼 수 있다면<br/>참 좋겠다<br/>참 행복한 날이야<br/>네 손을 꼭 잡고 걸음에<br/>이토록 나도 사랑할 수 있구나<br/>널 향한 이맘 내겐 참 특별해<br/>나의 하루들과 너의 하루들이<br/>지금처럼만 영원히 같기를<br/>매일 반짝이는 수놓은 별과<br/>나를 가득 담은 너의 두 눈을<br/>함께 볼 수 있다면<br/>참 좋겠다<br/>고단했던 나의 하루도<br/>알 수 없던 내 미래도<br/>너 한사람 있어주면<br/>나의 하루 끝과 너의 하루 끝엔<br/>서로가 서로가 있기를<br/>매일 반짝이는 수놓은 별과<br/>나를 가득 담은 너의 두 눈을<br/>함께 볼 수 있다면<br/>참 좋겠다<br/>
"
4104,진심으로 날 사랑했다면 행복하지마 너도,김청일김청일,진심으로 날 사랑했다면 행복하지마 너도,"1,908",<dd>2019.06.25</dd>,"잘지내<br/>난 많이 힘겹더라 가끔 웃곤해도<br/>늘 함께였던 그 많은 기억들<br/>어딜가도 네가 있어서<br/>시간 지나면 다 잊혀진다던 말<br/>그 시간은 다르게 흐르나봐<br/>지금 변함없는 널 보면<br/>나에게만 느린 것 같아<br/>사랑해서 이렇게 힘들다면<br/>왜 나 혼자만 아파야 하는건데<br/>정말 진심으로 날 사랑했다면<br/>행복하지마 너도<br/>사랑한 만큼 후회도 없다는 말<br/>난 그 말을 참 쉽게 믿었나봐<br/>지금 변함없는 날 보면<br/>나에게는 거짓말 같아<br/>사랑해서 이렇게 힘들다면<br/>왜 나 혼자만 아파야 하는건데<br/>정말 진심으로 날 사랑했다면<br/>행복하지마<br/>가끔은 너도 날 생각해<br/>힘들어줘 나만큼 아니어도<br/>정말 진심으로 날 사랑했다면<br/>행복하지마 조금 더 아프다<br/>나를 잊어줘<br/>
"
4105,별자리 (Feat. Martian),오직 (O.zic)오직 (O.zic),별자리,530,<dd>2019.06.25</dd>,"어제도 몰랐는데<br/>너의 눈 옆에 너의 눈 옆에 <br/>까만색 별이 앉았네 <br/>어제 몰랐던 별을 찾았네 <br/>그 옆엔 아마도 행성 같아 <br/>우주가 내 눈앞에 있네<br/>그 안에서 난 떠다니고 있겠지 <br/>까만 점 들로 별자리를 만들었구나 <br/>You're my star<br/>너의 표정에 은하수 담겨져있네 <br/>오늘도 <br/>네 행성에 옆에는 <br/>작은 별자리를 채웠네 <br/>네 행성에 옆에는 <br/>작은 별자리를 채웠네 <br/>어제도 몰랐는데<br/>너의 눈 옆에 너의 눈 옆에 <br/>까만색 별이 앉았네 <br/>어제 몰랐던 별을 찾았네 <br/>행성 밖을 맴도네 <br/>별자리를 세웠네 <br/>까만 점 들로 별자리를 만들었구나 <br/>You're my star<br/>너의 표정에 은하수 담겨져있네 <br/>오늘도 <br/>네 행성에 옆에는 <br/>작은 별자리를 채웠네 <br/>네 행성에 옆에는 <br/>작은 별자리를 채웠네<br/>
"
4106,나만,전은철전은철,나만,128,<dd>2019.06.25</dd>,"넋을 놓다가 끌려간다 네 기억에<br/>그 말의 끝 굳게 담은<br/>너의 입술 눈빛<br/>모든걸 나눈 그 두사람은<br/>다시 모든걸 내려 놓고 있다<br/>참 멍청하다 굳이 너를 꺼내 놓고<br/>들리지도 않을 말을 별 의미도 없이<br/>떠나가지 말라는<br/>흔한 말을 한번 못해서<br/>머리 속으로만 되돌려 보다<br/>하나 하나 바꿔 놓는다<br/>난 매일 돌아가<br/>네가 슬프지 않게 울지 않게<br/>멈춘다 이 짓거리<br/>혼자 되뇌다 보면<br/>추억이 비웃고 있다<br/>멍하니 누워 네 생각을 가슴에 묻고<br/>그늘진 창가에 기대 억지도 부리고<br/>널 가질수 없단걸<br/>난 이미 알고있음에<br/>쳇바퀴 굴리듯 난 오늘도<br/>하나 하나 바꿔 놓는다<br/>난 매일 돌아가<br/>네가 슬프지 않게 울지 않게<br/>멈춘다 이 짓거리<br/>혼자 되뇌다 보면<br/>추억이 비웃고 있다<br/>잠시 눈을 감아봐<br/>아무것도 떠오르지 않을때<br/>지금 잠보다 이게 더 나으니까<br/>그렇게 아프더라도<br/>너만이 나를 살릴 수 있어<br/>더는 슬프지 않게 울지않게<br/>한참을 헤매다<br/>결국 돌아와 보면<br/>모든건 다 그대로였다<br/>나만<br/>
"
4107,Fallin`,김필김필,어비스 OST,789,<dd>2019.06.25</dd>,"so far away so far away now<br/>니가 헝클어 놓은 마음을 쓸어 담고<br/>eternally<br/>내가 가진걸 놓지 못해 이렇게<br/>매일 아침을 너로 물들여<br/>어두워진 밤엔 잠들 수도 없어<br/>가슴으로 널 감춰도<br/>변하지 않는 마음<br/>I'm so lonely<br/>you never know how it is<br/>비워낼 수 없게 차오르는 걸<br/>I am falling<br/>길고긴 하루 끝엔<br/>오롯이 새겨진 그리움 뿐<br/>falling just falling<br/>too far away too far away now<br/>내게 느껴지는 거리는 너무 멀어<br/>되새기네<br/>작은 흔적도 놓지 못해 이렇게<br/>눈이 부신 날로 가득해<br/>달라져버린 내 자신이 낯설어<br/>밤하늘에 그려지는<br/>달빛이 물든다<br/>I'm so lonely<br/>you never know how it is<br/>비워낼 수 없게 차오르는 걸<br/>I am falling<br/>길고긴 하루의 끝엔<br/>오롯이 새겨진 그리움<br/>falling I'm falling in love with you<br/>falling just falling<br/>
"
4108,지우고 싶어,비가 내리는 밤비가 내리는 밤,지우고 싶어,1,<dd>2019.06.25</dd>,"잊고 싶어<br/>우리의 처음 시작부터<br/>그때 널 마주치지 않았더라면<br/>이렇게 아프진 않을 텐데<br/>함께 지내온 시간이<br/>이렇게 공허히 비워질 거라면<br/>너의 말버릇<br/>사소한 표정들<br/>모두 잊어 보내고 싶어<br/>너는 떠났는데 난 너로만 살아<br/>언제쯤 정말 떠날 거니<br/>함께 지내온 시간이<br/>이렇게 공허히 비워질 거라면<br/>너의 말버릇<br/>사소한 표정들<br/>모두 잊어 보내고 싶어<br/>너는 떠났는데 난 너로만 살아<br/>언제쯤 정말 떠날 거니<br/>
"
4109,안아줄게요 (feat. 최희원),달로달로,안아줄게요,19,<dd>2019.06.25</dd>,"언제부터 그대 모습<br/>그렇게도 작았나요<br/>내게만 허락된 뒷모습<br/>안아줄게요<br/>그대는 나에게 언제나<br/>하늘이고 또 바다야<br/>더 이상 바라는 건 없어<br/>내가 될게요<br/>그대<br/>얼마나 참았나요<br/>그대<br/>얼마나 힘들었나요<br/>이젠<br/>함께 걸어가는 길<br/>더 이상 삼키지 말아요<br/>그대는 나에게 언제나<br/>하늘이고 또 바다야<br/>더 이상 바라는 건 없어<br/>내가 될게요<br/>
"
4110,Keep it all day (Feat. 김혜은),바이민 (by.Min)바이민 (by.Min),Keep it all day,15,<dd>2019.06.25</dd>,"길을 잃었죠<br/>낯익은 길들이<br/>기억이 안나요<br/>이곳은 어디죠<br/>분명 아는 길인데<br/>너무나 낯설어<br/>도대체 왜<br/>난 여기 있는가<br/>기억을 되뇌어봐도<br/>어두운 거리만 가득해요<br/>도대체 왜<br/>난 여기 이 자리를<br/>벗어나질 못하는 걸까요<br/>Keep it all day<br/>난 여기 이곳에<br/>Keep it all day <br/>난 여기에 있어<br/>네가 있는 곳은<br/>어디로 가야만<br/>찾을 수 있나요<br/>모르겠어<br/>난 길을 몰라서<br/>홀로 헤매이다 문득<br/>생각이 들었죠 <br/>이곳에서 가만히<br/>있으면 네가 돌아 올 까봐<br/>떠나질 못해 아직<br/>이 자릴<br/>Keep it all day<br/>난 여기 이곳에<br/>Keep it all day<br/>난 여기에 있어<br/>혹시나 지쳐 쉬고 싶을 때 니가<br/>이곳에 돌아올 수 있게 너와<br/>내가 알아볼 수 있도록<br/>표시를 해둘게<br/>그날의 기억을<br/>Keep it all day<br/>난 여기 이곳에<br/>가만히 있을 거야<br/>기다릴게길을 잃었죠<br/>낯익은 길들이<br/>기억이 안나요<br/>이곳은 어디죠<br/>분명 아는 길인데<br/>너무나 낯설어<br/>도대체 왜<br/>난 여기 있는가<br/>기억을 되뇌어봐도<br/>어두운 거리만 가득해요<br/>도대체 왜<br/>난 여기 이 자리를<br/>벗어나질 못하는 걸까요<br/>Keep it all day<br/>난 여기 이곳에<br/>Keep it all day<br/>난 여기에 있어<br/>네가 있는 곳은<br/>어디로 가야만<br/>찾을 수 있나요<br/>모르겠어<br/>난 길을 몰라서<br/>홀로 헤매이다 문득<br/>생각이 들었죠<br/>이곳에서 가만히<br/>있으면 네가 돌아 올 까봐<br/>떠나질 못해 아직<br/>이 자릴<br/>Keep it all day<br/>난 여기 이곳에<br/>Keep it all day<br/>난 여기에 있어<br/>혹시나 지쳐 쉬고 싶을 때 니가<br/>이곳에 돌아올 수 있게 너와<br/>내가 알아볼 수 있도록<br/>표시를 해둘게<br/>그날의 기억을<br/>Keep it all day<br/>난 여기 이곳에<br/>가만히 있을 거야<br/>기다릴게<br/>
"
4111,일기예보 (Feat. 오하윤),동회동회,일기예보,40,<dd>2019.06.25</dd>,"늘 구김도 없이 참 해맑던 우리<br/>다 영원할 거라 굳게 믿었죠<br/>단 하나의 티끌도 없던 시간들<br/>점점 흐려져 둘 사이를 멀게  했죠<br/>참 익숙한 우린 또 낯설게 변했고<br/>그 어색함 속에 길을 잃었죠<br/>다 결국에 이렇게 끝이 다가왔죠<br/>그댈 보내고 멍하니 난 제자리에<br/>그대 오늘의 오후에는 나<br/>한동안 시린 비에 울게 될지 몰라요<br/>그대란 우산 없이 나<br/>긴긴밤을 다<br/>견뎌낼 수 있을까요 이젠<br/>나 그대와 그린 내 찬란한 순간들<br/>다 되돌리는 건 욕심이겠죠<br/>내 이름을 부르던 그대 목소리<br/>그대 온기도 이젠 정말 모두 안녕<br/>그대 오늘의 오후에는 나<br/>한동안 시린 비에 울게 될지 몰라요<br/>그대란 우산 없이 나<br/>긴긴밤을 다 견뎌낼 수 있을까요<br/>한낮의 꿈결처럼 따사로운<br/>그때의 우린 잊지 못하겠죠<br/>환히 빛나는 시간들을<br/>내게 줘서 그동안 고마웠어요<br/>그대 어쩌면 오랜 밤을 나<br/>그대와 내 이별 속에<br/>흠뻑 젖어 든대도<br/>다가올 언젠가는 나<br/>비가 개고 햇살 가득 비추기를 부디<br/>먹먹한 마음에 고운 볕이 들길<br/>
"
4112,그때의 내가,하늘하늘,그때의 내가,4,<dd>2019.06.25</dd>,"늦었다고 말하지 마 아직 괜찮잖아<br/>그 말만은 하지 마 다시 돌아왔잖아<br/>그때의 내가 널 많이 울려서<br/>아프게 해서 속상하게 해서<br/>네 얼굴을 그려놨던 작은 수첩을<br/>아직 가슴 깊이 간직하고 있어<br/>잊으라고 말하지 마 난 너를 못 잊어<br/>기억하고 있잖아 너의 모든 것 들을<br/>그때의 내가 널 많이 울려서<br/>아프게 해서 속상하게 해서<br/>네 얼굴을 그려놨던 작은 수첩을<br/>아직 가슴 깊이 간직하고 있어<br/>네 얼굴을 그려놨던 작은 수첩을<br/>아직 가슴 깊이 간직하고 있어<br/>
"
4113,엄마 (feat. 김진성),조짜르트조짜르트,엄마,33,<dd>2019.06.25</dd>,"엄마 왜 이렇게 고생만 하고<br/>왜 이렇게 많은 사랑만 주고<br/>당신은 왜 이리 힘들게 사는지<br/>엄마 못난 아들인 거 같아서<br/>나잇값도 못 하는 거 같아서<br/>아직도 걱정만 시켜서<br/>미안해 사랑해<br/>나는 집도 돈도 꿈도 필요 없는데<br/>그냥 내 옆에서만<br/>그냥 건강하게만 있으면<br/>엄마 왜 이렇게 고생만 하고<br/>왜 이렇게 많은 사랑만 주고<br/>당신은 왜 이리 힘들게 사는지<br/>엄마 못난 아들인 거 같아서<br/>나잇값도 못 하는 거 같아서<br/>아직도 걱정만 시켜서<br/>미안해 사랑해<br/>나는 집도 돈도 꿈도 필요 없는데<br/>그냥 내 옆에서만<br/>그냥 건강하게만 있으면<br/>엄마 왜 이렇게 고생만 하고<br/>왜 이렇게 많은 사랑만 주고<br/>당신은 왜 이리 힘들게 사는지<br/>엄마 못난 아들인 거 같아서<br/>나잇값도 못 하는 거 같아서<br/>아직도 걱정만 시켜서<br/>미안해 사랑해<br/>
"
4114,Symbol [Feat. 김규리],최태양최태양,안산디자인문화고등학교 제 4회 창작가요제,68,<dd>2019.06.25</dd>,"You've be slowly<br/>I want to be your symbol<br/>Say love for me<br/>I will always glad to die<br/>넌 자꾸 날 미치게 해 네 향기와<br/>네 눈빛<br/>곧 돌아버릴 것 같아<br/>Don't leave me babe 떠나지마<br/>그대로 있어줘<br/>Baby call me in the dark<br/>where you are<br/>여긴 너무 어두워<br/>Don't leave me babe need you<br/>Fall in love<br/>eh eh eh<br/>Fall in love<br/>Fall in love<br/>eh eh eh<br/>Fall in love<br/>Fall in love<br/>You've be slowly<br/>I want to be your symbol<br/>Say i love you<br/>You will deep for me<br/>넌 자꾸 날 지치게 해<br/>흐릿해진 네 모습<br/>넌 사라진 것 만 같아<br/>Don't leave me babe 떠나지마<br/>내게 머물러줘<br/>Baby call me in the dark<br/>where you are<br/>여긴 너무 어두워<br/>Don't leave me babe need you<br/>Fall in love<br/>eh eh eh<br/>Fall in love<br/>Fall in love<br/>eh eh eh<br/>Fall in love<br/>Fall in love<br/>You've be slowly<br/>I want to be your symbol <br/>Say love for me<br/>I'll be your<br/>Fall in love<br/>yeah<br/>Fall in love<br/>Fall in love<br/>eh eh eh<br/>Fall in love<br/>Fall in love<br/>
"
4115,기억하다,금이다 (I`m Gold)금이다 (I`m Gold),기억하다,18,<dd>2019.06.25</dd>,가사가 없습니다
4116,너여야만 해,정민홍정민홍,너여야만 해(De.F Jun),35,<dd>2019.06.25</dd>,"나는 아직도<br/>이 이별을 믿지못해<br/>넌 아무렇지도 않니<br/>잘 지내라는 네 말<br/>다 진심이 아니기를<br/>That's a lie<br/>Come back to me<br/>다 미안하다고<br/>이건 아니라고<br/>눈물을 흘리며<br/>너에게 말해봐도<br/>날 떠나간<br/>너는 돌아보질 않잖아<br/>널 보낼 수 없어<br/>내게 돌아와줘<br/>너와 나의 추억<br/>너무나 선명해서<br/>너와의 기억을 놓지못해<br/>매일 밤들을 잠 못드는 나인데<br/>널 잊으려고 할수록<br/>더욱 선명해지는 너<br/>제발 날 떠나지 마<br/>미친 듯 불러도<br/>더욱 멀어지는 너<br/>널 지우려고 할수록<br/>번져만 갈텐데<br/>아직 널 보낼수가 없어<br/>난 결국 너여야만 해<br/>다 이해한다고<br/>다 후회한다고<br/>떠난 순간마저<br/>이렇게 불러봐도<br/>날 떠나간<br/>네겐 닿을 수가 없잖아<br/>널 잡을 수 없어<br/>되돌릴 수 없어<br/>네 뒷 모습 마저<br/>아프게 차가워서<br/>너와의 추억을 놓지 못해<br/>매일 밤들을 견딜 수가 없는데<br/>널 잊으려고 할수록<br/>더욱 선명해지는 너<br/>제발 날 떠나지 마<br/>미친 듯 불러도<br/>더욱 멀어지는 너<br/>널 지우려고 할수록<br/>번져만 갈텐데<br/>아직 널 보낼수가 없어<br/>돌아오지 않을 너지만<br/>사진 속에 있는 우리<br/>이렇게 남아있는데<br/>
"
4117,엄마(Mom),류화평류화평,엄마(Mom),37,<dd>2019.06.25</dd>,"철 없던 나의 그 시절이<br/>왜 이리도 부끄러운지<br/>당신에게 나는 너무나도 부족하고<br/>또 맘이 여린 한 없이도<br/>모자란 아이였을텐데<br/>내 사람 매일매일 불러도<br/>너무 보고싶고<br/>그리운 내 소중한 사람<br/>내 모든걸 다 받아주고<br/>내 모든걸 다 들어주는<br/>세상 가장 아름다운<br/>사랑하는 나의 엄마여<br/>남들처럼 그냥 그렇게<br/>살아가면 안되나요<br/>내 앞에서 같이 살아가면 안되나요<br/>서로를 마주보면서<br/>하루하루 우리 같이 늙어가요<br/>세상에 하나뿐인 나의 엄마여<br/>내 사람 내게 사랑만 준 사람<br/>하루 온종일<br/>그대 가슴엔 상처뿐인데<br/>항상 날 위해서 기도하고<br/>날 위해 또 울어주는<br/>세상 가장 아름다운<br/>사랑하는 나의 엄마여<br/>남들처럼 그냥 그렇게<br/>살아가면 안되나요<br/>내 앞에서 같이 살아가면 안되나요<br/>서로를 마주보면서<br/>하루하루 우리 같이 늙어가요<br/>세상에 하나뿐인 나의 엄마여<br/>왜 아무말도 하지 않았나요<br/>나 때문에 많이 아팠을텐데<br/>당신의 넘치는<br/>사랑과 눈물의 기도를<br/>평생 기억하며 살아갈게요<br/>남들처럼 그냥 그렇게<br/>살아가면 안되나요<br/>내 앞에서 같이 살아가면 안돼요<br/>서로를 마주보면서<br/>하루하루 우리 같이 늙어가요<br/>세상에 하나뿐인 나의 엄마여<br/>
"
4118,나 혼자 느린,송재홍송재홍,나 혼자 느린,8,<dd>2019.06.25</dd>,"비 내리는 어느 4월의 오후<br/>창가에 맺힌 빗방울 보며<br/>나지막이 들려오는 이 노래에 젖는다<br/>나 혼자 느린 이 시간들에<br/>무너지는 나의 마음<br/>먼 길을 돌아 오랜 시간 걷던<br/>그 때의 우린 이젠<br/>나 혼자만 간직하는<br/>소리 없이 내 손을 스친<br/>작은 바람에 문득 떠오른<br/>부드럽던 너의 손을 잡은<br/>그 날들이 그립다<br/>나 혼자 느린 이 시간들에<br/>무너지는 나의 마음<br/>먼 길을 돌아 오랜 시간 걷던<br/>그 때의 우린 이젠<br/>나 혼자만 간직하는<br/>지금 벌어진 마음<br/>틈사이로 네가 흘러<br/>잡을 수도 채울 수도 없이<br/>바라만 보네<br/>나 혼자 느린 이 시간들에<br/>무너지는 나의 마음<br/>먼 길을 돌아 오랜 시간 걷던<br/>그 때의 우린 이젠<br/>나 혼자만 간직하는<br/>
"
4119,아픈만큼,김민준김민준,아픈만큼,20,<dd>2019.06.25</dd>,"함께걷던그거리에<br/>그대향기가 어린다<br/>함께찍던그사진<br/>그대모습이 어린다<br/>함께하던 모든순간이<br/>나에게는 행복이었다<br/>잊고싶다 보고싶다<br/>나도모를 내맘이 자꾸들려온다<br/>아픈만큼 너를 잊고싶은데<br/>아픈만큼 널 지우고싶은데<br/>마음은 내머리와는 달라서<br/>안놔줘 내맘이 너를 안놔줘<br/>혼자걷는 그거리에<br/>쓸쓸함이 남는다<br/>혼자찍는 그사진<br/>그리움만 남는다<br/>혼자하는 모든순간이<br/>나에게는 아픔이었다<br/>더 잘할껄 붙잡을껄<br/>해선 안될후회를 오늘도 해본다<br/>아픈만큼 너를 잊고싶은데<br/>아픈만큼 널 지우고 싶은데<br/>마음은 내머리와는 달라서<br/>안놔줘 내맘이 너를 안놔줘<br/>언제나 널지키고 싶었는데<br/>끝까지 함께하고 싶었는데<br/>현실은 내바램과는 달라서<br/>남겨진 내사랑만 아프잖아<br/>미안해 미안해 미안해<br/>
"
4120,우리 안녕이 자연스러워서,데이브레이크 (DAYBREAK)데이브레이크 (DAYBREAK),우리 안녕이 자연스러워서,"4,578",<dd>2019.06.24</dd>,"그래 나 겁이 났었어 <br/>다신 못 볼 것 같아서 <br/>미루고 또 미뤄왔어 <br/>마지막 인사를 하면 <br/>다신 못 볼 것 같은데 <br/>뭐라도 남겨야 했는데 <br/>그때 좀 더 꽉 안아줄 걸<br/>그때 좀 더 솔직히 얘기할 걸<br/>작은 입맞춤이라도 있었다면 <br/>너 없는 밤은 차가웁겠지 <br/>길고 길겠지 <br/>So Long So Long 이 밤 <br/>그래도 그날의 햇살은 <br/>참 뜨겁고 좋았어 <br/>So Long So Long <br/>우리 안녕이 너무 자연스러워서 <br/>난 웃펐어<br/>네가 덜 슬퍼했으면 <br/>네가 덜 외로웠으면 <br/>네가 더 행복했으면 <br/>재채기하듯 자연스러운 <br/>그런 것이길 바라며 <br/>아무것도 아닌 내가 되어도 좋아 <br/>좀 더 꽉 안아줄 걸<br/>그때 좀 더 솔직히 얘기할 걸<br/>꿈속에서라도 <br/>너와 내일인 오늘이면 안 될까 <br/>너 없는 밤은 차가웁겠지 <br/>길고 길겠지 <br/>So Long So Long 이 밤 <br/>그래도 그날의 햇살은 <br/>참 뜨겁고 좋았어 <br/>So Long So Long <br/>우리 안녕이 너무 자연스러워서 <br/>난 기뻤어 <br/>오 <br/>너 없는 밤은 이리도 <br/>깊어 길고 길겠지 <br/>So Long So Long 이 밤 <br/>그날의 햇살은 너무 아려 <br/>분명 좋았는데 <br/>So Long So Long <br/>안녕 그래 안녕 <br/>차가운 이 밤들은 <br/>So Long So Long Every Night<br/>따가운 햇살들은 <br/>So Long So Long Every Night<br/>차가운 이 밤들은<br/>So Long So Long Every Night<br/>따가운 햇살들은<br/>So Long So Long Every Night<br/>
"
4121,한심해,빈센트블루빈센트블루,한심해,"3,583",<dd>2019.06.24</dd>,"한심해 나라는 건<br/>이렇게 무의미했는지<br/>시작이 두려운 건지<br/>이해가 안 돼<br/>우울해 먼저는 난<br/>이렇게 두려운 것인지<br/>아픔이 꺼려지는지<br/>이해가 안 돼<br/>꺼내는 게 난 부끄러워서<br/>이렇게 혼자 속만 태워놔<br/>더이상 숨기면 안 되는데<br/>한심해 죽을 듯이 좋아해봤자<br/>이러다 끝나겠다 싶어<br/>꺼내는 게 난 부끄러워서<br/>이렇게 혼자 속만 태워놔<br/>더이상 숨기면 안 되는데<br/>억울해 마음은 정말<br/>이렇게 무거운데<br/>남들이 가볍게 봐<br/>이해가 안 돼<br/>이러다 끝나는 레퍼토리가<br/>이젠 지겨워<br/>한 번만 용기 내면 될 일인데<br/>나는 왜 이럴까<br/>한심해 마음은 정말<br/>이렇게 무거운데<br/>남들이 가볍게 봐<br/>난 아닌데<br/>
"
4122,I`m Loosing You,클랑 (KLANG)클랑 (KLANG),바람이 분다 OST Part.4,416,<dd>2019.06.24</dd>,"멈춰진 그 시간속 익숙했던 그 날들<br/>너의 숨결도 너의 손길도<br/>그대로 멈춰져 있는데<br/>내 안에 남아있는 눈물로 변해버린<br/>그댈 향한 슬픔만이 남아<br/>I'm cryingout tonigh<br/>I’m loosing my way<br/>somebody tell me<br/>I don’t know what to do<br/>No one answers me how to forget you<br/>I’m feeling so lost<br/>I'm loosing you now<br/>I'm loosing you now<br/>I'm loosing you now<br/>I'm loosing you now<br/>남겨진 흔적이 너라서<br/>잊혀지질 않아<br/>그대 안에 물들어질<br/>내 기억속에 흐려질<br/>그댈 향한 눈물만이 남아<br/>I'm cryingout tonigh<br/>I’m loosing my way<br/>somebody tell me<br/>I don’t know what to do<br/>No one answers me<br/>how to forget you<br/>I’m feeling so lost<br/>Tell me where you are<br/>눈을감고 느껴 그대를<br/>또한번 다가서<br/>널 떠올려 더 멀어지기 전에<br/>닿을수없어 보이지 않아<br/>I'm loosing you<br/>I'm cryingout tonigh<br/>I’m loosing my way<br/>somebody tell me<br/>I don’t know what to do<br/>No one answers me how to forget you<br/>I’m feeling so lost<br/>I'm loosing you now<br/>I'm loosing you now<br/>I'm loosing you now<br/>I'm loosing you now<br/>
"
4123,사랑을 말해요,SondiaSondia,초면에 사랑합니다 OST Part.11,"1,749",<dd>2019.06.24</dd>,"단 한번도 할 수 없던<br/>나의 마음에 숨겨둔 얘기들<br/>어떤 방법도 없었던<br/>설명할 수도 없었던 내 사랑이죠<br/>빗방울이 떨어지는 그 소리에<br/>그대 옆에서<br/>조금씩 더 다가가 물들어가요<br/>불안한 내 맘이 그대를 만나서<br/>사랑의 시작을 알게 되었죠<br/>점점 가까워진 그댈 어떻게 하죠<br/>용기 낼 수 없는 난<br/>그대 눈을 볼 때면<br/>숨을 참았죠 가슴이 떨려서<br/>나도 잘 알고 있는데<br/>더 용기 낼 수 없어서 내가 미워요<br/>우연히 맞닿은 손 끝에<br/>떨리는 그대 눈빛이<br/>나를 알고 있을까 두려워져요<br/>하루의 시작과 내 하루의 끝도<br/>온종일 내게는 그대뿐인데<br/>이뤄 질 수 없는 이 사랑을 바라죠<br/>이런 나를 아나요<br/>후회만 남을지도 모를 운명일까요<br/>뒤에서 사랑해요 나는<br/>그대와의 시간 어떤 순간 보다<br/>나에겐 정말 더 소중했어요<br/>일분 일초라도 버릴 수 없어서<br/>이 사랑을 말해요<br/>
"
4124,익숙하지 않은 이별,비비안 (BBAHN)비비안 (BBAHN),익숙하지 않은 이별,141,<dd>2019.06.24</dd>,"몇번의 이별을 해야<br/>익숙해지는 건지<br/>헤어짐의 아픔을 견뎌내는 일<br/>몇번의 사랑을 했고<br/>이제서야 견딜만한 것 같아<br/>안심했던 나야<br/>하루에도 몇번씩 니가 또 생각나<br/>우리 추억에 자꾸만 서성이는 나<br/>사랑한다 사랑한다 그 말을<br/>다 뱉어도 보고 싶어<br/>나 미칠듯 니가 그리워<br/>보고싶다 보고싶다<br/>널 소리쳐 불러봐도<br/>난 너의 빈자리만<br/>아직도 니가 그리워<br/>잠시라도 혼자선 자신없어<br/>가슴이 아파와<br/>하루에도 몇번씩 니가 또 생각나<br/>우리 추억에 자꾸만 서성이는 나<br/>사랑한다 사랑한다<br/>그 말을 다 뱉어도 보고 싶어<br/>나 미칠듯 니가 그리워<br/>보고싶다 보고싶다<br/>널 소리쳐 불러봐도<br/>난 너의 빈자리만<br/>기다린다면 혹시 돌아올까봐<br/>아직 나는 여기 서있어<br/>사랑한다 사랑한다<br/>그 말을 다 뱉어도 보고 싶어<br/>나 미칠 듯 니가 그리워<br/>보고싶다 보고싶다<br/>널 소리쳐 불러봐도<br/>난 너의 빈자리만<br/>
"
4125,그때도 우리였으면 좋겠다,해빗해빗,그때도 우리였으면 좋겠다,46,<dd>2019.06.24</dd>,"어쩌면 우리가 다시<br/>예전처럼 꿈꿀 수 있을까요<br/>믿을 수 있나요<br/>내 어두운 표정이 이 모든 아침이<br/>다 달라졌어요<br/>오 내가 좀 더 특별해졌어요<br/>정말 그런걸요<br/>헤어진 그 후로<br/>나는 어른이 된 것 같아 아마<br/>우리를 위했던 시간이었었나봐<br/>믿을 수 있나요<br/>간절한 마음을 그때 그 밤들을<br/>기억해요<br/>나 다시는 그대 놓지 않을 거야<br/>절대 놓지 않아<br/>잠시만 아주 잠시만 내게 기대줘요<br/>나의 확신이 느껴지나요<br/>난 언제나 그대가 그대여야 해요<br/>먼 훗날 그때도 우리였음 좋겠어요<br/>
"
4126,뒷모습,비가 내리는 밤비가 내리는 밤,뒷모습,0,<dd>2019.06.24</dd>,"네가 떠난 이후로<br/>하루하루 꿈을 꾸는 것 같아<br/>지나온 그날들<br/>그저 우린 서로가 있어 좋았었는데<br/>가지 말라고 말을 해봐도<br/>우리의 사랑은 식었다<br/>그 말 한마디를 남기고<br/>울면서 뒤돌아 가는 너<br/>차마 잡을 수가 없어서<br/>그대의 멀어져 가는<br/>뒷모습만 봐요<br/>가지 말라고 말을 해봐도<br/>우리의 사랑은 식었다<br/>그 말 한마디를 남기고<br/>울면서 뒤돌아 가는 너<br/>차마 잡을 수가 없어서<br/>그대의 멀어져 가는<br/>뒷모습만 봐요<br/>
"
4127,내가 더 사랑했더라면,조순종조순종,내가 더 사랑했더라면,1,<dd>2019.06.24</dd>,가사가 없습니다
4128,꿈 (feat. 정가람),빅가이로빈 (bigguyrobin)빅가이로빈 (bigguyrobin),Dream,67,<dd>2019.06.24</dd>,"숨을크게 내쉬어도<br/>풀리지 않는 긴긴밤에<br/>억지로 끼워 맞춘<br/>내 모습이 그대는 어떤가요<br/>i steel love you<br/>내 마음이 들리나요<br/>저 달빛에 흔들리던<br/>내 모습이 보이나요<br/>초라해진 날<br/>바라보던 그댄<br/>알 수 없겠죠<br/>그대 없는 조용한 밤엔<br/>망가져요 나는 없어요<br/>그대 내 꿈속에 들어와<br/>사랑한다 말해준 다면<br/>그때는 보내줄게요<br/>i will for you<br/>내 세상은 그대네요<br/>이 주위를 둘러봐도<br/>더는 없는 그대라는 사람<br/>나는 또<br/>잠이 오지 않는 방안에<br/>힘겹게 눈을 감고<br/>그댈 그리고 있네요<br/>그대 없는 조용한 밤엔<br/>망가져요 나는 없어요<br/>그대 내 꿈속에 들어와<br/>사랑한다 말해준 다면<br/>그때는 보내줄게<br/>오늘 밤도 drawing you<br/>지나가겠지만 아직은 아니니까<br/>자주 보던 저 별들과<br/>항상 똑같은 꿈속에 취해<br/>오늘도 행복한 듯 잠들게요<br/>그대 없는 조용한 밤엔<br/>망가지고 나는 없어요 안되겠지만<br/>그대 내 꿈속에 들어와<br/>사랑한다 말해준 다면<br/>그때는 보내줄게요<br/>
"
4129,안단테,시슬리시슬리,안단테,1,<dd>2019.06.24</dd>,"안단테 안단테<br/>너와의 시간이 조금 느리면 어때<br/>서두를 필요 없잖아<br/>천천히 가다보면<br/>아름다운 시간이 될거야<br/>멀어지지 않을거야<br/>만남은 짧고 그리움은 긴 우리<br/>그러기에 사랑은 깊어지겠죠<br/>그렇죠 그렇게 바라고 싶죠<br/>안단테 안단테 너와의 만남<br/>이 조금 서툴면 어때<br/>우리 그렇게 아파했는데<br/>이런날이 오지 않을 줄<br/>함께 웃을수 있는 날<br/>함께 행복할 수 있는 날<br/>간절히 원하죠 여기까지 온거죠<br/>안단테 안단테 너와의 시간이<br/>조금 느리면 어때<br/>느리다고 우리 속상해 말아요<br/>아직 끝나지 않았으니<br/>끝난게 끝나게 아니듯이<br/>앞으로 펼쳐질 수많은 악장들이<br/>오케스트라 연주에<br/>클라이막스처럼<br/>안단테 안단테 너와의 만남이<br/>조금 서툴면 어때<br/>무엇을 바라고 무엇을 원하는지<br/>알수는 없지만<br/>한발씩 내딛는 발걸음이<br/>우리 사랑을 지켜줄꺼야<br/>안단테 안단테 우리사랑<br/>안단테 안단테 기다려줘<br/>
"
4130,날 봐 (Feat. 이요셉 (Piano Only Ver.)),FM43FM43,날 봐 (Piano Only Ver.),10,<dd>2019.06.24</dd>,가사가 없습니다
4131,예전에,구본웅 (Ku Bon Woong)구본웅 (Ku Bon Woong),예전에,0,<dd>2019.06.24</dd>,"예전에 니가<br/>그때와는 같지않아<br/>놀란얼굴 낯설게만<br/>느껴질까<br/>오 오오오 오 오오오<br/>스무살에 우리<br/>저녁마다 만났잖아<br/>진실게임 밤에취해<br/>얼굴빨개<br/>오 오오오 오 오오오<br/>오 오오오 오 오오오<br/>오 오오오 오 오오오<br/>
"
4132,준 (JUNE),윤대천윤대천,준 (JUNE),9,<dd>2019.06.24</dd>,"잘 자라주렴 우리 사랑 듬뿍 받고<br/>오늘 하루도 안녕하기를<br/>잘 웃어주렴 늘 지금처럼만<br/>매일 매일이 즐거웁기를<br/>바란단다 오늘 꿈속엔<br/>어떤 동산에 갈거니<br/>준 손잡고 같이 가볼까<br/>딴 딴 딴 딴<br/>딴 딴딴딴<br/>딴 딴딴 딴 딴딴<br/>잘 자고 잘 먹고 잘 뛰어놀고<br/>오늘 하루는 어땠는지<br/>말해주렴 하루 동안에<br/>어떤 하늘을 보았니<br/>준 손잡고 날아 가볼까<br/>딴 딴 딴 딴<br/>딴 딴딴 딴<br/>딴 딴딴 딴 딴 딴딴<br/>
"
4133,다시 너,피아노맨피아노맨,다시 너,"5,780",<dd>2019.06.23</dd>,"잘 지냈지<br/>몇 년 만에 우리가 첨으로 나눈 인사<br/>여전히 너의 눈과 표정<br/>변한 게 없구나<br/>태연한 척<br/>서로 안불 묻지만<br/>너와 눈이 맞닿는 순간에<br/>나도 몰래 자꾸 심장이 아려와<br/>너는 그땐 참 어설펐었다며<br/>여자 맘을 몰라준<br/>바보같은 사람 이었다고<br/>아무렇지 않은 듯 내게<br/>얘기하는 널 앞에 두고<br/>다시 생각해도<br/>난 다시 돌아가고 싶어<br/>참 어렵겠지만<br/>널 사랑했던 그땐 차마<br/>하지 못 했었던 그 말<br/>이제서야 미안해<br/>어쩌면 다시 한다는 게<br/>처음 만난 시절보다<br/>어색할 수도 있어<br/>하나 내가 약속할게 이젠<br/>다시는 널 혼자 외롭게 두진 않을게<br/>혜화동 거릴 거닐곤 할 때면<br/>참 어렸던 그때가<br/>가끔 너는 그립곤 했다고<br/>아무렇지 않은 듯 내게<br/>얘기하는 널 앞에 두고<br/>다시 생각해도<br/>난 다시 돌아가고 싶어<br/>참 어렵겠지만<br/>널 사랑했던 그땐 차마<br/>하지 못 했었던 그 말<br/>이제서야 미안해<br/>어쩌면 다시 한다는 게<br/>처음 만난 시절보다<br/>어색할 수도 있어<br/>하나 내가 약속할게 이젠<br/>다시는 널 혼자 외롭게 두진 않을게<br/>꽤 많은 시간 흘러<br/>이렇게 우리가 다시 만나도<br/>어제 만난 것처럼 자연스럽게<br/>웃는 넌 참 아름다워<br/>다시 시작하면<br/>난 많이 잘해주고 싶어<br/>사소한 것부터<br/>참 어설펐던 그땐 차마<br/>하지 못했었던 그 말<br/>이젠 할게 사랑해<br/>어쩌면 다시 하는 우리<br/>처음 만난 시절보다<br/>사랑할 것만 같아<br/>멀리 돌아와서 미안 이젠<br/>다시는 절대로 헤어지지 않기로 해<br/>
"
4134,You`re my one,썸머 (Summer)썸머 (Summer),조선생존기 OST Part.2,203,<dd>2019.06.23</dd>,"기나긴 꿈 속에서<br/>너의 곁에 있을까<br/>모든 게 멈춘 듯 해<br/>널 바라볼 때면<br/>차가웠던 내게로 너의<br/>온기가 닿으면<br/>멈춰있던 내 가슴 속에<br/>네가 또 번져가<br/>스치는 바람이 날<br/>흩어진 시간이 널<br/>그렇게 우릴 지나쳐 가네<br/>Wherever you are<br/>난 다시 또 너를<br/>내 안의 너를 찾아가<br/>모든 순간들이<br/>내게는 너라서<br/>이렇게 널 부를게<br/>oh You’re my love<br/>You’re my one<br/>한순간 다가왔던<br/>너라는 운명을<br/>어느 날 그 언젠간<br/>전할 수 있을까<br/>따스한 눈빛이 날<br/>아득한 기억이 널<br/>그렇게 우릴 지나쳐가네<br/>Wherever you are<br/>난 다시 또 너를<br/>내 안의 너를 찾아가<br/>모든 순간들이<br/>내게는 너라서<br/>이렇게 널 부를게<br/>oh You’re my love<br/>멈출 수 없이<br/>커져간 널 향한 마음은<br/>오래도록 여기 남아<br/>매 순간 너를 기다려<br/>Wherever you are<br/>내게 와준 너를<br/>전부인 너를 사랑해<br/>모든 시간들이<br/>내겐 너이기에<br/>수없이 나 외칠게<br/>oh You’re my love<br/>You’re my one<br/>
"
4135,너는 왜 날 사랑하지 않았을까 (With 은종),새봄 (saevom)새봄 (saevom),6` 너는 왜 날 사랑하지 않았을까,"3,499",<dd>2019.06.23</dd>,"너는 왜 나를 사랑하지 않았을까<br/>쏟아지는 생각에 또다시 울음이 터져 <br/>잘 된 일이라고 날 달래봐도<br/>좋았던 기억 끝엔 항상 네가 있어<br/>너는 왜 내게 화를 내지 않았을까<br/>혼자 널 미워하다 사랑했던 어제의 나<br/>못된 생각들을 애써 들켜봐도<br/>너의 침묵은 더 주저앉게 했어<br/>한 번쯤은 너<br/>아니 실수라도<br/>전화 걸 수도 있잖아<br/>쉬운 말들로<br/>날 속였대도<br/>다시 흔들릴 텐데<br/>그렇게 전부 잊은 듯<br/>우리가 한 번도<br/>없었던 것처럼<br/>너는 정말 나를<br/>사랑하지 않았을까<br/>너는 왜 내게 애태우지 않았을까<br/>언제부터였을까 기억을 되짚어 보네<br/>바슬거리던 나 말이 없던 너<br/>무뎌지는 너와 무너지는 나를<br/>한 번쯤은 너<br/>아니 술에 취해<br/>찾아올 수도 있잖아<br/>흔한 말들로<br/>다가온대도<br/>다시 사랑할 텐데<br/>그렇게 쉽게 잊은 듯<br/>우리가 한 번도<br/>없었던 것처럼<br/>너는 정말 나를<br/>사랑하지 않았을까<br/>아마 우리는 꼭 같은 맘일 거라고<br/>너도 아플 거라는 헛된 기대를 했나 봐<br/>난 안 되겠는데 이젠 안 되겠는데<br/>너의 걸음은 지금 어디쯤 멈춰 있는지<br/>지금이라도<br/>아니 언제라도<br/>너에게 가고 싶어<br/>너도 알잖아<br/>내가 널 얼마나<br/>사랑했는지<br/>너에게 그리움이 채 닿기도 전에<br/>이렇게 무너질 나약한 나를<br/>이런 나를 잘 알잖아<br/>
"
4136,사랑은 창밖에 빗물 같아요 (feat. 메일(Mail)),DKDK,사랑은 창밖에 빗물 같아요,"1,811",<dd>2019.06.22</dd>,"툭툭툭 <br/>내 맘에 또 비가 내려 <br/>툭툭툭 <br/>먼지처럼 털어내 봐도 <br/>자꾸만 쌓이는데 <br/>긴 밤이 지나고 <br/>다시 또 아침이 오면 <br/>고개를 들어봐 <br/>눈부신 세상인 걸<br/>아무도 없는 밤 <br/>혼자 이 길을 걷다 보면 <br/>괜찮아 괜찮아 <br/>흐르는 눈물이 <br/>언젠가는 지나가는 비처럼 <br/>아무도 모르게 <br/>숨죽여 참아 왔던 날 <br/>괜찮아 괜찮아 <br/>아팠던 기억들 <br/>털어내고 다시 꿈을 꾸는 거야 <br/>이 비가 그치고 <br/>따스한 햇살이 비추면 <br/>오래된 얘기처럼 <br/>다시 또 꿈처럼 <br/>모두 다 추억이 될거야 <br/>비 개인 아침에 <br/>저 멀리 하늘을 보며 <br/>두 손을 뻗어봐 <br/>너에게 닿을듯해<br/>아무도 없는 밤 <br/>혼자 이 길을 걷다 보면 <br/>괜찮아 괜찮아 <br/>흐르는 눈물이 <br/>언젠가는 지나가는 비처럼 <br/>아무도 모르게 <br/>숨죽여 참아 왔던 날 <br/>괜찮아 괜찮아 <br/>아팠던 기억들 <br/>털어내고 다시 꿈을 꾸는 거야 <br/>잠시 뿐인 순간 소나기처럼 <br/>돌아보면 아득한 연기처럼 <br/>내일이면 <br/>다시 또 웃게 될거야 괜찮아 <br/>이 비가 그치고 <br/>따스한 햇살이 비추면<br/>힘겨운 세상도 <br/>언제나 내가 있으니까 <br/>괜찮아 괜찮아 <br/>아팠던 시간이 <br/>언젠가는 다시 피는 꽃처럼 <br/>모든게 변해도 <br/>지나간 소나기처럼 <br/>괜찮아 괜찮아 <br/>우리의 날들이 <br/>올거라고 다시 꿈을 꾸는 거야 <br/>툭툭툭 <br/>다시 한번 털어내고 <br/>툭툭툭 <br/>다시 한번 일어나볼게 <br/>난 쓰러지지 않아 <br/>
"
4137,마지막 소원 (Last Wish),정혜선(JERASTAR)정혜선(JERASTAR),WISH,93,<dd>2019.06.22</dd>,"너니까 ah<br/>날 미치게 만드는 것도<br/>숨쉬게 해주는 것도<br/>오직 너 너너너 너만 가능해<br/>가지마 떠나지마<br/>날 두고 나나 너 나만 두고<br/>차가워진 체온<br/>감겨버린 두 눈<br/>어떡해 어떡해 어떡해<br/>되돌려 지니야<br/>지금 바로 마법 보여줘<br/>아냐 아냐 이건 아냐<br/>다 꿈야 꿈야<br/>제발 꿈이라고 말해줘<br/>전부 되돌려<br/>바로 이게 내 마지막 소원<br/>마지막 소원은 아직 말하지마<br/>차마 뚜껑 열어볼 수 없는<br/>요술 항아리처럼 그 속에 묻어둬<br/>아주 한참 지난 후 급할 때 꺼내<br/>먼 훗날 마음이 단단해졌을 때<br/>니 소원 들어줄게 아직은 아냐<br/>없어지지마<br/>싸늘한 미소도 흘리지마<br/>감춰줘 점점 변해가는 모습<br/>착각 응 착각 착각 착각하게 해줘<br/>여유가 없어 이유가 없어 헤어질 너와<br/>헤어질 다 해져버릴 그런<br/>내 자신이라도 괜찮아<br/>너니까 ah<br/>먹구름이 밀려와 덮치기 직전<br/>내 손잡고 달려나가 재빨리 피해<br/>동굴 속 숨어서 폭풍 위험 지나<br/>고요해진 후<br/>비 바람 잠잠해진 언덕에 올라<br/>니 소원 들어줄게 이 세상 떠날거란<br/>말만하지마<br/>싸늘한 미소도 흘리지마<br/>감춰줘 점점 어두워지는 낯빛<br/>착각 응 착각 착각 착각하게 해줘<br/>여유가 없어 이유가 없어<br/>헤어질 너와 헤어질 다 해져버릴<br/>그런 내 자신이라도<br/>괜찮아<br/>너니까 ah<br/>날 미치게 만드는 것도<br/>숨쉬게 해주는 것도<br/>오직 너 너너너 너만 가능해<br/>가지마 떠나지마<br/>날 두고 나나 너 나만 두고<br/>차가워진 체온<br/>감겨버린 두 눈<br/>어떡해 어떡해 어떡해<br/>되돌려 지니야<br/>지금 바로 마법 보여줘<br/>아냐 아냐 이건 아냐<br/>다 꿈야 꿈야<br/>제발 꿈이라고 말해줘<br/>전부 되돌려<br/>바로 이게 내 마지막 소원<br/>
"
4138,마지못해 (Vocal by 윤원),"더필름, 윤 원더필름, 윤 원",마지못해 (Prod. 더필름 Vol.2),925,<dd>2019.06.22</dd>,"자꾸만 생각난다 <br/>다 잊은줄 알았는데 <br/>나도 몰래 불어온다 <br/>너라는 바람이 분다 <br/>어디에 숨어 나를 자꾸 놀릴거니<br/>꿈에서 너를 본다 <br/>다 끝난 줄 알았는데 <br/>입술이 바짝 마른다 <br/>어깨가 살짝 떨린다 <br/>어디에서 넌 나를 자꾸 부를테니<br/>마지못해 <br/>내 한숨속에 너를 그린다 <br/>마지못해 <br/>내 가슴속에 너를 묻는다 <br/>마지못해 <br/>내 기억속에 너를 지운다 <br/>운다 운다 <br/>그렇게 울다가 <br/>그렇게 울다 잠이 든다<br/>아침에 눈을 뜬다 <br/>꿈이라 참 다행이다 <br/>그런데도 생각난다 <br/>또렷하게 다가온다 <br/>하루종일 난 <br/>손에 일이 잡히지가 않고<br/>마지못해 <br/>내 한숨속에 너를 그린다 <br/>마지못해 <br/>내 가슴속에 너를 묻는다 <br/>마지못해 <br/>내 기억속에 너를 지운다 <br/>운다 운다 <br/>그렇게 울다가 <br/>그렇게 울다 잠이 든다 <br/>마지못해 <br/>내 꿈에서라도 널 부른다 <br/>마지못해 <br/>지키지 못할 눈물 흐른다 <br/>하지만 넌 <br/>잘 지내냐는 말도 <br/>내게 하지 못하고 <br/>더 하지 못하고 <br/>그렇게 울다가 <br/>그렇게 울다 떠나간다 <br/>마지못해 내 한숨속에 너를 그린다 <br/>마지못해 내 가슴속에 너를 묻는다 <br/>마지못해 안녕 안녕 안녕 <br/>그렇게 울다가 <br/>그렇게 울다 잠이 든다 <br/>마지못해 내 한숨속에 너를 그린다 <br/>마지못해 내 가슴속에 너를 묻는다 <br/>마지못해 <br/>
"
4139,산다는 것은,"듀에토 (백인태, 유슬기)듀에토 (백인태, 유슬기)",불후의 명곡 - 전설을 노래하다 (삶의 애환을 노래한 국민 애창곡),351,<dd>2019.06.22</dd>,"어디로 가야 하나 멀기만 한 세월<br/>단 하루를 살아도 마음 편하고 싶어<br/>그래도 난 분명하지 않은<br/>갈 길에 몸을 기댔어<br/>날마다 난 태어나는 거였고<br/>난 날마다 또 다른 꿈을 꾸었지<br/>내 어깨 위로 짊어진 삶이<br/>너무 무거워<br/>지쳤다는 말조차 하기 힘들 때<br/>다시 나의 창을 두드리는<br/>그대가 있고<br/>어둠을 가를 빛과 같아서<br/>여기서가 끝이 아님을<br/>우린 기쁨처럼 알게 되고<br/>산다는 건 산다는 건<br/>그것만으로도 그것만으로도<br/>의미는 충분한 거지<br/>날마다 난 태어나는 거였고<br/>난 날마다 또 다른 꿈을 꾸었지<br/>내 어깨 위로 짊어진 삶이<br/>너무 무거워<br/>지쳤다는 말조차 하기 힘들 때<br/>다시 나의 창을 두드리는<br/>그대가 있고<br/>어둠을 가를 빛과 같아서<br/>여기서가 끝이 아님을<br/>우린 기쁨처럼 알게 되고<br/>산다는 건 그것만으로도<br/>의미는 충분한 거지<br/>산다는 건 산다는 건<br/>그것만으로 그것만으로<br/>산다는 건 산다는 건 그것만으로<br/>산다는 건 그것만으로도<br/>끝이 아닌 것을 다 기쁨인 것을<br/>산다는 것만으로도<br/>의미는 충분한 거지<br/>
"
4140,숨 (feat. Young Kay),박수진박수진,보이스3 (OCN 토일드라마) OST - Part.6,636,<dd>2019.06.22</dd>,"부서진 시간 속<br/>희미해져 가는 기억들까지도<br/>조금씩 내딛는 나의 발걸음이<br/>사라져만 가도<br/>닿지 않는 곳에 있더라도 붙잡아줘<br/>닫혀 있는 곳에 있더라도<br/>숨을 쉴 수가 없어<br/>Oh please don’t miss me<br/>Please don’t miss me<br/>손을 놓지 마<br/>돌이킬 수 없는 시간에 갇혀버린 듯<br/>내 숨을 조여와<br/>내가 바라는 건<br/>지구 한 바퀴를 돌아도<br/>내가 안 바뀌는 것<br/>앞에 벽들이 많아도<br/>그저 외길을 걷듯<br/>세상과 내기를 걸듯<br/>세상이란 무대 막을 내리는 것<br/>알 수 없는 감정들의 혼동<br/>때로는 두 손을 모아 기도했어<br/>죽지 않을 정도<br/>의 시련들이 내게 나는 견뎌낸 뒤<br/>후에 네가 필요할 때<br/>나는 준비돼있지<br/>엇갈린 시간 속<br/>선명해져 가는 기억들까지도<br/>조급히 내딛는 나의 발걸음이<br/>짙어져만 가도<br/>닿지 않는 곳에 있더라도 붙잡아줘<br/>닫혀 있는 곳에 있더라도<br/>숨을 쉴 수가 없어<br/>Oh please don’t miss me<br/>Please don’t miss me<br/>손을 놓지 마<br/>돌이킬 수 없는 시간에 갇혀버린 듯<br/>내 숨을 조여와<br/>인생의 파도 기나긴 반복<br/>하지 않아 항복 got a dollar sign<br/>날 둘러싼 불행이 날 덮쳐도<br/>네 손을 잡은 여기 나는 불이 되고<br/>추운 날 너의 난로가 되어<br/>한 줌의 재가 되고<br/>타오를 수 있다면<br/>난 좋아 그저 춥지 않게<br/>네가 혼자 남은 이곳<br/>여름밤의 꿈이 될게<br/>타오를 수 있다면<br/>난 좋아 그저 춥지 않게<br/>네가 혼자 남은 이곳<br/>여름밤의 꿈이 될게<br/>Please don’t miss me<br/>Please don’t miss me<br/>
"
4141,전부이니까,아인아인,이몽 OST Part.8,938,<dd>2019.06.22</dd>,"잠시만 이제 그만 내려놔 <br/>혼자서 가던길에 멈춰서 <br/>단한번 네게 던져버린 이말 <br/>그런 너를 난 내맘안에 가둘게 <br/>이렇게 널 보낼수 없어 <br/>아무렇지 않은척해도<br/>나를 안아줘 네품에 네안에 <br/>널잡고 싶은 네가 필요한 나 <br/>언제나 이렇게 나를 안아줘 <br/>네가 전부이니까 <br/>잠시만 이제 그만 내려놔 <br/>내맘을 이제 그만 떠나가 <br/>단한번 네게 던져버린 이말 <br/>그런 나를 넌 잡아줄순 없겠니 <br/>이렇게 널 보낼수없어 <br/>아무렇지 않은척해도<br/>나를 안아줘 네품에 네안에 <br/>널잡고 싶은 네가 필요한 나 <br/>언제나 이렇게 나를 안아줘 <br/>네가 전부이니까 <br/>네품에 네안에<br/>널잡고 싶은 네가 필요한 나<br/>언제나 이렇게 다시 안아줘<br/>네가 전부이니까<br/>
"
4142,눈물이 주룩주룩,김민석김민석,[Vol.21] 유희열의 스케치북 10주년 프로젝트 : 아홉 번째 목소리 `유스케 X 김민석`,"3,662",<dd>2019.06.22</dd>,"오늘 바빴던 하루 집에 돌아가는 길<br/>왠지 낯익은 온도와 하늘 피곤함까지<br/>이런 날엔 기댔지 그날의 푸념까지도<br/>모든 걸 들어주었던<br/>그 한 사람 갑자기 떠올랐어<br/>눈물이 주룩주룩 나의 뺨을 지나서<br/>추억 사이사이 스며드는 밤<br/>한꺼번에 밀려든 그대라는 해일에<br/>난 이리저리 떠내려가<br/>나의 방문을 열고 이곳저곳 뒤적여<br/>몇 점 찾아내 본<br/>그대 모습 너무 반가워<br/>꼼꼼하지 못했던 나의 이별 마무리에<br/>처량히 미소 짓는 밤<br/>저 하늘에 오랜만에 말 건다<br/>가슴 먹먹 답답해 이제 와 뭘 어떡해<br/>왠지 너무 쉽게 견딘다 했어<br/>너무 보고 싶지만<br/>내가 할 수 있는 건<br/>멍하니 하늘과 말하기<br/>벗어나려 몸부림치지 않을게요<br/>그리움이란 파도에 몸을 맡긴 채로<br/>내가 아는 그대도 힘겨웠을 텐데<br/>미안해 때늦은 보고 싶음에<br/>눈물이 주룩주룩 나의 뺨을 지나서<br/>추억 사이사이 스며드는 밤<br/>한꺼번에 밀려든 그대라는 해일에<br/>난 이리저리 떠내려가<br/>난 깊이깊이 가라앉죠<br/>
"
4143,Starlight,프리피플프리피플,Starlight,56,<dd>2019.06.22</dd>,"살며시 내게와서<br/>속삭이던 그 날<br/>조용히 바라보면<br/>난<br/>찬란하게 또 아름답게<br/>흩날리는 저 별에<br/>내 눈 속에 반짝이는 그댈<br/>가득 담아 놓아요<br/>날 환하게 비추는 네 눈빛처럼<br/>Starlight light<br/>너의 Starlight light yeah<br/>빛나는 너의<br/>Starlight light yeah<br/>구름속에 번져가는 별빛처럼<br/>이젠 내가 너의<br/>Starlight light<br/>그댈 비춰줄게요<br/>눈부신 밤하늘을<br/>건네주던 그 날<br/>조용히 다가오면<br/>난<br/>찬란하게 또 아름답게<br/>흩날리는 저 별에<br/>내 눈 속에 쏟아지는 그댈<br/>가둬두고 싶어요<br/>날 환하게 비추는 네 눈빛처럼<br/>Starlight light<br/>너의 Starlight light yeah<br/>빛나는 너의<br/>Starlight light yeah<br/>구름속에 번져가는 별빛처럼<br/>이젠 내가 너의<br/>Starlight light<br/>그댈 비춰줄게요<br/>날 환하게 비추는 네 눈빛처럼<br/>Starlight light<br/>너의 Starlight light yeah<br/>빛나는 너의<br/>Starlight light yeah<br/>구름속에 번져가는 별빛처럼<br/>이젠 내가 너의<br/>Starlight light<br/>그댈 비춰줄게요<br/>살며시 내게와서<br/>속삭이던 그 날<br/>
"
4144,Black Sky,김재환김재환,보좌관-세상을 움직이는 사람들 OST Part.2,"16,260",<dd>2019.06.21</dd>,"Black sky black sky<br/>외로운 침묵 깨우지 못해<br/>Black sky black sky<br/>닿을 수 없는 그 먼 자리에<br/>오직 태양이 깊이 떨어지면<br/>고독에 안겨 기대 숨 쉬면<br/>이 밤이 다 가도록<br/>잠들지 못해<br/>Sorry I will take your tears away<br/>우 우 우<br/>Black sky black sky<br/>마르지 않을 슬픔 흐르네<br/>Black sky black sky<br/>그리움 머문 그 먼 자리에<br/>지난 기억을 깊이 새겨두면<br/>추억에 안겨 기대 숨 쉬면<br/>이 밤이 다 가도록<br/>잠들지 못해<br/>Sorry I will take your tears away<br/>우 우 우<br/>그리움 머문 그 먼 자리에<br/>다시 태양이 피어오르면<br/>가슴에 안겨 기대 숨 쉬면<br/>내일이 찾아와도<br/>외롭지 않아<br/>Sorry I will take your tears away<br/>Black sky black sky<br/>Sorry I will take your tears away<br/>
"
4145,안개 (feat. 하현우),608608,안개 (feat. 하현우),"4,921",<dd>2019.06.21</dd>,"흐린 이곳에선<br/>모든 게 사라져 가 넌 어디니<br/>멀리 저 새들도 이곳을 떠나갔어<br/>난 아직 여기야<br/>숨어있는 거라면 기다렸던 거라면<br/>제발 보여줘<br/>모두 날 비웃어도 상처만 남는대도<br/>제발 용기를 줘<br/>소리 없는 파도가 있어<br/>너무 익숙했어 거짓말처럼<br/>완전하지 못한 나를 닮아<br/>숨기고 싶었나 봐 안개속에서<br/>숨어있는 거라면 기다렸던 거라면<br/>제발 보여줘<br/>모두 날 비웃어도<br/>상처들만 남는대도<br/>이대로 사라져도 끝을 몰라도<br/>소리 없는 파도가 있어<br/>너무 익숙했어 거짓말처럼<br/>완전하지 못한 나를 닮아<br/>숨기고 싶었나 봐 안개속에서<br/>세상에 눈을 뜬 모든 사람들은<br/>안개 뒤에 있는 널 알지 못해<br/>아무것도 아닌 그 누구도 아닌<br/>무엇이라도 너만 있으면 돼<br/>아직까지 기다린다면<br/>너의 상처 안에 나를 불러줘<br/>어디로 흘러도 상관없이<br/>안개속에 갇혀 우리 영원히<br/>
"
4146,닿을 수 있다면,하은하은,녹두꽃 OST Part.6,"1,275",<dd>2019.06.21</dd>,"혹시 내가 보이나요<br/>거친 세상 속 그대 없이 헤매는 나를<br/>많이 늦었다는 걸 알죠<br/>흩날리는 바람에<br/>그대도 멀어지네요<br/>닿을 수 있다면<br/>그럴 수 있다면 내 마음<br/>바람에 실어 어디든 전할게요<br/>닿을 수 없다면<br/>그럴 수 없는 거라면<br/>매일 난 그대만을 그리며<br/>살아가겠죠<br/>밝은 햇살에 눈을 뜨면<br/>어젯밤의 꿈처럼<br/>그대가 서 있을까요<br/>닿을 수 있다면<br/>그럴 수 있다면 내 마음<br/>바람에 실어 어디든 전할게요<br/>닿을 수 없다면<br/>그럴 수 없는 거라면<br/>매일 난 그대만을 그리며<br/>살아가겠죠<br/>달빛조차 없는 깊은 어둠 속에서<br/>우리 추억만이<br/>날 견디게 하죠 오늘도<br/>닿을 수 있다면<br/>그럴 수 있다면 내 마음<br/>눈물이 내 마음에<br/>비처럼 쏟아진대도<br/>그대만큼은 지워지지 않네요<br/>우리의 인연은<br/>왜 이리 아픈 건가요<br/>매일 난 바보처럼<br/>그대만 그리고 있죠<br/>
"
4147,지금 하늘 한번 볼래,윤한솔윤한솔,Lullaby [1.0],922,<dd>2019.06.21</dd>,"사실 꼭 해야 할 말은 없고<br/>목소리 듣고 싶어서<br/>전화했어<br/>밥은 먹었는지 잠은 잘 잤는지<br/>새벽 사이 우리가<br/>꿈에서 만났을지 궁금했어<br/>아침부터 날 가득 메운 너의 생각 음<br/>지금 하늘 한번 볼래<br/>우리 같은 구름 보고 있는 거야<br/>같은 기억을 만들고 있는 거야<br/>넌 지금 이 순간<br/>어떤 생각을 하고 있을까<br/>저 구름 돌고 돌아<br/>너의 푸른 하늘 위를 지날 때면<br/>네 마음도 내게 닿아<br/>오래도록 네가 내 곁에 머물러주길<br/>나 바래볼게<br/>사실 듣고 싶던 말은 없고<br/>자꾸 보고 싶어 또<br/>전화했어<br/>집은 잘 갔는지 밥은 먹었는지<br/>오늘 하루 널 괴롭히던 일들은<br/>혹시 없었는지 궁금해 말해줄래<br/>지금 하늘 한번 볼래<br/>우리 같은 달빛 아래 있는 거야<br/>달빛 아래서 말하고 있는 거야<br/>넌 지금 이 순간<br/>어떤 생각을 하고 있을까<br/>너 잠깐 나와줄래<br/>새벽꿈에 봤던 길을 걷고 싶어<br/>네 맘이 내게 와서 단꿈처럼<br/>다시 내 손을 잡아준다면 그럼<br/>나에게 기대 줄래<br/>사실 나란히 걷기만 해도 좋아<br/>네가 얼마나 사랑스런지<br/>내가 너를 얼마나 좋아하는지<br/>음 아마 모를거야<br/>
"
4148,완전한 사랑 (The Love in You),"이동우 (LEE DONG WOO), 송광식이동우 (LEE DONG WOO), 송광식",완전한 사랑 (The Love in You) - SM STATION,172,<dd>2019.06.21</dd>,"춥고 어두웠던 길<br/>많이 무서웠던 길<br/>달빛조차 꺼진 절벽 끝에서<br/>눈 감았던 그 길<br/>제발 살려 달라고<br/>내 손 잡아 달라고<br/>울며 애원해도 비바람 쳤고<br/>나는 하늘을 미워했네<br/>어디로 가는 걸까<br/>이 길은 또 끝이 어딜까<br/>나는 들었네 그분의 음성<br/>지금 네 곁에 있다고<br/>나는 보았네 그 완전한 사랑<br/>날 위해 흘리신 눈물<br/>어디로 가는 걸까<br/>이 길은 또 끝이 어딜까<br/>나는 들었네 그분의 음성<br/>결코 두려워 말라고<br/>나는 보았네 그 완전한 사랑<br/>나 대신 찢긴 그 상처<br/>이제 고백해요 온 맘 다해<br/>And I just want to be with you<br/>나는 걷겠네 눈부신 이 길<br/>두 손 모아서 기도해<br/>이제 알았네 그 완전한 사랑<br/>세상을 사랑하는 길<br/>
"
4149,이별준비 (prod. 조남매),우은미 (Woo Eun Mi)우은미 (Woo Eun Mi),이별준비,220,<dd>2019.06.21</dd>,"이별을 대하는 방법<br/>너는 모를 일이지만<br/>아무렇지 않은 듯이<br/>숨을 크게 쉬어보고<br/>흐르는 눈물 대신<br/>고개를 들어보고<br/>네가 생각나지 않은 듯이<br/>미소를 지어본다 그런데 어떻게<br/>어떻게 해야 널 잊을까<br/>어떻게 내가 너를 잊어갈 수 있을까<br/>흐르는 눈물이 마르면<br/>너는 지워질까 결국<br/>이별을 준비한다고<br/>너를 지울 수 있을까<br/>아무렇지 않은 듯이 지내봐도<br/>결국 네가 있는데<br/>사랑했었던 지난<br/>추억들을 담아 놓고<br/>네가 생각나지 않도록 난<br/>미소를 지어본다 가슴 아플 것 같아<br/>어떻게 해야 널 잊을까<br/>어떻게 내가 너를 잊어갈 수 있을까<br/>흐르는 눈물이 마르면<br/>너는 지워질까 다시<br/>너를 잊을 순 없을 거야<br/>수없이 노력해봤지만<br/>너는 모를 나의 눈물들이<br/>마르지 않을 것만 같아<br/>어떻게 널 잊을까<br/>어떻게 내가 너를 잊어갈 수 있을까<br/>흐르는 눈물이 마르면<br/>너는 지워질까 결국<br/>
"
4150,내 모든 순간,미트 (MEat)미트 (MEat),내 모든 순간,159,<dd>2019.06.21</dd>,"지쳤죠 힘들었죠 <br/>어제도 오늘도 다가올 내일도<br/>지겹죠 쳇바퀴같이 돌아오는 매일<br/>무섭죠 우울하죠 <br/>어느새 늘어난 이름 뒤 숫자들<br/>안 되죠 아직 난 좀 더 먹고 자고 싶은데<br/>남들 다 하는 연애도 <br/>여행도 바라지 않아 <br/>모든 게 귀찮고 <br/>내게는 사치라 느껴질 때<br/>생각을 멈추고 지금을<br/>기억해요 다시 올 수 없는 이 시간 <br/>한 번쯤은 내게도 <br/>여유롭게 나쁠 것 없죠<br/>걱정했던 매일이 <br/>다시 오지 않을 오늘로<br/>언젠가 소중한 순간이 될 수 있죠<br/>아무도 보고 싶은 사람 없이 외롭고<br/>힘내란 소리에 왠지 더 힘 빠지는 요즘<br/>생각을 멈추고 지금을<br/>기억해요 다시 올 수 없는 이 시간 <br/>한 번쯤은 내게도 <br/>여유롭게 나쁠 것 없죠<br/>걱정했던 매일이 <br/>다시 오지 않을 오늘로<br/>언젠가 소중한 순간이 될 수 있죠<br/>하루빨리 어른이 되고 싶었던 <br/>내 어린 그때가 그립고<br/>그냥 사는 대로 <br/>하고 싶은 대로 살아가도 <br/>괜찮은 걸까 겁이 나죠<br/>기억해요 다시 올 수 없는 이 시간 <br/>한 번쯤은 내게도 <br/>여유롭게 나쁠 것 없죠<br/>걱정했던 매일이 <br/>다시 오지 않을 오늘로<br/>언젠가 소중한 순간이 될 수 있죠<br/>언제나 눈부신 내 모든 순간<br/>
"
