2901,내 모든 하루가 (Prod. T.P RETRO),정동원정동원,정동원 X T.P RETRO,"4,815",<dd>2019.09.14</dd>,"바람 부는 저편에 속삭이던<br/>그대 그리워 불러도<br/>대답 없는 메아리로 잠긴 두 눈에<br/>그저 눈물만 맺혀 흐르고<br/>그렇게 나만 홀로 남아<br/>쌓여있는 추억을 걷어내며<br/>너무도 사랑했던 너를<br/>다시는 절대로 볼 수 없게 돼<br/>한잔 술에 그대를 비워내도<br/>내 모든 하루가 너를 닮아 버려서<br/>너에게로 돌아가는 모든 길들을<br/>이렇게 찾아 헤매<br/>그리운 그대 흔적 남아<br/>함께 했던 모든 날 떠오르고<br/>너무도 행복했던 너를<br/>더 이상 되돌릴 수가 없는데<br/>한잔 술에 그대를 비워내도<br/>내 모든 하루가 너를 닮아 버려서<br/>너에게로 돌아가는 그 길에<br/>혼자 남아 있어<br/>그렇게도 아름다웠던 너를<br/>다시는 만날 수 없는 게 난 두려워<br/>너에게로 돌아가는 모든 길들을<br/>이렇게 찾아 헤매 워<br/>너를 떠나 어디도 갈 수 없어<br/>내 모든 하루가 너를 닮아 버려서<br/>너에게로 돌아가는 모든 길들에<br/>혼자 남아 있어<br/>나만 혼자<br/>
"
2902,꼭 한번 만나고 싶다,이예준이예준,취향플레이리스트 (그리움) #2,"5,908",<dd>2019.09.14</dd>,"습관처럼 거닐던 이 거리<br/>풍경들 참 변했구나<br/>영원하게 변치 말자했던<br/>우리네 사랑 바래졌듯이<br/>우리 함께 듣던 그 노래<br/>무심히도 흘러 내 맘 아련하게 해<br/>그리워하면 언젠가 만나게 된다는<br/>노랫말처럼 우리도 만나기를<br/>꼭 한번 만나고 싶다<br/>우연일지라도<br/>너 역시 나와 같은 맘이라면<br/>우린 만날 거다 꼭 만날 거다<br/>하늘조차 이런 내 맘 알 테니까<br/>꼭 한번 만나고 싶다 진짜 보고 싶다<br/>그 시절 참 찬란하게<br/>빛났던 우리네 사랑<br/>아무렇지 않게 추억으로만<br/>내버려 두기엔 내 사랑이 깊다<br/>우리 함께 듣던 그 노래<br/>무심히도 흘러 내 맘 아련하게 해<br/>그리워하면 언젠가 만나게 된다는<br/>노랫말처럼 우리도 만나기를<br/>꼭 한번 만나고 싶다 우연일지라도<br/>너 역시 나와 같은 맘이라면<br/>우린 만날 거다 꼭 만날 거다<br/>하늘조차 이런 내 맘 알 테니까<br/>꼭 한번 만나고 싶다 진짜 보고 싶다<br/>그 시절 참 찬란하게<br/>빛났던 우리네 사랑<br/>아무렇지 않게 추억으로만<br/>내버려 두기엔 내 사랑이 깊다<br/>꼭 한번 만나고 싶다 우연일지라도<br/>너 역시 나와 같은 맘이라면<br/>우린 만날 거다 꼭 만날 거다<br/>하늘조차 이런 내 맘 알 테니까<br/>꼭 한번 만나고 싶다 진짜 보고 싶다<br/>그 시절 참 찬란하게<br/>빛났던 우리네 사랑<br/>아무렇지 않게 추억으로만<br/>내버려 두기엔 내 사랑이 깊다<br/>
"
2903,훨훨,"윤종신, 하동균, 린, 김필윤종신, 하동균, 린, 김필",더 콜 2 (The Call 2) Final 프로젝트,"1,308",<dd>2019.09.14</dd>,"잘 모르겠어 옳은 게 또 옳은지<br/>난 거스르겠어<br/>그른 게 또 그른지 또 맞는지<br/>그게 난 또 시한폭탄 같은<br/>정답의 미로 속에 버려졌어<br/>벗어나려 해도<br/>잘 모르겠어 좋은 게 또 좋은지<br/>난 거스르겠어<br/>조금씩 더 조금씩 길 찾아<br/>그게 난 또 철거공사 현장<br/>의식의 불도저로 밀어내고<br/>달려 나갈래<br/>두 번 다시 멈출 수 없어<br/>해 뜨고 달지는 땅끝까지<br/>날 저버린 세상 끝에서<br/>날아오르겠어<br/>잘 모르겠어 잘 모르겠어<br/>좋은 게 진짜 좋은지<br/>거스르겠어 벗어나겠어<br/>달려 나가야겠어<br/>그게 난 또 납량특집방송<br/>피 같은 케찹에 속지 않아<br/>아무리 같아도<br/>두 번 다시 멈출 수 없어<br/>해 뜨고 달지는 땅끝까지<br/>날 저버린 세상 끝에서<br/>날아오르겠어<br/>날아오르겠어 날아오르겠어 훨훨<br/>초라한 과거 위로<br/>구멍 난 현실 위로<br/>조각난 미래 위로<br/>날아오르겠어<br/>두 번 다시 멈출 수 없어<br/>해 뜨고 달지는 땅끝까지<br/>날 저버린 세상 끝에서<br/>날아오르겠어<br/>날아오르겠어 날아오르겠어 훨훨<br/>두 번 다시 멈출 수 없어<br/>해 뜨고 달지는 땅끝까지<br/>날 저버린 세상 끝에서<br/>날아오르겠어<br/>날아오르겠어 날아오르겠어 훨훨<br/>훨훨 훨훨<br/>
"
2904,My Only,은가은은가은,여름아 부탁해 OST Part.28,206,<dd>2019.09.14</dd>,"Oh my love my heart<br/>그대 내게 영원히 머물길 바라<br/>그토록 오랜 시간이 지나<br/>모습이 변해도<br/>좋은 여자로 남고 싶어<br/>You are my Only<br/>You are my Only<br/>You are my everything<br/>저기 별들처럼 나<br/>그대와 함께 반짝이는 거야<br/>So beautiful<br/>Oh my love good bye<br/>가끔은 이별이 두렵기도 해<br/>네가 없이 혼자 지내가는<br/>그 모진 날들은<br/>필요치 않은 기억이야<br/>You are my Only<br/>You are my everything<br/>저기 나비처럼 나<br/>그대와 함께 숨 쉬는 거야<br/>때론 우리 함께 할 많은 날에<br/>그대와 내가아닌 다른 어떤 이유로<br/>너를 외롭게 해 많이 힘들게 해<br/>하지만 그건 잠시뿐야<br/>You are my Only<br/>You are my Only<br/>우리 둘의 사랑<br/>세상 영원까지 변치 않는 거야<br/>So I love you<br/>
"
2905,별빛 강 (Milky Way) (Feat. 재즈 피아니스트 이지영),젠 (ZEN)젠 (ZEN),별빛 강 (Milky Way) – WITH PIANO,148,<dd>2019.09.14</dd>,"어디선가 들리는 목소리를 따라가<br/>오랫동안 꿈꿔왔던 그곳에서 만날까<br/>희미하게 보이는 그림자를 찾아가<br/>소중했던 우리들 처음 다시 떠올려<br/>어제의 그 기억들이<br/>내일에 대한 기대로<br/>바뀌어 갈 때쯤<br/>한 걸음 더 가까이<br/>닿을 수 있다면 얼마나 좋을까<br/>만나게 된다면 세상을 다 줄 텐데<br/>캄캄한 밤을 지나 푸른 달을 건너서<br/>별빛의 강으로 둘만의 그곳에<br/>고요한 수면 위 물결 따라 흐르면<br/>조그마한 내 꿈 하나<br/>너를 찾아 띄우면<br/>지금의 이 아픔들이<br/>내일의 추억이 되어<br/>웃으며 기억할<br/>그날에 더 가까이<br/>닿을 수 있다면 얼마나 좋을까<br/>만나게 된다면 세상을 다 줄 텐데<br/>캄캄한 밤을 지나 푸른 달을 건너서<br/>별빛의 강으로 둘만의 그곳에<br/>어둡고 차가운 이 공간 위에서<br/>널 향한 마음 하나 wish upon a star<br/>다시 한번 너를 안고<br/>나아갈 수 있다면<br/>은하수 저 너머 그곳으로<br/>닿을 수 있다면 얼마나 좋을까<br/>만나게 된다면 세상을 다 줄 텐데<br/>캄캄한 밤을 지나 푸른 달을 건너서<br/>별빛의 강으로 둘만의 그곳에<br/>
"
2906,MIDNIGHT DREAM,승규승규,MIDNIGHT DREAM,50,<dd>2019.09.14</dd>,"늦은 밤 하늘을 올려다보게 되면<br/>별이 몇 개인지 세다 보면<br/>나는 조용히 잠들고 있죠<br/>매일 밤 조용히 잠들면 나는 항상<br/>금방이라도 잊혀질듯한 꿈들을<br/>항상 조금씩 꾸죠 <br/>그런 꿈속에서 쏟아질 듯한<br/>별들이 항상 나를 감싸고<br/>터져버릴 듯한 달은<br/>조용히 나를 따스히 비춰안아요<br/>늦은 밤 천장을 올려다보게 되면<br/>그런 꿈속에 빠져버릴 듯<br/>나의 모습을 내가<br/>꿈꿔 왔던걸 꿈꿀 수 있는<br/>그런 다리를건너<br/>내가 꿈꾸던 모든 게 다 보이는 걸<br/>난 빠져들어<br/>그런 꿈속에선 쏟아질듯한<br/>별들이 항상 나를 감싸고<br/>터져버릴 듯한 달은<br/>조용히 나를 따스히 비춰안아요<br/>그런 꿈속에선 쏟아질듯한<br/>별들이 항상 나를 감싸고<br/>터져버릴 듯한 달은<br/>조용히 나를 따스히 비춰안아요<br/>
"
2907,돌아가는 길,지동국지동국,The way back to you,"3,183",<dd>2019.09.13</dd>,"지금 너에게 돌아가는 길<br/>널 향한 설레고 떨리는 한 걸음<br/>다시 날 보면 넌 어떤 눈빛 <br/>표정을 지을까<br/>어서 와 하며 꼭 안아줄까<br/>늘 거기 있어줘서 널 볼 수 있게 돼서<br/>생각만으로도 행복해<br/>빈자릴 채워줘서 너란 사람 알게 돼서 <br/>고마워 이 모든 게 <br/>because of you <br/>너에게로 나 돌아가 <br/>내가 있던 제 자리로<br/>너에게로 나 돌아가 <br/>봄 햇살 같던 네 곁으로<br/>눈부시게 빛났던 그 순간 <br/>걸음마다 기억해<br/>내 안에 늘 함께 숨 쉬듯 <br/>always with you<br/>지금 너에게 달려가는 길<br/>널 위해 쉼 없이 뛰어온 시간들<br/>오랜만이라 날 어색하게 <br/>보는 건 아닐까<br/>잘 왔어 하며 넌 웃어줄까<br/>늘 거기 있어줘서 네 곁을 내어줘서 <br/>그것만으로도 과분해 내겐<br/>늘 내 편이 돼줘서 <br/>사랑만 준 나의 너라서<br/>힘들지 않았어 난 <br/>only for you<br/>너에게로 나 돌아가 <br/>내가 있던 제 자리로<br/>너에게로 나 돌아가 <br/>첫 눈꽃처럼 네 곁으로<br/>눈부시게 빛났던 그 순간 <br/>걸음마다 기억해<br/>내 안에 늘 함께 숨 쉬듯 너와<br/>캄캄한 밤 속에 새겼던 꿈들 <br/>넌 여전히 반짝여<br/>환한 별처럼<br/>너에게로 가고 있어 이렇게<br/>점점 더 가까이 점점 더 가까이 <br/>난 너에게로 <br/>따스하게 내린 비처럼 <br/>나를 감싸 안은 너에게로 <br/>심장이 터질 듯 숨 차올라도 <br/>널 위해 난 가고 있어 <br/>my love <br/>
"
2908,우습게 봤던 이별,란 (RAN)란 (RAN),태양의 계절 OST Part.10,280,<dd>2019.09.13</dd>,"우습게 봤던 이별인데<br/>생각조차 못했어<br/>헤어지면 잊을 것 같던<br/>너인데 그게 아니였어<br/>너무나 힘들어<br/>너를 잊는 일<br/>하루 이틀이 지나가고 난 후<br/>불안해져 나혼자 남겨져<br/>어떡해도 내마음 허전해<br/>이럴줄 몰랐어<br/>이렇게 힘들줄 몰랐어<br/>조금도 나아지지 않아<br/>시간가도 똑같아<br/>처음처럼 지금도 아파<br/>무엇도 내겐 위로안돼<br/>그냥 다 싫어져 모두 귀찮아<br/>하루 이틀이 지나가고 난 후<br/>불안해져 나혼자 남겨져<br/>어떡해도 내마음 허전해<br/>이럴줄 몰랐어<br/>이렇게 힘들줄 몰랐어<br/>떠도는 내 발걸음 어디를 가는지<br/>너를 찾아다니며 헤메고있잖아<br/>하루 이틀이 지나가고 난 후<br/>불안해져 나혼자 남겨져<br/>어떡해도 내마음 허전해<br/>이럴줄 몰랐어<br/>이렇게 힘들줄 몰랐어<br/>
"
2909,종이접기,Obze (오브제)Obze (오브제),종이접기,104,<dd>2019.09.13</dd>,"예전에는 잘했었는데<br/>책에 적힌 종이접기<br/>그려져있는 말대로<br/>접어버리면 그만인데<br/>나도 종이처럼 누가 좀 잘라서<br/>접어줄 순 없나<br/>나도 종이처럼 누가 좀 접어서<br/>날릴 수는 없나<br/>모두 비슷한 종이 위에 놓여져서<br/>나름의 그림을 그려<br/>그것도 종이 하나 차이로 바뀌는<br/>운명의 paper folding<br/>모두 맘에 들지 않아<br/>이대로 괜찮은 걸까<br/>하고 싶은 말 그대로<br/>해버리면 그만인데<br/>나도 종이처럼 누가 좀 잘라서<br/>접어줄 순 없나<br/>나도 종이처럼 누가 좀 접어서<br/>날릴 수는 없나<br/>모두 비슷한 종이 위에 놓여져서<br/>나름의 그림을 그려<br/>그것도 종이 하나 차이로 바뀌는<br/>운명의 paper folding<br/>
"
2910,이러지 마요,MoondeMoonde,이러지 마요,107,<dd>2019.09.13</dd>,"이러지 마요<br/>뭐가 그렇게<br/>복잡해요<br/>고민한다고<br/>달라지나요<br/>이렇게 난<br/>좋은데<br/>완벽한 원은 없데요<br/>보이진 않지만<br/>조금씩 다르다잖아요<br/>우후후<br/>너무 완벽하고픈 넌<br/>참 걱정이 많아<br/>조금 흠 있어도<br/>상관없어 난<br/>보여주려고<br/>노력 안 해도<br/>괜찮아<br/>눈을 감고도<br/>느낄 수 있잖아<br/>이렇게 널<br/>좋아해<br/>완벽한 원은 없데요<br/>보이진 않지만<br/>조금씩 다르다잖아요<br/>우후후<br/>너무 완벽하고픈 넌<br/>참 걱정이 많아<br/>조금 흠 있어도<br/>상관없어 난<br/>나랑 같이 얘기할래<br/>춤을 추고 노래할래<br/>아무 생각 없이 놀아보자<br/>오늘은 어려워마<br/>난 항상 좋으니까<br/>그냥 다 좋으니까<br/>이러지 마요<br/>뭐가 그렇게<br/>복잡해요<br/>고민한다고<br/>달라지나요<br/>이렇게 난<br/>
"
2911,혼잣말 (Acoustic Ver.),SondiaSondia,악마가 너의 이름을 부를 때 OST Part 9,"1,014",<dd>2019.09.12</dd>,"버릇처럼 혼자 하는 말<br/>잘 될 거야 괜찮아 <br/>언젠가는 웃게 해줄 게<br/>거울보다 어색해도 해봤잖아<br/>다 지나갈 거야<br/>별을 세며 참았던 여린 눈물도<br/>다 지나가겠지 <br/>주저앉고 싶었던 어제 일기도 지친 맘도<br/>머리맡에 작은 인형이<br/>졸리운 듯 기대와<br/>나도 몰래 등을 토닥여<br/>잘 자라고 견뎌줘서 고맙다고<br/>다 지나갈 거야<br/>길고 길던 이 길도 낯선 내일도<br/>다 지나가겠지<br/>하루하루 넘으면 더딘 내 꿈도 보이겠지<br/>늘 꿈과 다투던 내게 너무 미안해 <br/>아직 못한 말<br/>다 지나갈 거야<br/>길고 길던 이 길도 낯선 내일도<br/>다 지나가겠지<br/>하루하루 넘으면 더딘 내 꿈도 보이겠지<br/>
"
2912,9월엔 더 사랑할게,아이일 (Aisle)아이일 (Aisle),9월엔 더 사랑할게,447,<dd>2019.09.12</dd>,"한 달이 갔어<br/>뜨거운 여름 그 속에<br/>너와 나 그땐<br/>지금 이렇게<br/>떨어질 거라<br/>생각은 못했어<br/>정말 사소한 것도<br/>연습이 안돼서 난<br/>바보가 된 것처럼<br/>매일 매일 울었어<br/>8월이 지나가도<br/>잊혀 지지 않는<br/>너의 기억이 내 주윌<br/>24시간 맴돌아<br/>꿈만 같던 시간을<br/>되돌려서<br/>너를 보고 싶어<br/>9월엔 더<br/>사랑할게 believe me<br/>지우지 못한<br/>핸드폰 메세지 속에<br/>너와 나 우린<br/>계속 말할 수<br/>있을 것 같던<br/>한마디 이따 봐<br/>너의 장난이<br/>문득 갑자기 생각이나<br/>울보가 된 것처럼<br/>주저 앉아 울었어<br/>8월이 지나가도<br/>잊혀지지 않는<br/>너의 기억이 내 주윌<br/>24시간 맴돌아<br/>꿈만 같던 시간을<br/>되돌려서<br/>너를 보고 싶어<br/>9월엔 더<br/>더 많이 사랑할게<br/>괜찮니 넌<br/>정말 나 없이 너는<br/>괜찮니<br/>난 너 없인 안될 것 같아<br/>정말 너무 아프다<br/>9월이 지나가고<br/>10월이 또 와도<br/>나는 똑같을 것 같아<br/>10년이 가도 널 찾아<br/>행복했던 시간들<br/>되돌려서<br/>널 만나고 싶어<br/>아직 좀 더<br/>사랑할게 I love you<br/>
"
2913,끝내야 하겠죠,비비안 (BBAHN)비비안 (BBAHN),여름아 부탁해 OST Part.27,190,<dd>2019.09.12</dd>,"널 보내고 널 그리워하는 내가<br/>오늘따라 한심하게 느껴져<br/>차라리 잡아나볼걸<br/>뒤돌아 걷는 니 모습<br/>바라보면서 눈물만 난 흘렸었잖아<br/>가지마 속으로 했던 말<br/>가지마 제발 돌아봐줘<br/>내가 너를 만난 시간이 아름다웠기에<br/>잊지 못하고 너를 떠올려<br/>오늘따라 집에오는 이길이<br/>난 평소보다 먼 것 같아 이상해<br/>걷는 것도 힘이 들어<br/>하루가 너무 길잖아<br/>내가 변해가 답답하게 느껴지잖아<br/>가지마 속으로 했던 말<br/>가지마 제발 돌아봐줘<br/>내가 너를 만난 시간이 아름다웠기에<br/>잊지 못하고 너를 떠올려<br/>다시 또 시간이 찾아와도<br/>다시 난 그댈 사랑할테니<br/>이제는 끝내야하겠죠<br/>더 우는 일도 안할래요<br/>한때 너무 아름다웠던 시간이였다고<br/>그저 언젠가 추억할테니<br/>
"
2914,영원토록,박수진박수진,신입사관 구해령 (MBC 수목드라마) OST - Part.5,234,<dd>2019.09.11</dd>,"손끝에 남은 그대의 온기<br/>내 마음속 깊이 간직할게요<br/>잊을 수 없는 그대의 눈빛도<br/>떠올릴수록 더욱 아파만 가도<br/>지우고 싶진 않죠<br/>이 자리에서 그댈 추억할게요<br/>영원토록<br/>내 곁에 남은 그대의 편지<br/>내 기억 속 깊이 간직할게요<br/>잊혀져가는 그대의 향기도<br/>떠올릴수록 더욱 아파만 가도<br/>지우고 싶진 않죠<br/>이 자리에서 그댈 추억할게요<br/>영원토록<br/>엇갈림 속에 서서<br/>그댈 바라만 보고 있죠<br/>떠올릴수록 더욱 아파만 가도<br/>지우고 싶진 않죠<br/>이 자리에서 그댈 사랑할게요<br/>영원토록<br/>
"
2915,카페모카,꼭두새벽꼭두새벽,꼭두새벽 Cafe,123,<dd>2019.09.11</dd>,"무더운 밤 간지러운 바람이 불어<br/>딱 너와 사이 같아<br/>여름밤 가로등 밑 너와 걷고 있어<br/>너와 함께 있을 때<br/>달콤한 카페모카 같아<br/>휘핑크림 부드러운 너의 미소<br/>날 설레게 해<br/>넌 어떻게 생각해 정작<br/>넌 내게 왜 아무 말 없어<br/>너도 내 맘과 같다면 내게 다가와 줘<br/>Cafe mocha night<br/>난 너와 함께 가고 싶어<br/>난 너와 손을 잡고 싶어<br/>너도 내 맘과 같은지<br/>초코만큼 내 맘은 더<br/>달콤해<br/>like a Summer night<br/>난 너와 함께 있고 싶어<br/>난 너와 매일 걷고 싶어<br/>커피처럼 넌 날 심장 뛰게 해<br/>Caffe mocha night<br/>너와 함께 있을 때<br/>달콤한 카페모카 같아<br/>휘핑크림 부드러운 너의 미소<br/>날 설레게 해<br/>넌 어떻게 생각해 정작<br/>넌 내게 왜 아무 말 없어<br/>너도 내 맘과 같다면 내게 다가와 줘<br/>Cafe mocha night<br/>난 너와 함께 가고 싶어<br/>난 너와 손을 잡고 싶어<br/>너도 내 맘과 같은지<br/>초코만큼 내 맘은 더<br/>달콤해<br/>like a Summer night<br/>난 너와 함께 있고 싶어<br/>난 너와 매일 걷고 싶어<br/>커피처럼 넌 날 심장 뛰게 해<br/>Caffe mocha night<br/>
"
2916,내가 맞이하는 너,"유준상, 최서연유준상, 최서연",내가 맞이하는 너,63,<dd>2019.09.11</dd>,"나도 모를 그 어떤 일이 생겨<br/>계절이 오고 너는 가고 그 바람만<br/>내 맘이 니 맘이 느껴지는<br/>어느 어느 날<br/>행복했던 그 시절로 돌아가<br/>너무 아프게 말고 그렇게 가볍게<br/>날 내려다 놓고 가만히 서 널 보네<br/>라 라라 라라 라라 콧노래를 불렀네<br/>라 라라 라라 라라 라라라 라라라라<br/>거울 속에 비친 너를 보며<br/>살며시 다가가<br/>사알짝 사알짝 음 음 음<br/>많이 아플 걸 알면서 그렇게<br/>또 내 마음을 주네 음음<br/>라 라라 라라 라라 콧노래를 불렀네<br/>라 라라 라라 라라 라라라 라라라라<br/>거울 속에 비친 그대는<br/>나를 바라보네요<br/>파란 하늘이 날 바라보고 있는<br/>이곳은 그대의 밝은 마음만<br/>난 바람 향기 머금고 간 추억들<br/>되살아난 눈으로 널 보네<br/>지금 내 앞에 있는 그대는 음 음<br/>너무 멀리 멀리 돌아서 오 내게 온<br/>다가온 설레이고 부드러운 맘으로<br/>내가 맞이하는 너<br/>내가 맞이하는 너<br/>내가 맞이하는 너<br/>
"
2917,Return,천단비천단비,우아한 가 OST Part.3,364,<dd>2019.09.11</dd>,"왜 난 항상 같은 이유로  <br/>이렇게 그대로일까 <br/>이런 날 아프게 하는 것도 <br/>어쩌면 내 안의 나인걸까 <br/>In my life 지쳐가는 시간들 속에 <br/>이젠 다 되돌리고 싶다고 말해 <br/>모두다 거짓말 인거같아  <br/>이대로 모두 멈추고 싶어 <br/>I can't stop 너무 멀리 온걸까 <br/>이대로 포기할 수가 없어 <br/>다 지켜낼 수 있다고 <br/>혼자서 믿어왔던 시간 <br/>하루 이틀 시간이 흘러 <br/>지쳐 쓰러져 가고 있어 <br/>My destiny 모두 꿈인걸까 싶어 <br/>이젠 모두 포기해야 하는걸까  <br/>모두다 거짓말 인거같아  <br/>이대로 모두 멈추고 싶어 <br/>I can't stop 너무 멀리 온걸까 <br/>이대로 포기할 수가 없어 <br/>멈춰버린 내 기억 속에 <br/>아직도 니가 남아있어 그대로  <br/>이젠 다 지워버리고 싶어 <br/>모든걸 멈출 수만 있다면  <br/>Every time I always think of you <br/>모든걸 되돌릴 수 있다면 <br/>
"
2918,아무 말 없이,더 브릿지 (The Bridge)더 브릿지 (The Bridge),아무 말 없이,86,<dd>2019.09.11</dd>,"너와 함께 걸었던 이 거리<br/>아직 왜 생각이 날까<br/>너와 내가 헤어졌단 건 사실이야<br/>어떻게 널 잊을 수 있을까<br/>마치 내가 널 그리워하고<br/>생각나는 것처럼<br/>한번이라도<br/>나를 그리워한 적 있니<br/>너를 한순간도 나 잊은적 없어<br/>함께 걸었던 그 길<br/>아직 그자리에 있어<br/>혹시나 그대가 그 자리에서<br/>기다리고 있다면 아무 말 없이<br/>내곁으로 와줘요<br/>난 그거면 돼요<br/>너와 내가 헤어졌단 건 사실이야<br/>어떻게 널 잊을 수 있을까<br/>마치 내가 널 그리워하고<br/>생각나는 것처럼<br/>한번이라도 나를 그리워한 적 있니<br/>너를 한순간도 나 잊은적 없어<br/>함께 걸었던 그 길<br/>아직 그자리에 있어 혹시나<br/>그대가 그 자리에서<br/>기다리고 있다면 아무 말 없이<br/>내곁으로 와줘요<br/>난 그거면 돼요<br/>벌써 한달이 지나가도<br/>너와 함께했었던 거릴 맴돌아<br/>너를 한순간도 나 잊은적 없어<br/>함께 걸었던 그 길<br/>아직 그자리에 있어 혹시나<br/>그대가 그 자리에서<br/>기다리고 있다면 아무 말 없이<br/>내곁으로 와줘요<br/>난 그거면 돼요<br/>
"
2919,그 때 우리의 약속,킨 (Kiin)킨 (Kiin),그 때 우리의 약속,87,<dd>2019.09.11</dd>,"어땠을까<br/>우리 조금만 더<br/>힘들단 말<br/>아껴뒀었더라면<br/>널 위로하다<br/>미처 보지 못했던<br/>점점 힘들어하는<br/>내 모습을 봤어<br/>미안하다<br/>했던 말 뒤에는<br/>그만하잔<br/>말이 숨어있었고<br/>다시 잘해보자고<br/>얘기했었던 그 날<br/>니가 떠나주기를<br/>그 땐 원했었지만<br/>미안해 다시 와 줄래<br/>내가 미쳤었나 봐<br/>내가 바보 같아서<br/>너에게 못 했나 봐<br/>사랑한다 고백했던 약속<br/>모두 지킬 수 있게<br/>한번만 더 기횔 줘<br/>이젠 정말 잘할게<br/>소중했던<br/>우리 추억들은<br/>잊혀진 채<br/>먼지만 쌓여가겠지<br/>나도 모르는 새 만들어진<br/>습관들도<br/>모두 고쳐지겠지<br/>전부 잊게 되겠지<br/>미안해 다시 와 줄래<br/>내가 미쳤었나 봐<br/>내가 바보 같아서<br/>너에게 못 했나 봐<br/>사랑한다 고백했던 약속<br/>모두 지킬 수 있게<br/>한번만 더 기횔 줘<br/>이젠 정말<br/>다신 헤어지지 않기를<br/>다신 두 손 놓지 않기를<br/>다 줄게 내 모든 것<br/>전부<br/>너 없인 안될 것 같아<br/>정말 안될 것 같아<br/>내겐 너무 소중한 너란 걸<br/>이젠 알았어<br/>사랑한다 고백했던 약속<br/>모두 지킬 수 있게<br/>한번만 더 기횔 줘<br/>우리 다시 시작하자<br/>
"
2920,오랜만이야,"박영운, 박해준박영운, 박해준",오랜만이야,36,<dd>2019.09.11</dd>,"참 오랜만이야 넌 어떻게 지내<br/>나야 똑같지 뭐 그럴 꺼야<br/>넌 괜찮아 보여 정말 다행이야<br/>좋은 사람 만나 행복 해줘<br/>사실 나 너무 힘들어<br/>널 떠나보낸후에<br/>니가 잊혀지지가 않아<br/>너와 함께했던 모든 순간이<br/>이젠 한낱의 추억으로 남아<br/>이젠 전부 잊어야겠지<br/>사랑했던 니 모습을<br/>아름답던 너의 그 미소 마저<br/>다시 돌아갈 수만 있다면<br/>널 더 사랑해줄텐데<br/>이제와서 왜 후회하는건지<br/>널 떠나보냈던<br/>날 애써 괜찮은척했어<br/>니가 더 힘들걸 난 알아서<br/>너의 담담했던 니 표정 아직까지도<br/>머릿속에서 지워지지않아<br/>이젠 전부 잊어야겠지<br/>사랑했던 니 모습을<br/>아름답던 너의 그 미소 마저<br/>다시 돌아갈 수만 있다면<br/>널 더 사랑해줄텐데<br/>이제와서 왜 후회하는건지<br/>몇밤을 지새도 지워지지 않는<br/>니가 너무나 미워져<br/>이젠 진짜 널 지워보려해<br/>니 앞에서 웃어볼께<br/>그래야만 널 다시 볼 수 있을테니<br/>다시 돌아갈 수는 없기에<br/>추억으로만 남길께<br/>행복했어 너와 함께였던 날들<br/>
"
2921,사랑이란 뭔데,김재희김재희,사랑이란 뭔데,6,<dd>2019.09.11</dd>,"헤어지고 난 뒤 너는 괜찮았니<br/>네가 떠난 뒤에 같은 자릴 맴돌고<br/>난 헤매왔어<br/>날의 기억 추억만 남아서<br/>혼자 아파하던 나<br/>그리워진 네 모습을 지워보지만<br/>조금씩 쓰려오는 거야<br/>내 안에 들이지 말걸<br/>바라보지 말걸<br/>하루하루 널 지워가는데<br/>사랑이란 뭔데<br/>사랑이란 뭔데 이렇게 아프게 해<br/>사랑이란 미련만 남았어<br/>사랑이란 뭔데<br/>왜 이렇게 아프게만 해<br/>사랑했단 말로<br/>지워지지 않는 통증 같아서<br/>사랑이란 뭔데 사랑이란 뭔데<br/>왜 이리 아프게 해<br/>멈춰있는 시계처럼<br/>사랑했던 날 알잖아<br/>사랑이란 뭔데<br/>왜 이렇게 아프게만 해<br/>다시 사랑이란<br/>하고 싶지 않은 말<br/>사랑이란 뭔데<br/>왜 이렇게 아프게 하니<br/>다시 사랑이란<br/>다시 하고 싶지 않은 말이야<br/>
"
2922,말해줄수 있나요,구본웅 (Ku Bon Woong)구본웅 (Ku Bon Woong),말해줄수 있나요,0,<dd>2019.09.11</dd>,"시간이 가고있네<br/>멈춰줄수 없는 그대<br/>조용히 왔다가<br/>말이 없이 간다네<br/>아 그대여 내인생의 봄날은<br/>언제쯤 올련지 말해 줄수 있나요<br/>한동안 고민했지<br/>어느길로 갈런지<br/>언제가 다시 오리라<br/>마음속의 외침들<br/>아 그대여 내인생의 봄날은<br/>언제쯤 올련지 말해 줄수 있나요<br/>아 그대여 내인생의 봄날은<br/>언제쯤 올련지 말해 줄수 있나요<br/>아 그대여 내인생의 봄날은<br/>언제쯤 올련지 말해 줄수 있나요<br/>언제쯤 올련지 말해 줄수 있나요<br/>
"
2923,비밀의 숲 (Vocal. 임혜원),FM43FM43,비밀의 숲,9,<dd>2019.09.11</dd>,"어두운 밤 다다른 곳<br/>나만이 갈 수 있는<br/>눈을 감고 귀 기울이면<br/>저 바다의 파도소리와<br/>저 산속을 지나는 바람이<br/>내게로 다가오라 손짓하네<br/>내게로 다가와 날 감싸안네<br/>저 달빛이 비추는 길과<br/>저 별들이 부르는 그곳은<br/>아무도 모르게 날 부르는 그 곳은<br/>나만의 세상인 걸<br/>눈 부시게 빛나던 순간<br/>벅차도록 행복한 시간<br/>나의 맘 깊은 곳에 숨겨둘거야<br/>그 곳은 오직 나만의 것<br/>
"
2924,오늘이 아니면,정소리정소리,the beginning of love,10,<dd>2019.09.11</dd>,"내 맘이 왜 이러죠<br/>그대를 바라볼수없어<br/>저무는 노을 하늘아래<br/>우리둘 뿐이네요<br/>조심스레 그대를 봐요<br/>어떻게 내맘을 전할지<br/>지금이 아니면<br/>오늘이 아니면<br/>가까워져요 우리<br/>닿을듯 말듯 둘이<br/>조금더 내게로 와줘요<br/>다가오네요 그대<br/>이렇게 한걸음 그대가 내맘에<br/>오늘은 나 말할거에요<br/>그대에게 가요<br/>가까워져요 우리<br/>닿을듯 말듯 둘이<br/>조금더 내게로 와줘요<br/>다가오네요 그대<br/>이렇게 한걸음 그대가 내앞에<br/>나 그대를<br/>
"
2925,바보기억,위트존위트존,바보기억,4,<dd>2019.09.11</dd>,"왜 지나는 시간을 잊는거야<br/>다 아프기만 했던것일까 정말<br/>지금도 내 옆에서 숨쉬잖아<br/>그런 시간들을 감추려하니<br/>봐봐 지금 내 눈을 웃고있는 내모습<br/>바보같은 기억 갖고있잖아<br/>버려진 시간에 웃는 건 아냐<br/>너와함께 했던일이 나를 웃게 만들어<br/>나만 바보된다는 그말<br/>나만 슬퍼진다는 그말<br/>바보처럼 웃어넘기고<br/>나는 추억속으로 들어가<br/>정말 괜찮다말야 지금은<br/>왜 버려진 것이라 믿는거야<br/>다 거짓이라 생각한걸까 정말<br/>아직도 내 맘속에 살아있는<br/>우리시간들을 죽이려 하니<br/>봐봐 지금 내 눈을 울고있는 내모습<br/>바보같은 기억 갖고있잖아<br/>버려진 시간에 울고있잖아<br/>우리 함께 했던일이<br/>아픈기억뿐인 것만 같잖아<br/>나만 바보된다는 그말<br/>나만 슬퍼진다는 그말<br/>바보처럼 웃어넘기고<br/>나는 추억속으로<br/>바보같잖아 바보같지만<br/>바보가되어 널 바라볼거야<br/>바보이니까 그랬으니까 아아<br/>이젠 잊어줄까 하는데<br/>나만 슬퍼질 것 같아서<br/>바보처럼 웃어넘길까<br/>너를 잊는다는 게 그렇지<br/>너를 잊겠다는 말 믿지마<br/>
"
2926,너의 기억 (Feat.반광옥),홍수정홍수정,너의 기억,109,<dd>2019.09.11</dd>,"하루 하루 <br/>또 시간은 멀리<br/>지워지는 기억과 흐르네<br/>가끔씩 남겨진 너의 흔적이<br/>잊을 수가 없이 멈춰서 맴돌아<br/>너의 기억은 흐린 안개가 되어<br/>내 마음 깊은 곳에 걷히질 않고<br/>보이지 않는 <br/>뒷모습을 따라 걷는 이 길 위에<br/>그리움만 남아<br/>가끔씩 남겨진 너의 흔적이 <br/>잊을 수가 없이 멈춰서 맴돌아<br/>너의 기억은 흐린 안개가 되어<br/>내 마음 깊은 곳에 걷히질 않고<br/>보이지 않는 <br/>뒷모습을 따라 걷는 이 길 위에<br/>너의 기억은 차가운 비가 되어 <br/>내미는 손 끝마다 그치질 않고<br/>들리지 않는 <br/>목소리를 찾아 지난 시간 끝에<br/>너의 기억은<br/>기다림만 남아<br/>
"
2927,할머니,강민제강민제,"꽃에서 찾은 마음, 사랑",15,<dd>2019.09.11</dd>,"꽃을 보고 있는 엄마에게 다가가<br/>무슨 생각을 하냐고<br/>나긋하게 물었다<br/>걱정 가득 목소리는<br/>할머니를 위한것<br/>맑은 하늘 아래<br/>저 꽃들도 걱정해주네<br/>여름이 되면 숨을 조여오는 햇빛아래<br/>지난 계절속 심어두신<br/>건강하길 기도하는 우릴 위해<br/>보내주시려는 한가득<br/>땀에 젖은 수고와<br/>겨울에는 내가 좋아한<br/>당신의 손맛 담긴 된장을 담그시는<br/>올 한해도 늘어난 주름은<br/>살아온 수고만큼 더해진<br/>할머니 생각중이래요<br/>그래 맞아 할머니도 꽃을 좋아하시지<br/>어머니의 어머니도 여자더랬지<br/>많은 것을 내어주시던 작은 손이지만<br/>넉넉한 마음 날 위해 비는<br/>할머니의 꿈<br/>그래 맞아 할머니도 꽃을 좋아하시지<br/>어머니의 어머니도 여자더랬지<br/>많은 것을 내어주시던 작은 손이지만<br/>넉넉한 마음 날 위해 비는<br/>할머니의 꿈<br/>꽃보다 아름다운 그녀의 모습을<br/>언젠간 닮아갈 수 있길<br/>
"
2928,Stay With Me (Feat. 바란),젤리프로젝트젤리프로젝트,Stay With Me,11,<dd>2019.09.11</dd>,"All I want is you<br/>다른 건 없어<br/>웃는 모습 예쁜 너뿐이야<br/>내게 걸어올 때<br/>그런 표정 지으면 <br/>마음이 떨려와 여전히<br/>시간 지나도 네가 점점<br/>날이 흘러도 <br/>네가 더 좋아지는 걸<br/>오늘 나랑 하루 종일 같이 있자<br/>가만있어도 행복할 거야<br/>단둘이 있는 시간이 <br/>난 너무 소중해<br/>맑은 두 눈에 비친 너의 마음<br/>나만 알고 싶고 안고 싶어<br/>어디 가지 말아요<br/>내 손 꼭 붙잡고<br/>밤을 새요<br/>All I want is you<br/>너도 그럴까<br/>의심할 것도 없이 넌 나에게<br/>눈빛을 보내<br/>똑같은 마음이라고<br/>내가 널 사랑해 더 많이<br/>시간 지나도 네가 점점 <br/>계절 바뀌어도<br/>네가 더 소중해져가<br/>매일 나랑 하루 종일 같이 있자<br/>가만있어도 기분 좋을 거야<br/>단둘이 있는 시간이 <br/>난 너무 소중해<br/>맑은 두 눈에 비친 너의 마음<br/>나만 알고 싶고 안고 싶어<br/>어디 가지 말아요<br/>내 손 꼭 붙잡고<br/>밤을 새요<br/>아침이 올 때까지<br/>이야길 나눠<br/>웃음소리 끊이지 않게<br/>처음이야 누군가와 이렇게<br/>행복할 수 있는 <br/>일 신기해 정말<br/>따분하기만 하던 날들이<br/>다 사라져 너만 보여<br/>단둘이 있는 공간이<br/>난 너무 소중해<br/>맑은 두 눈에 비친 너의 속마음<br/>나 혼자만 알아가요<br/>오늘 나와 여기서<br/>내 손 꼭 붙잡고<br/>밤을 새요<br/>
"
2929,사라지기 (feat. YeNi of Monofeed),"SWALLOWTALE, MONO FEEDSWALLOWTALE, MONO FEED",사라지기,6,<dd>2019.09.11</dd>,"우주는 넓어서<br/>숨기 좋다던데<br/>중간을 헤매다<br/>휩쓸려 버려<br/>너처럼 살 수는 없잖아<br/>있잖아 사실은 나 이제 그만<br/>미안해 나는 지금<br/>사라지고 싶어<br/>좋을 때 라던데<br/>왜 그러는 거야<br/>셀레는 건 전부<br/>여기엔 없어<br/>선을 밟았었어 되돌아왔지만<br/>그 순간을 못 잊겠어<br/>미안해 나는 지금<br/>사라지고 싶어<br/>떠나보내는 것은 쉽지는 않겠지만<br/>난 너인척하는 건 이젠<br/>미안해 나는 지금<br/>미안해 나는<br/>미안해 나는 사실<br/>사라지긴 싫어<br/>
"
2930,워커홀릭,"하동균, 윤종신하동균, 윤종신",2019 월간 윤종신 9월호,"7,001",<dd>2019.09.10</dd>,"주위에서 요즘<br/>나를 보며 걱정을 해<br/>쉬지 않고 일만 하는<br/>나의 요즘 하루하루<br/>정말 시간이 빨리 가<br/>돈도 제법 벌리는 듯해<br/>그렇게 하기 싫었던 일들이<br/>내게 가장 큰 위로와 힘이 돼<br/>집에 갈 때 네 생각이<br/>날 때가 문제야<br/>멍하니 차창 밖<br/>퍼져가는 불빛들<br/>다행히도 지친 몸은 날<br/>어느새 잠들게 해줘<br/>눈을 뜨면 기계적으로 나가<br/>맡은 일을 척척해내버린다<br/>놀라워<br/>잠시도 생각할 틈을 주면 안 되니까<br/>그 틈에 무한한 네가 있기에<br/>너도 잘 알잖아<br/>내가 얼마나 게을러터진<br/>심지어 우리 이별도<br/>나의 안일함 때문이야<br/>사람은 절대 바뀌지 않는다 말해도<br/>나처럼 구제불능도 변할 수 있어<br/>아무튼 네가 정말 고마워<br/>우리 이별의 선물<br/>너를 잃은 대신에<br/>괜찮은 사람이 되었어<br/>잠을 자다 가끔<br/>새벽에 깰 때가 있어<br/>유일하게 나의 무방비한<br/>그리움 축제<br/>다행히도 지친 몸은 날<br/>어느새 잠들게 해줘<br/>눈을 뜨면 기계적으로 나가<br/>맡은 일을 척척해내버린다<br/>놀라워<br/>잠시도 생각할 틈을 주면 안 되니까<br/>그 틈에 무한한 네가 있기에<br/>너도 잘 알잖아<br/>내가 얼마나 게을러터진<br/>심지어 우리 이별도<br/>나의 안일함 때문이야<br/>사람은 절대 바뀌지 않는다 말해도<br/>나처럼 구제불능도 변할 수 있어<br/>아무튼 네가 정말 고마워<br/>우리 이별의 선물<br/>너를 잃은 대신에<br/>괜찮은 사람이 되었어<br/>이제 일을 해야 해<br/>그리워할 시간이 없어<br/>
"
2931,행복하지 않아,김영근김영근,행복하지 않아,"2,366",<dd>2019.09.10</dd>,"그래 웃고 있구나<br/>잘 지내냔 말이 무색할 만큼 말야<br/>너는 좋겠다 너무 쉬워서<br/>나는 그렇지 못해<br/>아마 지금쯤 너는<br/>어딘가의 골목길에서 그 사람과<br/>도란도란 또 이야기하며<br/>미소 짓겠지 나는 없듯이<br/>아냐 행복하지 않아 난<br/>행복하지 않을거야 난<br/>너 보라고 아프라고<br/>잘 지내지 말라고<br/>너만 행복하지 말아줘<br/>보란듯이 웃지 말아줘<br/>난 이렇게 울고 있는데<br/>아 그랬었구나<br/>너에게 난 지고피는 저<br/>수많은 꽃들 중<br/>하나였구나<br/>그저 그 뿐이구나<br/>넌 나에게만 유일했구나<br/>아냐 행복하지 않아 난<br/>행복하지 않을거야 난<br/>너 보라고 아프라고<br/>잘 지내지 말라고<br/>너만 행복하지 말아줘<br/>보란듯이 웃지 말아줘<br/>난 이렇게 울고 있는데<br/>새까맣게 젖어가는 나의 밤인데<br/>달빛마저 내게 닿지 않는 밤인데<br/>구름뒤에 가려 돌아오지 않는 널<br/>애타게 불러 이렇게 불러<br/>아냐 행복하지 않아 난<br/>행복하지 않을거야 난<br/>너 보라고 아프라고<br/>잘 지내지 말라고<br/>너만 행복하지 말아줘<br/>보란듯이 웃지 말아줘<br/>난 이렇게 울고 있는데<br/>그러니 다시 돌아와<br/>
"
2932,열린 결말,폴른 (Pollen)폴른 (Pollen),열린 결말,"1,045",<dd>2019.09.10</dd>,"시원한 밤공기에<br/>괜찮던 마음이 또<br/>아닌 척 해봐도<br/>틀렸어 오늘은<br/>네 생각이 나겠지<br/>그 때 조금만 더<br/>내가 잘했더라면<br/>지금 우린 달랐을까<br/>후회하고 있어<br/>네가 없는 지금<br/>시간은 거기 멈춰있어<br/>슬프지만 끝이 좋은 영화처럼<br/>뻔한 내용의 흔한 결말처럼<br/>계속 너를 기다리고<br/>돌아올 거라 믿으면<br/>우리 다시 만날 수 있을까<br/>아프지만 결국 만날 수 있다면<br/>어떤 어려움도 이길 수 있어<br/>이제 난 정말 괜찮아<br/>돌아올 거라 믿으니<br/>내일이 오면<br/>우리 다시 함께<br/>그 때 조금만 더<br/>너를 위했더라면<br/>지금 우린 달랐을까<br/>인정 할 수 없어<br/>네가 없는 나를<br/>시간은 거기 멈춰있어<br/>슬프지만 끝이 좋은 영화처럼<br/>뻔한 내용의 흔한 결말처럼<br/>계속 너를 기다리고<br/>돌아올 거라 믿으니<br/>내일이 오면<br/>우리 다시 함께<br/>욕심이겠지<br/>이것조차 내 이기적인 꿈이겠지<br/>만약 시간을 돌려<br/>너에게 닿을 수 있다면<br/>그 땐 널 보내지 않을 거야<br/>슬프지만 이게 끝이 아니라면<br/>꿈꿔왔던 열린 결말처럼<br/>계속 너를 기다리고<br/>돌아올 거라 믿으면<br/>우리 다시 만날 수 있을까<br/>아프지만 결국 만날 수 있다면<br/>어떤 어려움도 이길 수 있어<br/>이제 난 정말 괜찮아<br/>돌아올 거라 믿으니<br/>내일이 오면<br/>우리 다시 함께<br/>
"
2933,여기에서,홍석민홍석민,웰컴2라이프 OST Part.5,99,<dd>2019.09.10</dd>,"꽤나 어려운 시간을 건너<br/>망쳐버린 우리 사이에<br/>가슴이 아픈 건<br/>뒤돌아서는 모습이 아파<br/>준비도 없이 글썽이게 했더니 그래<br/>혼자 멀리 가지 않았으면 하는 건<br/>취한 내가 널 찾아<br/>몰래 헤메일까 그래<br/>나 힘들었나봐 그래서 그랬나봐<br/>아무것도 진심이 아니라고<br/>널 볼 수 있도록<br/>멀어지지 않도록<br/>여기에서<br/>우연히 라도 바라보게<br/>비가 오는 소리가 내 맘에 들리고<br/>그래서 캄캄한 세상을 만날까 그래<br/>나 힘들었나봐 그래서 그랬나봐<br/>아무것도 진심이 아니라고<br/>널 볼 수 있도록<br/>멀어지지 않도록<br/>여기에서<br/>우연히 라도 너를<br/>어디선가 메이는<br/>목소리가 들려오는 건<br/>잊지 못하는 내 맘이 그리는 너라서<br/>보여줄게 남아있는데<br/>우리 너무 사랑했는데<br/>다시 만나면 곁에만 있을게<br/>내 눈에 흐르는<br/>다시 너를 보고픈<br/>그리움이 너무도 간절해서<br/>널 볼 수 있도록<br/>멀어지지 않도록<br/>여기에서<br/>우연히라도 바라보게<br/>
"
2934,그냥 헤어지자,허니애플허니애플,그냥 헤어지자,336,<dd>2019.09.10</dd>,"글쎄 오늘은 좀 다를까 했어 <br/>넌 항상 모든걸 다 내탓이라고 말하잖아<br/>네 얘길 들으면 이 세상에서 나 <br/>처럼 나쁜 여자애가 또 따로 없더라<br/>아냐 네 잘못 다 나때문이야 <br/>네가 변해버린것도 거짓말하는것도<br/>그게 뭐라고 이해도 못하던 나때문이야 <br/>그래서 여기까지야<br/>더이상 아무 의미없어 <br/>시간을 끌어봤자 <br/>서로에게 더 아프게만 할게 분명하잖아<br/>그냥 헤어지자 <br/>그게 좋을 것 같아 <br/>아무 감정없이 흘러가는 시간이 삭막해<br/>한땐 모든게 좋았던 적도 있어 <br/>니가 아니면 내가 안될거라고 했잖아<br/>네 얘길 들으면 이 세상에서 <br/>너 만큼 날 걱정해주는 사람도 없더라<br/>아냐 네 잘못 다 나때문이야 <br/>네가 변해버린것도 거짓말하는것도<br/>그게 뭐라고 이해도 못하던 <br/>나때문이야 그래서 여기까지야<br/>더이상 아무 의미없어 <br/>시간을 끌어봤자 <br/>서로에게 더 아프게만 할게 분명하잖아<br/>그냥 헤어지자 그게 좋을 것 같아 <br/>아무 감정없이 흘러가는 시간이 삭막해<br/>달라질 수 있을거라 몇번이나 생각했지 <br/>그렇게 믿어왔던 내가 바보야<br/>더이상 아무 의미없어 <br/>시간을 끌어봤자 <br/>서로에게 더 아프게만 할게 분명하잖아<br/>그냥 헤어지자 그게 좋을 것 같아 <br/>아무 감정없이 흘러가는 시간이 삭막해<br/>
"
2935,변명,잎세잎세,변명,5,<dd>2019.09.10</dd>,"오늘은 또 무슨 변명을 할지<br/>너에눈빛 표정만봐도 이제 뻔한데<br/>속아주니 내가 우스운건지<br/>점점더헤 뻔뻔헤 이젠 참기 힘들어<br/>너는 bad bad bad badboy<br/>넘어가려해도<br/>do do do ley <br/>돌이킬순 없어<br/>good good good goodby <br/>너에입에서<br/>거짓말밖엔 나오지가 않잖아<br/>어젠피곤해서 먼저잔다더니<br/>늦게까지 다른여자 찾아 질리지않니<br/>웃어주니 내가 만만한건지<br/>점점더해 뻔뻔해 여기서 끝내야겠어<br/>너는 bad bad bad badboy<br/>넘어가려해도<br/>do do do ley <br/>돌이킬순 없어<br/>good good good goodby <br/>너에입에서<br/>거짓말밖엔 나오지가 않잖아<br/>마지막까지도 니 말엔 진심은없어<br/>미안하다면서 제발 찾지마<br/>점점더헤 뻔뻔헤 이젠 참기 힘들어<br/>너는 bad bad bad badboy<br/>넘어가려해도<br/>do do do ley <br/>돌이킬순 없어<br/>good good good goodby <br/>너에입에서<br/>거짓말밖엔 나오지가 않잖아<br/>
"
2936,시간이 약...,L.RimL.Rim,시간이 약...,2,<dd>2019.09.10</dd>,가사가 없습니다
2937,바다가 만든 도시,지니방구지니방구,바다가 만든 도시,3,<dd>2019.09.10</dd>,"옛날옛적에 호랑이가<br/>수영하고 놀던 시절에<br/>토끼따라서 쫓아왔던<br/>동화 같은 이야기들<br/>파란물결 하얀풍경<br/>꿈 속 같아서 아름다워<br/>와 대박<br/>이상하고 신기하고<br/>아름다운 마술같은<br/>보고싶은 니가 자꾸자꾸 생각나네<br/>용왕님이 보우하사 용궁사<br/>인어공주 기도한다 동백섬<br/>방구쟁이 지니흔적 해운대<br/>수리수리 마술같은 매력시티 부산<br/>하얀눈이 내려와<br/>바닷길을 어루 만지면<br/>흰여울길 드리워져<br/>옛생각에 빠진다<br/>포장마차는 자갈마당<br/>분위기에 취하고<br/>쥑이네<br/>이상하고 신기하고<br/>아름다운 마술같은<br/>보고싶은 니가 자꾸자꾸 생각나네<br/>무지개빛 브리지는 광안리<br/>사막여우 어린왕자 물었지<br/>레고마을 감천마을 아냐고<br/>수리수리 마술같은 감성시티 부산<br/>수리수리 마술같은 포텐시티 부산<br/>
"
2938,FM43 Diary 2019.09.03 (Feat. 이요셉 Piano),FM43FM43,FM43 Diary 2019.09.03,6,<dd>2019.09.10</dd>,가사가 없습니다
2939,FM43 Diary 2019.09.02 (Feat. 이요셉 Piano),FM43FM43,FM43 Diary 2019.09.02,5,<dd>2019.09.10</dd>,가사가 없습니다
2940,바람 (Vocal. 마현권),FM43FM43,바람,8,<dd>2019.09.10</dd>,"아무도 모르는 너의 비밀을 <br/>나는 아직도 널 믿지 못하네<br/>약속했던 시간 다가오지만<br/>너와 내가 만날 수 있을까<br/>지나가는 바람처럼 나를 스쳐가는<br/>아니면 그대는 바람인 건가<br/>이젠 기다릴 수 없어 그대<br/>바람처럼 떠나 갈 거야<br/>너의 비밀 알고 싶어 아무도 몰라<br/>잡고 싶은 바람 같은 맘<br/>불어오는 바람을 내가 놓쳐 버렸나<br/>잡히지도 않는 그대가<br/>울고 싶지 않지만 그대를 보면<br/>어디로 가야 하나<br/>보고 싶어<br/>그대를<br/>약속했던 시간은 이미 지나가 버렸지<br/>너와 내가 만날 수 있나<br/>너의 비밀을 알아 내 눈에 보여<br/>지나가는 바람 같은 너<br/>
"
2941,주술,차재 (Chajae)차재 (Chajae),주술,1,<dd>2019.09.10</dd>,가사가 없습니다
2942,멈춰있어 (feat.지성덕),9191,멈춰있어,14,<dd>2019.09.10</dd>,"나 그대로 멈춰 있어<br/>네가 날 두고 간 줄 모르고<br/>점점 가득해진 빈자리에<br/>계속 밀려나고 있어<br/>어디로 가야 할지 모르겠어<br/>네가 남겨둔 나는<br/>꼭 절반일 뿐이라서<br/>다시 채워봐도 결국엔<br/>난 네가 필요해서<br/>밤새 너를 그려보다 잠 못 들고<br/>너 없는 나도 괜찮아 말해보고<br/>소릴 낼 수 없을 때까지 불러봐도<br/>다를 것 없는 내일을 알아 난<br/>그래 전부 꿈이었나 봐<br/>텅 빈 얼굴로 하룰 보내고<br/>난 나를 맞춰보곤 해<br/>네가 남긴 조각들로<br/>이렇게 무너질 걸 알면서<br/>네가 남겨둔 나는 꼭<br/>절반일 뿐이라서<br/>다시 채워봐도 결국엔<br/>난 네가 필요해서<br/>밤새 너를 그려보다 잠 못 들고<br/>너 없는 나도 괜찮아 말해보고<br/>소릴 낼 수 없을 때까지 불러봐도<br/>다를 것 없는 내일을 알아 난<br/>난 아직 혼자인 내가 너무 어려워<br/>너 없는 빈자리를 계속 비워 두고<br/>네가 없는 빈자리를 재어보고<br/>내게 남은 것들을 다시 세어봐도<br/>채워지지 않는 모자란 나는 네가<br/>찾아올까 한참을 여기에 난<br/>난 그대로 멈춰있어<br/>
"
2943,Stay,miseongiimiseongii,Stay,26,<dd>2019.09.10</dd>,"Stay<br/>just a little moment longer<br/>Be by my side<br/>Do you hear<br/>How the raindrops are falling<br/>slowly down one by one<br/>Stay don’t let go of my hand<br/>I am afraid of the darkness<br/>Creeping in the deepest corner<br/>of my heart<br/>Stay<br/>by my side<br/>All night<br/>Green grass summertime<br/>nothings really on my mind<br/>Rain smells sky is blue things<br/>around they feel so new<br/>In every way it feels so great<br/>just wanna stay<br/>People party at the place<br/>Sun goes up sun goes down<br/>But wait what’s this sound<br/>I’ll be dancing all night long<br/>I got my red dress on<br/>Never ever let this music end<br/>Keep this song<br/>Playing all night long<br/>And Keep the big full moon on<br/>In your hand like a balloon<br/>Then our dreams<br/>will come true soon<br/>Your eyes meet with mine<br/>When your smile<br/>I wish I could be with you<br/>All night just like this<br/>Hold me tight alright<br/>I’ll be dancing all night long<br/>I got my red dress on<br/>Never ever let this music end<br/>Keep this song<br/>Playing all night long<br/>And Keep the big full moon on<br/>In your hand like a balloon<br/>Then our dreams<br/>will come true soon<br/>Dancing all night long<br/>I got my red dress on<br/>Never ever let this music end<br/>Keep this song<br/>Playing all night long<br/>And Keep the big full moon on<br/>In your hand like a balloon<br/>Then our dreams<br/>will come true soon<br/>Stay<br/>just a little moment longer<br/>Be by my side<br/>
"
2944,고백할까 (feat. 진효),T-rol (티롤)T-rol (티롤),고백할까,31,<dd>2019.09.10</dd>,"미안해 내안에 아픈사랑 <br/>내안에 슬픈사랑 <br/>너하나라서 <br/>언제가 되야 <br/>니가 그 자리에 <br/>니가 그 자리에 <br/>없을 수 있을까 <br/>매일 매일 거짓말<br/>이젠 내게 넌 끝났다고 <br/>언제까지 감출까 했지만 <br/>끝나지않아 <br/>하루종일 전화만 봐<br/>하루종일 문자만 봐<br/>왜 아닌 걸 알면서<br/>이젠 끝났다고<br/>하루 종일 사진만봐<br/>이 바보야 그건 아니<br/>이 시간에 차라리<br/>차라리 그냥 고백을 해 바보야 <br/>고백할 까 아냐 고백할 까 아냐 <br/>고백할 까 나 뭐해 뭐해 <br/>고백할 까 그래<br/>언제할 까 언제 음 아니야 <br/>매일 매일 거짓말<br/>이젠 내게 넌 끝났다고 <br/>언제까지 감출까 했지만 <br/>끝나지않아 <br/>하루종일 전화만 봐<br/>하루종일 문자만 봐<br/>왜 아닌 걸 알면서<br/>이젠 끝났다고<br/>하루 종일 사진만봐<br/>이 바보야 그건 아니<br/>이 시간에 차라리<br/>차라리 그냥 고백을 해 바보야<br/>고백할 까 아냐 <br/>고백할 까 아냐 <br/>고백할 까 나 뭐해 뭐해 <br/>고백할 까 그래 <br/>언제할 까 언제 음 아니야 <br/>망설이기만 하는 내곁에 <br/>다가와줄래 바라봐줄래 <br/>이젠 나도 널 바라볼께<br/>하루종일 전화만 봐<br/>하루종일 문자만 봐<br/>왜 아닌 걸 알면서<br/>이젠 끝났다고<br/>하루 종일 사진만봐<br/>이 바보야 그건 아니<br/>이 시간에 차라리<br/>차라리 그냥 고백을 해 바보야 <br/>고백할 까 아냐 <br/>고백할 까 아냐 <br/>고백할 까 나 뭐해 뭐해 <br/>고백할 까 그래 <br/>언제할 까 언제 음 아니야<br/>
"
2945,느린아이,허규허규,모두 다 쿵따리 OST Part 8,12,<dd>2019.09.10</dd>,"날 잡아 줄 두 손이 없대도<br/>걸을 수 있는 두 발이 없대도<br/>하고 싶은 말 너의 입술로 <br/>다 할 수 없대도<br/>괜찮아<br/>그곳까지 긴 시간이 걸린대도<br/>가장 늦게 도착한다 해도<br/>포기하지 않고 있는 널 위해<br/>손을 내밀어 줄 테니 <br/>지금처럼 웃어줘<br/>내 노래가 들리지 않아도<br/>푸른 하늘이 보이지 않아도<br/>사람에 지쳐 살아가는 게 <br/>힘들다 느껴져도<br/>걱정 마<br/>그곳까지 긴 시간이 걸린대도<br/>가장 늦게 도착한다 해도<br/>포기하지 않고 있는 널 위해<br/>손을 내밀어 줄 테니 <br/>지금처럼 웃어줘<br/>때론 힘들거나 쓰러져서 <br/>눈물 흘려도 좋아<br/>이것만 기억해줄래 <br/>그건 조금은 다른 너희의 <br/>모습 때문은 아냐<br/>다른 모습 때문은 아냐<br/>누구나 겪는 과정일 뿐이야<br/>그곳까지 긴 시간이 걸린대도<br/>가장 늦게 도착한다 해도<br/>포기하지 않고 있는 널 위해<br/>손을 내밀어 줄 테니 <br/>도착할 수 있을 테니<br/>지금처럼 웃어줘<br/>
"
2946,(내 마음의 소리를) 들어봐요,달순씨달순씨,내 마음의 소리를 들어봐요,20,<dd>2019.09.10</dd>,"가슴속에 누가 살까<br/>먼저 건낸 나의 두손<br/>하지만 난 너의 손끝에 닿는 차가움<br/>끝에 서 있는 것 같아<br/>너무 두려워<br/>너에게서 나를 빼앗긴다<br/>In my dreams 너에게<br/>In my dreams 손길을<br/>한참동안 기다렸어 너의 두손을<br/>허나 너의 모습 보이질 않아서<br/>In my dreams 너에게<br/>In my dreams 손길을<br/>오랫동안 생각했어 너의 손길을<br/>허나 너의 모습 보이질 않아<br/>들어봐요<br/>마음속에 누가 살까<br/>먼저 건 낸 나의 두 손<br/>하지만 난 너의 손끝에 닿는 차가움<br/>끝에 서 있는 것 같아<br/>너무 두려워 너에게서 나를 빼앗긴다<br/>In my dreams 너에게<br/>In my dreams 손길을<br/>한참동안 기다렸어 너의 두손을<br/>허나 너의 모습 보이질 않아서<br/>In my dreams 너에게<br/>In my dreams 손길을<br/>오랫동안 생각했어 너의 손길을<br/>허나 너의 모습 보이질 않아<br/>In my dreams 너에게<br/>In my dreams 손길을<br/>한참동안 기다렸어 너의 두손을<br/>허나 너의 모습 보이질 않아서<br/>In my dreams 너에게<br/>In my dreams 손길을<br/>오랫동안 생각했어 너의 손길을<br/>허나 너의 모습 보이질 않아<br/>들어봐요<br/>
"
2947,고마운 추억,하늘하늘,고마운 추억,8,<dd>2019.09.10</dd>,"가을바람이 불어와 <br/>오랜만에 네 생각이 났어<br/>이 바람의 향기는 너를 담아 <br/>잠시 내게 들른 듯해<br/>기억하니 이 계절 이맘때쯤을<br/>우리의 추억이 남아 있는 이 거리를<br/>못 해준 것만 생각나 너를 떠올릴 때면<br/>그때의 후회도 지금은 추억이 되었어<br/>고마워 행복한 기억<br/>파란 하늘을 바라봐<br/>오랜만에 네 생각이 났어<br/>저 구름의 모양은 너의 미소<br/>따뜻함을 담은 듯해<br/>함께했던 그 시간 그 시절들을<br/>소중히 간직해 아름다운 추억이니<br/>못 해준 것만 생각나 너를 떠올릴 때면<br/>그때의 후회도 지금은 추억이 되었어<br/>고마워 행복한 기억<br/>
"
2948,Fall In Love (Feat. 전하민),젤리프로젝트젤리프로젝트,Fall In Love,7,<dd>2019.09.10</dd>,"얼마나 더 있어야<br/>따뜻할 것만 같은 손잡아 볼까<br/>하얀 구름처럼<br/>부드러울 것만 같아<br/>어느새 내 맘은 말이야<br/>너로만 가득 차있어<br/>가만히 눈을 감아도 네가 보여<br/>생각만 해도 난 두근거려요<br/>스치듯 날 보는<br/>너의 시선이 느껴져<br/>간지러운 듯한 이 설렘<br/>너의 붉어진 두 볼<br/>우린 아마도 사랑에 빠졌어<br/>무지개 핀 하늘 위<br/>노래 부르는 저 새들도 바람도<br/>행복한 꿈처럼<br/>모두 아름다워 보여<br/>어느새 내 맘은 말이야<br/>너로만 가득 차있어<br/>가만히 눈을 감아도 네가 보여<br/>생각만 해도 난 두근거려요<br/>달콤한 목소리<br/>내 귓가에 들려오면<br/>간지러운 듯한 이 설렘<br/>너의 빛나는 미소<br/>우린 아마도 사랑에 빠졌어<br/>함께 보내는 하루가<br/>매일이 되면 좋겠어<br/>늘 너의 곁에 있고 싶어<br/>숨기지 말아 줘<br/>말하지 않아도<br/>난 알 수 있어<br/>woo 나와 같은 마음인 거야<br/>너의 붉어진 두 볼<br/>우린 아마도 사랑에 빠졌어<br/>함께 보내는 하루가<br/>매일이 되면 좋겠어<br/>늘 너의 곁에 있고 싶어<br/>숨기지 말아 줘<br/>
"
2949,놀리지 마요 (Feat. 그리다),솔직남녀솔직남녀,놀리지 마요,6,<dd>2019.09.10</dd>,"눈이 예쁘다고 손이 통통하다고<br/>놀리는가요 나는 알 수 없어요<br/>높이 올라간 목소리는<br/>지금 내 기분을 말하죠<br/>작은 웃음소리도<br/>나를 보고 웃는 눈도<br/>너무 위험한 걸요<br/>자꾸 놀리지 마요 놀라니까요<br/>소심한 마음에 그대 마음 몰라주고서<br/>울어버릴지 몰라요<br/>좋은가 봐요 아니 좋아요<br/>작은 장난에도<br/>울다가 웃었다 하는 날 봐요<br/>날 알아줘요<br/>달달한 과자가 아이스크림 좋아요<br/>그보다 달콤한 내 맘 여기 있어요<br/>빨라지는 내 숨소리는<br/>지금 내 기분을 말하죠<br/>크게 웃는 소리도<br/>나를 보고 웃는 눈도<br/>너무 위험한 걸요<br/>자꾸 놀리지 마요 놀라니까요<br/>소심한 마음에 그대 마음 몰라주고서<br/>울어버릴지 몰라요<br/>좋은가 봐요 아니 좋아요<br/>작은 장난에도<br/>울다가 웃었다 하는 날 봐요<br/>날 알아줘요<br/>
"
2950,좋으면서 괜히 그래,네임 (Name)네임 (Name),좋으면서 괜히 그래,2,<dd>2019.09.10</dd>,"좋으면서 괜히 그래<br/>일부러 더 못났다 하고<br/>다 알면서 나도 그래<br/>일부러 화를 내기도 해<br/>뭐 남들이 볼 때 싸우는 것 같데<br/>더 친하게 보여 부러운 것 같데<br/>너도 나도 말은 안 했지만<br/>그러는 사이 정이든 것 같애<br/>맛있는 거 먹을 때 네 생각나고<br/>예쁜 카페를 가도<br/>제일 먼저 생각나 너<br/>언제부터인지 모르게<br/>시작한 우리 사랑 얘기<br/>닿을 듯한 너의 어깨<br/>일부러 더 피하지 않고<br/>스치는 너의 손에<br/>얼굴이 빨개지기도 해<br/>뭐 남들이 볼 때 귀여운 것 같데<br/>더 친하게 보여 부러운 것 같데<br/>너도 나도 말은 안 했지만<br/>그러는 사이 정이든 것 같애<br/>맛있는 거 먹을 때 네 생각나고<br/>예쁜 카페를 가도<br/>제일 먼저 생각나 너<br/>언제부터인지 모르게<br/>시작한 우리 사랑 얘기<br/>누구를 만나도 다 너로 보이고<br/>내가 왜 이러는지<br/>제일 먼저 생각나 너<br/>언제부터인지 모르게<br/>시작한 우리 사랑 얘기<br/>
"
