3551,고양이 집,오곤오곤,고양이 집,392,<dd>2019.07.31</dd>,"하루 종일 나는 너만 생각하네<br/>그런 너는 내 맘 모르는 척하다<br/>가끔 따스한 목소리로<br/>날 불러줄 때면<br/>그게 그래 참 난 그게 좋아<br/>언젠가는 너도 날 떠날 거라며<br/>바보 같고 쓸데없는 상상에 잠겨<br/>문득 불안하게<br/>널 보는 내 마음이 미울 땐<br/>그게 그래 참 난 그게 슬퍼<br/>넌 참 도도하지<br/>난 그 모습이 전부 좋아<br/>좀 어지럽지만<br/>넌 참 똑똑하지<br/>난 그 모습에 매일 속아 줄래<br/>넌 다 알고 있잖아<br/>네 토라진 모습에 무섭다가도 난<br/>네 작은 몸짓들에 다시 녹아버려<br/>하늘 구름 달 별<br/>담은 푸른 두 눈 속에<br/>지쳤던 나를 잊고서<br/>네 우주 속으로 나 들어갈래<br/>속에 있던 얘기들 감추고 있다가<br/>나도 모르게 네게 모든 말들을 꺼내<br/>너의 손을 잡고<br/>있을 땐 마음이 편해져<br/>그게 그래 참 난 그게 기뻐<br/>넌 참 도도하지<br/>난 그 모습이 전부 좋아<br/>좀 어지럽지만<br/>넌 참 똑똑하지<br/>난 그 모습에 매일 속아 줄래<br/>넌 다 알고 있잖아<br/>네 토라진 모습에 무섭다가도 난<br/>네 작은 몸짓들에 다시 녹아버려<br/>하늘 구름 달 별<br/>담은 푸른 두 눈 속에<br/>지쳤던 나를 잊고서<br/>네 우주 속으로 나 들어갈래<br/>난 말이야<br/>하고 싶은 것들이 수만 가지 넘는데<br/>항상 너와의 영원을 그려 본다면<br/>혹시 내 욕심인 걸까<br/>넌 참 도도하지<br/>난 그 모습이 전부 좋아<br/>좀 어지럽지만<br/>넌 참 똑똑하지<br/>난 그 모습에 매일 속아 줄래<br/>넌 다 알고 있잖아<br/>네 토라진 모습에 무섭다가도 난<br/>네 작은 몸짓들에 다시 녹아버려<br/>하늘 구름 달 별 담은 푸른 두 눈 속에<br/>지쳤던 나를 잊고서<br/>네 우주 속으로 나 들어갈래<br/>
"
3552,처음부터 우린 (prod. 조남매),우은미 (Woo Eun Mi)우은미 (Woo Eun Mi),처음부터 우린,406,<dd>2019.07.31</dd>,"널 사랑했던 것 아니<br/>참았던 눈물이 흘러나와 <br/>사실 잘 된 거라 믿고 싶었는데<br/>견디기 힘든 것 같아<br/>이별은 네가 다 정해 놓은 것 같아<br/>왜 넌 내게 쉽게 말했던 걸까<br/>처음부터 우린 아닌 사랑을 했었니<br/>너와의 기억들 모두<br/>수천 번 더 지우려고 해봐도 안돼<br/>사랑했던 너는 어떨까<br/>이별이란 나만 아플까<br/>다시 나도 모르게 눈물이 나<br/>이별은 네가 다 정해 놓은 것 같아<br/>왜 넌 내게 쉽게 말했던 걸까<br/>처음부터 우린 다른 사랑을 했었니<br/>너와의 기억들 모두<br/>수천 번 더 지우려고 해봐도 안돼<br/>사랑했던 너는 어떨까<br/>이별이란 나만 아플까<br/>다시 나도 모르게 난 널<br/>아직 네가 난 보고 싶어 <br/>다른 사랑 안 했으면 해 <br/>너와의 기억들 모두<br/>수천 번 더 지우려고 해봐도 안돼 <br/>사랑했던 너는 어떨까 <br/>이별이란 나만 아플까 <br/>다시 나도 모르게 눈물이 나 <br/>
"
3553,알아,주효주효,알아,126,<dd>2019.07.31</dd>,"Hey 날 봐봐 이런 기분은<br/>참 오랜만이야<br/>쌓인 마음을 전부<br/>털어놓을 작정이란 말이야<br/>불안해하는 니 표정에<br/>더 너를 꼭 안아주게 돼<br/>나는 사랑도 잘은 모르고<br/>따뜻한 말도 잘은 못 하고<br/>소중한 건 가까이에 있다는 걸<br/>잊을 때도 있지만<br/>니가 바라던 내가 되는 게<br/>너의 곁에서 살아가는 게<br/>너무 잘한 일이라는 걸 난 알아<br/>다 알아 니 맘<br/>Hey 들어봐 중요한 건<br/>바로 지금이잖아<br/>말랑거리는 너의 입술 밖에<br/>보이지가 않잖아<br/>널 울렸던 적보다 널 웃게 했던<br/>순간이 더 많았던 나잖아<br/>나는 사랑도 잘은 모르고<br/>따뜻한 말도 잘은 못 하고<br/>소중한 건 가까이에 있다는 걸<br/>잊을 때도 있지만<br/>니가 바라던 내가 되는 게<br/>너의 곁에서 살아가는 게<br/>너무 잘한 일이라는 걸 난 알아<br/>다 알아 니 맘<br/>나는 사랑도 잘은 모르고<br/>따뜻한 말도 잘은 못 하고<br/>소중한 건 가까이에 있다는 걸<br/>잊을 때도 있지만<br/>니가 바라던 내가 되는 게<br/>너의 곁에서 살아가는 게<br/>너무 잘한 일이라는 걸 난 알아<br/>다 알아 니 맘<br/>
"
3554,누군가한테는 쉽고도 쉬운 그런 이별,"리디아 (Lydia), 리희 (Ryhee)리디아 (Lydia), 리희 (Ryhee)",누군가한테는 쉽고도 쉬운 그런 이별,163,<dd>2019.07.31</dd>,"덤덤했던 이별을 난 겪고 <br/>별일없이 돌아온 나의 일상에 <br/>어느순간 무거워지는 맘 <br/>잠이 안오는 밤 <br/>나가기 싫은 날<br/>먹고싶지도 않은 날 <br/>느리게 가는 날<br/>한시간이 하루같아 <br/>답답하게 내쉰 <br/>한숨속에 담겨있는 너의 그리움<br/>누군가한테는 쉽고도 쉬운 그런 이별 <br/>그게 그렇게 쉽지가않아 나에겐<br/>오늘따라 유난히도 <br/>내 맘에 니가 차올라 <br/>아무생각도 나지가 않아 <br/>너만 자꾸 떠올라 오늘 더<br/>한시간이 하루같아 <br/>답답하게 내쉰 <br/>한숨속에 담겨있는 너의 그리움<br/>누군가한테는 쉽고도 쉬운 그런 이별 <br/>그게 그렇게 쉽지가않아 나에겐<br/>오늘따라 유난히도 <br/>내 맘에 니가 차올라 <br/>아무생각도 나지가 않아 <br/>너만 자꾸 떠올라 오늘 더<br/>심장이 뛰고 뜨거운 얼굴 <br/>나의 몸이 이상한가봐 <br/>너를 만나기 그날그때로 될 수 있을까<br/>누군가한테는 쉽고도 쉬운 그런 이별 <br/>그게 그렇게 쉽지가않아 나에겐<br/>오늘따라 유난히도 <br/>내 맘에 니가 차올라 <br/>아무생각도 나지가 않아 <br/>너만 자꾸 떠올라 오늘 더<br/>
"
3555,사랑스러워,김철민김철민,통통한 연애2 OST Part 2,627,<dd>2019.07.31</dd>,"가끔씩 나와 눈 마주칠 땐<br/>재빨리 고갤 돌려 넌<br/>가끔씩 내가 다가갔을 땐<br/>마치 벽이 있는 것 같아<br/>내 눈엔 예쁜데 왜<br/>The way you are<br/>못된 말들을 신경 써 왜<br/>넌 왜 Babe Oh<br/>괜찮아 나와 있을 때 넌<br/>You are<br/>정말 사랑스러워<br/>머리부터 발끝까지 다<br/>눈이 부셔<br/>화를 내도 사랑스러워<br/>얼굴 표정 모두 다<br/>넌 완벽해<br/>봐도 봐도 사랑스러워<br/>사랑스러워<br/>가끔씩 너와 떨어졌을 때<br/>네 옆에 걔가 신경 쓰였어<br/>그래서 내게 돌아왔을 땐<br/>네 맘 다쳤을까 걱정됐어<br/>내 눈엔 예쁜데 왜<br/>The way you are<br/>못된 말들을 신경 써 왜<br/>넌 왜 Babe oh<br/>괜찮아 나와 있을 때 넌<br/>You are<br/>정말 사랑스러워<br/>머리부터 발끝까지 다<br/>눈이 부셔<br/>화를 내도 사랑스러워<br/>얼굴 표정 모두 다<br/>넌 완벽해<br/>봐도 봐도 사랑스러워<br/>사랑스러워<br/>한순간도 널 놓치고 싶질 않아<br/>너의 새초롬한 눈 웃음<br/>난 기분이 좋아져<br/>더 내게 마음을 열어줘<br/>난 너만 바라볼 거야<br/>정말 사랑스러워<br/>머리부터 발끝까지 다<br/>눈이 부셔<br/>화를 내도 사랑스러워<br/>얼굴 표정 모두 다<br/>넌 완벽해<br/>봐도 봐도 사랑스러워<br/>사랑스러워<br/>
"
3556,바보 (Feat. 안은길),배영근배영근,바보,38,<dd>2019.07.31</dd>,"볼 수 있어도 갈수 없었어<br/>멀리서 바라만 보던 널 이젠<br/>조금씩 옆으로 다가 가려 했지만<br/>옆에 그 자리<br/>다른 누군가 사랑하고 있었어<br/>바보 같은 날 단 한번만<br/>바라봐줄 순 없을까요<br/>그대가 날 보며 웃었던 그날<br/>잊을 수 가 없는데<br/>바보 같은 날 단 한번만<br/>돌아봐 줄 순 없었나요<br/>불러도 대답이 없는 그대를<br/>포기 해야 할 텐데 나는<br/>술에 취한 넌내 어깨 기대<br/>그 자리 그 사람 이름을 말해<br/>눈물이 차 올랐지만 너의 웃음을<br/>본 그 순간이 기억에<br/>남아 잊어 지지 않는데<br/>네 웃음을 본 나는<br/>매일 그 생각에 잠겨<br/>가로등 불빛에 보인<br/>네 모습 그 기억에<br/>하루를 버티는데<br/>바보 같은 날 단 한번만<br/>바라봐줄 순 없을까요<br/>그대가 날 보며 웃었던 그날<br/>잊을 수 가 없는데<br/>바보 같은 날 단 한번만<br/>돌아봐 줄 순 없었나요<br/>불러도 대답이 없는 그대를<br/>포기 해야 할 텐데 나는<br/>이젠 더 이상 지칠 자신이 없어<br/>포기 하려 했지만 어린 마음이 남아<br/>울잖아<br/>바보 같은 내가 뒤에서<br/>그댈 기다리고 있으니<br/>언제든 그때의 그 웃음 다시<br/>보고 싶은 나인데<br/>바보처럼 네게 기대어<br/>울고 싶다 생각도 했지만<br/>안고 싶었다고 사랑했다고<br/>보고 싶었었다고 정말<br/>
"
3557,친구,하늘하늘,친구,6,<dd>2019.07.31</dd>,"오랜만에 들러본 나의 고향은<br/>온통 너희들의 모습으로<br/>가득해 행복하게 해<br/>이제는 각자의 길을<br/>걷고 있는 친구들아<br/>다 잘 될 거야 항상 너희들을 응원해<br/>가끔은 지치고 힘들 때도 있겠지<br/>그래도 잘 이겨낼 너희들이야<br/>나의 어린 날을 빛내준 친구들아<br/>잊지 못해 그 추억에 살 거야<br/>여기저기 모든 곳이 나의 너희들<br/>그때의 순수한 귀여운 우리들<br/>미소 짓게 해<br/>이제는 각자의 길을<br/>걷고 있는 친구들아<br/>다 잘 될 거야 항상 너희들을 응원해<br/>가끔은 지치고 힘들 때도 있겠지<br/>그래도 잘 이겨낼 너희들이야<br/>나의 어린 날을 빛내준 친구들아<br/>잊지 못해 그 추억에<br/>
"
3558,파란 거울이,시슬리시슬리,파란 거울이,1,<dd>2019.07.31</dd>,"세상이 모두 다 파란 걸까<br/>내 눈에만 그렇게 보이는 걸까<br/>거울에 비취이는 색깔인 걸까<br/>외로운 시간이 내 마음에 물들어<br/>깊고 깊은 조각들을<br/>더 서럽게 만들지만<br/>그렇다고 믿고 있던 것들에 대한<br/>아쉬움이랄까<br/>조금 더 즐거운 마음들이<br/>오늘을 조금 더 버티게 만들어 주네<br/>모두 그런건 아니겠지<br/>그렇다고 나만 그런 것도 아닐꺼야<br/>그럴수록 홀로서기를 해야 하겠지<br/>마음 깊숙한 곳에서<br/>나도 모르는 서운함이 밀려 오지만<br/>세상이 모두 파랗다고 말하는<br/>파란 거울에게 물어 볼꺼야<br/>내 눈에만 그렇게<br/>보이는 건 아닐거야<br/>외로운 시간이 물들은 내 마음에<br/>깊고 깊은 조각들이 그저 잠시<br/>서럽게 만들었던 거라고<br/>파란 거울 앞에선 내 모습은<br/>그저 거울에 비추인 모습일 뿐이라고<br/>이제 외로운 시간은<br/>다시 오지 않을 거라고<br/>대답해 주네<br/>파란 거울이<br/>파란 거울이<br/>
"
3559,이별이라는 게,최정우최정우,이별이라는 게,36,<dd>2019.07.31</dd>,"늦은 새벽에 네 생각이 나서<br/>멍하니 하늘만 바라봐<br/>우리 함께했던 그 시간이<br/>이제는 꿈인 것 같아<br/>문득 가슴이 아려와<br/>날 붙잡던 네 눈물이 또 맴돌아서<br/>다시 안아줄 수도 없어<br/>너무 쉽게 포기한 것 같아서<br/>이별이 내게 스며들어와<br/>내 맘 한구석에 멈춰 서서<br/>널 바라보던 널 사랑하던<br/>그때의 날 불러세운다<br/>이별이라는 게 후회만 남아<br/>네가 없이도 행복해 보였어<br/>지금이 괜찮은듯했어<br/>그렇게 난 내 자신을 속여 왔어<br/>나는 널 잊을 수 없나 봐<br/>문득 그때가 떠올라<br/>날 봐주던 네 미소가 또 생각나서<br/>다시 안아줄 수도 없어<br/>너무 쉽게 포기한 것 같아서<br/>이별이 내게 스며들어와<br/>내 맘 한구석에 멈춰 서서<br/>널 바라보던 널 사랑하던<br/>그때의 날 불러세운다<br/>이별이라는 게 후회만 남아서<br/>네 눈물이 네 미소가 날 자꾸 맴돌아<br/>그 생각에 견딜 수 없어<br/>이별이 내게 스며들어와<br/>내 맘 한구석에 멈춰 서서<br/>널 바라보던 널 사랑하던<br/>그때의 날 불러세운다<br/>이별이라는 게 후회만 남아서<br/>
"
3560,그날 우리,박무주박무주,그날 우리,32,<dd>2019.07.31</dd>,"잊어볼께 지워볼께 <br/>마지막 뒷모습까지 그려지지 않도록<br/>모른척 지내볼께<br/>어쩌다 생각이 나면 너와 머문곳에<br/>찾아가 보겠지 아무생각 없이 <br/>혹시 너를<br/>우연처럼 마주칠 수 있다면<br/>나도 모르게 <br/>또 추억을 말하고<br/>변해버린 네 모습<br/>믿겨지지 않아<br/>사랑한다고 말했잖아<br/>행복하다고 그랬잖아 <br/>보고싶다<br/>사랑한다 말하고<br/>또 이별을 말하고<br/>다시돌아갈 수 없단걸 너무 잘 알기에<br/>다 돌이켜보니 헛된짓이였더라 정말<br/>어쩌다 생각이 나면 너와 머문곳에<br/>찾아가 보겠지 아무생각 없이<br/>혹시 너를 <br/>우연처럼 마주칠 수 있다면<br/>나도 모르게<br/>또 추억을 말하고<br/>변해버린 네 모습<br/>믿겨지지 않아<br/>사랑한다고 말했잖아<br/>행복하다고 그랬잖아<br/>보고싶다<br/>사랑한다 말하고<br/>또 이별을 말하고<br/>다시돌아갈 수 없단걸 너무 잘 알기에<br/>다 돌이켜보니 헛된짓이였더라 정말<br/>익숙했던 모든 순간도 더이상<br/>내겐 추억으로만 남아서<br/>슬퍼져<br/>나도 모르게 <br/>또 추억을 말하고<br/>변해버린 네모습<br/>믿겨지지 않아<br/>사랑한다고 말했잖아<br/>행복하다고 그랬잖아<br/>보고싶다<br/>사랑한다 말하고<br/>또 이별을 말하고<br/>다시 돌아갈 수 없단걸 너무 잘 알기에<br/>다 돌이켜보니 헛된짓이였더라 정말<br/>
"
3561,놀러가자,발라듀엣발라듀엣,놀러가자,49,<dd>2019.07.31</dd>,"오늘 날씨 좀 봐 죽이지 않니<br/>부서지는 햇살 아래<br/>반짝이는 한강 보며<br/>자전거 타러 갈래<br/>너만 괜찮다면 예쁘게 핀<br/>저 꽃들을 보며 웃고 싶어<br/>지루해진 일상 속에<br/>너와 영화 같은 사랑을 수놓고 싶어<br/>망설이지 말고 나에게 다가와<br/>내 손을 잡아줄래<br/>놀러 가자<br/>자동차 기차 비행기 타고<br/>놀러 가자<br/>어디든 원하는 곳으로<br/>지루한 이 순간 너와 함께라면<br/>상상하던 그 모든 것이 이뤄질 거야<br/>If you love me I'll be happy<br/>너와 영화 같은 사랑을 수놓고 싶어<br/>망설이지 말고 나에게 다가와<br/>내 손을 잡아줄래<br/>놀러 가자<br/>자동차 기차 비행기 타고<br/>놀러 가자<br/>어디든 원하는 곳으로<br/>지루한 이 순간 너와 함께라면<br/>상상하던 그 모든 것이 이뤄질 거야<br/>놀러 가자<br/>자동차 기차 비행기 타고<br/>놀러 가자<br/>어디든 원하는 곳으로<br/>지금 잡은 손과 너와 함께라면<br/>상상하던 그 모든 것이 이뤄진 순간<br/>
"
3562,제페토의 꿈(Dreams of Geppetto),유로유로,제페토의 꿈(Dreams of Geppetto),37,<dd>2019.07.31</dd>,"당신의 가슴이 바라는<br/>소원을 별에게 물어요<br/>그대가 누군지는 상관이 없어요<br/>당신의 진심이 꿈속에<br/>있다면 별에게 물어요<br/>그대가 꿈꿔왔던 기분<br/>좋은 작은 기쁨을 모두에게<br/>밤에 찾아온 조그만 꿈은<br/>그대 원하는 세상을 살게 해줄<br/>내가 준 선물인 걸요<br/>여길 봐 피노키오<br/>여기야 네가 서있는 곳<br/>너는 내 전부야<br/>이 넓은 세상을 봐 봐<br/>네 자신을 지켜 바라봐<br/>내게 찾아온 작은 두 손은<br/>그대가 내게 준 환한 미소를<br/>내가 꼭 지켜 낼게요<br/>여길 봐 피노키오<br/>여기야 네가 서있는 곳<br/>너는 내 전부야<br/>이 넓은 세상을 봐 봐<br/>네 자신을 지켜 바라봐<br/>듣고 있니 나의 마음을<br/>밤하늘에 빛나는 별들 사이로<br/>널 지켜준 널 채워준 널 바라보는 걸<br/>알고 있니 너의 마음을<br/>숨길 수가 없어도 그저 그렇게<br/>날 바라봐 내게로 와 널 놓지 않아<br/>나는야 피노키오 여기야<br/>내가 서있는 곳<br/>너는 내 전부야 그 말을 기억해 항상<br/>내 모습을 지켜 바라봐<br/>
"
3563,화해,김창아김창아,화해,28,<dd>2019.07.31</dd>,"잘지내 라는 말에 대답 하지 못한 나 <br/>눈치 없이 또 질문 하는 너<br/>반가운 듯 한 표정 말투까지 <br/>못된 난 참 아니꼽게 들려 <br/>꿈에 그린 회사원증 <br/>가족들에게 자랑스러울<br/>그런 사람이 되있는 니가<br/>부러워 보일뿐 아무 잘못 없어 <br/>친구야 나 같은 바보가 네 친구라서<br/>oh 화내서 미안해 <br/>그렇게 할 생각 없었어<br/>괜히 세상에 쫒기는 <br/>내 현실이 힘들어서<br/>너에게 못되게 했어 이해해주겠니<br/>대학3수 고졸에 자존감 낮아<br/>되는게 없는 N포의 중심<br/>면접도 안 되고 돈 한푼 없이<br/>나 하나 살기 힘든 청춘 날<br/>노력하면 된다지만<br/>나름 나도 열심히 살았어<br/>하지만 노력 해도 안되는 걸<br/>괜히 나 너에게 화내고 말았어<br/>친구야 나 같은 바보가 네 친구라서<br/>oh 화내서 미안해 <br/>그렇게 할 생각 없었어<br/>괜히 세상에 쫒기는 <br/>내 현실이 힘들어서<br/>너에게 못되게 했어 이해해주겠니<br/>친구야 내겐 네가 오 정말 소중해<br/>다른 사람들이 널 못 알아 볼 뿐이야<br/>언젠가 너의 모습을 한눈에 알아주는<br/>누군가 꼭 너를 찾아낼 거라 믿고 있어<br/>god will make you a way <br/>소중한 너에게 남기고 싶은 한마디<br/>워 다들 몰라줘도 너의 잘 못이 아냐<br/>주변 눈치 보지 말고<br/>네가 하고 싶던 모든 것<br/>천천히 이뤄가는 네가 됬으면 좋겠어 <br/>소중한 너에게 남기고 싶은 한마디<br/>워 다들 몰라줘도 너의 잘 못이 아냐<br/>괜히 눈치 보지 말고 <br/>네가 하고 싶던 모든 것<br/>천천히 이뤄가는 네가 됬으면 좋겠어 <br/>
"
3564,너 그리고 나,벨라 (Bella)벨라 (Bella),너 그리고 나,7,<dd>2019.07.31</dd>,"확실하진 않지만 <br/>생각하는 것 같아<br/>당연한 듯 스쳐가는 너의 모습<br/>그냥 혼자 있는 느낌<br/>너의 행동들에<br/>지쳐가는 것 같아<br/>하루하루 한숨만<br/>늘어가는 것 같아<br/>아닌척해도 흔들리는 내 맘에<br/>어쩔 수 없나 봐<br/>들킬 것만 같아<br/>잠 못 이루고 있어<br/>천천히 다가갈래<br/>좀 더 날 기다려 줄래<br/>따듯한 햇살처럼 <br/>저 밤 하는 빛나는 저 별들처럼<br/>내 맘 깊은 곳<br/>소중한 사람<br/>그게 너라서 정말 행복해<br/>꿈처럼 내 곁에<br/>다가온 사람<br/>두근대는 한사람 그게 너라서 소중해<br/>내 마음속 빈자리<br/>너와의 사랑을 노래해<br/>짓궂은 너에 장난에 만들어진<br/>사랑 가득한 이맘<br/>눈 감아도 들려오는<br/>너의 목소리<br/>가슴 뛰게 하는 너의 숨소리<br/>널 바라만 봐도 <br/>그저 곁에 있어도<br/>뛰는 가슴 혹시 이게 사랑인 걸까요<br/>한 걸음 뒤엔 그대 곁에 서죠<br/>
"
3565,차라리 너 힘들면 (feat. 정은성),톤 (TONE)톤 (TONE),차라리 너 힘들면,546,<dd>2019.07.30</dd>,"거리를 걷는 곳마다<br/>너와 함께한 추억<br/>벗어나려 해봤지만<br/>아무소용없었어<br/>잠시 오래 연락없이<br/>떨어져있어서<br/>이렇게 된거라고 했어<br/>이별은 없는 거라고<br/>우리는 아직까지 사랑하고 있다고<br/>난 생각하고 바랬어<br/>혼자서 말을하고선 혼자웃는 나<br/>바보같아 언제까지 이래야하니<br/>차라리 너 힘들면<br/>조금은 위로될까 하는 마음에<br/>불행하길 바랬었어<br/>힘들게 지낸단<br/>너의 소식을 듣고선<br/>나도 모르는 이 마음 어쩌니<br/>하루가 이렇게 기니<br/>지루한 시간속에<br/>나 혼자서 헤매이고<br/>혼란스러운 날들<br/>친구들 농담에 나는 다른 생각해<br/>나 혼자만 다른 세상 살고있잖아<br/>차라리 너 힘들면 <br/>조금은 위로될까 하는 마음에 <br/>불행하길 바랬었어<br/>힘들게 지낸단 <br/>너의 소식을 듣고선 <br/>나도 모르는 이 마음 어쩌니 <br/>너를 걱정 왜 할까<br/>난 너보다 더 아파<br/>하루라도 편한적 없어<br/>힘들다는 널 다시 만나고 싶은거야<br/>왜 또 이러니 너를 찾아 가고싶어<br/>아프고 아팠던 우리 지난날 잊고서<br/>처음으로 다시 돌아간다면 더 잘할게<br/>
"
3566,오래된 안부를 전하며 이만 줄일게,일웅일웅,오래된 안부를 전하며 이만 줄일게,231,<dd>2019.07.30</dd>,"어떤 말을 해야할까<br/>이젠 까마득한 너에게<br/>그래 안부인사가 먼저겠지<br/>잘 지내고 있니<br/>기억이나 나긴 할까<br/>이젠 날 잊었을 너에게<br/>맴도는 말은 많은데<br/>정리가 되질 않아<br/>아직 난 많이 서투르지<br/>괜히 어색해서 그래<br/>잘 하고 싶은 맘이들면<br/>늘 이렇게 돼버리잖아<br/>잘 지내고 있어 네 소식도<br/>덤덤하게 받아내고<br/>이제 나도 너처럼 좋은 사람 만나<br/>행복한 날을 지내<br/>아직 난 많이 서투르지<br/>괜히 어색해서 그래<br/>잘 하고 싶은 맘이 들면<br/>늘 이렇게 돼버리잖아<br/>잘 지내고 있어 네 소식도<br/>덤덤하게 받아내고<br/>이제 나도 너처럼 좋은 사람 만나<br/>행복한 날을 지내<br/>잘 지내고 있어 가슴<br/>아파했던 너의 마지막 뒷모습도<br/>돌아서가는 너의 걸음에도<br/>행복을 빌어 줄만큼<br/>
"
3567,처음과 다른 우리의 끝 (Feat. 킨(Kiin)),남현남현,처음과 다른 우리의 끝,246,<dd>2019.07.30</dd>,"나를 떠나가지 말아요<br/>우리 헤어지지 말아요<br/>내 마음은 아직<br/>그대 곁에 있어요<br/>어떡하죠 눈물이 흘러<br/>차마 고개를 들 수 없죠<br/>떠나가는 그 모습이<br/>마지막일텐데<br/>이제 더는 예전처럼<br/>나를 사랑하는 마음이<br/>아니란 걸 알아<br/>그대 없는 시간들로<br/>아파야 하는<br/>이 이별을 난 못해요<br/>이젠 헤어지려고 해요<br/>나 때문에 울지 말아요<br/>내 마음에 더 이상은<br/>그댄 없어요<br/>이제 더는 예전처럼<br/>너를 사랑하는 내 맘이<br/>아니란 걸 알아<br/>비어버린 마음으로<br/>지내야 하는<br/>이 사랑을 난 못해요<br/>그대 내게 했던 수 많은 약속<br/>그 눈빛과 그 맘을<br/>난 놓을 수 없어요<br/>놓고 싶어요<br/>이제 더는 예전처럼<br/>나를 사랑하는 그대가<br/>아니란 걸 알아<br/>그대 없는 시간을 나<br/>아파야 하는<br/>이 이별을 난 못해요<br/>
"
3568,눈이 부시게,김영호김영호,눈이 부시게,2,<dd>2019.07.30</dd>,"함께 있어도 보고싶은 사람 그대<br/>놓치고 싶지 않아요 지금 이 순간<br/>함께라면 겁나지않아요<br/>외롭지 않아요<br/>나의 기억 어딘가 그대 있죠<br/>지치고 힘들때면 어깨에 기대어<br/>붉게 물든 노을 바라보며<br/>여행을 떠나요<br/>눈이 부시게 눈이 부시게<br/>찬란한 아침을 맞이해요<br/>아무걱정하지 말아요<br/>슬퍼하지 말아요<br/>자책도 말아요 함께해요 그대여<br/>같은 곳을 바라본 우리<br/>후회 가득한 시간들은<br/>잊어버리고 눈이 부시게<br/>오늘을 살아요 미안해요<br/>곁에 있어도 보고싶은 사람 그대<br/>어떤 누구도 그대를 대신 할순없죠<br/>지켜주지 못해 미안해요<br/>아프지 말아요<br/>그대 기억 어딘가 내가 있죠<br/>지치고 힘들때면 어깨에 기대어<br/>붉게 물든 노을 바라보며<br/>행복을 꿈꿔요<br/>눈이 부시게 눈이 부시게<br/>빛나는 하루를 담아봐요<br/>아무걱정하지 말아요<br/>슬퍼하지 말아요<br/>내곁에 있어요 함께해요 그대여<br/>같은 꿈을 꾸던 우리<br/>불안 하기만 한 미래는<br/>생각지말고 눈이 부시게<br/>오늘을 살아요 고마워요<br/>
"
3569,그림없는 미술관,최승아최승아,그림없는 미술관,21,<dd>2019.07.30</dd>,"나의 붓이 되어 그려줘요 <br/>나는 터만 있는 작은 미술관 <br/>아주 조금 더 머물러줘요 <br/>언제든 다시 돌아와도 좋지만요 <br/>세상엔 없는 색을 보여줘요 <br/>숨겨둔 예쁜 색을 나는 알아요 <br/>있는 그대로가 난 보고 싶어 <br/>가장 아픈 색이라도 <br/>나는 보잘 것 없는 공간 <br/>아무런 무늬 없는 시간 <br/>그림 없는 나의 미술관이 <br/>당신을 더 솔직하게 할까요 <br/>멍든 종이 위에 덧칠한 <br/>그 먼저의 것을 보여줘요 <br/>헤져버린 마음이라 해도 <br/>그런 거 다 아무 상관 안해요 <br/>나의 붓이 되어 그려줘요 <br/>나는 터만 있는 작은 미술관 <br/>아주 조금 더 머물러줘요 <br/>언제든 다시 돌아와도 좋지만요 <br/>세상엔 없는 색을 보여줘요 <br/>숨겨둔 예쁜 색을 나는 알아요 <br/>있는 그대로가 난 보고 싶어 <br/>가장 아픈 색이라도 <br/>나는 보잘것없는 공간 <br/>아무런 무늬 없는 시간 <br/>그림 없는 나의 미술관이 <br/>당신을 더 솔직하게 할까요 <br/>멍든 종이 위에 덧칠한 <br/>그 먼저의 것을 보여줘요 <br/>헤져버린 마음이라 해도 <br/>그런 거 다 아무 상관 안해요 <br/>나의 붓이 되어 그려줘요 <br/>나는 터만 있는 작은 미술관 <br/>아주 조금 더 머물러줘요 <br/>언제든 다시 돌아와도 좋지만요<br/>
"
3570,너의 온도,일상연구소일상연구소,너의 온도,47,<dd>2019.07.30</dd>,"날 바라보는<br/>크고 동그란 너의 눈동자<br/>그런 눈으로 날 바라볼 때면<br/>말하지 않아도<br/>너의 마음 알 것만 같아<br/>저 멀리서<br/>날 기다리는 빛나는 너<br/>나도 모르게 웃음이 나와<br/>널 향해 달려가<br/>온 세상은 너로 가득 차<br/>너의 작은 미소에<br/>녹아내린 내 마음<br/>부드러운 크림이 되어<br/>딱딱했던 내 마음<br/>어루만져주네<br/>푸른 미소 아이가 되어<br/>수줍었던 내 맘<br/>어루만져주네<br/>말을 안 들어도<br/>귀찮게 해도<br/>투정 부려도<br/>너의 작은 미소에<br/>녹아내린 내 마음<br/>부드러운 크림이 되어<br/>딱딱했던 내 마음<br/>어루만져주네<br/>푸른 미소 아이가 되어<br/>수줍었던 내 마음<br/>어루만져주네<br/>랄랄랄라<br/>어루만져주네<br/>음<br/>
"
3571,나 그대의 여름이 되어,공중분해공중분해,나 그대의 여름이 되어,79,<dd>2019.07.30</dd>,"나 그대의 여름이 되어<br/>잠든 그대의 숨결에 녹아들래<br/>차가운 여름 속의 나른함으로<br/>그대 속에 남을게요<br/>저녁놀이 비치는 강가를 걸었지<br/>지난 날이 남은 날 보다<br/>많은 줄도 모르고<br/>난 언제까지나 그 순간이<br/>계속 될 거라 믿었지<br/>나 그대의 여름이 되어<br/>잠든 그대의 귓가를 비춰줄게<br/>새하얀 찻잔 속의 밤처럼<br/>그대 곁에 있을게요<br/>그대안의 여름 속엔<br/>내 모습이 아직 남아있나요<br/>눈부신 여름속의 그대는<br/>내 안에 아직 선명한데<br/>그대안의 여름 속엔<br/>내 모습이 아직 남아있나요<br/>눈부신 여름속의 그대는<br/>내 안에 아직 선명한데<br/>그대여<br/>
"
3572,언덕 나무 아래,슬기슬기,모두 다 쿵따리 OST Part.2,34,<dd>2019.07.30</dd>,"우리 나눴던 저 푸른 언덕 너머<br/>수많은 얘기들 그때가 떠올라<br/>햇살 가득한 저 언덕 나무 아래<br/>묻어두었었던 우리의 얘기를<br/>너는 사랑을 내게 알려주었었고<br/>이별이란 슬픔 빨리도 배웠어<br/>순수했었던 참 철없던 그 시절<br/>우리가 나눴던 얘기가 떠올라<br/>변해버린 내겐 그때가 행복했었나 봐<br/>바보같이 순수했던 그때가<br/>우린 너무 앞만 보면서<br/>살고 있는가 봐<br/>뒤를 돌아보지 못한 것처럼<br/>햇살 가득한 저 언덕 나무 아래<br/>우리의 얘기들 난 오늘도 떠올라<br/>힘이 들 땐 그땔 기억해<br/>우리 함께했던<br/>서로 마주 보며 설레었던 날들<br/>수줍었던 내 손을 잡은<br/>너의 모습들과<br/>함께했던 우리 지난날들을<br/>변해버린 내겐<br/>그때가 추억이 됐나 봐<br/>바보같이 순수했던 그때가<br/>우린 너무 앞만 보면서<br/>살고 있는가 봐<br/>뒤를 돌아보지 못한 것처럼<br/>햇살 가득한 저 언덕 나무 아래<br/>우리의 얘기들 난 오늘도 떠올라<br/>
"
3573,우리가 함께 할 수 있기를,한정엽한정엽,우리가 함께 할 수 있기를,11,<dd>2019.07.30</dd>,"너와 나의 만남은<br/>생각하지 못한 우연이었어<br/>우연이 인연이 되어<br/>서로 소중한 우리가 되었던거죠<br/>너무나 행복했었던<br/>우리 그때의 시간이<br/>너와 나의 이별은<br/>사소하면서 심각하기도<br/>심각하지만 사소하기도<br/>서로 소중했던 우린 남이 되었죠<br/>너무도 가슴 아팠던<br/>우리 그날의 기억이<br/>세상을 살아가면서<br/>수 많은 사람들을 만나고<br/>예기치 못한 이별에<br/>우린 힘들고 아파하며<br/>함께하고 싶었던<br/>함께이길 바랬던 우리는<br/>서로 각자의 길로 나아가죠<br/>모든 사람 관계는<br/>가벼운 관계 가까운 관계<br/>사랑 우정 여러 사람들<br/>서로 작고 큰 상처를 주기도 하죠<br/>의도하지는 않아도<br/>진심이 아니더라도<br/>세상을 살아가면서<br/>서로 다른 사람들을 만나고<br/>서로가 다른 마음과<br/>수 많은 표정들을 지니고<br/>함께하기 위해<br/>함께이기 위해 우리는<br/>서로를 이해하며 살아가죠<br/>그대 곁에 사람들을 위해<br/>다가올 인연들을 위해<br/>아파하지말고 웃을 수 있기를<br/>오 그대여<br/>세상을 살아가면서<br/>소중한 사람들을 만나고<br/>서로가 다르더라도<br/>함께 맞추며 살아가고<br/>복잡한 사람들<br/>어려운 관계들<br/>우리가 함께 할 수 있도록<br/>노력하고 맞추며 나아가요<br/>
"
3574,있다(There),김지훈김지훈,Cherish the Memory of 지훈,15,<dd>2019.07.30</dd>,"내가 있다<br/>비겁하게도 널 보내고<br/>혼자 남아있다<br/>너를 사랑하지만 너를 잡을 수 없는<br/>내가 있다<br/>니가 간다<br/>멀어져간다 멀어지는 뒷 모습에서<br/>스쳐가는 지난 날의 기억들<br/>내가 있다<br/>지독하게 너를<br/>사랑했던 우리라는 말속에<br/>안겨있었던 그때의<br/>내가 있다 우린 있었다 행복했었던<br/>시간 속에서 미소 지었던<br/>니가 간다<br/>흐려져 간다 내 눈 앞에 마지막일지<br/>모르는 널 눈에 담아두려는<br/>내가 있다<br/>지독하게 너를<br/>사랑했던 우리라는 말속에<br/>갇혀만있는 지금의<br/>내가 있다 우리는 없다 행복했었던<br/>시간에 묶여 나는 이렇게 있다<br/>내 기억 속에 너를 추억해야만<br/>널 볼 수 있다<br/>내가 있다<br/>여느 때와 같이 살아가려<br/>무던히도 애쓰는<br/>니가 없는 내가 있다 아<br/>내 곁에 없다 우리가 없다<br/>니가 없는 내가 남았다<br/>나 나도 없다 나도 없다 내가 없다<br/>
"
3575,낭만적,다르 (DAR)다르 (DAR),미정,21,<dd>2019.07.30</dd>,"한참을 멍하니 서있다 <br/>오늘은 뭔가 특별한 날이 될 줄 알았던 <br/>귀에 꽂힌 이어폰 속에 사랑 노래가 들려<br/>마치 내가 사랑에 빠진 듯이<br/>낭만이 가득한 이 밤 <br/>그대와 내가 있던 그날 <br/>나에게 사랑을 가르쳐주던 <br/>너와 함께하던 그날<br/>우리 둘 만으로 가득 차 버린 그때 그 날<br/>우리가 함께한 그날 <br/>혼자 걷고 있는 이 길에 <br/>이제는 더 이상 함께 일 수 없다는 걸<br/>우린 사라져 버린 건지 <br/>함께였었는데 우리 <br/>우리  <br/>나 혼자 남겨진 추억<br/>네가 옆에 있다고 해도 <br/>이제는 더 이상 하나 될 수 없다는 걸 <br/>우리가 있었던 그날 <br/>행복했었는데<br/>한참을 멍하니 서있다 <br/>오늘은 뭔가 특별한 날이 될 줄 알았던 <br/>
"
3576,이유,정운영정운영,이유,0,<dd>2019.07.30</dd>,"그대는 나란 사람 모르죠<br/>그대는 아무것도 모르죠<br/>누군가 사랑을 하면 나를 알겠죠<br/>그대가 내가 될순 없겠죠<br/>심장을 바꿀 수는 없겠죠<br/>이토록 사랑을 하면 내 맘 알겠죠<br/>처음으로 다른 누군갈<br/>지켜주고 싶은 그런마음<br/>그대는 모르겠죠<br/>기대도 돼요 참 많이 힘들었죠<br/>참 많이 기다렸죠<br/>너무 돌아와서 오래 걸렸죠<br/>우연이 아니겠죠<br/>가슴이 먼저 그댈 알고<br/>기다려왔다고 말을 하네요<br/>사랑은 많은 것을 바꾸죠<br/>변하지 않을것만 같았던<br/>내 작은 습관들마저 변하게 했죠<br/>마지막은 그대이기를<br/>나와 함께하는 그 사람이<br/>그 사람이 너이길<br/>기대도 돼요 참 많이 힘들었죠<br/>참 많이 기다렸죠<br/>너무 돌아와서 오래 걸렸죠<br/>우연이 아니겠죠<br/>가슴이 먼저 그댈 알고<br/>기다려왔다고 말해요<br/>오래전부터 사랑이였던걸<br/>나 사랑해요 그대<br/>세상에 외칠게요<br/>이젠 내가 그댈 지켜줄게요<br/>내 몸이 바뀐대도 내 맘은 여기 있죠<br/>먼저 가슴이 그대를 알아보네요<br/>
"
3577,너의뒤에서,허니스트 (Honest)허니스트 (Honest),Honest Vol.3,1,<dd>2019.07.30</dd>,"어제는 비가 내렸어<br/>너도 알고 있는지<br/>돌아선 그 골목에서 눈물이<br/>언제나 힘들어 하던<br/>너를 바라보면서<br/>이미 이별을 예감<br/>할 수가 있었어<br/>너에겐 너무 모자란<br/>나란 걸 알고 있기 때문에<br/>지금 떠나는 널 나는<br/>잡을 수 없는 거야<br/>넌 이제 떠나지만 너의<br/>뒤에 서있을거야<br/>조금은 멀리 떨어져서<br/>조금도 부담스럽지 않게<br/>이제 떠나는 길에 힘들고<br/>지쳐 쓰러질 때<br/>조금도 기다리지 않고<br/>나에게 안기어 쉴 수 있게<br/>너의 뒤에서<br/>언젠가 또 다시 내가 필요<br/>할지도 몰라<br/>나의 사랑이 나의 손길이<br/>또 다시 오오오<br/>표정 없는 아픔의 말을<br/>너는 많이도 미워하겠지<br/>돌아선 나의 눈가에 고인<br/>눈물을 알까<br/>넌 이제 떠나지만 너의<br/>뒤에 서 있을거야<br/>조금은 멀리 떨어져서<br/>조금도 부담스럽지 않게<br/>이제 떠나는 길에 힘들고<br/>지쳐 쓰러질 때<br/>조금도 기다리지 않고<br/>나에게 안기어 쉴 수 있게<br/>너의 뒤에서<br/>
"
3578,비 오는 날에,강건강건,비 오는 날에,10,<dd>2019.07.30</dd>,"비오는날에 비오는날에<br/>비의냄새와 빗소리가<br/>너를 더 생각나게하네<br/>아픔이지워지지않아<br/>얼마나 시간이 흘러야하는지<br/>시간이 지나도 가슴만아픈데<br/>언제쯤 아픔이사라질까<br/>가지못해 만나지못해<br/>이렇게 가슴만 찢어지는데<br/>시간이 시간이 시간이 지나면<br/>그땐 너를 볼수있을까<br/>이 아픔 이 슬픔<br/>너에게 전하여 준다면<br/>비에 내맘담아<br/>전하여주오<br/>내가 사랑한다고 비여 쏟아져주오<br/>눈물이 내리는 날에<br/>가지못해 만나지못해<br/>이렇게 가슴만 찢어지는데<br/>시간이 시간이 시간이 지나면<br/>그땐 너를 볼수있을까<br/>이 아픔 이 슬픔<br/>너에게 전하여 준다면<br/>비에 내맘담아<br/>전하여주오 내가<br/>사랑한다고 비여 쏟아져주오<br/>눈물이 내리는 날에<br/>니가 보고싶은 날에<br/>
"
3579,모퉁이,김영우김영우,모퉁이,26,<dd>2019.07.30</dd>,"난 한숨도 못 잤어요<br/>우리 만나게 된다는 설렘에<br/>그댄 어떤 표정일까<br/>몰래 그댈 생각했죠<br/>모퉁이 너머 그대 모습 보이면<br/>어떡해야 하죠<br/>멀리 그대의 향기가 불어온다<br/>떨리는 맘을 안고 뒤돌아본다<br/>가볍게 살랑거리는 그대 손을<br/>살며시 잡으며 말할까<br/>좋아해요<br/>하루 종일 생각하고<br/>무슨 이야길 할까 또 준비하고<br/>혹시 내게 기대줄까<br/>달콤한 상상을 해도<br/>그댈 보면 새하얗게 잊을 텐데<br/>어떡해야 하죠<br/>멀리 그대의 향기가 불어온다<br/>떨리는 맘을 안고 뒤돌아본다<br/>가볍게 미소 머금은 그대 눈에<br/>살며시 웃으며 말할까<br/>좋아해요<br/>그대가 가까워져요<br/>어떤 생각 하고 있을까<br/>어느새 다가온 그대<br/>내 맘 전할게요<br/>멀리 그대의 향기가 불어온다<br/>멀리 그대의 향기가 불어온다<br/>떨리는 맘을 안고 뒤돌아본다<br/>가볍게 살랑거리는 그대 손을<br/>살며시 잡으며 말할까<br/>좋아해요<br/>이제 그대의 향기가 내게 와요<br/>떨리는 내 심장 그대 느끼나요<br/>조금씩 가까워지던 그대 맘에<br/>이제야 닿았죠 고마워<br/>사랑해요<br/>
"
3580,사랑 그 깊은 곳,정인정인,사랑 그 깊은 곳,"4,795",<dd>2019.07.29</dd>,"사랑 그 깊은 곳에서 내가 본 몇 가지<br/>사랑 그 깊은 곳에서 내가 본 몇 가지<br/>만남과 설렘을 지나 행복한 모든 것들<br/>영원할 것 같던 사랑과 이 기분들<br/>반짝이던 너의 눈빛과 그 모습들<br/>눈을 감아도 선명하네<br/>너와 내 사랑은 이미<br/>반짝임을 잃은 지는 오래됐지만<br/>단단해진 마음과<br/>너와 내 사랑은 이제<br/>세상 어떤 단어로도 표현 못 하지만<br/>마음으로 알 수 있네<br/>너와 내 사랑은 이미<br/>반짝임을 잃은 지는 오래됐지만<br/>단단해진 마음과<br/>너와 내 사랑은 이제<br/>세상 어떤 단어로도 표현 못 하지만<br/>마음으로 알 수 있네<br/>사랑 깊은 곳 난 보았네<br/>아픔과 외로움<br/>고통과 고독 속에서 보았네<br/>우리의 사랑을<br/>마음으로 볼 수 있네<br/>너와 내 사랑은 이미<br/>반짝임을 잃은 지는 오래됐지만<br/>단단해진 마음과<br/>너와 내 사랑은 이제<br/>세상 어떤 단어로도 표현 못 하지만<br/>마음으로 알 수 있네<br/>마음으로 알 수 있네<br/>마음으로 알 수 있네<br/>
"
3581,Drag,짙은짙은,Drag,"1,027",<dd>2019.07.29</dd>,"너의 꿈속에서 내가 자꾸 나타나<br/>널 힘들게 하겠지<br/>나 지겨운 존재가 되어있겠지<br/>가끔 넌 섧게 흐느끼더라<br/>온몸에 매달린 기억들 너무 무거워<br/>한 걸음 더 내딛기도 조심스러워<br/>내가 아닌 나를 꺼내서<br/>그 길 위에 올려보았어<br/>흔들리며 걸어가는 날<br/>애써 외면해야만 했어<br/>멈추고자 하는 날 망각이 밀어내<br/>힘없이 끌려가는 나를 비웃네 오<br/>한없이 무력해 너무 미련해<br/>I'm a drag in your dream<br/>나 그리운 존재가 되어있겠지<br/>가끔 넌 그냥 지나치더라<br/>한동안 열어보지 못한<br/>그 방이 무서워<br/>한 발짝 더 들어가기도<br/>조심스러워<br/>네가 아닌 너를 꺼내서<br/>내 맘속에 놓아보았어<br/>어둠 속에 더욱 어둡던<br/>널 애써 찾아보려고 했어<br/>멈추고자 하는 날 망각이 밀어내<br/>힘없이 끌려가는 나를 비웃네 오<br/>한없이 무력해 너무 미련해<br/>I'm a drag in your dream dream<br/>ohh<br/>ohh<br/>ohh<br/>ohh<br/>ohh<br/>
"
3582,그 이유,이석훈이석훈,검법남녀2 OST,269,<dd>2019.07.29</dd>,"기다림 끝에서 널 볼 수 있다면<br/>그 모든 순간이 오네<br/>지금 이순간도 그 이유가 내겐<br/>멈출 수 없는 길이라 해도<br/>이 길을 따라가 널 알 수 있다면<br/>하고픈 말들이 들려<br/>홀로 남겨진 외로운 네 마음<br/>이젠 내가 함께 할게<br/>그 이유가 너를 아프게 한다 해도<br/>의지할 수 없어도 우리<br/>그 이유를 내게 알려주고픈<br/>너의 마지막 숨결 속삭임<br/>내게 올 수 있게<br/>이 길을 따라가 널 알 수 있다면<br/>하고픈 말들이 들려<br/>홀로 남겨진 외로운 네 마음<br/>이젠 내가 함께 할게<br/>그 이유가 너를 아프게 한다 해도<br/>의지할 수 없어도 우리<br/>그 이유를 내게 알려 주고픈<br/>너의 마지막 숨결 속삭임<br/>내게 올 수 있게<br/>그 언젠가 또다시 만날 수 있다면<br/>편히 쉬어 갈 수 있게<br/>그 이유가 너를 아프게 한다 해도<br/>의지할 수 없어도 우리<br/>그 이유를 내게 알려주고픈<br/>너의 마지막 숨결 속삭임<br/>내게 올 수 있게<br/>
"
3583,시소 (SEESAW),정아로정아로,시소 (SEESAW),"1,126",<dd>2019.07.29</dd>,"내 맘속에 널 향한 사랑이 쌓인 건지<br/>왜 하루 종일 머릿속에<br/>그대가 떠오르는지<br/>아마도 이건<br/>가볍지 못한 내 탓이겠죠<br/>그래서 나는<br/>오늘도 깊이 가라앉아요<br/>Oh 난 oh 난<br/>그대가 떠오른다<br/>like SEESAW SEESAW<br/>그대만 떠오른다<br/>like SEESAW SEESAW<br/>맘의 무게가 달라서<br/>우린 마주 볼 수 없지만<br/>그대만 떠오른다<br/>like SEESAW SEESAW SEESAW<br/>내 맘속에 널 향한 사랑이 쌓인 건지<br/>왜 시도 때도 뜬금없이<br/>그대가 떠오르는지<br/>그대에겐 그저<br/>내 마음마저 부담이겠죠<br/>그래서 나는 오늘도<br/>깊이 가라앉아요<br/>Oh 난 oh 난<br/>그대가 떠오른다<br/>like SEESAW SEESAW<br/>그대만 떠오른다<br/>like SEESAW SEESAW<br/>맘의 무게가 달라서<br/>우린 마주 볼 수 없지만<br/>그대만 떠오른다<br/>like SEESAW SEESAW SEESAW<br/>이 맘을 받아준다면<br/>나도 붕 뜨겠지만<br/>어제도 오늘도 내일도<br/>그대가 떠오른다<br/>like SEESAW SEESAW<br/>그대만 떠오른다<br/>like SEESAW SEESAW<br/>맘의 무게가 달라서<br/>우린 마주 볼 수 없지만<br/>그대만 떠오른다<br/>like SEESAW SEESAW SEESAW<br/>
"
3584,겨울이 지나고 봄이 오듯이,장진호장진호,겨울이 지나고 봄이 오듯이,3,<dd>2019.07.29</dd>,"길을 걷다 문득 네 생각이 났어<br/>바람이 부는 거리엔 네 흔적이 가득해<br/>많은 시간이 흘렀지만 <br/>지금 슬픈 건 뭘까<br/>이젠 나와 상관없는 <br/>다른 삶을 살고 있을 너인데<br/>겨울이 지나고 봄이 오듯이<br/>긴 밤이 끝나고 아침이 오듯이<br/>지나간 사랑도 다시 올 순 없는 걸까<br/>오래전에 끝난 일인데 지금 너무 슬퍼<br/>어느 오후의 꿈 속에 널 다시 만났어<br/>따스한 햇살 가득히 부서지던 네 미소<br/>너무 오랜 기억인데 선명한 이윤 뭘까<br/>내가 없는 세상에서 <br/>다른 행복에 잠겨 있을 너인데<br/>겨울이 지나고 봄이 오듯이<br/>긴 밤이 끝나고 아침이 오듯이<br/>지나간 사랑도 다시 올 순 없는 걸까<br/>오래전에 끝난 일인데 지금 너무 슬퍼<br/>조금은 지워가고 있는 것 같아<br/>그래서 조금은 편해진 것 같아<br/>하지만 내 마음은 지금도 너를<br/>여전히 너를 그리워 하나봐<br/>사랑하나봐<br/>겨울이 지나고 봄이 오듯이<br/>긴 밤이 끝나고 아침이 오듯이<br/>지나간 사랑도 다시 올 순 없는 걸까<br/>오래전에 끝난 일인데 <br/>지금 너무 지금 너무 슬퍼<br/>
"
3585,거울,강 다니엘강 다니엘,거울 속의 나,14,<dd>2019.07.29</dd>,"거울 속에는 소리가 없소<br/>저렇게까지 조용한 세상은<br/>참없을 것이요<br/>거울 속에도 내게 귀가 있소<br/>내 말을 알아듣지 못하는<br/>딱한 귀가 두 개나 있소<br/>거울 속의 나는 왼손잡이요<br/>내 악수를 받을 줄 모르는<br/>악수를 모르는 왼손잡이요<br/>거울 때문에 거울 속의 나를<br/>만져보지를 못하는구료 마는<br/>거울이 아니었던들 내가<br/>어찌 거울 속의 나를<br/>만나보기만이라도 했겠소<br/>나는 지금 거울을 안 가졌소마는<br/>거울 속에는 늘 거울 속의 내가 있소<br/>잘은 모르지만<br/>외로된 사업에 골몰할께요<br/>거울 속의 나는 참<br/>나와는 반대요마는<br/>또 꽤 닮았소<br/>나는 거울 속의 나를 근심하고<br/>진찰할 수 없으니 퍽 섭섭하오<br/>거울 속의 나는 참<br/>나와는 반대요마는<br/>또 꽤 닮았소<br/>나는 거울 속의 나를 근심하고<br/>진찰할 수 없으니 퍽 섭섭하오<br/>
"
3586,"MaMa, Someday I",준상준상,"MaMa, Someday I",24,<dd>2019.07.29</dd>,"빨간 마티즈 라디오에<br/>어느 날 갑자기 내 노래 나왔음 해<br/>울 엄니 장보는 마트에서<br/>어느 날 갑자기 내 노랠 들었음 해<br/>그럼 우리 좀 더 행복할 텐데<br/>그렇지 엄마 내 자랑도 하고<br/>그럴 텐데 말야<br/>MaMa Someday I<br/>유명해지면 멋진 찰 사줄게<br/>MaMa Someday I<br/>돈 많아지면 비싼 밥 먹자고<br/>Someday<br/>Someday I<br/>Someday<br/>별 헤는 밤에 잠들면서<br/>당신의 걱정이 눈 녹듯 사라졌음 해<br/>두시면 꼭 듣는 컬투쇼에<br/>어느 날 갑자기 내 노래 나왔음 해<br/>그럼 우리 좀 더 웃었을 텐데<br/>그렇지 엄마 내 자랑도 하고<br/>그럴 텐데 말야<br/>MaMa Someday I<br/>유명해지면 검정 찰 사줄게<br/>MaMa Someday I<br/>돈 많아지면 비싼 밥 먹자고<br/>MaMa Someday I<br/>유명해지면 멋진 찰 사줄게<br/>MaMa Someday I<br/>돈 많아지면 비싼 밥 먹자고<br/>Someday<br/>
"
3587,또다른 시작점,구본웅 (Ku Bon Woong)구본웅 (Ku Bon Woong),또다른 시작점,0,<dd>2019.07.29</dd>,"너에겐 자유과 희망과<br/>미래가 있어<br/>오늘도 즐거운 기쁨과<br/>낭만이 있지<br/>불안한 마음 누구나 한번쯤은<br/>그것은 인생<br/>또다른 시작점<br/>우리가 바라던 사랑과<br/>여행이 있어<br/>지금도 따뜻한 너의 말<br/>기억하고 있지<br/>불안한 마음 누구나 한번쯤은<br/>그것은 인생<br/>또다른 시작점<br/>불안한 마음 누구나 한번쯤은<br/>그것은 인생<br/>또다른 시작점<br/>불안한 마음 누구나 한번쯤은<br/>그것은 인생<br/>또다른 시작점<br/>
"
3588,여우별 (Feat. 지니비니),옐언니옐언니,여우별,"1,598",<dd>2019.07.29</dd>,"구름속 숨어있는 별빛하나 <br/>잘 보이지않아 이런 어떡하나<br/>주위를 둘러봐도 너만떳네<br/>잠깐 나타났다 깜빡사라지는 Star<br/>oh may i see through my boo<br/>널 어떻게 찾았는데 어디 숨은거야 <br/>빨리 나와줄래 come to my boy<br/>Why can't you see through my heart<br/>왜 이제서야 내게 나타난거야<br/>너도 날 찾은거니 <br/>이제야 보인거니 <br/>어두운 하늘속 <br/>나를 찾아 헤멘거니<br/>수많은 사람중에 <br/>이렇게 넌 내앞에<br/>살며시 떠있는 조그마한 <br/>Peek a boo star<br/>Peek a boo star <br/>peek a boo star<br/>Satelite will holidin you<br/>Peek a boo star<br/>peek a boo star<br/>수줍은 내 하나뿐인 별<br/>하늘아래 반짝이는 수많은 별중<br/>깜빡거리는 널 찾은 내가 <br/>어디가 좋은거니<br/>잘 숨어서 보이질 않잖니<br/>어둔 하늘숨어서 <br/>밝게 빛나는 모습이 좋아서<br/>그래서 널 계속 찾게되나봐<br/>Oh may i see through my boo<br/>널 어떻게 찾았는데 어디 숨은거야 <br/>빨리 나와줄래 come to my boy<br/>Why can't you feel real my heart <br/>왜 이제서야 내게 나타난거야<br/>너도 날 찾은거니 <br/>이제야 보인거니 <br/>어두운 하늘속 <br/>나를 찾아 헤멘거니<br/>수많은 사람중에 <br/>이렇게 넌 내앞에<br/>살며시 떠있는 조그마한 <br/>Peek a boo star<br/>Peek a boo star <br/>peek a boo star<br/>Satelite will holidin you<br/>Peek a boo star<br/>peek a boo star<br/>수줍은 내 하나뿐인 별<br/>Shooting star <br/>환하게 밝게 비추는 낮처럼<br/>널 보고싶어<br/>너도 날 찾은거니 이제야 보여<br/>어두운 하늘속 외롭진 않았니<br/>수많은 사람중에 유일한 너<br/>살며시 떠있는 달빛에 가려진 star<br/>Peek a boo star peek a boo star<br/>Satelite will holidin you<br/>Peek a boo star peek a boo star<br/>수줍은 내 하나뿐인 별<br/>
"
3589,하지못한 말(with 전승우),홍정호홍정호,후회,6,<dd>2019.07.29</dd>,"이제껏 하지 못한 말<br/>돌아서면 생각나는 말<br/>너에게 항상 미안했던 맘<br/>돌이킬 수 없는 날<br/>눈이 부신 그 어느 날<br/>너와 함께 걷던 그 언덕길<br/>지금도 그 때를 그리며<br/>이렇게 편지를 써<br/>내 두 손에 너의 얼굴이<br/>그리워 느껴보고 싶은데<br/>이젠 그럴 수 없음에<br/>나홀로 눈물을 삼켜<br/>영원을 약속했던 우리가<br/>이젠 안녕이라 말해<br/>뒤돌아 가는 너의 모습에<br/>널 붙잡을 수가 없어<br/>이제껏 하지 못한 말<br/>돌아서면 생각나는 말<br/>너에게 항상 미안했던 맘<br/>돌이킬 수 없는 날<br/>영원을 약속했던 우리가<br/>이젠 안녕이라 말해<br/>뒤돌아 가는 너의 모습에<br/>널 붙잡을 수가 없어<br/>이제껏 하지 못한 말<br/>돌아서면 생각나는 말<br/>너에게 항상 미안했던 맘<br/>돌이킬 수 없는 날<br/>이제껏 하지 못한 말<br/>돌아서면 생각나는 말<br/>너에게 항상 미안했던 맘<br/>돌이킬 수 없는 날<br/>
"
3590,내 맘을 볼 수 있나요,헤이즈 (Heize)헤이즈 (Heize),호텔 델루나 OST Part.5,"81,632",<dd>2019.07.28</dd>,"내 맘을 볼 수 있나요<br/>난 그대뿐이에요<br/>그대 뒤에 나 있을게요<br/>한걸음 뒤에서요<br/>그댄 내 마음 모르죠<br/>눈물이 글썽여요<br/>그댈 보면 마음이 아프네요<br/>혼자 하는 사랑은<br/>언젠가 다시 돌아가야 할<br/>그곳을 홀로 걸어가겠죠<br/>그런 내가 슬퍼요<br/>모른척 하는 건가요<br/>그대 곁에 있는 날<br/>힘껏 소리쳐 불러봐도<br/>마음의 소리니까<br/>언젠가 다시 돌아가야 할<br/>그곳을 홀로 걸어가겠죠<br/>그런 내가 슬퍼요<br/>언젠가 다시 돌아가야 할<br/>그곳을 홀로 걸어 돌아가겠죠<br/>이런 내가 아파요<br/>우우우우우<br/>슬픈 마음이 들어요<br/>나는 왜 안되는지<br/>사랑이란 가깝고도 머네요<br/>그대의 마음이란<br/>
"
3591,내 이름을 부르면,정세운정세운,내 이름을 부르면,"8,604",<dd>2019.07.28</dd>,"멈춰진 시간은 가끔 말하지<br/>혼자서 걷고 있던 내게<br/>괜찮은 척 웃음 짓던 그 날을<br/>거울 속 마주친 내 눈빛이<br/>날 바라보는 눈빛이 낯설어<br/>나 아닌 또 다른 누군가로<br/>사는 것 같아<br/>더 수줍은 말로<br/>더 따스한 말로<br/>내 이름 부르면<br/>다 보여줄 텐데<br/>나는 말할 텐데<br/>같이 걸을 텐데<br/>끝이 어디라도<br/>가슴 속 숨겨둔 내 모습이<br/>오늘은 너로 인해 눈부셔<br/>가끔씩 내 이름을 불러줘<br/>비춰 줄 수 있게<br/>더 수줍은 말로<br/>더 따스한 말로<br/>내 이름 부르면<br/>다 보여줄 텐데<br/>나는 말할 텐데<br/>같이 걸을 텐데<br/>끝이 어디라도<br/>너 없는 길을 간다 해도<br/>그 길 끝에는 네가 있을 것 같아<br/>너 없이 걷던 수많은 길을<br/>난 되돌리려 해<br/>As long as you love me<br/>As long as you miss me<br/>누군가가 아닌<br/>널 위한 한 사람<br/>더는 숨기지도<br/>숨지도 않을래<br/>이젠 너에게 나<br/>As long as you love me<br/>As long as you miss me<br/>같은 곳을 보며<br/>함께 웃음 지으며<br/>어여쁜 생각에<br/>불러 주고 싶어<br/>너의 이름<br/>
"
3592,가지마,제이세라제이세라,연애의 참견 시즌2 OST - Part.13,854,<dd>2019.07.28</dd>,"하루가 일 년 같아<br/>지금 멍하니 걸어간다<br/>아무런 생각이 들지가 않아<br/>지쳐만 간다<br/>좋았던 기억들만<br/>더 생각이 나는 것 같아<br/>넌 괜찮은 건지 어떻게 사니<br/>가지 마 첨으로 돌아가<br/>가지 마 발걸음 멈춰줘<br/>쓰디쓴 이별 속에 있는<br/>아픈 나를 꺼내줘<br/>가지 마 시간이 멈춘 듯<br/>그 시간 그 속에 살잖아<br/>그리워서 정말 그리워서<br/>어떻게 살아야 할지 몰라<br/>어쩌다 이렇게<br/>우리가 남이 돼 버렸을까<br/>서글픈 생각에<br/>오늘도 쉽게 잠들지 못해<br/>못해준 기억 때문에<br/>후회만 남는 것 같아<br/>넌 괜찮은 건지 어떻게 사니<br/>가지 마 첨으로 돌아가<br/>가지 마 발걸음 멈춰줘<br/>쓰디쓴 이별 속에 있는<br/>아픈 나를 꺼내줘<br/>가지 마 시간이 멈춘 듯<br/>그 시간 그 속에 살잖아<br/>그리워서 정말 그리워서<br/>어떻게 살아야<br/>돌아와 사랑이 전부던<br/>이별을 몰랐던 그때로<br/>부은 눈으로 기다리는 날<br/>모른 척하지 마<br/>가지 마 아픈 줄 모르고<br/>나 홀로 추억에 살잖아<br/>그리워서 정말 그리워서<br/>어떻게 잊어야 할지 몰라<br/>
"
3593,다 괜찮은 척하고,더 데이지 (The Daisy)더 데이지 (The Daisy),여름아 부탁해 OST Part.20,593,<dd>2019.07.28</dd>,"니가 없이 혼자서 밥을 먹는 일<br/>니가 아닌 다른 사람을 사랑하는 일<br/>말도 안돼 난 그렇게 못해 <br/>다른건 몰라도<br/>너를 사랑했던 것만은<br/>진심이었으니까<br/>한 때는 나에게 전부였던 사람<br/>누구보다 널 사랑한 나인데<br/>다 괜찮은 척하고<br/>다 잊은 척을 하는 내가 안쓰러워<br/>너 없이 잘 살수 있단말<br/>다 거짓말 모두 거짓말<br/>진심이 아닌 그 말<br/>나 어떻게 너를 놓을 수가 있겠니<br/>한 때는 나에게 전부였던 사람<br/>누구보다 널 사랑한 나인데<br/>다 괜찮은 척하고<br/>다 잊은척을 하는 내가 안쓰러워<br/>너 없이 잘 살수 있단말<br/>다 거짓말 모두 거짓말<br/>진심이 아닌 그 말<br/>나 어떻게 너를 놓을수가 있겠니<br/>아무렇지 않은척 죽을힘을 다해도<br/>잊어내지 못해 널<br/>이별은 처음부터 없었으니까<br/>다 괜찮은 척하고<br/>다 잊은척을 하는 내가 안쓰러워<br/>너 없이 잘 살수 있단말<br/>다 거짓말 모두 거짓말<br/>진심이 아닌 그 말<br/>나 어떻게 너를 놓을수가 있겠니<br/>
"
3594,너만 너만 너만,양다일양다일,호텔 델루나 OST Part.4,"30,521",<dd>2019.07.27</dd>,"아무렇지 않은 얼굴로<br/>아닌척해 보려고 해도<br/>커져버린 맘 숨길 수 없어<br/>불어오는 시린 바람도<br/>그저 위로받던 하루하루도<br/>it’s a beautiful<br/>it’s a beautiful<br/>너만 너만 너만 너만<br/>너 하나만 바래서<br/>If i feel alright<br/>if I feel alright<br/>네가 나의 곁에 있기 때문이야<br/>네가 나를 살게 하기 때문이야<br/>If I feel alone<br/>If I feel alone<br/>그대란 그 위로 하나 때문인걸<br/>I feel live I feel love<br/>With you<br/>애써 참아보려고 해도<br/>참아지지 않는 감정은<br/>어떻게 해도 숨길 수 없어<br/>밤 하늘에 별이 빛나듯<br/>너를 향한 나의 맘은 빛이나<br/>It’s a beautiful<br/>It’s a beautiful<br/>너만 너만 너만 너만<br/>너 하나만 바래서<br/>If i feel alright<br/>if I feel alright<br/>네가 나의 곁에 있기 때문이야<br/>네가 나를 살게 하기 때문이야<br/>If I feel alone<br/>If I feel alone<br/>그대란 그 위로 하나 때문인걸<br/>I feel live<br/>슬픈 날들이 찾아와도<br/>때론 시련이 다가와도<br/>너와 함께면 두 사람이라면<br/>다 이겨낼 수 있을 거야<br/>매일매일이 행복하게<br/>너의 미소가 지켜지게<br/>나 너의 곁에서 늘 항상 있을게<br/>너를 웃게 할 수 있다면<br/>If i feel alright<br/>if I feel alright<br/>내가 너를 바라보기 때문이야<br/>내가 너와 함께 있기 때문이야<br/>If I feel alone<br/>If I feel alone<br/>날 떠날 거란 생각 하나 때문인걸<br/>나의 곁에서 영원히 함께 해줘<br/>
"
3595,인생이란,바비 킴바비 킴,불후의 명곡 – 전설을 노래하다 (시대를 뛰어넘는 카리스마 열정디바 윤시내),285,<dd>2019.07.27</dd>,"우리는 어떤 존재인가<br/>어디서 왔다 어디로 가나<br/>아무리 몸부림쳐도<br/>인생이란 알 수가 없네<br/>험한 길도 가게 되더라<br/>좋은 길은 보이질 않고<br/>비가 올 땐 비를 맞고<br/>눈이 올 땐 눈도 맞았네<br/>살아갈수록 눈물이<br/>살아갈수록 외로움이<br/>웃어도 가슴이 아프다<br/>검은 머리만 하얘지니까<br/>가만히 생각해보니<br/>당연한데 왜 눈물이 날까<br/>세상을 보며 느낀 게 많아<br/>지친 세상에 사람들 보며<br/>욕심을 버린 후 알았네<br/>내가 얼마나 바보였는지<br/>인생이란 알 수가 없네<br/>살아갈수록<br/>눈물 나고 살아갈수록 외롭고<br/>하지만 어제보다 오늘이 좋아<br/>또 다른 희망이 있으니<br/>당신만 내 곁에 있어 준다면<br/>진흙 길도 나는 행복합니다<br/>살아갈수록 눈물이<br/>살아갈수록 외로움이<br/>웃어도 가슴이 아프다<br/>검은 머리만 하얘지니까<br/>살아갈수록 눈물이<br/>살아갈수록 외로움이<br/>웃어도 가슴이 아프다<br/>검은 머리만 하얘지니까<br/>어제보다 오늘이 좋아<br/>또 다른 희망이 있으니<br/>당신만 내 곁에 있다면<br/>진흙 길도 나는 행복해<br/>당신만 내 곁에 있다면<br/>진흙 길도 나는 행복해<br/>진흙 길도 나는<br/>행복해<br/>행복해<br/>
"
3596,고백,다비치다비치,[Vol.26] 유희열의 스케치북 10주년 프로젝트 : 열두 번째 목소리 `유스케 X 다비치`,"5,509",<dd>2019.07.27</dd>,"사실은 고민했었어<br/>네가 떠날까 봐<br/>내 맘은 불안했었어<br/>내 나름대로<br/>나 많이 생각했어<br/>네가 날 외면할까 봐<br/>내게 부담 가질까 봐<br/>난 두려웠었나 봐<br/>Don't say good bye<br/>난 네게 부족하지만<br/>참 많이 부족하지만<br/>세상을 다 뒤져도<br/>나 같은 여잔 없다는 걸 아니<br/>조금은 어색하지만<br/>많이 부족하겠지만<br/>시간이 흐른 뒤엔<br/>날 바라보면서 웃을 거야<br/>이런 말 하기까지가<br/>참 오래 걸렸어<br/>참기 힘들었어<br/>이런 내 맘을 보여주면<br/>너의 표정이 어떻게<br/>변할지 난 궁금해<br/>이렇게 두려워하는<br/>이런 내 바보 같은 모습을<br/>난 네게 부족하지만<br/>참 많이 부족하지만<br/>세상을 다 뒤져도<br/>나 같은 여잔 없다는 걸 아니<br/>조금은 어색하지만<br/>많이 부족하겠지만<br/>시간이 흐른 뒤엔<br/>날 바라보면서 웃을 거야<br/>세월이 흘러가도<br/>난 변하지 않겠다고<br/>너의 작은 실수라도<br/>따뜻하게 안아주겠다고<br/>이런 말 하는 여자들도<br/>많이 봤겠지만<br/>눈을 뜨면 볼 수 있는<br/>눈 감아도 느낄 수 있는<br/>내 사랑을<br/>난 네게 부족하지만<br/>참 많이 부족하지만<br/>세상을 다 뒤져도<br/>나 같은 여잔 없다는 걸 아니<br/>조금은 어색하지만<br/>많이 부족하겠지만<br/>시간이 흐른 뒤엔<br/>날 바라보면서 웃을 거야<br/>나와 결혼해줘요<br/>
"
3597,시청역 5번 출구,아리아리,동네앨범 을지로,54,<dd>2019.07.27</dd>,"한 걸음 한 걸음 그대와 한걸음<br/>가깝지도 멀지도 않는<br/>이 길에 기억이 아름다워지고<br/>잊혀질 때쯤 다시<br/>조금 뒤처지면 그대 옷자락을 잡고서<br/>두 걸음 세 걸음 더 뛰어가고<br/>조금 내가 앞서가면<br/>그대의 발 폭 맞춰 걷죠<br/>난 아직 그대와 한걸음<br/>조금 뒤처지면 그대 옷자락을 잡고서<br/>두 걸음 세 걸음 더 뛰어가고<br/>조금 내가 앞서가면<br/>그대의 발 폭 맞춰 걷죠<br/>난 아직 그대와 한걸음<br/>한 걸음 한 걸음 그대와 한걸음<br/>가깝지도 멀지도 않는<br/>이 길에 기억이 아름다워지고<br/>잊혀질 때쯤 다시<br/>날 찾아오곤 하죠<br/>
"
3598,플랫폼,안승훈안승훈,Platform,60,<dd>2019.07.27</dd>,"또 어느새 내릴 역이야 <br/>하루 중에 지금 가장 떨려 널 볼까 <br/>푹 숙였던 고갤 들어 <br/>널 찾는 내 시선이 <br/>매번 어색해 <br/>문이 열리면 저 멀리 <br/>네가 보이길 간절히 바래 <br/>우두커니 한참 동안 이 곳에 서서 <br/>낯선 사람과 의미 없이 <br/>두 눈 마주치다 <br/>네가 없는 걸 소란스레 난 확인해 <br/>혼자 있는 플랫폼엔 <br/>나만 두고 다 멀어져 가 <br/>잘 지내란 말도 못했던 <br/>그 때 너와 나 <br/>여기 멈춰 있어 넌 알까 <br/>늘 웃었던 네 얼굴이 <br/>단 한번의 눈물로 <br/>매일 우는 걸 <br/>한 발자국도 못 떠난 <br/>내 맘이 널 기다려 <br/>우두커니 한참 동안 이 곳에 서서 <br/>낯선 사람과 의미 없이 <br/>두 눈 마주치다 <br/>네가 없는 걸 소란스레 난 확인해 <br/>혼자 있는 플랫폼엔 <br/>나만 두고 다 멀어져 가 <br/>기다리는 지금 이 순간 <br/>모든 사람들이 너일 것 같아서 <br/>미치게 그리워 <br/>지금 우리는 <br/>어디를 향해 가는 것 일까 <br/>우리 기적처럼 다시 만나게 되면 <br/>평소처럼 난 네 손을 잡고 <br/>여길 나갈래 <br/>네가 없는 걸 소란스레 난 확인해 <br/>혼자 있는 플랫폼엔 <br/>나만 두고 다 멀어져 가 <br/>
"
3599,Yesterday,소정 (레이디스 코드)소정 (레이디스 코드),평일 오후 세시의 연인 OST Part.2,"2,028",<dd>2019.07.26</dd>,"밤 하늘에 기대어 널 기다리며 <br/>그리움에 너울지는 꿈같은 추억을<br/>널 향한 내 마음을 감출 수 없는데<br/>저 멀리 노을 지며 아득해지는 <br/>우리의 Yesterday<br/>어떻게 잊겠니 너와의 입맞춤<br/>고개를 숙인 채 딴 곳만 보았어<br/>한없이 아득한 우리의 지난날<br/>돌아갈 수 있을까 forever<br/>수많았던 그 길을 <br/>우린 마주 잡고 그렇게<br/>잊을 수 없는 너의 향기로움이<br/>내겐 전부인 걸<br/>어떻게 잊겠니 너와의 입맞춤<br/>고개를 숙인 채 딴 곳만 보았어<br/>한없이 아득한 우리의 지난날<br/>돌아갈 수 있을까 forever<br/>설레는 당신 나에겐 전부인 <br/>너와의 yesterday<br/>어떻게 잊겠니 너와의 입맞춤 <br/>고개를 숙인 채 딴 곳만 보았어<br/>한없이 아득한 우리의 지난날<br/>돌아갈 수 있을까 <br/>너와 함께 forever<br/>
"
3600,저주받은 사랑,영지영지,태양의 계절 OST Part.3,241,<dd>2019.07.26</dd>,"모두 잊었냐고<br/>묻고싶지만 그럴수없어<br/>서로가 다칠것같아<br/>아직 남아있는<br/>마음마저도 지워야겠지<br/>내일을 위해서<br/>헌데 바보같은 눈물이<br/>이유없이 흐르며<br/>너의 기억을 또 데려와<br/>하필 좋았었던 기억만 내게 보이며<br/>다시 또 울게하네<br/>너때문에 아파<br/>너때문에 울어<br/>이 지독한 기억을 나 어떻게<br/>돌아갈수없는<br/>것을 알기에 꿈마저 두려운거야<br/>널 찾을까봐<br/>헌데 바보같은<br/>눈물이 이유없이 흐르며<br/>너의 기억을 또 데려와<br/>하필 좋았었던 기억만 내게 보이며<br/>다시 또 울게하네<br/>너때문에 아파<br/>너때문에 울어<br/>이 지독한 기억을 나 어떻게<br/>돌아갈수없는<br/>것을 알기에 꿈마저 두려운거야<br/>미워하는 것도<br/>지워가는 것도<br/>내 뜻대로 안돼는 미친 사랑<br/>돌아갈수없는<br/>것을 알기에 꿈마저 두려운거야<br/>널 찾을까봐<br/>사랑할까봐 그럴까봐<br/>
"
