5101,Just Stay,알리 (ALi)알리 (ALi),킬잇 OST Part.6,949,<dd>2019.04.27</dd>,"그대 없는 하루가<br/>또 의미도 없이 지나가네요<br/>Just stay<br/>내 곁에서 머물러 줄 수 없나요<br/>혼자서 걷는 길 뒤돌아보면<br/>괜시리 그대 얼굴 보일까봐<br/>설레는 마음을 안고 있죠<br/>늘 내 품에 Just stay<br/>얼마나 더 기다리면 내게 올까<br/>이토록 내 맘 애태운 그대를<br/>가슴속에 묻고 지내야 하나요<br/>늘 내 곁에 Just stay<br/>내게로 이제는 그만 돌아와요<br/>허전한 맘 그대의 손길로<br/>날 다시 따스하게<br/>감싸 안아줘요<br/>깊어지는 내 맘 어느 순간<br/>사라질까봐 두려운 떨림을<br/>그댄 혹시 알고 있는 건지<br/>내 맘 지켜 줄 건지 궁금해<br/>늘 내 품에 Just stay<br/>그대의 사랑을 담아 보여줘요<br/>언제라도 난 늘 여기서 그대 사랑<br/>기다리고 다시 기다려 볼게요<br/>
"
5102,걸어도 걸어도,셀리아 킴 (주영스트)셀리아 킴 (주영스트),막돼먹은 영애씨 시즌 17 OST Part.23,123,<dd>2019.04.27</dd>,"한참을 걸어도 걸어도<br/>오늘도 난 제자리죠<br/>멀어지려고 뒤돌아서도<br/>한걸음도 못가죠<br/>내 욕심일거라고<br/>아무리 날 타일러봐도<br/>결국 난 여기있죠<br/>또 그대 앞인걸요<br/>어디부터 잘못된거죠<br/>아직도 나는 모르겠어<br/>지쳐만가요 이렇게 힘들줄은 몰랐죠<br/>더 미워해도 안돼는 사람<br/>더 바라고 바래왔던 사람<br/>흔한 이별의 시간이 가면<br/>널 잊을 수 있을까<br/>지우고 지워도 지워지지 않는 사람<br/>어디부터 잘못된거죠<br/>아직도 나는 모르겠어<br/>지쳐만가요 이렇게 힘들줄은 몰랐죠<br/>더 미워해도 안돼는 사람<br/>더 바라고 바래왔던 사람<br/>흔한 이별의 시간이 가면<br/>널 잊을 수 있을까<br/>지우고 지워도 지워지지<br/>간절히 바랬죠 우리영원하자<br/>약속한 그대의 말들을<br/>더 미워해도 안돼는 사람<br/>더 바라고 바래왔던 사람<br/>흔한 이별의 시간이 가면<br/>널 잊을 수 있을까<br/>지우고 지워도 지워지지 않는 사람<br/>
"
5103,사랑이 지면 (With 혜인),그녀그녀,사랑이 지면,263,<dd>2019.04.27</dd>,"맘이란 게 다 그래<br/>사랑의 시작처럼<br/>주체할 수 없는 이별의 마음을<br/>내가 어쩌겠어<br/>손을 잡으면 뭐해<br/>온기 없는 그 손을<br/>고개 숙인 너의 무거운 모습이<br/>이미 이별인데<br/>사랑이 지면<br/>가장 특별했던 우리 모습도<br/>모든 나를 흔들리게 한<br/>그 미소도 그 말투도<br/>이젠 나 볼 수 없는 걸<br/>사랑이 지면<br/>다정했던 너의 모든 말들이<br/>두려운 걸<br/>이미 넌 내가 아는<br/>그 사람이 아닌 걸<br/>이유 없이 피어난 사랑처럼<br/>변한 너의 이유를 물어 뭐해<br/>우리 앞에 놓인 커피처럼<br/>식어버린 마음을<br/>되돌리기엔 엎질러졌는 걸<br/>사랑이 지며<br/>애를 쓰며 시간만 붙잡는 너<br/>바닥난 그 마음 앞에서<br/>눈감으며 다 알면서<br/>끝내 모른 척했던 나<br/>지나온 길 위에<br/>마지막 인사들은 묻어둘게<br/>네가 원하는 대로<br/>떠나가는 날 그래 그렇게<br/>눈감아 줘<br/>
"
5104,"벌써, 봄",래준래준,"벌써, 봄",13,<dd>2019.04.27</dd>,"벌써 봄인가 벌써 봄인데 <br/>니가없는 봄은 처음이라 <br/>니가떠난 겨울에 아직 머무르는데 <br/>벌써 봄인가 벌써 봄인데 <br/>두손 꼭잡고 거닐던 꽃길도 <br/>이젠 돌아서 가야겠지 <br/>다신 갈수 없는길<br/>떨어진 꽃잎에 마음이 베이고 <br/>따듯한 바람에 살갖이 데어도 <br/>함께 할수있다면 <br/>숨겨진 가시가 마음을 찌르고 <br/>따듯한 햇볕이 심장을 태워도 <br/>함께 할수 있다면 <br/>I'll be missing you <br/>떨어진 꽃잎에 마음이 베이고 <br/>따듯한 바람에 살갖이 데어도 <br/>함께 할수있다면 <br/>숨겨진 가시가 마음을 찌르고 <br/>따듯한 햇볕이 심장을 태워도 <br/>함께 할수 있다면 <br/>I'll be missing you<br/>때가되면 찾아오는 따듯한 봄처럼<br/>언젠간 내곁에 오기를 바람이<br/>헛된 꿈이라해도<br/>따듯한 바람도 활짝핀 꽃들도<br/>언젠간 차갑게 시들어 버려도<br/>you will always be my love<br/>I'll be missing you<br/>
"
5105,분홍빛(Pink Color),유지은(Yoo Ji Eun)유지은(Yoo Ji Eun),분홍빛(Pink Color),6,<dd>2019.04.27</dd>,"잘 모르겠어 널 바라볼 때<br/>내 맘속에 피어난<br/>널 향한 두근거림 oh<br/>한참 동안 멀리서 널 바라보며<br/>어떻게 전할까 고민했어<br/>이렇게도 널 좋아할 순 없는 걸까<br/>꿈처럼 다가와 내 손을 잡아줄래<br/>점점 더 넌 내맘을 가득 물들이지<br/>너를 밀어내고 지워도<br/>어쩔 수 없나 봐<br/>마주 잡은 우리 두 손안에<br/>가득한 설렘을 난<br/>조심스레 상상해 보는 걸 um<br/>자꾸만 또 너를 바라보게 돼<br/>이런 마음은 처음인걸<br/>하루종일 널 바라고 난 기다린다<br/>꿈처럼 다가와 내게 입 맞춰줄래<br/>점점 더 넌 내맘을 가득 물들이지<br/>너를 밀어내고 지워도<br/>어쩔 수 없나 봐<br/>마주 잡은 우리 두 손안에<br/>가득한 설렘을 난<br/>조심스레 상상해 보는 걸 um<br/>우연히 눈 마주치면<br/>살짝 미소 지어 주는 너야<br/>서투른 내 맘이 네게 닿길 바라<br/>너를 본 순간부터 머리 위 하늘이<br/>내겐 분홍빛으로 물들어가고<br/>너에게도 이런 내 맘처럼<br/>가득한 설렘을 다 전해주고 싶은<br/>기분인 걸 oh<br/>
"
5106,이 밤,양다일양다일,skepticism,"38,659",<dd>2019.04.26</dd>,"그냥 걸었어 혹시나 해서<br/>받을 줄 몰랐어<br/>어떤 말부터 해야 할지<br/>미처 생각 못 했어<br/>너의 목소리 너의 말투도<br/>변한 게 없어서<br/>마치 우리가 함께인 듯<br/>미소 짓게 되는 거야<br/>아무렇지 않은 너의 말들이<br/>왜 이리 설레는지<br/>그저 날 위로하듯<br/>감싸 안는 걸<br/>더는 의미 없는 우리 추억이<br/>쉽게 나누던 지난 말들이<br/>떠오르는 지금<br/>그거면 된 거야<br/>그냥 걸었어 어떤 대답도<br/>바라지 않았어<br/>가끔 네 생각은 했지만<br/>매번 다른 감정들에<br/>너의 하루는 어땠는지<br/>그게 궁금해서<br/>내가 없는 너의 하루를<br/>듣고 싶어서<br/>너는 아무렇지 않은 말들이<br/>왜 이리 설레는지<br/>그저 날 위로하듯<br/>감싸 안는 걸<br/>더는 의미 없는 우리 추억이<br/>쉽게 나누던 지난 말들이<br/>떠오르는 지금<br/>그거면 된 거야<br/>날 너무 잘 아는지<br/>익숙하고 편해선지<br/>너와 나누었던<br/>우리 얘기가 좋아서<br/>아무렇지 않은 너의 하루가<br/>왜 이렇게 듣고 싶어<br/>그 모든 말이<br/>날 위로하는 걸<br/>끝이 다가오는 이 순간에도<br/>아쉬움 속에 어떤 인사도 못 해<br/>널 그리는 이 밤<br/>
"
5107,너에게로 또 다시,변진섭변진섭,MBC `지금 1위는?` Part.3,178,<dd>2019.04.26</dd>,"그 얼마나 오랜 시간을<br/>짙은 어둠에서 서성거렸나<br/>내 마음을 닫아 둔 채로<br/>헤메이다 흘러간 시간<br/>잊고 싶던 모든 일들<br/>때론 잊은 듯이 생각됐지만<br/>고개저어도 떠오르는 건<br/>나를 보던 젖은 그 얼굴<br/>아무런 말 없이 떠나버려도<br/>떄로는 모진 말로 멍 들이며 울려도<br/>내 깊은 방황을 변함없이 따뜻한<br/>눈으로 지켜보던 너<br/>너에게로 또다시 돌아오기까지가<br/>왜 이리 힘들었을까<br/>이제 나는 알았어 내가 죽는 날까지<br/>널 떠날 수 없다는 걸<br/>아무런 말 없이 떠나버려도<br/>떄로는 모진 말로 멍 들이며 울려도<br/>내 깊은 방황을 변함없이 따뜻한<br/>눈으로 지켜보던 너<br/>너에게로 또다시 돌아오기까지가<br/>왜 이리 힘들었을까<br/>이제 나는 알았어 내가 죽는 날까지<br/>널 떠날 수 없다는 걸<br/>널 떠날 수 없다는 걸<br/>
"
5108,생각나더라,커맨더지코커맨더지코,생각나더라,878,<dd>2019.04.26</dd>,"나는 잘 이해가 안 돼<br/>고작 이런 다툼에<br/>이렇게 다 바친 난 뭐가 되니<br/>오해가 오해를 만들어<br/>이해하지 못해<br/>오빠가 싫어진 부분이니<br/>매일 지겹게만 느꼈던 잔소리가<br/>사소한 다툼이 그리워<br/>술 한잔이 생각나더라<br/>서로에게 미소짓던 처음처럼<br/>마주하자<br/>항상 우리 부딪혔던<br/>술잔들처럼<br/>다시 만나야만 해<br/>부디<br/>어젠 널 잡고 있던<br/>기억도 없었던<br/>술주정 그게 웬수 같아<br/>이렇게 한잔 두잔 생각나<br/>원하고 바래 너와 나<br/>술 한잔이 생각나더라<br/>서로에게 미소짓던 처음처럼<br/>마주하자<br/>항상 우리 부딪혔던<br/>술잔들처럼<br/>다시 만나야만 해<br/>부디<br/>굳이 말해 며칠동안<br/>수십번 미칠 것만 같아서<br/>잊지 못해 너를<br/>혼자 두게 해서 미안해<br/>혼자 두게 해서 미안해<br/>기필코 약속할게<br/>난 너 하나면 충분하니까<br/>여기 지금 내 맘속엔<br/>너 하나뿐이야<br/>한번 믿어주겠니<br/>한번 믿어주겠니<br/>나를<br/>
"
5109,이별;RE,곽동현 (KWAK DONG HYUN)곽동현 (KWAK DONG HYUN),이별;RE,"2,574",<dd>2019.04.26</dd>,"두려웠을까 다시 너를 못 볼까<br/>준비했던 한마디 하질 못해<br/>오늘따라 밝은 너 오늘따라 예쁜 너<br/>떨리는 손 숨기고 속삭인 그 말<br/>Time to say goodbye<br/>우린 아닌가 봐 미안하고 미안하다<br/>텅 빈 가슴이 하루를 못 버텨<br/>널 다시 채워 삼켰던 눈물이 넘쳐<br/>missing you now losing me now<br/>부족한 날 위해 널 잃어버리진 마<br/>지쳐가는 너를 보내려 해<br/>참 말이 많아 너는 웃음도 많아<br/>아이처럼 환하게 날 바라던 널<br/>보낼 수는 없다고 그럴 수는 없다고<br/>안아주며 감추던 슬픔만 남아<br/>Time to say goodbye<br/>우린 아닌가 봐 미안하고 미안하다<br/>텅 빈 가슴이 하루를 못 버텨<br/>널 다시 채워 삼켰던 눈물이 넘쳐<br/>missing you now losing me now<br/>부족한 날 위해 널 잃어버리진 마<br/>지쳐가는 너를 보내려 해<br/>Let it lie Let it lie woo<br/>Never cry Never cry<br/>내가 줄 수 있는 사랑 전부를 걸어도<br/>Let it lie Let it lie woo<br/>Never cry Never cry<br/>가질 수 없는 걸 난 알아<br/>텅 빈 하루는 시간이 멈춰서<br/>널 다시 채워 함께한 시간이 넘쳐<br/>missing you now losing me now<br/>부족한 날 위해 널 잃어버리진 마<br/>여기까지야 날 용서해줘<br/>
"
5110,이길의 끝에,박장현 (VROMANCE)박장현 (VROMANCE),막돼먹은 영애씨 시즌 17 OST Part.22,122,<dd>2019.04.26</dd>,"이 길의 끝에 삶의 끝에<br/>무언가 보일 듯하면<br/>난 또 힘을 내 이 길을 걷고 걸어가면<br/>언젠가 쉴 수 있겠죠<br/>오늘도 지나간 하루에<br/>맘 편히 한숨을 내쉬고<br/>늘 항상 반복된<br/>나의 지쳐있던 하루하루가<br/>이 길의 끝에 삶의 끝에<br/>무언가 보일 듯하면<br/>난 또 힘을 내 이 길을 걷고 걸어가면<br/>언젠가 쉴 수 있겠죠<br/>하루의 시작이 예전만큼이나<br/>즐겁지 않네요<br/>버거운 일상이<br/>나의 머릿속을 아프게 하죠<br/>이 길의 끝에 삶의 끝에<br/>무언가 보일 듯하면<br/>난 또 힘을 내 이 길을 걷고 걸어가면<br/>언젠가 쉴 수 있겠죠<br/>이 길의 끝에 삶의 끝에<br/>무언가 보일 듯하면<br/>난 또 힘을 내 이 길을 걷고 걸어가면<br/>언젠가 쉴 수 있겠죠<br/>
"
5111,다 너였어,한경수한경수,다 너였어,284,<dd>2019.04.26</dd>,"언젠가 말했던 봄이 와도<br/>시간은 멈춰 있어<br/>거울에 비춰진 두 눈 속엔<br/>애써 참은 눈물이 고여<br/>빼낼 수도 없이 깊게 박혀 있는<br/>가시 같은 너를 잊지를 못해<br/>혼자 남아 하루 하루 지나왔어<br/>다시 한번만 날 찾길 바라는게<br/>바보 같은 걸 알지만<br/>나의 마음은 어디도 갈 수 없어서<br/>모든 계절이 미워져가<br/>나보다 더 아팠을 널 다 알기에<br/>견디는 것 말곤 할 수 없어<br/>모든 게 그리워 오늘도 또 내일도<br/>언제나 다 너였어<br/>어떤 말로도 풀지 못한<br/>우리의 마지막에<br/>들을 수 없던 네 목소리가<br/>가슴 속에 맺혀 맴돌아<br/>해준 게 없어서 너무 미안해서<br/>하얗게 이 밤을 지새우고 있어<br/>혼자 남아 하루 하루 지나 왔어<br/>다시 한번만 날 찾길 바라는게<br/>바보 같은 걸 알지만<br/>나의 마음은 어디도 갈 수 없어서<br/>모든 계절이 미워져가<br/>나보다 더 아팠을 널 다 알기에<br/>견디는 것 말곤 할 수 없어<br/>모든 게 그리워 오늘도 또 내일도<br/>내 하루는 다 너였어<br/>눈을 감으면 네가 보이는 것만 같아<br/>미소 짓던 네 모습이<br/>기억 뒤로 흩어져가<br/>이런 나라서 미칠 것 같아<br/>널 사랑해서<br/>널 보고싶은 나의 사랑을<br/>네게 전할 수 없어서<br/>모든 날들이 지쳐만 가<br/>나보다 아팠을 널 다 알기에<br/>견디는 것도 할 수 없어<br/>모든 게 그리워 오늘도 또 내일도<br/>떠난 그 날 후로<br/>다 너였어<br/>내 삶은 다<br/>
"
5112,4분 40초,하루나하루나,4분 40초,671,<dd>2019.04.26</dd>,"걸어 들어오면서<br/>애써 자꾸 눈을 피하고<br/>10초도 안돼서<br/>앉자마자 한숨만 쉬고<br/>첨보는 옷이지만<br/>낯설지만 묻지 못했어<br/>궁금했지만 니 표정에<br/>아무 말 못했어<br/>약속이 있는 듯 시계를 보면서<br/>말을 꺼냈어 내가 사줬던<br/>반지와 함께 이별을 꺼냈어<br/>안녕 우린 일년이나 만났지만<br/>짧게만 느껴졌어<br/>어떻게 이별이란 게<br/>4분 40초에 다 되니<br/>안녕 진짜 그게 될진 모르지만<br/>아무리 봐도 난 말야<br/>너만큼은 안될 거 같아<br/>그만큼 쉽게 될 것 같지 않아<br/>짧은 시간이라서<br/>아무것도 묻지 못했어<br/>좋았던 기억 그것마저<br/>놓치기 싫었어<br/>갑자기 친구와 약속이 생각나<br/>먼저 가볼게 잊고 살았던<br/>친구와 함께 술을 좀 마시게<br/>안녕 우린 일년이나 만났지만<br/>짧게만 느껴졌어<br/>어떻게 이별이란 게<br/>4분 40초에 다 되니<br/>안녕 진짜 그게 될진 모르지만<br/>아무리 봐도 난 말야<br/>너만큼은 안될 거 같아<br/>그만큼 쉽게 될 것 같지 않아<br/>
"
5113,잊어요,레오레오,잊어요,4,<dd>2019.04.26</dd>,"사랑해도 돼요 묻고 싶어져요<br/>그댈 보면서<br/>내 마음 너무 행복해 눈물 났죠<br/>내가 기다리던 사랑이 온 거죠<br/>나는 그대를 절대 놓지 않아요<br/>그대 이별을 하고서<br/>눈물 흘리는 모습에<br/>내 마음 정말 찢어질 듯<br/>가슴이 아팠죠<br/>그대 슬픈 그 마음을<br/>내가 치료하고 싶어요<br/>나에게 그 마음을 조금만<br/>열어줄 순 없나요<br/>사랑해도 되나요<br/>내게 대답해주세요<br/>그대 마음 얻기 위해선<br/>평생 기다릴 수 있어요<br/>사랑해도 되나요<br/>나를 한 번만 봐주세요<br/>이렇게 그대만 보는<br/>해바라기 같은 나를<br/>가슴 아픈 이별하고<br/>많이 울기도 하겠죠<br/>하지만 끝은 아니에요<br/>잊을 수 있어요<br/>시간 많이 지나가면<br/>희미한 기억이 되겠죠<br/>새로운 사랑으로 모든 걸<br/>잊을 수가 있어요<br/>사랑해도 되나요<br/>내게 대답해주세요<br/>그대 마음 얻기 위해선<br/>평생 기다릴 수 있어요<br/>사랑해도 되나요<br/>나를 한 번만 봐주세요<br/>이렇게 그대만 보는<br/>해바라기 같은 나를<br/>내가 지켜줄게요<br/>영원히 그대 곁에서<br/>나를 믿고 따라와 줘요<br/>사랑해도 되나요<br/>내게 대답해주세요<br/>그대 마음 얻기 위해선<br/>평생 기다릴 수 있어요<br/>사랑해도 되나요<br/>나를 한 번만 봐주세요<br/>이렇게 그대만 보는<br/>해바라기 같은 나를<br/>이렇게 그대만 보는<br/>해바라기 같은 나를<br/>
"
5114,우리가 사랑했던 곳 (Feat. 선우식),순 (Soon)순 (Soon),우리가 사랑했던 곳,32,<dd>2019.04.26</dd>,"어린시절 느꼈었던 제일 아픈 말<br/>한동안은 힘들겠지 니가 없는 날<br/>어느샌가 나도 몰래 밀어냈던 널<br/>힘내보려 애썼지만 안되더라 난<br/>사랑을 이해하기 어려운 나이였지<br/>니가 내 전부인 듯 살던 날 들이<br/>설렜던 마음들을 한곳에 접어둔 채<br/>살아간다 보고 싶다<br/>우리가 사랑했던 곳<br/>우리가 아꼈었던 곳<br/>우리가 기억 속에 머물렀던 곳까지<br/>한없이 사랑했던 게<br/>후회로 남진 않아서<br/>내가 널 보내 줄 수 있을 것 같아<br/>우리가 헤어졌던 게<br/>마치 어제일 같아서<br/>잠 못 드는 밤에는 너를 꼭 찾아<br/>이젠 볼 수도 없겠지<br/>마주칠 수도 없겠지<br/>좋은 기억 속에서 변하지 않길<br/>우리가 사랑했던 곳<br/>우리가 아꼈었던 곳<br/>우리가 기억 속에 머물렀던 곳까지<br/>한없이 사랑했던 게<br/>후회로 남진 않아서<br/>내가 널 보내 줄 수 있을 것 같아<br/>너도 나와 같기를 수없이<br/>생각한 후에야<br/>난 이제야 널 깨닫게 되었어<br/>멀어질 수 밖에 없던<br/>우리의 사랑을 워<br/>우리가 사랑했던 곳<br/>우리가 아꼈었던 곳<br/>우리가 기억 속에 머물렀던 곳까지<br/>한없이 사랑했던게<br/>후회로 남진 않아서<br/>내가 널 보내 줄 수 있을 것 같아<br/>
"
5115,허니 브레드,시슬리시슬리,허니 브레드,3,<dd>2019.04.26</dd>,"조금은 차갑게 느껴지는 오늘 아침<br/>차가운 공기에 움츠려지는 두손<br/>잠이 덜깬 눈을 비비고<br/>하품섞인 어색한 아침인사<br/>Good morning<br/>커피한잔 그리워지네<br/>오늘은 유난히 쓰디쓴 모닝커피<br/>원래 쓴맛인건지 아메리카노<br/>아님 내 입맛이 그런건지<br/>쓰디쓴 커피잔 위로 어디에선가<br/>달콤한 향기가 흘러<br/>새하얀 휘핑크림<br/>솔솔 뿌려진 슬라이스 아몬드<br/>그림을 그린듯한 달콤한 시럽<br/>따끈한 빵과 잘 섞으면<br/>한입 기분좋아지는<br/>너없인 안되는지<br/>아메리카노엔 허니브레드가<br/>너무 잘 어울려<br/>언제나 같이 있고 싶은<br/>너랑 나처럼<br/>싸울때도 있지만<br/>우린 어쩔 수 없나봐<br/>기분이 우울할때<br/>마음이 울적할때도<br/>토라졌다가도 금방 웃게되는<br/>한입 기분좋아지는<br/>달콤한 허니브레드<br/>차가웠던 아침 공기가<br/>어느새 녹아드는데<br/>사랑스런 눈빛으로<br/>너와 함께 먹고 싶은<br/>따뜻한 너를 닮은<br/>한입 기분좋아지는<br/>달콤한 허니브레드<br/>
"
5116,도레미파솔라시도,백겨울백겨울,도레미파솔라시도,10,<dd>2019.04.26</dd>,"너의 몸매는 잘 빠진 명품 도자기<br/>입술은 나만의 새콤한 레몬 사탕<br/>눈빛은 자길 벗어날 수 없다고<br/>미리 알려주는 너만의 미란다 원칙<br/>목소리는 소라 껍데기의<br/>청아한 파도소리<br/>실제로 천사가 존재한다면<br/>그건 분명 너일거야<br/>어쩜 이렇게 예쁜지<br/>어쩜 이렇게도 착한건지<br/>뭘 먹고 뭘 보고 자라면<br/>이렇게 되는지<br/>나 혼자 알기엔 아까워<br/>자랑하고 다닐거야<br/>여기 이쁜 네가 내 꺼라는 거<br/>동에 번쩍 서에 번쩍 Beautiful girl<br/>Oh my love<br/>네게 잘 보이고 싶어 솔선수범<br/>네 사랑보다 내 사랑이 더 라지<br/>너에겐 다 줘도 상관없는<br/>내 금 같은 시간<br/>이미 처음 만난 순간<br/>찍힌 운명이란 도장<br/>실제로 천사가 존재한다면<br/>그건 분명 너일거야<br/>어쩜 이렇게 예쁜지<br/>어쩜 이렇게도 착한건지<br/>뭘 먹고 뭘 보고 자라면<br/>이렇게 되는지<br/>나 혼자 알기엔 아까워<br/>자랑하고 다닐거야<br/>여기 이쁜 네가 내 꺼라는 거<br/>동에 번쩍 서에 번쩍 Beautiful girl<br/>Oh my love<br/>I'll make you happy<br/>for a long time<br/>Um um My angel<br/>어쩜 이렇게 예쁜지<br/>어쩜 이렇게도 착한건지<br/>뭘 먹고 뭘 보고 자라면<br/>이렇게 되는지<br/>나 혼자 알기엔 아까워<br/>자랑하고 다닐거야<br/>여기 이쁜 네가 내 꺼라는 거<br/>동에 번쩍 서에 번쩍 Beautiful girl<br/>Oh my love<br/>
"
5117,진짜 이별 (Feat. 강혜민),김원지김원지,진짜 이별,88,<dd>2019.04.26</dd>,"너와 헤어지고 많이 아팠어<br/>너에겐 자존심도 필요 없었어<br/>아프고 더 아파도<br/>일주일 아니 하루라도<br/>곁에 있고 싶었어<br/>많이 사랑했으니까<br/>그거면 충분했어<br/>널 많이 사랑했으니까 그거면 됐어<br/>그게 전부야 그게 이유야<br/>다 알면서도 사랑했으니까<br/>너와의 헤어짐을 알고 있었어<br/>너에겐 내가 없었어<br/>아프고 더 아파도<br/>사랑할 자신이 있었어<br/>곁에 있고 싶었어<br/>많이 사랑했으니까<br/>그거면 충분했어<br/>널 많이 사랑했으니까 그거면 됐어<br/>그게 전부야 그게 이유야<br/>다 알면서도 사랑했으니까<br/>널 떠나보낸 뒤 많이 힘들었어<br/>보내기 싫지만 이젠 보내줄게<br/>그게 너에게 주는 마지막 사랑이야<br/>더 많이 사랑했으니까 이젠 괜찮아<br/>더 많이 사랑했으니까 후회는 안 해<br/>우린 끝났지만 나를 기억해줘<br/>더 바라지 않을게<br/>우린 진짜 이별한 거야<br/>
"
5118,처음 그날처럼 (드라마 `올인` ost),"												
												
												Various ArtistsVarious Artists",가장 사랑받았던 2000년대 인기 발라드 명곡,13,<dd>2019.04.26</dd>,가사가 없습니다
5119,My Flower,대인(DAEIN)대인(DAEIN),Maternal Grandmother,13,<dd>2019.04.26</dd>,"추운 날씨가 지나가 따뜻해 졌네<br/>그래서 그런지 콧등이 조금 간지럽네<br/>꽃이 많이 피었나봐 평소보다 더<br/>그래서 그런지 마음도 조금 간지럽네<br/>날씨가 따뜻해 질 때 쯤이면<br/>장례식장에 뛰어갔던 중3때의 나<br/>마지막이 될 줄 몰랐던<br/>사랑하는 나의 꽃이<br/>시들어버린 그때 기억<br/>꽃이 활짝 필때면<br/>얼어붙은 마음마저<br/>따스해지는 그 기억<br/>매년 꽃은 다시 피는데<br/>내 꽃은 그 꽃들의<br/>거름이 되어주신 건가요<br/>그래서 우리엄마 지나가다<br/>꽃이보이면 좋아 하나요<br/>그 때는 항상 따뜻했는데<br/>캥거루처럼 붙어있던 5살의 나<br/>이젠 사소한 기억 뿐인데<br/>작은등에 올라<br/>과자 고르던 그때 기억<br/>꽃이 활짝 필때면<br/>얼어붙은 마음마저<br/>따스해지는 그 기억<br/>매년 꽃은 다시 피는데<br/>내 꽃은 그 꽃들의<br/>거름이 되어주신 건가요<br/>이젠 기억이 잘 나지않지만<br/>내 마음에 남아있는 한 송이의 꽃<br/>이젠 볼수도 맡을수도 없지만<br/>느낄수있어요<br/>
"
5120,김밥,"												
												
												Various ArtistsVarious Artists",BALLAD 2000 2집,9,<dd>2019.04.26</dd>,가사가 없습니다
5121,잊고 싶다,010010,잊고 싶다,13,<dd>2019.04.26</dd>,"헤어지기 아쉬워<br/>수 없이 떠나 보내던 그 버스<br/>그럴 땐 왜 이리 빨리 오는지<br/>결국 우린 막찰 탔었지<br/>서로를 향했던<br/>아쉬운 마음도<br/>더는 없잖아<br/>그래서 오늘도<br/>너를 잊고 싶다 잊고 싶다<br/>잊고 싶다 잊고 싶다<br/>모두 잊고 싶다 잊고 싶다<br/>잊고 싶다 잊고 싶다<br/>널 사랑한 좋았었던 날들을<br/>너의 꿈에 나타나<br/>바람 피웠다며 툴툴대던 너<br/>왜 그랬냐고 잔소릴 하고는<br/>씩씩대며 내밀던 입술<br/>나만을 향했던<br/>너의 잔소리도<br/>더는 없잖아<br/>그래서 오늘도<br/>너를 잊고 싶다 잊고 싶다<br/>잊고 싶다 잊고 싶다<br/>모두 잊고 싶다 잊고 싶다<br/>잊고 싶다 잊고 싶다<br/>널 사랑한 좋았었던 날들을<br/>이젠 잊고 싶다 잊고 싶다<br/>잊고 싶다 잊고 싶다<br/>정말 잊고 싶다 잊고 싶다<br/>잊고 싶다 잊고 싶다<br/>널 바라온 내 모든 순간들을<br/>지워질 수 없게 새겨져<br/>너를 잊고 싶다 잊고 싶다<br/>잊고 싶다 잊고 싶다<br/>널 바라온 내 모든 순간들을<br/>사랑했었던 너를 잊고 싶다<br/>
"
5122,잠이와 (Flugelhorn Ver.) (Feat. Q the Trumpet),FM43FM43,잠이와 (Flugelhorn Ver.),11,<dd>2019.04.26</dd>,가사가 없습니다
5123,잠이와 (Harmonica Ver.) (Feat. 권병호),FM43FM43,잠이와 (Harmonica Ver.),11,<dd>2019.04.26</dd>,가사가 없습니다
5124,위로,차호용차호용,위로,22,<dd>2019.04.26</dd>,"늦은 밤 집 앞 홀로 나와<br/>앞만 보고 걷다 보니<br/>돌아갈 수가 없네<br/>길을 잃어 버린 어린 아이처럼<br/>돌아갈 길이 보이질 않아<br/>그때 그 시절로 돌아가고 싶지만<br/>그때 그 마음으로 돌아가기 막막하네<br/>언젠간 이 아픔도 괜찮아 지겠지<br/>지나가는 소나기처럼<br/>기다리면 이 슬픔도 사라지겠지<br/>스쳐가는 바람들처럼<br/>한참 걷다 도착한<br/>이름 모를 다리 위<br/>어두운 밤 홀로 비추는 달 하나<br/>흐릿해 보이지 않아<br/>길을 잃어 버린 나처럼<br/>나아갈 길이 보이질 않아 <br/>선명했던 날들은 흐려지고<br/>이젠 내 마음도 흐려져가고<br/>반짝였던 하늘도 흐려지고<br/>희미해진 하늘만 쳐다보네<br/>언젠간 이 아픔도 괜찮아 지겠지<br/>지나가는 소나기처럼<br/>기다리면 이 슬픔도 사라지겠지<br/>스쳐가는 바람들처럼<br/>
"
5125,별(Think),가희가희,별(Think),77,<dd>2019.04.26</dd>,"하늘 가득히 채운 수많은 별들을<br/>보며 홀로 걸어가는 길<br/>쌀쌀해지는 저녁 바람이 불어와<br/>코끝을 스치우네<br/>어두운 거리 가로등 아래<br/>나를 비추는 불빛들의<br/>따뜻한 온기 포근히 안아<br/>나를 위로해주네<br/>I just want a star to come to me<br/>살며시 내게 다가와<br/>I just want a star to come to me<br/>오직 나만을 빛춰줘<br/>Think about nothing<br/>I don't think about everything<br/>I just want a star to come to me<br/>아무도 없는 모두 잠든 밤<br/>저기 보이는 보름달이<br/>유난히 외로이 유난히 쓸쓸히<br/>나에게 말을 거네<br/>I just want a star to come to me<br/>살며시 내게 다가와<br/>I just want a star to come to me<br/>오직 나만을 비춰줘<br/>Think about nothing<br/>I don't think about everything<br/>I just want a star to come to me<br/>하늘 가득히 채운 수많은 별들을<br/>보며 홀로 걸어가는 길<br/>쌀쌀해지는 저녁 바람이 불어와<br/>코끝을 스치우네<br/>
"
5126,술래 (Feat. 황예린),가나그네 프로젝트가나그네 프로젝트,술래,25,<dd>2019.04.26</dd>,"열을 세어 가요<br/>서둘러 그대 숨어줘요<br/>우리 둘만 아는 비밀 숨기 놀이<br/>난 오늘도 또 술래라서<br/>사랑하는 그댈 찾는 이 놀이를<br/>몇 번이고 계속하고 있어요<br/>그대 숨으면 그대 없으면<br/>끝내 찾지 못하면<br/>어떡하죠 그리운 사람이기에<br/>보고 싶어<br/>그대 찾으면 그대 만나면<br/>그대 마주친다면<br/>난 어떡하죠<br/>놀이가 끝날 텐데 이별인데<br/>나는 뒤를 돌아<br/>서둘러 그댈 찾는척해<br/>나만 혼자 하는 비밀 숨기 놀이<br/>난 내일도 또 술래지만<br/>사랑하는 그대 나랑 놀아줘서<br/>몇 번이고 계속하고 싶어요<br/>그대 숨으면 그대 없으면<br/>끝내 찾지 못하면<br/>어떡하죠 그리운 사람이기에<br/>보고 싶어<br/>그대 찾으면 그대 만나면<br/>그대 마주친다면<br/>난 어떡하죠<br/>놀이가 끝날 텐데 이별인데<br/>부탁해요 멀리 숨어줘<br/>그립도록 그리워도 못 찾도록<br/>괜찮아요 내가 술래이니까<br/>우리 둘은 끝나지 않을 텐데<br/>내가 숨으면 내가 없으면<br/>내가 사라진다면<br/>찾을까요<br/>그리운 사람일까요 그대에게<br/>나를 찾으면 내가 고프면<br/>나를 사랑한다면<br/>날 바라보면<br/>놀이가 끝날 텐데 사랑인데<br/>
"
5127,너의 페이지 (I`ll be there),윤지성윤지성,Dear diary,"13,989",<dd>2019.04.25</dd>,"하루하루 늘어가는 페이지<br/>그 안에 담겨있는 너와 나<br/>더해지는 날짜만큼 커진<br/>나의 마음을 알고 있을까<br/>말로 다 설명 못할 무언가<br/>그 의미는 우리만 알잖아<br/>소중한 날들을 다 여기에<br/>담을 수만 있다면<br/>새로운 페이지를 열어<br/>아름다운 말들로<br/>너를 채워 넣을 거야<br/>너의 페이지를 열어<br/>전부 그려놓을게 내 맘에<br/>호기심은 믿음으로 변해<br/>너에 대한 확신으로 번져가<br/>너는 매일 스며들어 어느새<br/>내 일상의 전부가 되었어<br/>세상엔 설명 못할 무언가<br/>문득 찾아온 기적이 있어<br/>나에겐 그건 바로 너니까<br/>그렇게 시작된<br/>새로운 페이지를 열어<br/>아름다운 말들로<br/>너를 채워 넣을 거야<br/>너의 페이지를 열어<br/>전부 그려놓을게 사라지지 않도록<br/>상상도 못할 일들로<br/>가득 채워진 내 하루야<br/>너를 만났던 그날 이후로 매일<br/>우리의 이야기를 열어<br/>끝나지 않을 말들로 가득 채워가<br/>우리의 페이지를 열어<br/>전부 그려놓을게 내 맘에<br/>
"
5128,마음에게 (Dear My Heart),언어의정원언어의정원,Growing Up,294,<dd>2019.04.25</dd>,"마음아 다치지 않길 바라<br/>네가 원하는 건 다 들어줄게<br/>사랑하길 바랐던<br/>더 사랑받길 바랐던<br/>나의 어리숙한 모습들도<br/>마음아 다치지 않길 바라<br/>네가 원하는 건 다 들어줄게<br/>도망치고 싶을 땐 잡히고도 싶었던<br/>묘한 표정 짓던 모습들도<br/>널 한번 안고 싶었어<br/>너의 세상은 내겐 너무 커다래<br/>잔잔히 위로가 돼줬던<br/>몇 마디 말보다<br/>널 안고 싶었어<br/>마음아 다치지 않길 바라<br/>네가 원하는 건 다 들어줄게<br/>계절이 지나가듯 어느새 변한 대도<br/>다시 돌아올 너를 알아<br/>널 한번 안고 싶었어<br/>너의 세상은 내겐 너무 커다래<br/>잔잔히 위로가 돼줬던<br/>몇 마디 말보다<br/>널 안고 싶었어<br/>널 한번 알고 싶었어<br/>너의 세상은 내겐 너무 커다래<br/>괜찮다 말하고 싶을 땐<br/>그 어떤 말보다<br/>널 안고 싶었어<br/>
"
5129,꿈,Drako (드라코)Drako (드라코),빙의 OST Part.10,65,<dd>2019.04.25</dd>,"이건 꿈<br/>다시 돌아오지 않을 꿈<br/>항상 꿈꾸기만을 바라고<br/>또 그날이 오기만 바래<br/>나의 숨<br/>너를 위해 존재하는 숨<br/>나 혼자 의미 없이 숨을 쉬는<br/>하루는 언제쯤 끝날까<br/>널 어루만져<br/>너와 입을 맞춰<br/>같은 공간 안에 너와 또 마주하며<br/>지난 시간들을 다시<br/>꺼내어보며 널 불러 봐도<br/>달콤한 꿈처럼 사라진다<br/>나의 벌<br/>너를 아프게 한 나의 벌<br/>가시 덮인 꽃을 움켜쥐고<br/>아파도 놓을 수 없는 다시<br/>널 어루만져<br/>너와 입을 맞춰<br/>같은 공간 안에 너와 또 마주하며<br/>지난 시간들을 다시<br/>꺼내어보며 널 불러 봐도<br/>달콤한 꿈처럼 사라진다<br/>매번 돌아오기를<br/>너를 다시 안기를<br/>바래 난 바래<br/>깨지 않아도<br/>만질 수 없어도<br/>영원히 꿈꾸며<br/>너를 볼 수 있다면 이대로<br/>그거면 난 충분해<br/>그거 하나면 난 행복해<br/>영원히 꿈속에 너와<br/>
"
5130,사랑한 기억 그거면 된 거죠,리디아 (Lydia)리디아 (Lydia),막돼먹은 영애씨 시즌 17 OST Part.21,156,<dd>2019.04.25</dd>,"미안해 하지마요 슬프게 보지마요<br/>뒤돌아 떠나요<br/>좋은 기억두고<br/>마음 편하게 떠나 나는 괜찮아<br/>사랑한 기억 그거면 된거죠<br/>나의 마음에 그대가 있으니<br/>가끔씩은 그대를 꺼내볼게요<br/>마음이 아파도<br/>우리 서로 사랑을 했으니<br/>하루가 조금 길죠 더디게 가는 시간<br/>모든게 변했어<br/>언제까지이래<br/>내가 웃을 수 있는 그날 올까요<br/>사랑한 기억 그거면 된거죠<br/>나의 마음에 그대가 있으니<br/>가끔씩은 그대를 꺼내볼게요<br/>마음이 아파도<br/>우리 서로 사랑을 했으니<br/>아파도 사랑이니까<br/>그래도 그대 행복한 모습을<br/>보고 싶으니<br/>사랑한 기억 그거면 된거죠<br/>나의 마음에 그대가 있으니<br/>가끔씩은 그대를 꺼내볼게요<br/>마음이 아파도<br/>우리 서로 사랑을 했으니<br/>
"
5131,술집 구석에서,"J1, 박정은J1, 박정은",술집 구석에서,264,<dd>2019.04.25</dd>,"아무것도 모르는 듯해<br/>눈치도 없이<br/>평소처럼 내 눈 보며<br/>환히 웃고 있는 너란 여자야<br/>정말 미안해 한 마디 남기고<br/>고갤 떨군 나란 남자야<br/>무슨 말이냐 물으며<br/>빤히 쳐다보는 너<br/>아무 말 하지 못한 채<br/>혼자 술잔만 채우고 또 침묵<br/>고요함 속에 뱉어낸 그 말<br/>미안해 우린 여기까진 거 같아<br/>정신없이 떠들어대는<br/>많은 사람들 속에<br/>마치 우리 둘만 다른 곳<br/>다른 공간에<br/>멈춘 듯이 굳어 버린 듯이<br/>계속 비겁하게 난<br/>아무 말 못 할 거야<br/>둘만 고요해진 술집 구석에서<br/>아무것도 모르는 척<br/>애써 밝은 척 하고<br/>평소랑 같은 모습으로<br/>네 얼굴 보는 게 쉽진 않아<br/>끝내 듣고 싶지 않았던 말<br/>그 말만은 하지 않길 바랬어<br/>정신없이 떠들어대는<br/>많은 사람들 속에<br/>마치 우리 둘만 다른 곳<br/>다른 공간에 있긴 싫어<br/>더 바라진 않아<br/>저 사람들처럼 우리의 모습도<br/>시들어진 꽃처럼 우린<br/>말라 버린대도<br/>끝내 남기는 향기마저<br/>모르는 척은 하지 말자<br/>조금 남겨두자 가끔은 그러자<br/>아무 일이 없는 듯<br/>둘만 고요해진 술집 구석에서<br/>향기는 남을 테니<br/>
"
5132,맞지 않는 옷,폴레폴레 레코드폴레폴레 레코드,맞지 않는 옷,92,<dd>2019.04.25</dd>,"한 걸음 두 걸음에 점점 흘러내려 가<br/>잠깐 멈춰 서서 다짐해봐도<br/>다시 한 걸음 또 두 걸음<br/>한없이 빛나리라 생각하기도 했었지<br/>흘러간 시간에 빛바래진 너<br/>너는 아는지 모르는지<br/>이를테면 햇살 가득한 저 봄날에<br/>마지막으로 이 거릴 걷고 싶어요<br/>우리 이별이 아름다운 기억으로<br/>남을 수 있기를 추억할 수 있기를<br/>이를테면 햇살 가득한 저 봄날에<br/>마지막으로 이 거릴 걷고 싶어요<br/>우리 이별이 아름다운 기억으로<br/>남을 수 있기를 추억할 수 있기를<br/>이를테면 햇살 가득한 저 봄날에<br/>마지막으로 이 거릴 걷고 싶어요<br/>우리 이별이 아름다운 기억으로<br/>남을 수 있기를 추억할 수 있기를<br/>
"
5133,계절,강기영강기영,계절,230,<dd>2019.04.25</dd>,"우연일것만 같던<br/>너라는 선물이 다가와서<br/>어느새 서로 나누었던 얘기들<br/>설레는 시작이 되고<br/>차가운 계절 뿐이던 내게<br/>먼저 손 내밀어 주던<br/>너라는 따뜻한 봄날이 불어와<br/>이렇게 내맘에 물들어<br/>빛나는 오늘이 새겨져<br/>있잖아 너의 그 미소를<br/>지켜줄께 따뜻한 봄이 되어준 너<br/>고개 돌리면 손 닿는곳에 있을께<br/>매일 같은 곳을 보면서<br/>함께 걸을테니<br/>이렇게 내 곁에 있어서<br/>정말 고마워 나를 향해 웃어줘서<br/>다시 새롭게 눈을 뜨는 기적들<br/>세상이라는 계절을 건너 온 우리<br/>우리 서로 밝게 비추길<br/>고마워 내 곁에 있어서<br/>지금 이렇게 나를 향해 웃어줘서<br/>이제 새롭게 눈을 뜨는 내일은<br/>서로 같은 꿈을 그리며 함께 웃으며<br/>서로 같은곳을 보면서 걷자 둘이서<br/>
"
5134,그 아픔까지 사랑한거야 (응답하라 1988),"												
												
												Various ArtistsVarious Artists",그 시절 다시 들어보는 7080 낭만 콘서트,1,<dd>2019.04.25</dd>,가사가 없습니다
5135,첫사랑,백다빈백다빈,첫사랑,22,<dd>2019.04.25</dd>,"지금은 어디에서 살고 있을까<br/>기억 속의 수줍은 첫사랑<br/>설레는만큼 아픔도 많았던<br/>아련해지는 그때 그리움<br/>지금도 그모습이 그대로일까<br/>기억 속의 보고픈 첫사랑<br/>좋아한만큼 원망도 많았던<br/>그 첫사랑이 이젠 그리워<br/>그대도 날 좋아한건 아닐까<br/>끝없는 착각 속에 미소 지으며<br/>혹시나 마주치지는 않을까<br/>떨리는 맘 찾아오곤 해<br/>이룰 수 없기에 더 아름답다는<br/>첫사랑은 바람처럼 나를 떠나고<br/>언젠가 또다시 만나게 된다면<br/>따스하게 웃으며<br/>어색하지 않을 수 있기를<br/>언젠가 그대가 내게 찾아와<br/>새로 생긴 애인을 소개해줬지<br/>해맑게 축하한다 말했지만<br/>무너지는 내 맘을 알까<br/>이룰 수 없기에 더 아름답다는<br/>첫사랑은 바람처럼 나를 떠나고<br/>언젠가 또다시 만나게 된다면<br/>따스하게 웃으며<br/>어색하지 않을 수 있기를<br/>기억 속의 수줍은 첫사랑<br/>
"
5136,꿈을 꾸어요,베이비슈가(BABYSUGAR)베이비슈가(BABYSUGAR),꿈을 꾸어요,16,<dd>2019.04.25</dd>,"아직 어렸을때<br/>난 어땠었나요<br/>바보같이 넘어져서<br/>매일 울었나요<br/>어른이 되어서<br/>난 꿈을 꾸었죠<br/>좀 더 나아질거라고<br/>다짐을 했었죠<br/>어두컴컴한 삶을 지나요<br/>헤쳐나가긴 너무나 힘든길이죠<br/>밝은 빛을 비춰준다면<br/>그대 내게 손뻗는다면<br/>아픈 기억 덮어준다면<br/>일어나요 다시 난 꿈을 꾸어요<br/>어두컴컴한 삶을 지나요<br/>헤쳐나가긴 너무나 힘든길이죠<br/>밝은 빛을 비춰준다면<br/>그대 내게 손뻗는다면<br/>아픈 기억 덮어준다면<br/>일어나요 다시 난 꿈을 꾸어요<br/>어디에 있나요<br/>어디로 가나요<br/>잘하고 있다면<br/>웃음 지어볼게요<br/>어디에 있나요<br/>어디로 가나요<br/>잘하고 있다면<br/>웃음 지어볼게요<br/>어디에 있나요<br/>어디로 가나요<br/>잘하고 있다면<br/>웃음 지어볼게요<br/>밝은 빛을 비춰준다면<br/>그대 내게 손뻗는다면<br/>아픈 기억 덮어준다면<br/>일어나요 다시 난 꿈을 꾸어요<br/>
"
5137,어떻게 지내고 있니,하늘하늘,어떻게 지내고 있니,6,<dd>2019.04.25</dd>,"무심히도 그랬었지<br/>심한 말도 했었나 봐<br/>7년이란 기간 동안<br/>그렇게도 다퉜나 봐<br/>함께 한 모든 시간이<br/>물거품이 되어 사라진다는 게<br/>어떻게 지내고 있는 거야<br/>시간이 많이 지나서<br/>아님 바쁜 생활 속에서<br/>날 지우고 지웠니<br/>가끔 내 생각 하는 거니<br/>나는 가끔<br/>영원히 볼 수 없단 게<br/>너무나도 슬퍼 견딜 수가 없어<br/>어떻게 지내고 있는 거야<br/>시간이 많이 지나서<br/>아님 바쁜 생활 속에서<br/>날 지우고 지웠니<br/>가끔 내 생각은 하는 거니<br/>나는 가끔<br/>
"
5138,너에게로,비가 내리는 밤비가 내리는 밤,너에게로,1,<dd>2019.04.25</dd>,"함께 하자는 그 말 네겐<br/>그저 순간뿐인 표현인 걸까<br/>나를 사랑한다던 그 말<br/>이젠 다신 못 듣는 걸까<br/>너 없는 하루는<br/>너무 버거워<br/>제발 다시 돌아와 줄 순 없니 내게<br/>모두가 네게로 이어져<br/>사랑받고 있을 너에게<br/>너와 함께한 날들 너무 많아서<br/>지금이 꿈만 같아<br/>너 없는 하루는<br/>너무 버거워<br/>제발 다시 돌아와 줄 순 없니 내게<br/>모두가 네게로 이어져<br/>사랑받고 있을 너에게<br/>너와 함께한 날들 너무 많아서<br/>지금이 꿈만 같아<br/>
"
5139,More Than Words,조순종조순종,빈티지 피아노 20,1,<dd>2019.04.25</dd>,가사가 없습니다
5140,비 오는 밤,트루맨트루맨,비 오는 밤,2,<dd>2019.04.25</dd>,"비가 오네요 <br/>그대가 생각나는 이 밤에 <br/>나 혼자 술을 마시고 있죠 <br/>그대가 생각나는 이 밤에 <br/>못해줬어요 참 많이 이기적이었어요 <br/>조그만 마음 써주면 될걸 <br/>왜 그리 나만 생각했는지 <br/>미안합니다 그대의 마음 아프게 한거 <br/>그대를 눈물 흘리게 한거 <br/>정말로 나쁜 남자였어요 <br/>용서해줘요 따뜻한 마음 <br/>차갑게 만든 거 <br/>이젠 모두 돌이킬 수 없는 얘기지만 <br/>아쉬움이 남아요 <br/>비가 오는 날 <br/>그대 생각이 자꾸만 나요 <br/>헤어진 그날 비가 와서 그런가 봐 <br/>우산 쓰고 멀어지는 <br/>그대 모습 생각나 <br/>힘없이 걷던 그대 발걸음 <br/>왜 그리 슬퍼 보였는지 <br/>미안해요 용서해요 <br/>그대 행복을 빌어요 <br/>비가 오네요 <br/>비가 오는 날엔 나 그대가 <br/>너무나 그리워요 <br/>내 맘이 아직도 그댈 못 잊었네요 <br/>그땐 왜 그리 그대를 귀찮아했었는지 <br/>내가 어리석었던 거예요 <br/>내가 그대를 아프게 했죠 <br/>떠난 거예요 <br/>내가 이기적이었던 거예요 <br/>그대 잘못 하나도 없어 <br/>그때는 내가 핑계 댄 것뿐이죠 <br/>비가 오는 날 <br/>그대 생각이 자꾸만 나요 <br/>헤어진 그날 비가 와서 그런가 봐 <br/>우산 쓰고 멀어지는 <br/>그대 모습 생각나 <br/>힘없이 걷던 그대 발걸음 <br/>왜 그리 슬퍼 보였는지 <br/>미안해요 용서해요 <br/>그대 행복을 빌어요 <br/>용서해요<br/>그대 행복을 빌어요<br/>
"
5141,Double o nine,구본웅 (Ku Bon Woong)구본웅 (Ku Bon Woong),Double o nine,0,<dd>2019.04.25</dd>,"한손엔 머쉰건을 들고<br/>지옥으로 나간다<br/>너의 계략 세계정복<br/>내가 막아 주마<br/>어디든 가고 있네<br/>엘레이 서울 뉴욕 파리 런던<br/>언젠가 세계평화<br/>이곳에서 시작되리 라고<br/>시커먼 악당들속에<br/>홀혈단신 싸우네<br/>피와땀의 아드레날린<br/>폭팔하는 심장<br/>어디든 가고 있네<br/>엘레이 서울 뉴욕 파리 런던<br/>언젠가 세계평화<br/>이곳에서 시작되리 라고<br/>어디든 가고 있네<br/>엘레이 서울 뉴욕 파리 런던<br/>언젠가 세계평화<br/>이곳에서 시작되리 라고<br/>
"
5142,상자,정안정안,상자,31,<dd>2019.04.25</dd>,"잊은 줄 알았던 기억들이<br/>작은 상자 하나에서<br/>우수수 쏟아 나와 다시<br/>너로 물들여 놓았어<br/>너를 닮아있는<br/>몇 번의 여름에<br/>마른 내 마음은<br/>쌓이다 부서져<br/>내 마음 닿지 않는<br/>너 있는 그 곳에<br/>뒤늦은 후회 없이<br/>행복만 남아 있길<br/>애써 잡고 있던 손을<br/>아마 보지 못했겠지<br/>너의 뒤에서 울었으니<br/>아마 못 들었을 거야<br/>다시 물든 이 날에<br/>난 아직 잠겨있어<br/>넌 항상 빛나겠지<br/>계속 사랑받길 바라<br/>뒤늦은 후회 없이<br/>행복만 남겨 둘게<br/>
"
5143,그리다 흘리다 묻는다,김려원 (Ryeowon)김려원 (Ryeowon),그리다 흘리다 묻는다,49,<dd>2019.04.25</dd>,"너를 그리다 흘리다 묻는다<br/>꽃지는 이 계절에<br/>나를 잊어간 마음에 묻는다<br/>돌이킬 수 없냐고<br/>찢겨버린 가슴속에 널 담는다 해도<br/>다른 상처가 될 뿐인걸<br/>부질없음을 알아<br/>비가 내려와 버려진 마음속<br/>흩어진 내 사랑에<br/>네가 그리워 그리워 그리워<br/>혼자 흐느껴본다<br/>지워야 할 세월 속에 널 묻는다 해도<br/>잠시 잊혀질 뿐인데<br/>사랑이라 믿어왔던 날들은<br/>천 개의 가시가 되고<br/>영원이라 약속했던 날들은<br/>또 그렇게 거짓이 되고<br/>이제 너라는 사람을 묻는다<br/>상처뿐인 계절에<br/>꽃비 내리던 그날에 지운다<br/>홀로 이곳에 서서<br/>지워진 줄 알았었던 추억은<br/>아직 내 가슴에 있고<br/>시간 속에 지나쳤던 날들은<br/>또다시 널 떠오르게 해<br/>내게 돌아와 돌아와 돌아와<br/>의미 없는 독백에<br/>다시 떠오른 기억을 묻는다<br/>홀로 남은 시절에<br/>지나치던 추억 속에 널 담는다 해도<br/>그저 사라질 뿐인데<br/>
"
5144,나의 사춘기에게 (Vocal. 유채),요새요새,나의 사춘기에게,13,<dd>2019.04.25</dd>,"저 애는 눈이 너무나 예뻐<br/>얼굴은 참 조그맣기도 하지<br/>돋보기 안 내 눈은 실가닥 같고<br/>콧등 위 안경은 늘 미끄러지네<br/>왠지 난 더 삐딱해 보여<br/>무슨 말이든 자꾸 하게 만들어<br/>어른도 아이도 아닌 듯 나만 두고<br/>세상은 빙글빙글 잘 돌아가네<br/>아무렇지 않은 척 그런척해 보지만<br/>내 맘은 자꾸만 불안한걸요<br/>누가 봐도 몸은 다 큰 어른인데<br/>맘은 계속 작아지는 것 같아<br/>아무도 이해해주지 않는 세상에서<br/>난 나를 이해하며 살아야 하죠<br/>내가 나를 예뻐해 주지 않으면<br/>아무도 날 예뻐해 주질 않죠<br/>오늘 하루가 실수가 된대도<br/>나는 무엇이든 될 수 있어요<br/>하얀 토끼 따라 달려가고파<br/>이상한 나라의 앨리스처럼<br/>엄마가 지켜주지 않는 험한 세상에서<br/>난 나를 지키며 살아가야 하죠<br/>아무도 이해해 주지 않는 세상에서<br/>우리는 서로를 이해해야죠<br/>우워 우 위어<br/>아무도 이해해 주지 않는 세상에서<br/>답답한 맘 소리치고 싶어<br/>누구라도 손잡아 줄 수 있다면<br/>난 다시 웃어 볼 수 있어요<br/>난 나를 사랑해 줄 거에요<br/>
"
5145,비 오는 날의 풍경,이수빈이수빈,비 오는 날의 풍경,6,<dd>2019.04.25</dd>,"비 내리는 어느 날 새벽<br/>좁은 골목길 비춰주는<br/>가로등 불빛이 보이네<br/>아무도 다니지 않는 쓸쓸한 시간이라<br/>저 가로등도 외롭지는 않을까<br/>폭풍 같은 바람이 불 때라도<br/>눈이 내리는 날에도<br/>변함없이 그 자리에서 기다리고 있지<br/>혹시 내가 어두워 헤매지 않게<br/>그렇게 비춰주는 너<br/>별님이 연인이 되고<br/>달님이 친구가 되고<br/>환한 불빛 아래 파티를 여네<br/>난 춤을 춘다네 난 노래 부르네<br/>더 이상 슬픔도 없네<br/>폭풍 같은 바람이 불 때라도<br/>눈이 내리는 날에도<br/>변함없이 그 자리에서 기다리고 있지<br/>혹시 내가 어두워 헤매지 않게<br/>그렇게 비춰주는 너<br/>폭풍 같은 바람이 불 때라도<br/>눈이 내리는 날에도<br/>혹시 내가 어둠에 넘어지지 않게<br/>그렇게 비춰주는 너<br/>
"
5146,추억,SARA & 박혜림SARA & 박혜림,Memory Again,28,<dd>2019.04.25</dd>,"이런 일이 너와 나 사이에도 있을까 <br/>수없이 생각했어 <br/>하늘은 이게 맞는 거라고 <br/>내게 대답을 해 <br/>너에게 실망만 안겨주었던 <br/>그 순간을 어떻게 서든 <br/>다시 회복시키려 해봤지만 <br/>끝내 서로 자리를 찾아 돌아가<br/>뜨겁게 사랑했던 날 <br/>모든 게 스쳐 지나가 <br/>나만 힘든 거 아니지 <br/>너도 힘들다고 말해 <br/>이렇게 힘든 거였으면 <br/>시작하지 말 걸 <br/>뜨겁게 사랑했던 날<br/>모든 게 스쳐 지나가<br/>나만 힘든 거 아니지<br/>너도 힘들다고 말해<br/>이렇게 힘든 거였으면<br/>시작하지 말 걸<br/>하지만 언젠가 웃으면서<br/>인사할 날이 오지 않을까<br/>그땐 서로 사랑하는 사람이 생겨<br/>추억을 이야기하는 날이 오길<br/>
"
5147,반딧불 (With 이동건),화도청년화도청년,잡을 수 없던 순간,30,<dd>2019.04.25</dd>,"너와 함께 했던<br/>지난 일들을 떠올려<br/>사실 꿈에 나온 거 같아<br/>조금은 그리웠던 걸까<br/>책을 읽으며 상상하면<br/>그 풍경이 그려지듯이<br/>너와의 추억도 생생하게 그려져<br/>창문은 반쯤 열려진 채로<br/>손에 닿을 듯 말 듯<br/>잡히지 않는 반딧불처럼<br/>차마 잡을 수 없었던<br/>그 순간을 기억해<br/>잡아버렸다간<br/>다시 날지 못할 거 같은 생각에<br/>그렇게 빈손으로 돌아와<br/>그날의 난 울고 있었을까<br/>그렇게 한참 동안 멍하니<br/>그렇게 바라보다가<br/>이제는 니가 거기 있었단 것도<br/>흐릿해져 갔어 나만 혼자야<br/>손에 닿을 듯 말 듯<br/>잡히지 않는 반딧불처럼<br/>차마 잡을 수 없었던<br/>그 순간을 기억해<br/>잡아버렸다간<br/>다시 날지 못할 거 같은 생각에<br/>그렇게 빈손으로 돌아와<br/>그날의 난 울고 있었을까<br/>자릴 박차고 일어나서<br/>무작정 어딘가로 달려봐도<br/>너는 어디론가 사라져버리고<br/>빈 풍경에 나 홀로 기다리고 있어<br/>손에 닿을 듯 말 듯<br/>잡히지 않는 내 사람 그대여<br/>그저 잡을 수 있다면<br/>그 순간에 돌아갈 수 있을까<br/>잡아보고 싶어<br/>니가 다시 날지 못한다고 해도<br/>그렇게 내 손에 반딧불을 품고<br/>난 웃을 수 있을까<br/>
"
5148,"겨울잠 (With TUNE, 정현모)",이광호이광호,파도를 일며,35,<dd>2019.04.25</dd>,"잠들고 싶어 창문을 닫아도<br/>눈 오는 소리가 새어 들어와<br/>쌓이는 너를 멈출 수 없어<br/>잠들고 싶어 두 눈을 감아도<br/>내리는 눈빛이 새어 들어와<br/>스미는 너를 가릴 수 없어<br/>우 알아요<br/>창문을 열고 나가면<br/>우 하얀 세상이<br/>눈부시게 빛나고 있는 걸<br/>우 알아요<br/>창문을 열고 나가면<br/>우 하얀 세상이<br/>눈부시게 빛나고 있는 걸<br/>잠들고 싶어 창문을 닫아도<br/>눈 오는 소리가 새어 들어와<br/>기어코 눈을 맞으러 갔을 땐<br/>지친 눈은 다 녹아 버렸네<br/>
"
5149,너 그거 알아,우용 (WOOYONG)우용 (WOOYONG),너 그거 알아,77,<dd>2019.04.25</dd>,"오늘도 별 다를것 없는 아침<br/>이르지도 늦지도 않은 10시반<br/>넌 이미 벌써 팬을 잡고<br/>책상앞에 앉아있겠지<br/>나도 이젠 내 일을 시작해야지<br/>손에 잡히지 않아<br/>네 생각에 집중이 안되<br/>모니터 보단 핸드폰을 더 쳐다봐<br/>unlock을 해도<br/>알림은 하나없고<br/>초초해봐도 시간은 더디게가<br/>널 보고싶어<br/>집중이 안돼 babe<br/>하루종일 널 기다려<br/>my darlin<br/>문자라도 하나 남겨줘<br/>토요일 데이트까진 참기 힘들어<br/>하루라도 빨리 보고싶어<br/>너 그거 알아<br/>강아지들이 주인 기다릴때<br/>주인냄새 맡으며 기다린단걸<br/>니가 쓴 베게 네가<br/>추천해준 핸드크림<br/>안아줄때 입었던 내 코트<br/>냄새 맡으며 널 생각해<br/>손에 잡히지 않아<br/>네 생각에 집중이 안돼<br/>모니터 보단 핸드폰을 더 쳐다봐<br/>때마침 울린 전화기 속에<br/>너무 기다리던 너의 목소리<br/>날 설레게해<br/>감당이 안되 babe<br/>하루종일 널 기다려<br/>my darlin<br/>문자라도 하나 남겨줘<br/>토요일 데이트까진 참기 힘들어<br/>하루라도 빨리 보고싶어<br/>나도 알아<br/>나만의 기다림이 아닌걸<br/>너도 나와<br/>같은걸 기다린 단걸<br/>이리 애태우다 널 보게 되면<br/>많이 보고싶던 널 보게 되면<br/>더 사랑스러워 보이겠지<br/>하루종일 널 기다려<br/>my darlin<br/>문자라도 하나 남겨줘<br/>토요일 데이트까진 참기 힘들어<br/>하루라도 빨리 보고싶어<br/>
"
5150,이사,이플이플,24,46,<dd>2019.04.25</dd>,"넌 오늘 어땠어<br/>추윌 많이 탔잖아<br/>날씨 따뜻해 졌더라<br/>난 오늘 정신 없이 바빴어<br/>오랫동안 살던 집에서<br/>떠날 준비하느라<br/>다 정리했다<br/>생각 했던 너였는데<br/>이곳엔 정리못한 너의 짐이<br/>우리의 추억이 너무 많더라<br/>널 너무 사랑했나봐<br/>매일 너와 사랑을 나누던<br/>이곳에 흔적들 놓고 갈게<br/>너무 어렸고<br/>난 너를 몰랐어<br/>늘 웃어주던 너<br/>매일 보고싶었어<br/>내게만 잘해 주던 널<br/>보내고 나서 아파했었어<br/>우리의 추억이 너무 많더라<br/>널 너무 사랑했나봐<br/>매일 너와 사랑을 나누던<br/>이곳에 흔적들 놓고 갈게<br/>네가 담겨 있는 사진<br/>함께 주고 받은 편지<br/>너의 온기로 가득한 침대까지<br/>다 놓고 갈게 다 지워볼게<br/>이 별이 무서웠던 나를 놓아볼게<br/>넌 오늘 어땠어<br/>추윌 많이 탔잖아<br/>날씨 따뜻해 졌더라<br/>난 오늘 정신 없이 바빴어<br/>
"
