2951,워커홀릭,"하동균, 윤종신하동균, 윤종신",2019 월간 윤종신 9월호,"7,001",<dd>2019.09.10</dd>,"주위에서 요즘<br/>나를 보며 걱정을 해<br/>쉬지 않고 일만 하는<br/>나의 요즘 하루하루<br/>정말 시간이 빨리 가<br/>돈도 제법 벌리는 듯해<br/>그렇게 하기 싫었던 일들이<br/>내게 가장 큰 위로와 힘이 돼<br/>집에 갈 때 네 생각이<br/>날 때가 문제야<br/>멍하니 차창 밖<br/>퍼져가는 불빛들<br/>다행히도 지친 몸은 날<br/>어느새 잠들게 해줘<br/>눈을 뜨면 기계적으로 나가<br/>맡은 일을 척척해내버린다<br/>놀라워<br/>잠시도 생각할 틈을 주면 안 되니까<br/>그 틈에 무한한 네가 있기에<br/>너도 잘 알잖아<br/>내가 얼마나 게을러터진<br/>심지어 우리 이별도<br/>나의 안일함 때문이야<br/>사람은 절대 바뀌지 않는다 말해도<br/>나처럼 구제불능도 변할 수 있어<br/>아무튼 네가 정말 고마워<br/>우리 이별의 선물<br/>너를 잃은 대신에<br/>괜찮은 사람이 되었어<br/>잠을 자다 가끔<br/>새벽에 깰 때가 있어<br/>유일하게 나의 무방비한<br/>그리움 축제<br/>다행히도 지친 몸은 날<br/>어느새 잠들게 해줘<br/>눈을 뜨면 기계적으로 나가<br/>맡은 일을 척척해내버린다<br/>놀라워<br/>잠시도 생각할 틈을 주면 안 되니까<br/>그 틈에 무한한 네가 있기에<br/>너도 잘 알잖아<br/>내가 얼마나 게을러터진<br/>심지어 우리 이별도<br/>나의 안일함 때문이야<br/>사람은 절대 바뀌지 않는다 말해도<br/>나처럼 구제불능도 변할 수 있어<br/>아무튼 네가 정말 고마워<br/>우리 이별의 선물<br/>너를 잃은 대신에<br/>괜찮은 사람이 되었어<br/>이제 일을 해야 해<br/>그리워할 시간이 없어<br/>
"
2952,행복하지 않아,김영근김영근,행복하지 않아,"2,366",<dd>2019.09.10</dd>,"그래 웃고 있구나<br/>잘 지내냔 말이 무색할 만큼 말야<br/>너는 좋겠다 너무 쉬워서<br/>나는 그렇지 못해<br/>아마 지금쯤 너는<br/>어딘가의 골목길에서 그 사람과<br/>도란도란 또 이야기하며<br/>미소 짓겠지 나는 없듯이<br/>아냐 행복하지 않아 난<br/>행복하지 않을거야 난<br/>너 보라고 아프라고<br/>잘 지내지 말라고<br/>너만 행복하지 말아줘<br/>보란듯이 웃지 말아줘<br/>난 이렇게 울고 있는데<br/>아 그랬었구나<br/>너에게 난 지고피는 저<br/>수많은 꽃들 중<br/>하나였구나<br/>그저 그 뿐이구나<br/>넌 나에게만 유일했구나<br/>아냐 행복하지 않아 난<br/>행복하지 않을거야 난<br/>너 보라고 아프라고<br/>잘 지내지 말라고<br/>너만 행복하지 말아줘<br/>보란듯이 웃지 말아줘<br/>난 이렇게 울고 있는데<br/>새까맣게 젖어가는 나의 밤인데<br/>달빛마저 내게 닿지 않는 밤인데<br/>구름뒤에 가려 돌아오지 않는 널<br/>애타게 불러 이렇게 불러<br/>아냐 행복하지 않아 난<br/>행복하지 않을거야 난<br/>너 보라고 아프라고<br/>잘 지내지 말라고<br/>너만 행복하지 말아줘<br/>보란듯이 웃지 말아줘<br/>난 이렇게 울고 있는데<br/>그러니 다시 돌아와<br/>
"
2953,열린 결말,폴른 (Pollen)폴른 (Pollen),열린 결말,"1,045",<dd>2019.09.10</dd>,"시원한 밤공기에<br/>괜찮던 마음이 또<br/>아닌 척 해봐도<br/>틀렸어 오늘은<br/>네 생각이 나겠지<br/>그 때 조금만 더<br/>내가 잘했더라면<br/>지금 우린 달랐을까<br/>후회하고 있어<br/>네가 없는 지금<br/>시간은 거기 멈춰있어<br/>슬프지만 끝이 좋은 영화처럼<br/>뻔한 내용의 흔한 결말처럼<br/>계속 너를 기다리고<br/>돌아올 거라 믿으면<br/>우리 다시 만날 수 있을까<br/>아프지만 결국 만날 수 있다면<br/>어떤 어려움도 이길 수 있어<br/>이제 난 정말 괜찮아<br/>돌아올 거라 믿으니<br/>내일이 오면<br/>우리 다시 함께<br/>그 때 조금만 더<br/>너를 위했더라면<br/>지금 우린 달랐을까<br/>인정 할 수 없어<br/>네가 없는 나를<br/>시간은 거기 멈춰있어<br/>슬프지만 끝이 좋은 영화처럼<br/>뻔한 내용의 흔한 결말처럼<br/>계속 너를 기다리고<br/>돌아올 거라 믿으니<br/>내일이 오면<br/>우리 다시 함께<br/>욕심이겠지<br/>이것조차 내 이기적인 꿈이겠지<br/>만약 시간을 돌려<br/>너에게 닿을 수 있다면<br/>그 땐 널 보내지 않을 거야<br/>슬프지만 이게 끝이 아니라면<br/>꿈꿔왔던 열린 결말처럼<br/>계속 너를 기다리고<br/>돌아올 거라 믿으면<br/>우리 다시 만날 수 있을까<br/>아프지만 결국 만날 수 있다면<br/>어떤 어려움도 이길 수 있어<br/>이제 난 정말 괜찮아<br/>돌아올 거라 믿으니<br/>내일이 오면<br/>우리 다시 함께<br/>
"
2954,여기에서,홍석민홍석민,웰컴2라이프 OST Part.5,99,<dd>2019.09.10</dd>,"꽤나 어려운 시간을 건너<br/>망쳐버린 우리 사이에<br/>가슴이 아픈 건<br/>뒤돌아서는 모습이 아파<br/>준비도 없이 글썽이게 했더니 그래<br/>혼자 멀리 가지 않았으면 하는 건<br/>취한 내가 널 찾아<br/>몰래 헤메일까 그래<br/>나 힘들었나봐 그래서 그랬나봐<br/>아무것도 진심이 아니라고<br/>널 볼 수 있도록<br/>멀어지지 않도록<br/>여기에서<br/>우연히 라도 바라보게<br/>비가 오는 소리가 내 맘에 들리고<br/>그래서 캄캄한 세상을 만날까 그래<br/>나 힘들었나봐 그래서 그랬나봐<br/>아무것도 진심이 아니라고<br/>널 볼 수 있도록<br/>멀어지지 않도록<br/>여기에서<br/>우연히 라도 너를<br/>어디선가 메이는<br/>목소리가 들려오는 건<br/>잊지 못하는 내 맘이 그리는 너라서<br/>보여줄게 남아있는데<br/>우리 너무 사랑했는데<br/>다시 만나면 곁에만 있을게<br/>내 눈에 흐르는<br/>다시 너를 보고픈<br/>그리움이 너무도 간절해서<br/>널 볼 수 있도록<br/>멀어지지 않도록<br/>여기에서<br/>우연히라도 바라보게<br/>
"
2955,그냥 헤어지자,허니애플허니애플,그냥 헤어지자,336,<dd>2019.09.10</dd>,"글쎄 오늘은 좀 다를까 했어 <br/>넌 항상 모든걸 다 내탓이라고 말하잖아<br/>네 얘길 들으면 이 세상에서 나 <br/>처럼 나쁜 여자애가 또 따로 없더라<br/>아냐 네 잘못 다 나때문이야 <br/>네가 변해버린것도 거짓말하는것도<br/>그게 뭐라고 이해도 못하던 나때문이야 <br/>그래서 여기까지야<br/>더이상 아무 의미없어 <br/>시간을 끌어봤자 <br/>서로에게 더 아프게만 할게 분명하잖아<br/>그냥 헤어지자 <br/>그게 좋을 것 같아 <br/>아무 감정없이 흘러가는 시간이 삭막해<br/>한땐 모든게 좋았던 적도 있어 <br/>니가 아니면 내가 안될거라고 했잖아<br/>네 얘길 들으면 이 세상에서 <br/>너 만큼 날 걱정해주는 사람도 없더라<br/>아냐 네 잘못 다 나때문이야 <br/>네가 변해버린것도 거짓말하는것도<br/>그게 뭐라고 이해도 못하던 <br/>나때문이야 그래서 여기까지야<br/>더이상 아무 의미없어 <br/>시간을 끌어봤자 <br/>서로에게 더 아프게만 할게 분명하잖아<br/>그냥 헤어지자 그게 좋을 것 같아 <br/>아무 감정없이 흘러가는 시간이 삭막해<br/>달라질 수 있을거라 몇번이나 생각했지 <br/>그렇게 믿어왔던 내가 바보야<br/>더이상 아무 의미없어 <br/>시간을 끌어봤자 <br/>서로에게 더 아프게만 할게 분명하잖아<br/>그냥 헤어지자 그게 좋을 것 같아 <br/>아무 감정없이 흘러가는 시간이 삭막해<br/>
"
2956,변명,잎세잎세,변명,5,<dd>2019.09.10</dd>,"오늘은 또 무슨 변명을 할지<br/>너에눈빛 표정만봐도 이제 뻔한데<br/>속아주니 내가 우스운건지<br/>점점더헤 뻔뻔헤 이젠 참기 힘들어<br/>너는 bad bad bad badboy<br/>넘어가려해도<br/>do do do ley <br/>돌이킬순 없어<br/>good good good goodby <br/>너에입에서<br/>거짓말밖엔 나오지가 않잖아<br/>어젠피곤해서 먼저잔다더니<br/>늦게까지 다른여자 찾아 질리지않니<br/>웃어주니 내가 만만한건지<br/>점점더해 뻔뻔해 여기서 끝내야겠어<br/>너는 bad bad bad badboy<br/>넘어가려해도<br/>do do do ley <br/>돌이킬순 없어<br/>good good good goodby <br/>너에입에서<br/>거짓말밖엔 나오지가 않잖아<br/>마지막까지도 니 말엔 진심은없어<br/>미안하다면서 제발 찾지마<br/>점점더헤 뻔뻔헤 이젠 참기 힘들어<br/>너는 bad bad bad badboy<br/>넘어가려해도<br/>do do do ley <br/>돌이킬순 없어<br/>good good good goodby <br/>너에입에서<br/>거짓말밖엔 나오지가 않잖아<br/>
"
2957,시간이 약...,L.RimL.Rim,시간이 약...,2,<dd>2019.09.10</dd>,가사가 없습니다
2958,바다가 만든 도시,지니방구지니방구,바다가 만든 도시,3,<dd>2019.09.10</dd>,"옛날옛적에 호랑이가<br/>수영하고 놀던 시절에<br/>토끼따라서 쫓아왔던<br/>동화 같은 이야기들<br/>파란물결 하얀풍경<br/>꿈 속 같아서 아름다워<br/>와 대박<br/>이상하고 신기하고<br/>아름다운 마술같은<br/>보고싶은 니가 자꾸자꾸 생각나네<br/>용왕님이 보우하사 용궁사<br/>인어공주 기도한다 동백섬<br/>방구쟁이 지니흔적 해운대<br/>수리수리 마술같은 매력시티 부산<br/>하얀눈이 내려와<br/>바닷길을 어루 만지면<br/>흰여울길 드리워져<br/>옛생각에 빠진다<br/>포장마차는 자갈마당<br/>분위기에 취하고<br/>쥑이네<br/>이상하고 신기하고<br/>아름다운 마술같은<br/>보고싶은 니가 자꾸자꾸 생각나네<br/>무지개빛 브리지는 광안리<br/>사막여우 어린왕자 물었지<br/>레고마을 감천마을 아냐고<br/>수리수리 마술같은 감성시티 부산<br/>수리수리 마술같은 포텐시티 부산<br/>
"
2959,FM43 Diary 2019.09.03 (Feat. 이요셉 Piano),FM43FM43,FM43 Diary 2019.09.03,6,<dd>2019.09.10</dd>,가사가 없습니다
2960,FM43 Diary 2019.09.02 (Feat. 이요셉 Piano),FM43FM43,FM43 Diary 2019.09.02,5,<dd>2019.09.10</dd>,가사가 없습니다
2961,바람 (Vocal. 마현권),FM43FM43,바람,8,<dd>2019.09.10</dd>,"아무도 모르는 너의 비밀을 <br/>나는 아직도 널 믿지 못하네<br/>약속했던 시간 다가오지만<br/>너와 내가 만날 수 있을까<br/>지나가는 바람처럼 나를 스쳐가는<br/>아니면 그대는 바람인 건가<br/>이젠 기다릴 수 없어 그대<br/>바람처럼 떠나 갈 거야<br/>너의 비밀 알고 싶어 아무도 몰라<br/>잡고 싶은 바람 같은 맘<br/>불어오는 바람을 내가 놓쳐 버렸나<br/>잡히지도 않는 그대가<br/>울고 싶지 않지만 그대를 보면<br/>어디로 가야 하나<br/>보고 싶어<br/>그대를<br/>약속했던 시간은 이미 지나가 버렸지<br/>너와 내가 만날 수 있나<br/>너의 비밀을 알아 내 눈에 보여<br/>지나가는 바람 같은 너<br/>
"
2962,주술,차재 (Chajae)차재 (Chajae),주술,1,<dd>2019.09.10</dd>,가사가 없습니다
2963,멈춰있어 (feat.지성덕),9191,멈춰있어,14,<dd>2019.09.10</dd>,"나 그대로 멈춰 있어<br/>네가 날 두고 간 줄 모르고<br/>점점 가득해진 빈자리에<br/>계속 밀려나고 있어<br/>어디로 가야 할지 모르겠어<br/>네가 남겨둔 나는<br/>꼭 절반일 뿐이라서<br/>다시 채워봐도 결국엔<br/>난 네가 필요해서<br/>밤새 너를 그려보다 잠 못 들고<br/>너 없는 나도 괜찮아 말해보고<br/>소릴 낼 수 없을 때까지 불러봐도<br/>다를 것 없는 내일을 알아 난<br/>그래 전부 꿈이었나 봐<br/>텅 빈 얼굴로 하룰 보내고<br/>난 나를 맞춰보곤 해<br/>네가 남긴 조각들로<br/>이렇게 무너질 걸 알면서<br/>네가 남겨둔 나는 꼭<br/>절반일 뿐이라서<br/>다시 채워봐도 결국엔<br/>난 네가 필요해서<br/>밤새 너를 그려보다 잠 못 들고<br/>너 없는 나도 괜찮아 말해보고<br/>소릴 낼 수 없을 때까지 불러봐도<br/>다를 것 없는 내일을 알아 난<br/>난 아직 혼자인 내가 너무 어려워<br/>너 없는 빈자리를 계속 비워 두고<br/>네가 없는 빈자리를 재어보고<br/>내게 남은 것들을 다시 세어봐도<br/>채워지지 않는 모자란 나는 네가<br/>찾아올까 한참을 여기에 난<br/>난 그대로 멈춰있어<br/>
"
2964,Stay,miseongiimiseongii,Stay,26,<dd>2019.09.10</dd>,"Stay<br/>just a little moment longer<br/>Be by my side<br/>Do you hear<br/>How the raindrops are falling<br/>slowly down one by one<br/>Stay don’t let go of my hand<br/>I am afraid of the darkness<br/>Creeping in the deepest corner<br/>of my heart<br/>Stay<br/>by my side<br/>All night<br/>Green grass summertime<br/>nothings really on my mind<br/>Rain smells sky is blue things<br/>around they feel so new<br/>In every way it feels so great<br/>just wanna stay<br/>People party at the place<br/>Sun goes up sun goes down<br/>But wait what’s this sound<br/>I’ll be dancing all night long<br/>I got my red dress on<br/>Never ever let this music end<br/>Keep this song<br/>Playing all night long<br/>And Keep the big full moon on<br/>In your hand like a balloon<br/>Then our dreams<br/>will come true soon<br/>Your eyes meet with mine<br/>When your smile<br/>I wish I could be with you<br/>All night just like this<br/>Hold me tight alright<br/>I’ll be dancing all night long<br/>I got my red dress on<br/>Never ever let this music end<br/>Keep this song<br/>Playing all night long<br/>And Keep the big full moon on<br/>In your hand like a balloon<br/>Then our dreams<br/>will come true soon<br/>Dancing all night long<br/>I got my red dress on<br/>Never ever let this music end<br/>Keep this song<br/>Playing all night long<br/>And Keep the big full moon on<br/>In your hand like a balloon<br/>Then our dreams<br/>will come true soon<br/>Stay<br/>just a little moment longer<br/>Be by my side<br/>
"
2965,고백할까 (feat. 진효),T-rol (티롤)T-rol (티롤),고백할까,31,<dd>2019.09.10</dd>,"미안해 내안에 아픈사랑 <br/>내안에 슬픈사랑 <br/>너하나라서 <br/>언제가 되야 <br/>니가 그 자리에 <br/>니가 그 자리에 <br/>없을 수 있을까 <br/>매일 매일 거짓말<br/>이젠 내게 넌 끝났다고 <br/>언제까지 감출까 했지만 <br/>끝나지않아 <br/>하루종일 전화만 봐<br/>하루종일 문자만 봐<br/>왜 아닌 걸 알면서<br/>이젠 끝났다고<br/>하루 종일 사진만봐<br/>이 바보야 그건 아니<br/>이 시간에 차라리<br/>차라리 그냥 고백을 해 바보야 <br/>고백할 까 아냐 고백할 까 아냐 <br/>고백할 까 나 뭐해 뭐해 <br/>고백할 까 그래<br/>언제할 까 언제 음 아니야 <br/>매일 매일 거짓말<br/>이젠 내게 넌 끝났다고 <br/>언제까지 감출까 했지만 <br/>끝나지않아 <br/>하루종일 전화만 봐<br/>하루종일 문자만 봐<br/>왜 아닌 걸 알면서<br/>이젠 끝났다고<br/>하루 종일 사진만봐<br/>이 바보야 그건 아니<br/>이 시간에 차라리<br/>차라리 그냥 고백을 해 바보야<br/>고백할 까 아냐 <br/>고백할 까 아냐 <br/>고백할 까 나 뭐해 뭐해 <br/>고백할 까 그래 <br/>언제할 까 언제 음 아니야 <br/>망설이기만 하는 내곁에 <br/>다가와줄래 바라봐줄래 <br/>이젠 나도 널 바라볼께<br/>하루종일 전화만 봐<br/>하루종일 문자만 봐<br/>왜 아닌 걸 알면서<br/>이젠 끝났다고<br/>하루 종일 사진만봐<br/>이 바보야 그건 아니<br/>이 시간에 차라리<br/>차라리 그냥 고백을 해 바보야 <br/>고백할 까 아냐 <br/>고백할 까 아냐 <br/>고백할 까 나 뭐해 뭐해 <br/>고백할 까 그래 <br/>언제할 까 언제 음 아니야<br/>
"
2966,느린아이,허규허규,모두 다 쿵따리 OST Part 8,12,<dd>2019.09.10</dd>,"날 잡아 줄 두 손이 없대도<br/>걸을 수 있는 두 발이 없대도<br/>하고 싶은 말 너의 입술로 <br/>다 할 수 없대도<br/>괜찮아<br/>그곳까지 긴 시간이 걸린대도<br/>가장 늦게 도착한다 해도<br/>포기하지 않고 있는 널 위해<br/>손을 내밀어 줄 테니 <br/>지금처럼 웃어줘<br/>내 노래가 들리지 않아도<br/>푸른 하늘이 보이지 않아도<br/>사람에 지쳐 살아가는 게 <br/>힘들다 느껴져도<br/>걱정 마<br/>그곳까지 긴 시간이 걸린대도<br/>가장 늦게 도착한다 해도<br/>포기하지 않고 있는 널 위해<br/>손을 내밀어 줄 테니 <br/>지금처럼 웃어줘<br/>때론 힘들거나 쓰러져서 <br/>눈물 흘려도 좋아<br/>이것만 기억해줄래 <br/>그건 조금은 다른 너희의 <br/>모습 때문은 아냐<br/>다른 모습 때문은 아냐<br/>누구나 겪는 과정일 뿐이야<br/>그곳까지 긴 시간이 걸린대도<br/>가장 늦게 도착한다 해도<br/>포기하지 않고 있는 널 위해<br/>손을 내밀어 줄 테니 <br/>도착할 수 있을 테니<br/>지금처럼 웃어줘<br/>
"
2967,(내 마음의 소리를) 들어봐요,달순씨달순씨,내 마음의 소리를 들어봐요,20,<dd>2019.09.10</dd>,"가슴속에 누가 살까<br/>먼저 건낸 나의 두손<br/>하지만 난 너의 손끝에 닿는 차가움<br/>끝에 서 있는 것 같아<br/>너무 두려워<br/>너에게서 나를 빼앗긴다<br/>In my dreams 너에게<br/>In my dreams 손길을<br/>한참동안 기다렸어 너의 두손을<br/>허나 너의 모습 보이질 않아서<br/>In my dreams 너에게<br/>In my dreams 손길을<br/>오랫동안 생각했어 너의 손길을<br/>허나 너의 모습 보이질 않아<br/>들어봐요<br/>마음속에 누가 살까<br/>먼저 건 낸 나의 두 손<br/>하지만 난 너의 손끝에 닿는 차가움<br/>끝에 서 있는 것 같아<br/>너무 두려워 너에게서 나를 빼앗긴다<br/>In my dreams 너에게<br/>In my dreams 손길을<br/>한참동안 기다렸어 너의 두손을<br/>허나 너의 모습 보이질 않아서<br/>In my dreams 너에게<br/>In my dreams 손길을<br/>오랫동안 생각했어 너의 손길을<br/>허나 너의 모습 보이질 않아<br/>In my dreams 너에게<br/>In my dreams 손길을<br/>한참동안 기다렸어 너의 두손을<br/>허나 너의 모습 보이질 않아서<br/>In my dreams 너에게<br/>In my dreams 손길을<br/>오랫동안 생각했어 너의 손길을<br/>허나 너의 모습 보이질 않아<br/>들어봐요<br/>
"
2968,고마운 추억,하늘하늘,고마운 추억,8,<dd>2019.09.10</dd>,"가을바람이 불어와 <br/>오랜만에 네 생각이 났어<br/>이 바람의 향기는 너를 담아 <br/>잠시 내게 들른 듯해<br/>기억하니 이 계절 이맘때쯤을<br/>우리의 추억이 남아 있는 이 거리를<br/>못 해준 것만 생각나 너를 떠올릴 때면<br/>그때의 후회도 지금은 추억이 되었어<br/>고마워 행복한 기억<br/>파란 하늘을 바라봐<br/>오랜만에 네 생각이 났어<br/>저 구름의 모양은 너의 미소<br/>따뜻함을 담은 듯해<br/>함께했던 그 시간 그 시절들을<br/>소중히 간직해 아름다운 추억이니<br/>못 해준 것만 생각나 너를 떠올릴 때면<br/>그때의 후회도 지금은 추억이 되었어<br/>고마워 행복한 기억<br/>
"
2969,Fall In Love (Feat. 전하민),젤리프로젝트젤리프로젝트,Fall In Love,7,<dd>2019.09.10</dd>,"얼마나 더 있어야<br/>따뜻할 것만 같은 손잡아 볼까<br/>하얀 구름처럼<br/>부드러울 것만 같아<br/>어느새 내 맘은 말이야<br/>너로만 가득 차있어<br/>가만히 눈을 감아도 네가 보여<br/>생각만 해도 난 두근거려요<br/>스치듯 날 보는<br/>너의 시선이 느껴져<br/>간지러운 듯한 이 설렘<br/>너의 붉어진 두 볼<br/>우린 아마도 사랑에 빠졌어<br/>무지개 핀 하늘 위<br/>노래 부르는 저 새들도 바람도<br/>행복한 꿈처럼<br/>모두 아름다워 보여<br/>어느새 내 맘은 말이야<br/>너로만 가득 차있어<br/>가만히 눈을 감아도 네가 보여<br/>생각만 해도 난 두근거려요<br/>달콤한 목소리<br/>내 귓가에 들려오면<br/>간지러운 듯한 이 설렘<br/>너의 빛나는 미소<br/>우린 아마도 사랑에 빠졌어<br/>함께 보내는 하루가<br/>매일이 되면 좋겠어<br/>늘 너의 곁에 있고 싶어<br/>숨기지 말아 줘<br/>말하지 않아도<br/>난 알 수 있어<br/>woo 나와 같은 마음인 거야<br/>너의 붉어진 두 볼<br/>우린 아마도 사랑에 빠졌어<br/>함께 보내는 하루가<br/>매일이 되면 좋겠어<br/>늘 너의 곁에 있고 싶어<br/>숨기지 말아 줘<br/>
"
2970,놀리지 마요 (Feat. 그리다),솔직남녀솔직남녀,놀리지 마요,6,<dd>2019.09.10</dd>,"눈이 예쁘다고 손이 통통하다고<br/>놀리는가요 나는 알 수 없어요<br/>높이 올라간 목소리는<br/>지금 내 기분을 말하죠<br/>작은 웃음소리도<br/>나를 보고 웃는 눈도<br/>너무 위험한 걸요<br/>자꾸 놀리지 마요 놀라니까요<br/>소심한 마음에 그대 마음 몰라주고서<br/>울어버릴지 몰라요<br/>좋은가 봐요 아니 좋아요<br/>작은 장난에도<br/>울다가 웃었다 하는 날 봐요<br/>날 알아줘요<br/>달달한 과자가 아이스크림 좋아요<br/>그보다 달콤한 내 맘 여기 있어요<br/>빨라지는 내 숨소리는<br/>지금 내 기분을 말하죠<br/>크게 웃는 소리도<br/>나를 보고 웃는 눈도<br/>너무 위험한 걸요<br/>자꾸 놀리지 마요 놀라니까요<br/>소심한 마음에 그대 마음 몰라주고서<br/>울어버릴지 몰라요<br/>좋은가 봐요 아니 좋아요<br/>작은 장난에도<br/>울다가 웃었다 하는 날 봐요<br/>날 알아줘요<br/>
"
2971,좋으면서 괜히 그래,네임 (Name)네임 (Name),좋으면서 괜히 그래,2,<dd>2019.09.10</dd>,"좋으면서 괜히 그래<br/>일부러 더 못났다 하고<br/>다 알면서 나도 그래<br/>일부러 화를 내기도 해<br/>뭐 남들이 볼 때 싸우는 것 같데<br/>더 친하게 보여 부러운 것 같데<br/>너도 나도 말은 안 했지만<br/>그러는 사이 정이든 것 같애<br/>맛있는 거 먹을 때 네 생각나고<br/>예쁜 카페를 가도<br/>제일 먼저 생각나 너<br/>언제부터인지 모르게<br/>시작한 우리 사랑 얘기<br/>닿을 듯한 너의 어깨<br/>일부러 더 피하지 않고<br/>스치는 너의 손에<br/>얼굴이 빨개지기도 해<br/>뭐 남들이 볼 때 귀여운 것 같데<br/>더 친하게 보여 부러운 것 같데<br/>너도 나도 말은 안 했지만<br/>그러는 사이 정이든 것 같애<br/>맛있는 거 먹을 때 네 생각나고<br/>예쁜 카페를 가도<br/>제일 먼저 생각나 너<br/>언제부터인지 모르게<br/>시작한 우리 사랑 얘기<br/>누구를 만나도 다 너로 보이고<br/>내가 왜 이러는지<br/>제일 먼저 생각나 너<br/>언제부터인지 모르게<br/>시작한 우리 사랑 얘기<br/>
"
2972,그날의 너와 나 (Feat. 소라 (SORA)),남 이야기 잡화점남 이야기 잡화점,그날의 너와 나,29,<dd>2019.09.10</dd>,"골목길을 돌아가<br/>바로 보이는 파란 문<br/>그때 그 시절 뛰어놀던<br/>너와 내가 있어<br/>온몸에 땀이 흠뻑<br/>온종일 놀아도 아쉬워<br/>밤이 오는 줄도 몰랐던 그땐<br/>하루 종일 웃었어<br/>그날의 내가 오 그날의 네가<br/>저 하늘보다 파랗던 우리<br/>다시 한 번 더 그렇게<br/>크게 웃어보고 싶어<br/>너와 나어린 날처럼<br/>그때는 왜 그렇게 하루가 모자랐는지<br/>들어오라는 엄마 말에<br/>마냥 눈물 났어<br/>온몸에 땀이 흠뻑<br/>온종일 놀아도 아쉬워<br/>밤이 오는 줄도 몰랐던 그땐<br/>하루 종일 웃었어<br/>그날의 내가 오 그날의 네가<br/>저 하늘보다 파랗던 우리<br/>다시 한 번 더 그렇게<br/>크게 웃어보고 싶어<br/>너와 나어린 날처럼<br/>돌아가고 싶어<br/>그날의 나는 오 그날의 너는<br/>구름보다 더 순수했었어<br/>다시 한 번 더 그렇게<br/>크게 웃어보고 싶어<br/>너와 나어린 날처럼<br/>만나고 싶어<br/>
"
2973,눈꽃당신,대니황대니황,눈꽃당신,2,<dd>2019.09.10</dd>,"눈꽃같은 당신입니다<br/>아주 살짝 스쳤을 뿐인데<br/>순식간입니다 사라졌습니다<br/>예쁘다 바라보기 아쉬워<br/>그저 내 손바닥에 살짝<br/>올려놓고 싶었을 뿐이었는데<br/>욕심이었나 봅니다<br/>그래서 조금 멀리 떨어져<br/>닿고 싶은 맘 애써 참아가며<br/>눈꽃 같은 당신<br/>마주 합니다 바라봅니다<br/>우린 닿아서는 아니 될 인연인가 봅니다<br/>바라보는 그리움<br/>그리함으로 대신하는 가엾은<br/>인연이었나 봅니다<br/>눈꽃같은 당신입니다<br/>아주 살짝 스쳤을 뿐인데<br/>순식간입니다 사라졌습니다<br/>예쁘다 바라보기 아쉬워<br/>그저 내 손바닥에 살짝<br/>올려놓고 싶었을 뿐이었는데<br/>욕심이었나 봅니다<br/>그래서 조금 멀리 떨어져<br/>닿고 싶은 맘 애써 참아가며<br/>눈꽃 같은 당신<br/>마주 합니다 바라봅니다<br/>우린 닿아서는 아니 될 인연인가 봅니다<br/>바라보는 그리움<br/>그리함으로 대신하는 가엾은<br/>인연이었나 봅니다<br/>
"
2974,Wing It!,"호우 (손호영, 김태우)호우 (손호영, 김태우)",위대한 쇼 OST Part 1,"1,463",<dd>2019.09.09</dd>,"이게 다 뭐야 언제부터야<br/>당황해 웃는 거야<br/>상상도 못 한 나는<br/>이상한 거야 뻔뻔한 거야<br/>맘을 밀어내 봐도<br/>궁금해 어쩔 수 없는 걸<br/>크게 한발 내딛어 다가가 볼까<br/>잡아줘 흔들리는 나<br/>마음대로 그려봐 깜짝 놀라<br/>은근히 잘 어울려<br/>누가 봐도 딱이야<br/>니 마음을 그려봐 또 놀라<br/>우리 이렇게나 가까운 거야<br/>모든 날에 웃게 될 거야<br/>깜박한 거야 내 얘기라며<br/>말문이 막힌 거야<br/>어쩌면 이렇게도<br/>커진 것 같아 두 눈이 말야<br/>모르는 체해 봐도<br/>떠올라 자꾸 보이는 걸<br/>멀리 손을 뻗어 나 다가가 볼까<br/>불러줘 더 큰 소리로<br/>마음대로 그려봐 깜짝 놀라<br/>은근히 잘 어울려<br/>누가 봐도 딱이야<br/>니 마음을 그려봐 또 놀라<br/>우리 이렇게나 가까운 거야<br/>모든 날에 웃게 될 거야<br/>Just Wing It<br/>숨이 가빠와<br/>두려운 시선들이 심장을 두드려도<br/>Oh Wing It<br/>위대한 너를 꺼내봐<br/>마음대로 뛰어봐 깜짝 놀라<br/>아마 더 높을 거야<br/>생각했던 것보다<br/>니 마음을 펼쳐봐 또 놀라<br/>우리 이렇게나 깊어진 거야<br/>모든 날에 웃게 될 거야<br/>모든 날에 웃게 될 거야<br/>
"
2975,사랑과 우정사이,KCMKCM,사랑과 우정사이,"3,456",<dd>2019.09.09</dd>,"머리를 쓸어 올리는 너의 모습 <br/>시간은 조금씩 우리를 갈라 놓는데<br/>어디서 부턴지 무엇 때문인지 <br/>작은 너의 손을 잡기도 난 두려워<br/>어차피 헤어짐을 아는 나에겐<br/>우리의 만남이 짧아도 미련은 없네<br/>누구도 널 대신할 순 없지만<br/>아닌건 아닌걸 미련일 뿐<br/>멈추고 싶던 순간들 행복한 기억<br/>그 무엇과도 바꿀 수가 없던 너를<br/>이젠 나의 눈물과 바꿔야하나<br/>숨겨온 너의 진심을 알게 됐으니<br/>사랑보다 먼 우정보다는 가까운<br/>날 보는 너의 그 마음을 이젠 떠나리<br/>내 자신보다 이 세상 그 누구보다<br/>널 아끼던 내가 미워지네<br/>멈추고 싶던 순간들 행복한 기억 <br/>그 무엇과도 바꿀 수가 없던 너를<br/>이 젠 나의 눈물과 바꿔야하나 <br/>숨겨온 너의 진심을 알게 됐으니<br/>연인도 아닌 그렇게 친구도 아닌 <br/>어색한 사이가 싫어져 나는떠나리<br/>우연 보다도 짧았던 우리의 인연 <br/>그 안에서 나는 널 떠나네<br/>사랑보다 먼 우정보다는 가까운 <br/>날 보는 너의 그 마음을 이젠떠나리<br/>내 자신보다 이 세상 그 누구보다 <br/>널 아끼던 내가 미워지네<br/>
"
2976,AWAY,이예준이예준,황금정원 OST Part.2,311,<dd>2019.09.09</dd>,"그쯤 어딘가 짙게 남겨진 시간들<br/>보이지 않아 느낄 수 있어 <br/>너의 눈빛을<br/>미칠 것 같았던 날 두고 웃었어 <br/>떨리는 두 눈이 너 란 걸 말했어<br/>만나면 안 됐어 그날의 너와 나 <br/>오랜 기억 속에 묻혀지겠지<br/>내게서 멀어져 내게서 멀어져<br/>우리 운명은 결말이 없어<br/>내게서 사라져 그대로 사라져<br/>이제 다시는 내게서 멀어져<br/>Away Away <br/>Away Away <br/>Away Away <br/>Away Away <br/>뺏길 수 없어 네 것이 아냐 모든게<br/>돌릴 수 있어 내게 남겨진 <br/>나의 시간들<br/>미칠 것 같았던 날 두고 물었어<br/>떨리는 두 손을 애써 움켜줬어<br/>눈물이 맺혔어 두 눈에 어느새<br/>터질 것만 같은 심장이 말해<br/>내게서 멀어져 내게서 멀어져<br/>우리 운명은 결말이 없어<br/>내게서 사라져 그대로 사라져<br/>이제 다시는 내게서 멀어져<br/>니가 남긴 상처가 <br/>아프고 아파서 무뎌져<br/>니가 가진 모든게 <br/>바뀐 운명처럼 사라지겠지<br/>버린 운명을 다시 돌려줘<br/>내게서 사라져 내게서 떨어져<br/>이제 다시는 내게서 멀어져<br/>Away Away <br/>Away Away <br/>Away Away <br/>Away Away <br/>
"
2977,지우지 못한 사진들처럼 (Vocal.정미),Iony (아이오니)Iony (아이오니),지우지 못한 사진들처럼,220,<dd>2019.09.09</dd>,"문득 떠오른 너의 생각에<br/>그냥 맘이 너무 아파<br/>이미 다 지난 일인데<br/>계절 지나고 희미해져도<br/>너만큼 잊는다는 건 참 쉽지 않더라<br/>노력해봐도 안돼<br/>지우지 못한 사진들처럼<br/>미련이 남아서 아직 못 잊어서<br/>차마 못 하겠어 난<br/>이사진들을 지우고 나면 그때<br/>우리 우리<br/>사랑이었다고 놓을 수 있겠니<br/>네가 떠나고 남겨진 내게<br/>감당하지 못할 맘이 마치<br/>내겐 숙제 같아<br/>얼마나 많은 시간 지나야<br/>나 너를 잊었다고 말할 수 있을까<br/>자신이 없어 아직<br/>지우지 못한 사진들처럼<br/>미련이 남아서 아직 못 잊어서<br/>차마 못 하겠어 난<br/>너의 미소도 너의 눈빛도 내게<br/>여기 여기 그대로 있는데<br/>너는 어디 있니<br/>너를<br/>다시 사랑할 방법이 없어<br/>이렇게라도 널 추억하며 살래<br/>사진들을 보면서<br/>우리 좋았던 계절이 돌아오면<br/>다시 다시<br/>사랑은 이렇게 나를 울게만 해<br/>사랑은 이렇게 나를 울게만 해<br/>
"
2978,경의선 숲길,이브나잇 (Evenight)이브나잇 (Evenight),경의선 숲길,160,<dd>2019.09.09</dd>,"햇살이 좋았던 날<br/>둘이서 걸었던 이 길<br/>날이 더운 줄도 모르고<br/>한없이 걸었던 길<br/>꽃잎이 날리던 날<br/>함께 걸었던 이 길<br/>시간 가는 줄도 모르고<br/>한없이 걸었던 길<br/>눈 딱 감았다 뜨면<br/>내 앞에 네가 나타날까<br/>괜히 욕심인 걸까<br/>그만 다 잊어야 할까<br/>혹시 널 보게 된다면<br/>그때 난 무슨 말을 할까<br/>아무 일 없었던 것처럼<br/>웃으며 인사해볼까<br/>발끝만 바라보다<br/>걸음을 따라 걷던 길<br/>끝이 어딘 줄도 모르고<br/>한참을 걸었던 길<br/>시간이 멈춘듯해 점점 그리워져<br/>남은 기억들 또 찾은 추억을<br/>모두 잊을 수 있을까<br/>눈 딱 감았다 뜨면<br/>내 앞에 네가 나타날까<br/>괜히 욕심인 걸까<br/>그만 다 잊어야 할까<br/>혹시 널 보게 된다면<br/>그때 난 무슨 말을 할까<br/>아무 일 없었던 것처럼<br/>웃으며 인사해<br/>다시 돌아갈 수 없어<br/>너무 먼 길을 걸어왔어<br/>바보처럼 후회 한 대도<br/>네가 그리 워 난<br/>혹시 널 보게 된다면<br/>못다 한 얘기를 전할게<br/>아무 일 없었던 것처럼<br/>웃으며 함께 걸어줘<br/>
"
2979,널 그리다,소초흔소초흔,널 그리다,10,<dd>2019.09.09</dd>,"널 그리다 오늘도 잠들어<br/>니가 없는 이 하루가<br/>너를 그리는 시간이 내겐 모자란데<br/>반복되는 시간에 기대어<br/>잠못드는 밤이 올까<br/>아직 사랑할 시간이 내겐 부족한데<br/>왜 난 아직도 난<br/>함께 했었던 우리 기억에<br/>왜 난 오늘도 난<br/>아름다웠던 그 때를 그린다<br/>행복했던 우리의 만남이<br/>돌아올 수 없을만큼<br/>너의 편안한 모습에<br/>이젠 너를 보내려해<br/>왜 난 아직도 난<br/>잊으려 해도 지우려해도<br/>왜 난 바보같이 오늘도<br/>애를 써봐도 끝내 참지 못하고<br/>눈물이 나 지치는 바람에<br/>난 아직도 그날에 살아<br/>
"
2980,회색빛 하늘,구본웅 (Ku Bon Woong)구본웅 (Ku Bon Woong),회색빛 하늘,1,<dd>2019.09.09</dd>,"비가 내려<br/>마음을 아프게하고<br/>회색빛 하늘은<br/>옛기억을 부르네<br/>사랑 끝도 없이<br/>내맘을 흔들어 놓고<br/>저 멀리 너는<br/>내사랑을 기다려<br/>
"
2981,니가 너무 좋아서 (Feat. 루오),미스터 프랜들리미스터 프랜들리,니가 너무 좋아서,16,<dd>2019.09.09</dd>,"멀리서 바라본 우연함에<br/>너의 눈빛을 느꼈어<br/>책 속에 빠졌던 눈길을<br/>한순간에 너에게 뺏긴 거야<br/>그 순간이 었을까 내가<br/>너에게 빠진게<br/>그때의 떨림은 그 어떤 걸로도<br/>표현할 수 없으니까<br/>널 보면 아직도 그날에<br/>멈춘 시선처럼 영원하게<br/>느껴져 온몸이 굳어<br/>말도 어눌 해져<br/>니가 너무 좋아서<br/>그 순간이 었을까 네가<br/>나에게 기댄게<br/>그때의 떨림은 그 어떤 걸로도<br/>표현할 수 없으니까<br/>널 보면 아직도 그날에<br/>멈춘 시선처럼 영원하게<br/>느껴져 온몸이 굳어<br/>말도 어눌 해져<br/>니가 너무 좋아서<br/>널 보면 지금도<br/>그날에 우리 추억처럼<br/>영원하게 느껴져<br/>사랑해 굳이 말로<br/>안한 데도 다 알잖아 내 맘<br/>
"
2982,뮤즈 (Muse),김다은김다은,뮤즈 (Muse),13,<dd>2019.09.09</dd>,"어느 날 무대 위 너를 처음 봤어<br/>그 모습이 별 같았어<br/>그때는 그냥 너를 따라<br/>노래하고 싶었었지<br/>나는 그때부터였던 거야<br/>너와 같이 노랠 부르는 꿈을<br/>향한 여정이 시작된 거지<br/>천천히 가볼게<br/>너를 닮고 싶어서<br/>따라서 노래했어<br/>마치 별을 따라가듯<br/>그렇게 달려갔어<br/>무대 위에서<br/>노랠 부르는 널 볼 때면<br/>넘어져도 다시<br/>일어날 수 있을 것만 같아서<br/>너는 왜 나의 꿈이 된 걸까 할 땐<br/>네 이름을 되새기곤 해<br/>지금도 노래하고 있지<br/>그때의 널 생각하며<br/>나는 매일 네 노랠 들으면서<br/>홀로 너의 노랠 부르는 꿈을<br/>아직 꾸곤 해 언제쯤<br/>이룰까 이룰 수 있을까<br/>너를 닮고 싶어서 따라서 노래했어<br/>마치 별을 따라가듯<br/>그렇게 달려갔어<br/>무대 위에서 노랠 부르는 널 볼 때면<br/>넘어져도 다시<br/>일어날 수 있을 것만 같아서<br/>먼발치서 볼 때마다 널 생각해<br/>내 노래의 이유인<br/>너의 이름을<br/>너를 닮고 싶어서 따라서 노래했어<br/>마치 별을 따라가듯<br/>그렇게 달려갔어<br/>이젠 더 이상 별을 쫓지 않을게<br/>이젠 내가 별이 될게<br/>조금만 기다려줘 그때까지만<br/>
"
2983,Gulliver's,ILMOLILMOL,Gulliver's,40,<dd>2019.09.09</dd>,"Once upon a time<br/>There was something<br/>in my routine life<br/>Someone told me<br/>This world is so big for<br/>a little man like me<br/>Come here and spend your Time<br/>Hm - m<br/>When i decided to leave here<br/>Cause i realized that was true<br/>If you never try we never know<br/>Come here and spend your time<br/>Hm - m<br/>When i decided to leave here<br/>Cause i realized that was true<br/>If you never try we never know<br/>Come here and spend your time<br/>Hm - m<br/>Hm - m<br/>
"
2984,축가,강백수강백수,축가,43,<dd>2019.09.09</dd>,"세상 참 오래 살고 볼 일이지<br/>네가 용케도 장가를 가는구나<br/>항상 어딘가 맹한 구석이 있던 네가<br/>어떻게 이렇게 예쁜 짝을 만났구나<br/>풋사랑에 울던 어릴 적 모습이<br/>눈에 선한데<br/>이제는 웃으며<br/>떠올릴 추억이 되었구나<br/>여태까지 본 수많은<br/>너의 여자친구 중에<br/>지금 네 옆의 그녀가<br/>제일로 예쁘구나<br/>행복하렴 이제<br/>한 여자의 남편이 됐으니<br/>철도 좀 들고 사람답게 살아보자<br/>축하해 친구야<br/>세상 참 오래 살고 볼 일이지<br/>네가 용케도 시집을 가는구나<br/>보기완 다르게<br/>은근히 허당이던 네가<br/>어떻게 이렇게 멋진 짝을 만났구나<br/>하얀 드레스를 입은 모습을<br/>그려왔는데<br/>어느덧 세월이 흘러서<br/>오늘이 되었구나<br/>단 한 가지 내 걱정은<br/>너의 술버릇을 혹시<br/>지금 네 옆의 신랑은<br/>정말로 괜찮다니<br/>행복하렴 이제 한 남자의<br/>아내가 됐으니<br/>잡은 손 놓지 말고 예쁘게 살아보렴<br/>축하해요 조금은<br/>부족한 내 친구지만<br/>장담해요 그댄<br/>오늘 땡 잡은 거예요<br/>행복할거예요<br/>
"
2985,내 잘못인걸,J-YoungJ-Young,내 잘못인걸,11,<dd>2019.09.09</dd>,"내게 큰 잘못이 있다면 <br/>그건 너를 선택한 나 나일거야 <br/>내가 또 잘못한 것이 있다면 <br/>그건 너를 너를 사랑했던나일꺼야 <br/>그순간 그때로 <br/>다시돌아 간다해도 <br/>난 널 또 사랑했을 꺼야 <br/>I am a full <br/>I still can’t for get you <br/>아직도 정신 못차린 <br/>미련한 내 사랑이 <br/>너에겐 어떤 기억으로 남아있는지 <br/>난<br/>난 묻고싶어<br/>스쳐가는 많은 사람중 <br/>너에게난 그저 하나일 뿐이었니 <br/>나는 너가 내 전부였어 그어떤것도 <br/>너만큼 날웃게 한적없지 <br/>나를녹여었던 <br/>예쁜 너의 미소가 떠올라 <br/>또 너가 보고 싶어 <br/>I am a full <br/>I still can’t for get you <br/>아직도 지우지못한 <br/>널향한 내 그리움 <br/>너 가득한 내 기억 속에서 <br/>이젠 나가줘 <br/>제발 제발 나 힘들어 <br/>아니야 아니야 <br/>아니야 이렇게 라도 내 마음속에 <br/>내마음속에 남아 줘 <br/>널 잊을수 없는 나인걸 알아<br/>I am a full <br/>I still can’t for get you <br/>후회하지는 않을래 <br/>널 선택하고 사랑한건 나니까 <br/>나니까<br/>내가 내가 감당할게<br/>내 잘못인걸<br/>
"
2986,다시 날 안아줘 (Feat. 김지혜),지킴 (JIKIM)지킴 (JIKIM),다시 날 안아줘 (Hold Me Again),16,<dd>2019.09.09</dd>,"널 마주친 순간 숨을 쉴 수 조차 없더라<br/>멍하니 바라본다 그 모습 그대로 더라<br/>놀란 가슴 뒤로 한 채 그리움이 드리운다<br/>이런 내 마음 서럽게 넌 아무렇지 않더라<br/>그리워 내 곁에 돌아와줘 <br/>너에게 전해주려 했던 말<br/>너 없인 아무런 의미가 없잖아 <br/>다시 날 안아줘<br/>아무렇지 않듯 아닌 척 애써 보이지만<br/>두 눈 맺힌 눈물이 금방 쏟을 것 같더라<br/>언젠가 다시 만나면 그땐 웃을 수 있을까<br/>깊이 새겨진 추억들 그땐 지울 수 있을까<br/>그리워 내 곁에 돌아와줘 <br/>너에게 전해주려 했던 말<br/>너 없인 아무런 의미가 없잖아 <br/>다시 날 안아줘<br/>이러다 잊혀지겠지 <br/>조금씩 모두 지워지겠지<br/>그리워하며 그리워하다 지쳐 <br/>잊을 수 있겠지<br/>그리워 돌아와줘 <br/>너에게 전해주려 했던 말<br/>너 없인 아무런 의미가 없잖아 <br/>다시 날 안아줘<br/>
"
2987,진심,JBECJBEC,2,1,<dd>2019.09.09</dd>,"한 방울의 눈물로<br/>너의 아픔을 느낄 수 있다면<br/>단 한 마디의 말로<br/>너의 마음을 알 수만 있다면<br/>너의 곁에 내가 있다는 것이<br/>거창한 위로의 말보다 더<br/>옆에 내가 있을거란 신뢰가<br/>유익한 조언의 말보다 더<br/>나의 마음을 전할 수 있기를<br/>한 방울의 눈물로<br/>너의 아픔을 느낄 수 있다면<br/>단 한 마디의 말로<br/>너의 마음을 알 수만 있다면<br/>너의 곁에 내가 있다는 것이<br/>거창한 위로의 말보다 더<br/>옆에 내가 있을거란 신뢰가<br/>유익한 조언의 말보다 더<br/>나의 마음을 전할 수 있기를<br/>나의 진심이 전해지기를<br/>그럴 수 있기를<br/>그럴 수 있기를<br/>
"
2988,바람같아서,비트크림비트크림,바람같아서,25,<dd>2019.09.09</dd>,"늘 항상 그랬지<br/>우리들 사이는 텅 비고<br/>하지만 또 모든 것으로<br/>가득차 있었어<br/>네 곁에만 있으면 나는<br/>모든게 다 좋았어<br/>너의 우주속 별들도<br/>나를 꿈꾸게한 먼 시간도<br/>너를 꼭 안고 싶어<br/>깊은 밤을 헤메던<br/>나의 꿈을 알수있을까<br/>흘러가는 시간에 우리는 떠내려가<br/>잡은손을 너는 놓지마<br/>네 맘은 바람같아서<br/>가질수가 없어서<br/>아직 불꽃같은<br/>내 마음을 아리게 하네<br/>그대 나를 흔들면<br/>두손에 가득한 꽃잎을 보낼게요<br/>너를 떠나는게 두려워<br/>이젠 정말 끝일까<br/>이제 정말 이별인걸까<br/>흘러가는 시간에<br/>우리는 떠내려가<br/>잡은 손을 너는 놓지마<br/>네 맘은 바람같아서<br/>가질수가 없어서<br/>아직 불꽃같은<br/>내 마음을 아리게 하네<br/>그대 나를 흔들면<br/>두손에 가득한 꽃잎을 보낼게요<br/>난 아직 너를 놓지 않았어<br/>뒤를 돌아봐줘<br/>네 맘은 바람같아서<br/>가질수가 없어서<br/>아직 불꽃같은<br/>내 마음을 아리게 하네<br/>그대 나를 흔들면<br/>두손에 가득한 꽃잎을 보낼게요<br/>
"
2989,사랑이란 멜로는 없어,전상근전상근,사랑이란 멜로는 없어,"97,686",<dd>2019.09.08</dd>,"다 끝이라고<br/>우리 다신 마주하지 말자<br/>내게 모질게도<br/>대했던 그대에게<br/>처음으로 내뱉은 말<br/>아직 사랑하는데<br/>더는 내 곁에 없단 걸 알아<br/>너 먼저 떠나고<br/>혼자 남겨진 나는<br/>오늘도 한숨만 내쉬며 걷는다<br/>사랑이란 멜로는 없어<br/>그렇게 사랑했던 우리가 남이 되는 게<br/>돌아오지 않을 네 뒷모습을 보며<br/>아직 너를 사랑한다고<br/>말하지 못했어<br/>사랑이란 멜로는 없어<br/>혹시 네가 다시 돌아오면<br/>고백할게<br/>거짓말이라고 보고 싶었다고<br/>우연히라도 마주치길<br/>바래왔었다고<br/>오늘 하루가 참 길어<br/>우리 그렇게 헤어지던 날<br/>애써 웃음을 지었던<br/>내가 참 바보 같죠<br/>그때 널 잡았었다면<br/>지금 달라졌을까<br/>사랑이란 멜로는 없어<br/>그렇게 사랑했던 우리가 남이 되는 게<br/>돌아오지 않을 네 뒷모습을 보며<br/>아직 너를 사랑한다고<br/>말하지 못했어<br/>하루 종일 네 사진을 보고 있으면<br/>다시 돌아가고 싶어<br/>너를 품에 안고 싶어<br/>그날 그대를 놓치지 않았다면<br/>어땠을까<br/>사랑이란 멜로는 없어<br/>사랑이란 멜로는 없어<br/>그렇게 사랑했던 우리가 남이 되는 게<br/>돌아오지 않을 네 뒷모습을 보며<br/>아직 너를 사랑한다고<br/>말하지 못했어<br/>사랑이란 멜로는 없어<br/>혹시 네가 다시 돌아오면<br/>고백할게<br/>거짓말이라고 보고 싶었다고<br/>우연히라도 마주치길<br/>바래왔었다고<br/>
"
2990,사랑,김민석김민석,사랑 - 사물사답 #4,"3,873",<dd>2019.09.08</dd>,"사랑 그 사랑 때문에 <br/>그 사람 때문에 <br/>내가 지금껏 살아서 <br/>오늘 오늘이 지나서 <br/>그 사람 다시 볼 수 없게 되면 <br/>다시 볼 수 없게 되면 어쩌죠 <br/>그 많은 인연에 왜 하필 우리 만나서 <br/>사랑하고 그대 먼저 떠나요 <br/>우리가 만들고 우리가 함께한 시절 <br/>잊진 못할거야 <br/>늘 곁에서 함께 하잔 말도 <br/>내 목숨처럼 한 그 약속도 <br/>해줄 수 없어서 난 지킬 수 없어서 <br/>미안하단 말도 해줄 수 없을 것 같다<br/>사랑 그 사랑 때문에 <br/>그 사람 때문에 <br/>내가 지금껏 살아서 <br/>오늘 오늘이 지나서 <br/>그 사람 다신 볼수 없게 되면 <br/>다시 볼 수 없게 되면 어쩌죠<br/>늘 곁에서 함께 하잔 말도 <br/>내 목숨처럼 한 그 약속도 <br/>해줄 수 없어서 난 지킬 수 없어서 <br/>미안하단 말도 해줄 수 없을 것 같다<br/>사랑 그 사랑 때문에 <br/>그 사람 때문에 <br/>내가 지금껏 살아서<br/>오늘 오늘이 지나서 <br/>그 사람 다신 볼수 없게 되면 <br/>다시 볼수 없게 되면 그때 <br/>그대가 멀리 떠나기 전에 <br/>조금 더 그댈 마주보며 <br/>사랑을 말할 걸 <br/>그대 그 사랑 때문에 <br/>그 사람 때문에 <br/>그 사랑 때문에 울죠 <br/>그대만 알아요 <br/>내 사랑 결코 바보같진 않아 <br/>결코 바보 같진 않아 그대여 <br/>
"
2991,꿈처럼 괜찮아질까,메일 (Mail)메일 (Mail),연애의 참견 시즌2 OST - Part.17,730,<dd>2019.09.08</dd>,"눈을 감으면 잊혀 질까<br/>다 꿈인 것처럼 괜찮아질까<br/>시간이 가도 또 하루가 지나도<br/>자꾸만 선명해지는<br/>네 모습에 아파<br/>햇살이 좋은 날도<br/>비가 오는 날에도<br/>너의 하늘 아래 살고 있어<br/>하루 끝에서 너를 기다려<br/>이별 앞에서 사랑을 또 기다려<br/>돌아선 너의 모습을 잊으려 해도<br/>어쩔 수 없나 봐 I miss you<br/>Bye Bye Bye Bye miss you<br/>Bye Bye Bye Bye I love you<br/>이제는 Good bye<br/>바라보는 게 힘겨워서<br/>더 멀리 가버리면 괜찮아질까<br/>바람이 부는 날도<br/>별이 쏟아지는 날도<br/>너의 맘속에 늘 살고 있어<br/>하루 끝에서 너를 기다려<br/>이별 앞에서 사랑을 또 기다려<br/>돌아선 너의 모습을 잊으려 해도<br/>어쩔 수 없나 봐 I miss you<br/>Bye Bye Bye Bye miss you<br/>Bye Bye Bye Bye I love you<br/>이제는 Good bye<br/>Cry Cry Cry Cry Cry Cry Cry Cry<br/>이 길 끝에서 너를 기다려<br/>한걸음 더 가면 널 잊을 수 있을까<br/>돌아선 너의 모습을 난 잡으려 해도<br/>잡을 수 없나 봐 I miss you<br/>Bye Bye Bye Bye miss you<br/>Bye Bye Bye Bye I love you<br/>이제는 Good bye<br/>
"
2992,Happy Virus,세리 (달샤벳)세리 (달샤벳),환상의 타이밍 OST Part 1,173,<dd>2019.09.08</dd>,"넌 나의 해피바이러스 기분 좋은걸<br/>너와 있으면 난 또 가슴이 뛰는걸<br/>나만의 해피바이러스<br/>우리 영원히 함께하길<br/>Stars in your eyes 둘만의 비밀<br/>함께하면 늘 해피데이<br/>예뻐 그렇게 웃으면 너무 매력있어<br/>못써 딴데서 웃으면<br/>매일 웃고 행복해지는건 it’s you<br/>첫눈에 반했어 네게<br/>실바람 타고온 그대향기<br/>잠자던 나의 코 끝을 스치면<br/>눈물 마저 살짝 핑돌아<br/>어쩌면 그대가 소중한 나의 운명이야<br/>넌 나의 해피바이러스 기분 좋은걸<br/>너와 있으면 난 또 가슴이 뛰는걸<br/>나만의 해피바이러스<br/>우리 영원히 함께하길<br/>Stars in your eyes 둘만의 비밀<br/>함께하면 늘 해피데이<br/>매일 반복된 하루에 지쳐 힘들때면<br/>너를 생각하면 좋아<br/>그럼 함께한 좋은 기억이<br/>다시 나를 웃게 만들잖아<br/>햇살 가득한 어떤날의<br/>피워낸 작은 꽃잎같은 그대<br/>예쁜꽃의 향기같은 네 미소가 좋은걸<br/>기억해 이건 운명이죠<br/>넌 나의 해피바이러스 기분 좋은걸<br/>너와 있으면 난 또 가슴이 뛰는걸<br/>나만의 해피바이러스<br/>우리 영원히 함께하길<br/>Stars in your eyes 둘만의 비밀<br/>함께하면 늘 해피데이<br/>안녕하고 자는 시간도 아까워<br/>두눈 감고서 너를 떠올리다가<br/>설렘 가득한 꿈속을 헤메곤해<br/>나는 많은 밤들을<br/>너로 지샌 것 같애<br/>까만 밤하늘은 별로 가득해<br/>귀를 간지르는 너의 말들과<br/>예쁜 내 얼굴이 눈이부셔 cry<br/>둘이서 함께라면 다 괜찮아<br/>난 믿을거야 우리의 사랑<br/>너와내 마음속에 커져가 늘 everyday<br/>너와내 이름들이 커져가 널 사랑해<br/>나의 해피바이러스 기분 좋은걸<br/>너와 있으면 난 더 가슴이 뛰는걸<br/>나만의 해피바이러스<br/>우리 영원히 함께하길<br/>Stars in your eyes 둘만의 비밀<br/>지켜봐줘 언제나 해피데이<br/>넌 나의 해피바이러스 너를 사랑해<br/>너와 함께라면 난 언제나 행복해<br/>나만의 해피바이러스<br/>우리 영원히 함께하길<br/>Stars in your eyes 둘이라면 좋아<br/>사랑해요 늘 해피데이<br/>
"
2993,미안해요 고마워요 사랑해요,리디아 (Lydia)리디아 (Lydia),여름아 부탁해 OST Part.26,343,<dd>2019.09.08</dd>,"제일 잘한 일이죠 그대를 만나고<br/>사랑하고 서로를 보는 일<br/>꿈이 없었던 내게 다가와서<br/>그댄 나의 꿈이 됐죠<br/>곁에 있어서 나를 비춰주었죠<br/>마음에 그대 온기 가득해져만가요<br/>미안해요 고마워요 사랑해요<br/>변함없는 그대의 사랑이 있기에<br/>행복한 하루죠<br/>그대 만나 알게 됐죠<br/>사랑이란 이런거죠 사랑해요 그대<br/>꿈이 없었던 내게 다가와서<br/>그댄 나의 꿈이 됐죠<br/>곁에 있어서 나를 비춰주었죠<br/>마음에 그대 온기 가득해져만가요<br/>미안해요 고마워요 사랑해요<br/>변함없는 그대의 사랑이 있기에<br/>행복한 하루죠<br/>그대 만나 알게 됐죠<br/>사랑이란 이런거죠 사랑해요 그대<br/>서로가 닮아가는 시간속<br/>우리가 아름다워요<br/>미안해요 고마워요 사랑해요<br/>변함없는 그대의 사랑이 있기에<br/>행복한 하루죠<br/>그대 만나 알게 됐죠<br/>사랑이란 이런거죠 사랑해요 그대<br/>
"
2994,모두 없던 일,이은아이은아,모두 없던 일,334,<dd>2019.09.08</dd>,"내가 다른 사람들처럼<br/>평범하게 웃으며 지낼 수 있을까<br/>너 없이도 말야<br/>그러다 하루는 지쳐서<br/>힘없이 주저앉아 울어버릴까<br/>나 혼자서 말야<br/>우리 사이에 놓인 보이지 않는 벽<br/>투명하지만 넘을 수는 없는 선<br/>그 앞에 서서<br/>우리 다신 도망가지 말자<br/>잡은 두 손 놓지 말자는<br/>너의 약속까지<br/>모두 없던 일이 됐어<br/>이 밤이 다 지나고 나면<br/>더 아파지기만 할 텐데<br/>어디서부터 널 잃은 건지<br/>모르겠어 나는<br/>우리 사이에 놓인 보이지 않는 벽<br/>투명하지만 넘을 수는 없는 선<br/>그 앞에 서서<br/>우리 다신 도망가지 말자<br/>잡은 두 손 놓지 말자는<br/>너의 약속까지<br/>모두 없던 일이 됐어<br/>이 밤이 다 지나고 나면<br/>더 아파지기만 할 텐데<br/>어디서부터 널 잃은 건지<br/>모르겠어 나는<br/>우리 다신 헤어지지 말자<br/>잡은 두 손 놓지 말자는<br/>너의 약속까지<br/>모두 없던 일이 됐어<br/>이 밤이 다 지나고 나면<br/>더 아파지기만 할 텐데<br/>어디서부터 널 잃은 건지<br/>이젠 모르겠어 나를<br/>
"
2995,싸운날,여은여은,싸운날,"6,886",<dd>2019.09.07</dd>,"하루가 또 지나가<br/>우리 많이 싸웠던 그날<br/>다 그만하자고<br/>화를 내던 그 밤<br/>몇 번이고 진심이냐며<br/>정말 간다고<br/>뒤 돌아가던 너<br/>온종일 기다렸어<br/>언제나 그랬던 것처럼<br/>내게 화 풀라고<br/>다 잘못했다고<br/>말해줄 것 같은데<br/>며칠째 넌<br/>연락이 없어<br/>날 불안하게 만들지 마<br/>너 빨리 전화해<br/>왜 답이 없는데<br/>다 내 잘못이라 해도<br/>그냥 져주면 되잖아<br/>항상 그랬었잖아<br/>금방 웃어줬잖아 넌<br/>이게 끝일 수는 없잖아<br/>빨리 내게 전화해<br/>네 맘 뭔지 알겠어<br/>충분히 나 아팠으니까<br/>장난이었다고<br/>보고 싶었다고<br/>돌아와야 하잖아<br/>그렇잖아<br/>이러지 말고<br/>차라리 화를 내란 말야<br/>너 빨리 전화해<br/>왜 답이 없는데<br/>다 내 잘못이라 해도<br/>그냥 져주면 되잖아<br/>항상 그랬었잖아<br/>금방 웃어줬잖아 넌<br/>이게 끝일 수는 없잖아<br/>빨리 내게 전화해<br/>습관처럼 헤어지잔 그 말<br/>다시는 꺼내지 않을게<br/>모른 척 돌아와 제발<br/>항상 날 울리고<br/>꼭 안아줬잖아<br/>많이 보고 싶으니까<br/>이제 그만 좀 나타나<br/>아직 사랑이잖아<br/>너도 내 맘 알잖아<br/>내일도 기다릴 테니까<br/>이제 제발 전화해<br/>
"
2996,Moonlight,하현상하현상,멜로가 체질 OST Part 5,"10,646",<dd>2019.09.07</dd>,"떨려오는 그대 목소리에<br/>나도 몰래 자꾸 웃고 있죠 사랑인가요<br/>그런 건가요<br/>그저 바라 보고 있더라도<br/>왠지 그대 맘을 알 수 있죠 느껴지나요<br/>나와 같나요<br/>Under the moonlight<br/>깊어지는 우리 얘긴<br/>짙어지는 이 밤 끝에 닿겠죠<br/>Over the moonlight<br/>그댈 향한 나의 맘이 <br/>차오르는 저 달까지 비추죠<br/>화려하지 않은 나에게도<br/>특별 할 것 없는 하루에도 그댄 내게로<br/>불어 오네요<br/>함께 하는 모든 순간들이<br/>잊지 못할 그런 장면으로 기억되겠죠<br/>눈을 감아도<br/>Under the moonlight<br/>깊어지는 우리 얘긴<br/>짙어지는 이 밤 끝에 닿겠죠<br/>Over the moonlight<br/>그댈 향한 나의 맘이 <br/>차오르는 저 달까지 비추죠<br/>모든 게 영원하진 않아도<br/>모든 순간들이 빛나고<br/>내 하루 끝에 그대가 있죠<br/>Under the moonlight<br/>나를 불러주는 그대<br/>꿈이라면 깨지 않길 바라죠<br/>Over the moonlight<br/>끝이 없는 나의 맘이<br/>그대에게 전해지길 원하죠<br/>
"
2997,나의 연인,ForestellaForestella,불후의 명곡 - 전설을 노래하다 (가슴을 울리는 뜨거운 사랑 이야기 임창정2),705,<dd>2019.09.07</dd>,"너를 알기 전에 <br/>나 어떻게 혼자 살아왔을까<br/>너 없는 세상<br/>이렇게도 내게 눈물나는 행복<br/>기다릴 줄은 몰랐어<br/>너에게 모두 줄 거야<br/>너를 위한 건 무엇이든<br/>제발 언제나 <br/>처음 내게 오던 날처럼<br/>기쁨으로 내게 있어 줘<br/>이젠 나보다 너를 사랑한다는 그 말<br/>모두 이해해 <br/>너무 사랑하니까<br/>네가 웃음 질 때 난 더 크게 웃고 <br/>너 아플 땐 난 더 아파<br/>내 삶과 세상 모두가 밝게만 빛나 보여<br/>힘든 하루도<br/>너를 보면 견딜 수 있어<br/>너에게는 웃는 나이길<br/>내겐 아무도 없어<br/>오직 너만이 나를 살게 해<br/>널 사랑한 뒤<br/>너를 느낄 때 난 살아있어<br/>너는 내 행복의 전부니까<br/>제발 언제나 처음 내게 오던 날처럼<br/>기쁨으로 내게 있어 줘<br/>이젠 나보다 너를 사랑한다는 그 말<br/>모두 이해해 너무 사랑하니까<br/>
"
2998,Waltz,데이브레이크 (DAYBREAK)데이브레이크 (DAYBREAK),[Vol.31] 유희열의 스케치북 10주년 프로젝트 : 열네 번째 목소리 `유스케 X 데이브레이크`,887,<dd>2019.09.07</dd>,"잠든 너의 얼굴을 보면서 <br/>나도 모르게 입을 맞췄을 때 <br/>깜짝 놀란 얼굴로 쓴웃음 지으며 <br/>말없이 고개를 돌리는 너<br/>너는 내게 지금이라 하고<br/>나는 네게 아직이라 하는<br/>이런 하루 또 하루가 전부는 아닐까 <br/>가끔은 주저앉고 싶지만<br/>천천히 서로를 느끼며 <br/>가까이 리듬 속에 <br/>우린 함께 춤을 추고 있는 거야<br/>너와 나 두 손을 마주 잡지는 않아도 <br/>두 입술을 포개지 않아도 <br/>하루 두 번이라는 큰 원을 그리며<br/>우린 함께 춤을 추고 있어<br/>가끔은 넘어질 때도 있지만<br/>그 모습이 서로 우습지만 <br/>세련되지 않아도 리듬을 찾아서 <br/>우린 다시 원을 그리는 거야<br/>삶이란 게 너무 무겁다고<br/>지친 얼굴로 날 보며 웃었지 <br/>말로 전하지 못했던 달콤한 위로는<br/>늘 맘속에 그늘로 있지만<br/>괜찮아 서로를 느끼며 <br/>가까이 리듬 속에 <br/>우린 함께 춤을 추고 있는 거야<br/>사라진 내일이 바로 지금이라는걸<br/>우린 모두 서로 잘 알기에<br/>시곗바늘 따라서 큰 원을 그리며<br/>지금도 우린 춤을 추고 있어<br/>가끔은 넘어질 때도 있지만 <br/>그 모습이 서로 우습지만<br/>세련되지 않아도 리듬을 찾아서 <br/>우린 다시 원을 그리는 거야<br/>두 손을 마주 잡지는 않아도 <br/>두 입술을 포개지 않아도<br/>하루 두 번이라는 큰 원을 그리며 <br/>우린 함께 춤을 추고 있어<br/>가끔은 넘어질 때도 있지만<br/>그 모습이 서로 우습지만 <br/>세련되지 않아도 리듬을 찾아서<br/>우린 다시 원을 그리는 거야<br/>
"
2999,할 수 없는 것들,최선호최선호,취향플레이리스트 (그리움) #1,654,<dd>2019.09.07</dd>,"매일 아침 단 잠을 깨우던 니가<br/>타주던 달콤한 커피<br/>너무 쓴맛에 내 혀끝도 아나봐<br/>니가 타주던 그 맛 아닌 걸<br/>잘 못 먹던 고기도 너땜에<br/>억지로 참고 매일 먹었어<br/>더는 안 먹어도 되는데<br/>자꾸 손길 가는 건<br/>너라는 일상에 이미 길들여진 나<br/>함께 걷던 동네 근처만<br/>지나도 숨이 막혀 토하는 바보라서<br/>그냥 너라는 사람 하나 없을 뿐인데<br/>할 수 없는 게 내겐 너무 많은데<br/>잘 못 먹던 고기도<br/>너땜에 억지로 참고 매일 먹었어<br/>더는 안 먹어도 되는데<br/>자꾸 손길 가는 건<br/>너라는 일상에 이미 길들여진 나<br/>함께 걷던 동네 근처만 지나도<br/>숨이 막혀 토하는 바보라서<br/>그냥 너라는 사람 하나 없을 뿐인데<br/>할 수 없는 게 내겐 너무도 많아<br/>함께 걷던 동네 근처만 지나도<br/>숨이 막혀 토하는 바보라서<br/>그냥 너라는 사람 하나 없을 뿐인데<br/>할 수 없는 게 내겐 너무 많은데<br/>나 할수 있는게 널 그리워 할 뿐이야<br/>
"
3000,Running,"린, 하동균, 김필린, 하동균, 김필",더 콜 2 (The Call 2) 다섯 번째 프로젝트,"2,203",<dd>2019.09.07</dd>,"꽃잎이 피고 질 때면<br/>그 날이 다시 생각 나<br/>조각 나 부서져 겹겹의 마음이<br/>너를 비추던 달빛이<br/>방 안을 가득 채워서 외로워져<br/>난 아직 널 생각해<br/>아직 널 사랑해<br/>내리쬐는 해를 가릴 수 없듯<br/>진한 후회들이 나를 비추네<br/>상처가 두려워 만든 in my room<br/>i'm gonna run run run run run<br/>i'm gonna run run run run run<br/>it’s alright it’s alright<br/>어디로 가는지 모를 곳으로<br/>it’s alright it’s alright<br/>달의 빛이 채운 길을 달려가<br/>run run run run run run run<br/>퍼붓는 빗줄기를 피할 수 없듯<br/>지난 추억들이 내게 내리네<br/>i'm gonna run run run run run<br/>i'm gonna run run run run run<br/>it’s alright it’s alright<br/>어디로 가는지 모를 곳으로<br/>it’s alright it’s alright<br/>달의 빛이 채운 길을 달려가<br/>it’s alright it’s alright<br/>it’s alright it’s alright<br/>it’s alright run run run run<br/>it’s alright run run run run<br/>it’s alright run run run run<br/>it’s alright run<br/>it’s alright<br/>
"
