2601,내 하루,경선 (GYEONGSEON)경선 (GYEONGSEON),내 하루,57,<dd>2019.10.02</dd>,"가만히 나를 바라보네<br/>나도 웃으며 바라봐<br/>한 걸음씩 가까워진 하루들<br/>그 속에선 항상 행복해지지만<br/>지낼수록 괜히 문득 떠나버릴까 봐<br/>나도 모르게 걱정이 앞서 그대론데<br/>조급해서 내 하루하루가 소중해서<br/>매번 말하게 되나 봐<br/>네 곁에서 나 어떻게든 자리할 테니<br/>꼭 내 곁에서 있어주겠니<br/>만날수록 나 언젠가 보냈던 것처럼<br/>나도 모르게 가슴이 아파 그대론데<br/>조급해서 내 하루하루가 소중해서<br/>매번 말하게 되나 봐<br/>네 곁에서 나 어떻게든 자리할 테니<br/>꼭 내 곁에서 있어주겠니<br/>나 어떻게든 사랑할 테니<br/>두려워서 내 하루하루가 소중해서<br/>매번 말해서 미안해<br/>네 곁에서 더 아끼고 더 사랑할 테니<br/>날 사랑한다 말해주겠니<br/>
"
2602,나와 그대,그 밤그 밤,나와 그대,14,<dd>2019.10.02</dd>,"난 노래를 만들고 가사를 적었어요<br/>계속 말이에요<br/>하고 싶었던 말과<br/>내 머릿속 있는 것들을<br/>외롭고 우울한 맘을 가졌어요<br/>나는 말이에요<br/>혼자서 너무 많은<br/>생각들을 하는가 봐요<br/>적다 보니 내 얘기였고<br/>불안한 말뿐이네요<br/>머릿속을 뒤척여 봐도<br/>불안한 맘뿐이네요<br/>어떡하죠<br/>저 밑에 우울한 나를<br/>괜찮다면서 잡아 줬어요<br/>밤새 적은 가사는<br/>그대를 위한 편지였어요<br/>적다 보니 그대 얘기였고<br/>따뜻한 말뿐이네요<br/>머릿속은 그대로 꽉 차서<br/>따뜻한 맘뿐이네요<br/>적다 보니 내 노래들은<br/>나와 그대뿐이네요<br/>머릿속을 뒤척여 봐도<br/>나와 그대뿐이네요<br/>난 노래를 만들고 가사를 적었어요<br/>계속 말이에요<br/>
"
2603,우리 어떻게 할까요,첸 (CHEN)첸 (CHEN),사랑하는 그대에게 - The 2nd Mini Album,"93,508",<dd>2019.10.01</dd>,"아쉬워 이 밤이 가는 게<br/>가지 마라 붙잡고 싶어요<br/>이 찻잔처럼 뜨거워진 마음이<br/>쑥스러운 난 좀 촌스럽죠<br/>안돼요 감추지 말아요<br/>나만 혼자 서두르면 슬퍼요<br/>저 불씨처럼 불타오는 마음도<br/>드리고파 머물고파<br/>아프게 하지 마요<br/>이 밤을 우리 어떻게 할까요<br/>반짝이는 은하수를 건널까요<br/>게으른 저 가로등도 졸고 있는 밤에<br/>이 밤에 말이죠<br/>어느새 우리도 모르게<br/>별은 한 걸음씩 자릴 옮기고<br/>어디선가 실려온 밤의 향기에<br/>취하고파 기대고파<br/>왜 웃고만 있나요<br/>이 밤을 우리 어떻게 할까요<br/>반짝이는 은하수를 건널까요<br/>게으른 저 가로등도 졸고 있는 밤에<br/>이 밤에<br/>안겨 안아줄게요<br/>그대여 감추지 말아요<br/>그 모습대로 와줘요<br/>이 밤을 우리 어떻게 할까요<br/>반짝이는 은하수를 건널까요<br/>게으른 저 가로등도 졸고 있는 밤에<br/>이 밤에 말이죠<br/>
"
2604,잊어요,박지윤박지윤,잊어요,"2,979",<dd>2019.10.01</dd>,"모든 것을 나눴던 사람<br/>내 전부와도 같았던 사람<br/>너의 아픔이 나의 아픔과도<br/>같을 만큼 소중했던<br/>우린 너무도 많이 닮아서<br/>헤어짐에도 어리석게 침묵했지<br/>그때 왜 우리는<br/>이런 것 하나도 몰랐을까<br/>너의 그 작은 숨이<br/>가장 큰 상처였단 걸<br/>더는 불안하지 마요<br/>때로는 그리워 마음이 아파도<br/>이게 나아요<br/>이젠 잊어요<br/>가진 추억을 비워내도 <br/>여전히 내 안에 남겨진 사람<br/>사랑이란 게 후회가 돼요<br/>그런데 왜 더 그대 생각이 나나요<br/>그때 왜 우리는<br/>이런 것 하나도 몰랐을까<br/>너의 그 작은 숨이<br/>가장 큰 상처였단 걸<br/>더는 불안하지 마요<br/>때로는 그리워 마음이 아파도<br/>이게 나아요<br/>이젠 잊어요<br/>사랑했던 우리<br/>이 모든 게 사라져 버리면<br/>죽을 것 같았지만<br/>그냥 이렇게 살아지네요<br/>부디 행복해지세요<br/>내가 채울 수 없었던<br/>외로움을 놓아주세요<br/>그만 잊어요<br/>
"
2605,개기일식,손승연손승연,조선혼담공작소 꽃파당 OST Part.3,"1,677",<dd>2019.10.01</dd>,"스친다 니가<br/>이만큼 아플 줄<br/>이만큼 독할 줄<br/>그땐 몰랐었다<br/>하루 더 멀어진다<br/>이뤄지길 바라고<br/>바란 날 비웃듯이<br/>사라지고 없다<br/>하늘을 봐<br/>우릴 닮아<br/>같은 시간에<br/>뜰 수 없는 해와 달처럼 <br/>둘은 결국에<br/>만날 수 없다고<br/>달빛에다 태양에다<br/>널 불러본다 먼 훗날<br/>우리 행복할 꿈에<br/>나 살아간다고<br/>그립다 니가<br/>잊은 줄 알았는데<br/>아직도 내 모든 시간 틈에<br/>니가 흩날린다<br/>하늘을 봐<br/>우릴 닮아<br/>같은 시간에<br/>뜰 수 없는 해와 달처럼 <br/>둘은 결국에<br/>만날 수 없다고<br/>달빛에다 태양에다<br/>널 불러본다 먼 훗날<br/>우리 행복할 꿈에<br/>나 살아간다고<br/>희미한 별빛이 우릴 비춰주는 날에<br/>그때 다시 만나 기억해<br/>사랑한다<br/>사랑한다 겨우 한번 동시에 뜨는<br/>해와 달처럼 둘은<br/>결국에 만나게 된다고<br/>와달라고 와달라고<br/>널 불러본다 먼 훗날<br/>우리 행복할 꿈에<br/>나 살아간다고<br/>우리가 만날 그날<br/>
"
2606,오지 않는 널,해빈 (구구단)해빈 (구구단),위대한 쇼 OST Part 4,739,<dd>2019.10.01</dd>,"어느 때와 같은 아침<br/>눈이 부시네<br/>내 맘은 흐린데<br/>누군가에게는 따스한 날 그리고 봄<br/>불어오는 바람이 내겐 추운걸<br/>어느새 널 그리다 보면 <br/>하루가 빨리 지나가는 듯해 <br/>아쉬운 맘뿐일 거라며 <br/>나에게 위로를 건넨다 <br/>좋아한다고<br/>헤어지기 싫다고<br/>소리를 질러봐도<br/>아무렇지 않은 널<br/>네가 밉다고 <br/>네 앞에서 울어도<br/>안아주지 않았던<br/>아무렇지 않았던<br/>네가 보고 싶어<br/>너를 안고 싶어 <br/>오지 않는 널<br/>눈을 뜨면 매일 있던<br/>네가 없어서<br/>마음이 허전해<br/>모든 날을 함께 하잔 너의 약속도 이젠<br/>싱그러운 바람에 날려 보내<br/>조금 추워지는 저녁엔<br/>괜히 빨리 잠이 왔으면 하고<br/>그러다 밤을 또 지새면<br/>참아온 눈물을 흘린다<br/>좋아한다고<br/>헤어지고 싫다고<br/>소리를 질러봐도 <br/>아무렇지 않은 널<br/>네가 밉다고 <br/>네 앞에서 울어도<br/>안아주지 않았던<br/>아무렇지 않았던<br/>네가 보고 싶어<br/>너를 안고 싶어 <br/>오지 않는 널 <br/>어느 때와 같이 <br/>조금 평범해도<br/>조금 익숙한 날들을 보내는 것<br/>그저 서로를 꼭 안고 있을 땐<br/>그 어떠한 것보다 <br/>소중했었음을<br/>좋아한다고<br/>헤어지고 싫다고<br/>소리를 질러봐도<br/>아무렇지 않은 널<br/>네가 밉다고 <br/>네 앞에서 울어도<br/>안아주지 않았던<br/>아무렇지 않았던<br/>네가 보고싶어 <br/>너를 안고 싶어 <br/>오지 않는 널 <br/>
"
2607,생존과 낭만 사이,이승환이승환,생존과 낭만 사이,"2,306",<dd>2019.10.01</dd>,"지금 세상에서<br/>제일 불쌍하고 불행한 나는<br/>밀려든 허기에 열어젖힌 냉장고<br/>불빛마저 시려<br/>지워지지 않는<br/>널 또 지우고 지운다<br/>채워지지 않는<br/>나의 같잖은 공허는<br/>일종의 사치다 일터로 가야한다<br/>그래서 난 되도록 빨리<br/>널 잊는다 널 잃는다<br/>널 잊는다 널 잃는다<br/>몇 날 며칠을 토하고<br/>게우느라 속이 말이 아닌데<br/>텁텁하던 입맛이 절로<br/>다시 도는 걸 보니<br/>살아내야 한다고 내 몸이 시킨다<br/>내 일상의 중심은<br/>네가 아닌 일이다<br/>어차피 끝난 사이<br/>감정에 충실할 시간은<br/>아깝기만 하니<br/>널 잊는다 널 잃는다<br/>널 잊는다 널 잃는다<br/>팝송만 듣는다<br/>가욘 다 내 얘기 같아서<br/>이해 못할 노래로<br/>일부러 골라 듣는다<br/>그래서 난 되도록 빨리<br/>널 잊는다 널 잃는다<br/>널 잊는다 널 잃는다<br/>널 잊는다 널 잃는다<br/>널 잊는다 널 잃는다<br/>널 놓친다<br/>
"
2608,살아간다,진실진실,JINSIL x NAU,290,<dd>2019.10.01</dd>,"문득 생각에 다가서서<br/>흔한 말들만 남기고<br/>시간이 지나가도<br/>미쳐 끝을 몰라<br/>다 못한 말 남겨지고<br/>눈을 감으면 느껴 질 듯<br/>손을 내밀면 닿을 듯<br/>그저 바라 보는게<br/>쉬운 일 같았는데<br/>얼굴 조차 못 내민채 다시<br/>살아간다<br/>바라본다<br/>시간속으로 다시 돌아가<br/>먼지쌓인 기억들로<br/>날 다시 열어 놓고선<br/>못한 말 사랑한다<br/>또 못한 말 미안하다<br/>시린 바람에 지친 걸음<br/>흐린 달빛에 그 뒷모습<br/>그저 다가서는게<br/>쉬운 일 같았는데<br/>한걸음도 못 남긴채 다시<br/>살아간다<br/>바라본다<br/>시간속으로 다시 돌아가<br/>먼지 쌓인 기억들로<br/>날 다시 열어 놓고선<br/>못한 말 사랑한다<br/>먼지 쌓인 기억들로<br/>날 다시 열어 놓고선<br/>흐른다 내 눈가에<br/>스며든다 내 얼굴에<br/>
"
2609,제비꽃,미교미교,달리는 조사관 OST Part.1,123,<dd>2019.10.01</dd>,"내가 처음 너를 만났을 땐<br/>너는 작은 소녀였고<br/>머리엔 제비꽃<br/>너는 웃으며 내게 말했지<br/>아주 멀리 새처럼 날으고 싶어<br/>내가 다시 너를 만났을 땐<br/>너는 많이 야위었고<br/>이마엔 땀방울<br/>너는 웃으며 내게 말했지<br/>아주 작은 일에도 눈물이 나와<br/>내가 마지막 너를 보았을 때<br/>너는 아주 평화롭고<br/>창 너머 먼 눈길<br/>너는 웃으며 내게 말했지<br/>아주 한밤중에도 깨어있고 싶어<br/>
"
2610,그 계절엔 네가 없었다 (Vocal 고송언),"타임브릿지, 아미제이타임브릿지, 아미제이",그 계절엔 네가 없었다,195,<dd>2019.10.01</dd>,"온기 가득한 네 손 잡던 그 밤<br/>수줍던 너의 미소가 떠올라<br/>별 하나 별 둘<br/>너와 나<br/>길 잃었던 그 시간 속<br/>내게 다가와<br/>내 눈물 닦아주던 너<br/>흩날리는 꽃처럼<br/>너의 곁에 있을게<br/>그 계절엔 네가 있었고<br/>또 네가 없었다<br/>가을 하늘 아래 모든게 멈춰버렸다<br/>햇살 아래 우린지고<br/>찬바람이 코끝을 스친다<br/>바보처럼 또 아파와 그대 생각에<br/>내 마음 전하고 싶어<br/>흩날리는 꽃처럼<br/>너의 곁에 있을게<br/>그 계절엔 네가 있었고<br/>또 네가 없었다<br/>가을 하늘 아래 모든게 멈춰버렸다<br/>햇살 아래 우린지고<br/>찬바람이 코끝을 스친다<br/>멈춘 바람처럼 그 계절 속에 갇혀<br/>아직도 난 네가 그리워<br/>그 계절에 시작했었고<br/>또 끝나 버렸다<br/>가을 하늘 아래 모든게 멈춰버렸다<br/>햇살 아래 우린 지고<br/>찬바람이 코끝을 스친다<br/>
"
2611,이제 그만 헤어지자,이파란이파란,이제 그만 헤어지자,1,<dd>2019.10.01</dd>,"이제 그만 헤어지자 그만 울자<br/>아파 말자 미련 없이<br/>설레는 마음 조차 없었던 그때로<br/>우리 이제 그만 안녕<br/>이제 그만 헤어지자 그만 울자<br/>아파 말자 미련 없이<br/>설레는 마음 조차 없었던 그때로<br/>우리 이제 그만 안녕<br/>헤어지잔말 먼저 할 수 없었지<br/>떠나가란말 항상 했었지만 왜<br/>날 떠나가지 않았는지<br/>왜 난 마음 아프게<br/>아무말도 안하고 돌아서는게<br/>내 마음을 아프게 하려고 그랬니<br/>그렇다면 너는 정말 못된 것 같아<br/>하지만 하지만 너는 그게 아니겠지<br/>이제 그만 헤어지자 그만 울자<br/>아파 말자 미련 없이<br/>설레는 마음 조차 없었던 그때로<br/>우리 이제 그만 안녕<br/>사라지자 서로에게 미워말자<br/>뒤끝없이<br/>파도 없이 잔잔하던 서로 그 때로<br/>우리 이제 그만 굿바이<br/>멀리서 들려오는 너의 소식에<br/>행복을 바라는게 잘못된걸까<br/>행복하길 바라는데<br/>너는 그 마음 알고 있니 워<br/>서로 그만 놓아주자 이젠 웃자<br/>행복하자 미련없이<br/>설레는 마음 가득한 서로 내일로<br/>우리 이제 그만 안녕<br/>
"
2612,꽃처럼 예쁜 너에게,늑대소녀늑대소녀,꽃처럼 예쁜 너에게,4,<dd>2019.10.01</dd>,"꽃처럼 예쁜 너에게<br/>하고픈 말이 있어요<br/>꽃처럼 예쁜 너에게<br/>하고픈 말이 있어요<br/>꽃처럼 예쁜 너에게<br/>하고픈 말이 있어요<br/>꽃처럼 예쁜 너에게<br/>하고픈 말이 있어요<br/>바람이 불어도<br/>벌레가 다가와도<br/>당신은 굳건히 거기서<br/>기다려줄 수 있나요<br/>내가 당신에게 날아 갈테니까<br/>내가 당신에게 꼭 날아 갈테니까<br/>꽃처럼 예쁜 너에게<br/>하고픈 말이 있어요<br/>꽃처럼 예쁜 너에게<br/>하고픈 말이 있어요<br/>꽃처럼 예쁜 당신에게<br/>전해줄 말이 있어요<br/>꽃처럼 예쁜 당신에게<br/>전해줄 말이 있어요<br/>흔들리지 말고 그대로만<br/>흔들리지 말고 그대로만<br/>흔들리지 말고 그 꽃을<br/>그 꽃을 간직해요<br/>바람이 불어도<br/>태풍이 와도<br/>벌레가 와도<br/>언젠간 당신에게<br/>나비라는 존재가 찾아 갈테니까<br/>꽃처럼 예쁜 너에게<br/>해야할 말이 있어요<br/>꽃처럼 예쁜 너에게<br/>해야할 말이 있어요<br/>긴 기다림이 두려워도<br/>꽃잎이 흔들려 괴로워도<br/>흔들리지 않고 그대로만 있어줘요<br/>당신이 꿈꾸던 꽃이 피어날거니까<br/>
"
2613,To Rain (Feat.아오기),메이레인 (Mayrain)메이레인 (Mayrain),To Rain,0,<dd>2019.10.01</dd>,가사가 없습니다
2614,inSTALKERgram,주우주주우주,inSTALKERgram,11,<dd>2019.10.01</dd>,"밝아오는 아침 반쯤 감긴 두 눈<br/>습관처럼 폰을 들고서<br/>달라진 게 없는 너의 페이지에<br/>오늘도 난 인사를 하네<br/>너는 나를 알지도 못하지만 괜찮아<br/>멀리서 지켜볼게<br/>사진 속에 네 모습<br/>나는 너무 익숙해<br/>잠깐 쉬었다 갈게<br/>난 너의 모든 것이 너무 궁금해<br/>뭘 먹고 어딜갔는지까지<br/>난 너의 구석구석 너무 궁금해<br/>너의 일상들이 궁금해<br/>어두워진 저녁 반쯤 풀린 두 눈<br/>어김없이 폰을 들고서<br/>미세하게 바뀐 너의 페이지에<br/>변함없이 인사를 하네<br/>난 너의 모든 것이 너무 궁금해<br/>뭘 먹고 어딜갔는지까지<br/>난 너의 구석구석 너무 궁금해<br/>너의 일상들이 궁금해<br/>충혈된 두 눈에 네 사진을 보면<br/>정신이 맑아지고<br/>oh my lover<br/>하룻밤 더 자면<br/>새로운 사진이 올라올지도 몰라<br/>난 너의 모든 것이 너무 궁금해<br/>뭘 먹고 어딜갔는지까지<br/>난 너의 구석구석 너무 궁금해<br/>너의 일상들이 궁금해<br/>
"
2615,고마워,이은영이은영,고마워,2,<dd>2019.10.01</dd>,"우리 딸 고마워 내 딸이 돼 줘서<br/>우리 딸 고마워 내 이쁜 딸<br/>내가 제일 잘한 건<br/>널 만날 계획을 한 것<br/>우리 딸 고마워 이렇게 잘 커줘서<br/>넌 내 기쁨이야 하늘이 내게 준 선물<br/>넌 내 행복이야 내 맘 너는 알까<br/>우리 아들 고마워 내 아들이 돼 줘서<br/>우리 아들 고마워 내 이쁜 아들<br/>내가 제일 잘한 건<br/>널 사랑하며 키운 것<br/>우리 아들 고마워 이렇게 잘 커줘서<br/>넌 내 자랑이야<br/>난 언제나 우리 아들 편<br/>너의 힘이 돼 줄께 내 모든 힘 다해<br/>아가들 고마워 날 사랑해줘서<br/>아가들 고마워 이쁜이들<br/>내가 제일 잘한 건 너희들을 꿈꾼 것<br/>아가들 사랑해 영원히<br/>아가들 고마워 내 편이 돼 줘서<br/>아가들 고마워 내 보물들<br/>함께 하는 순간들 나에겐 행복이야<br/>아가들 사랑해<br/>내가 엄마로 살수 있도록<br/>해줘서 고마워<br/>
"
2616,처음 마주친 순간 (Prod. TOAD),민혁민혁,처음 마주친 순간,35,<dd>2019.10.01</dd>,"행복했던 그 사람은<br/>어디로 갔는지<br/>눈물만 뚝뚝 흘리는<br/>그대만 있어요<br/>그댈 힘들게 한 사람<br/>바로 나였다는 게<br/>화가 나고 너무 미안해요<br/>매일 나를 기다렸던<br/>그댈 생각하면<br/>가슴이 먹먹해지고<br/>후회만 남아요<br/>힘든 일이 반복돼도<br/>사랑에 지쳐가도<br/>단 한 가지만 기억해줘요<br/>처음 마주친 순간부터<br/>그댈 정말 사랑했어요<br/>내 심장은 아직도 이렇게<br/>뛰고 있는데<br/>사랑이 멈춘 순간조차<br/>사랑했어요<br/>그대 지금 볼 수 없어도<br/>난 영원히 그댈 기다릴게요<br/>자주 가는 그 거리를<br/>괜히 걸어보고<br/>우연히 마주칠까 봐<br/>그댈 찾아보고<br/>이젠 볼 수조차 없는<br/>닿을 수도 없는<br/>그곳에서 얘기하고 파<br/>처음 마주친 순간부터<br/>그댈 정말 사랑했어요<br/>내 심장은 아직도<br/>이렇게 뛰고 있는데<br/>사랑이 멈춘 순간조차<br/>사랑했어요<br/>그대 지금 볼 수 없어도<br/>그댈 기다릴게요<br/>그립다는 말도<br/>하지 못한 채<br/>떠나보내야만 하는 게<br/>잊어야 하는 내가 싫어요<br/>지나가듯이 말한<br/>아픈 상처 모두<br/>기억할게요<br/>어디에라도 그대가 먼저<br/>떠오를 테니<br/>더 함께 있어 주지 못해<br/>미안해요<br/>그대 지금 멀리 있어도<br/>난 영원히 그댈 사랑할게요<br/>
"
2617,주말,전민아전민아,주말,6,<dd>2019.10.01</dd>,"따스한 햇살에<br/>눈 비비고 일어난 후<br/>기지개를 한번 쭉 펴고<br/>반만 열린 커튼도 걷어봐<br/>알람 시계는 오늘 필요 없는 날이야<br/>환한 빛으로 잠든 나를 깨워주면 돼<br/>기다려왔던 순간이야<br/>방해는 하지 마 나 즐길래<br/>이상하지 항상<br/>매번 느리게 오는 것 같단 말이야<br/>그래서 더 특별하게 보내고 싶어져<br/>왠지 기분도 들뜨게 돼 나<br/>가만히 있어도 좋아<br/>여행을 가볼까<br/>아님 밤새 놀아 볼까<br/>여유로운 아침 시간은<br/>달콤한 꿈을 꾸기 충분해<br/>알람 시계는 오늘 필요 없는 날이야<br/>환한 빛으로 잠든 나를 깨워주면 돼<br/>기다려왔던 순간이야<br/>방해는 하지 마 나 즐길래<br/>이상하지 항상<br/>매번 느리게 오는 것 같단 말이야<br/>그래서 더 특별하게 보내고 싶어져<br/>왠지 기분도 들뜨게 돼 나<br/>가만히 있어도 좋아<br/>숨 막히듯 답답하고<br/>지루한 다섯 밤을 지나고 나면<br/>설레는 주말이 내게 다가와 woo<br/>조금만 더 있어줘<br/>빠르게 지나가지는 말란 말이야<br/>그래서 더 소중하게 보내고 싶어져<br/>어쩜 날씨마저 맑기만 해<br/>가만히 있어도 좋아<br/>힘들게 지나온 지난날들은 다 잊어<br/>그래서 더 특별하게 보내고 싶어져<br/>왠지 기분도 들뜨게 돼 나<br/>가만히 있어도 좋아<br/>
"
2618,Awesome,바란바란,Awesome,2,<dd>2019.10.01</dd>,"말도 안 돼 <br/>왜 이래 나 <br/>네 생각 또 하고 있잖아 <br/>이상해 <br/>내 맘 움직인 걸까 <br/>시작된 거야 <br/>분명 넌 내게 <br/>그저 그랬는데 <br/>언제부턴가 <br/>내 눈에 자꾸 밟혀 <br/>어쩜 어쩜 그래 <br/>이래도 나 괜찮은 걸까 <br/>멈출 수가 없어 <br/>어쩜 어쩜 웃는 모습 좀 봐 <br/>살짝 올라간 입꼬리도 <br/>완벽해 <br/>네게 빠졌나 봐 <br/>말도 안 돼 <br/>내가 정말 <br/>너를 좋아하고 있나 봐 <br/>틈만 나면 <br/>네 얼굴 떠올리잖아 <br/>시작된 거야 <br/>분명 넌 내게 <br/>그저 그랬는데 <br/>언제부턴가 <br/>내 눈에 자꾸 밟혀 <br/>어쩜 어쩜 그래 <br/>이래도 나 괜찮은 걸까 <br/>멈출 수가 없어 <br/>어쩜 어쩜 매너 좋은 것 봐 <br/>귓가에 맴돈 목소리도 <br/>홀딱 반했어 <br/>이제야 알아봤나 봐 <br/>나만 몰랐나 <br/>awesome awesome <br/>내게 완벽한 boy <br/>내 맘에 완전 딱 맞는 걸 <br/>홀딱 반했어 <br/>이제야 알아봤나 봐 <br/>나만 몰랐나 <br/>awesome awesome <br/>널 보면 난 녹아 <br/>어쩜 내 맘 진짜 나도 몰라 <br/>완벽해 <br/>네게 빠졌나 봐<br/>
"
2619,작은 소리로 안녕,Chooy (츄이)Chooy (츄이),작은 소리로 안녕,13,<dd>2019.10.01</dd>,"우리 이제 정말<br/>이젠 예쁜 시간만 기억해요<br/>지는 꽃잎 내려앉듯<br/>작은 소리로 안녕<br/>한 번쯤 미움이 자라날 만큼<br/>그리워도 참아낼 수 있도록<br/>하지 못한 말이 하고 싶었던 말이<br/>할 수 없었던 말들이 맴돌다<br/>멀어져야 할 우릴 힘들게 할까 봐<br/>웃는 인사를 건네요<br/>어둠이 차면 별이 달리는<br/>당연한 하루가 끝나도 음<br/>머리를 묶고 계단을 올라도<br/>뭘 할까 궁금해 질 텐데<br/>가끔은 눈물이 무거울 만큼<br/>서러워도 소란스럽지 않게<br/>하지 못한 말이 하고 싶었던 말이<br/>할 수 없었던 말들이 맴돌다<br/>멀어져야 할 우릴 힘들게 할까 봐<br/>웃는 인사를 건네요<br/>문득 길을 걷다 우리 만나진다면<br/>건너편에 서서 우리 눈 마주쳐도<br/>떨리는 가슴 모른 척<br/>손짓 하나로 지나칠까요<br/>사랑한다는 말 가지 말라는 말도<br/>끝내 행복하란 말을 못하고<br/>이별해야 할 니가 힘들어질까 봐<br/>그저 미소만 건네요<br/>우리 이제 정말<br/>이젠 예쁜 시간도 잊어요<br/>
"
2620,"어떻게 알아 (Know, How)",김성집김성집,"어떻게 알아 (Know, How)",22,<dd>2019.10.01</dd>,"왜 그때 나를 두고<br/>멀어져 가던 널 생각하는지<br/>작은 미소도<br/>그 아름답던 향기까지도<br/>널 떠나보낼 수 없게<br/>한창 그대로인데<br/>난 기억에 묶인 채<br/>흩어져 가는 너를<br/>또 멍하니 바라만 보며<br/>그때에 서있어<br/>알아 어떻게 이별하는지<br/>어떻게 널 지워 내는지<br/>알지만 그게<br/>내 맘 같기가 힘들어<br/>알아 어떻게 해야 하는지<br/>어떻게 너를 보낼지<br/>아는데도 난<br/>너를 그리며 살아<br/>널 기억에 남긴 채<br/>멍하니 그려보다<br/>또 흩어져 버릴걸<br/>알기에 너를 못 잊어<br/>알아 어떻게 이별하는지<br/>어떻게 널 지워 내는지<br/>알지만 그게<br/>내 맘 같기가 힘들어<br/>알아 어떻게 해야 하는지<br/>어떻게 너를 보낼지<br/>아는데도 난 널<br/>여전히 그리며 살아<br/>언젠가 니가 모두<br/>기억에 사라질 땐<br/>아무렇지 않게 나는<br/>웃고만 있을까<br/>그렇게 널 지워낼<br/>내가 너무 싫어져서<br/>널 떠올려 잊혀질까<br/>너의 흔적 속에 멈춘다<br/>알아 어떻게 이별하는지<br/>어떻게 너를 잊을지<br/>알아서 그런 내가 싫어져<br/>너는 어떻게 이별하는지<br/>나와 같진 않을런지<br/>결국 추억하려 해<br/>
"
2621,그대를 사랑했는데 (Vocal. 숨),FM43FM43,그대를 사랑했는데,9,<dd>2019.10.01</dd>,"별 것도 아닌 <br/>지나간 우리 일들<br/>그 땐 화가 났었지 <br/>정말 네가 싫었지<br/>어떻게 너 생각만 하니<br/>하루가 지나 <br/>화가 조금 풀렸어<br/>그 땐 화가 났었지 <br/>정말 네가 싫었지<br/>어떻게 너 생각만 하니<br/>그대를 사랑했는데 <br/>그래서 난 그대를 잊는데<br/>우리 만나서 무슨 말을 해<br/>사실 네가 나는 좋아 <br/>나도 왜 그런지 몰라 내 맘이<br/>바보 같은 내가 싫어<br/>하루가 지나 <br/>화가 조금 풀렸어<br/>그 땐 화가 났었지 <br/>정말 네가 싫었지<br/>어떻게 너 생각만 하니<br/>그대를 사랑했는데 <br/>그래서 난 그대를 잊는데<br/>우리 만나서 무슨 말을 해<br/>사실 네가 나는 좋아 <br/>나도 왜 그런지 몰라 내 맘이<br/>바보 같은 내가 <br/>그대를 사랑했는데 <br/>그래서 난 그대를 잊는데<br/>우리 만나서 무슨 말을 해<br/>사실 네가 나는 좋아 <br/>나도 왜 그런지 몰라 내 맘이<br/>바보 같은 내가 싫어<br/>
"
2622,가을남자,이민구이민구,가을남자,6,<dd>2019.10.01</dd>,"코스모스 향기 애써 외면한 채<br/>아무말 없이 터벅터벅 걷는 길<br/>갈바람에 머리 흩날리고<br/>은행잎 떨어진자리<br/>옛 추억이 마중한다<br/>길고긴 세월 소설같은 사연<br/>우수어린 눈망울엔<br/>눈물이 그렁그렁<br/>고독의 계절 차향기<br/>좋은 카페에 앉아<br/>그댈 기다리는<br/>가을 남자가 되고싶다<br/>길고긴 세월 소설같은 사연<br/>우수어린 눈망울엔<br/>눈물이 그렁그렁<br/>고독의 계절 차향기<br/>좋은 카페에 앉아<br/>그댈 기다리는<br/>가을 남자가 되고싶다<br/>
"
2623,와우와우와우 (feat.EXIT),SeMoUmSeMoUm,와우와우와우,1,<dd>2019.10.01</dd>,"와우와우와 와우와우와우<br/>와우와우와<br/>아이 어떻해 내가 원하지 않은<br/>아이 어떻해 오늘은 잊어줘<br/>하필이면 오늘 너가 모르길 원해<br/>모두 보았어 난 너무 챙피해<br/>내일은 지구가 망할꺼야<br/>내일은 이런 OMG OMG<br/>난 내일 무인도에 갈꺼야<br/>내일엔 나를 아무도 찾지마<br/>와우와우와 와우와우와우<br/>와우와우와 아무도 찾지마<br/>와우와우와 와우와우와우<br/>와우와우와우와우와우와우<br/>How can I do<br/>잠을 자야겠어<br/>How can i do<br/>모든걸 잊어줘<br/>어떻하면 좋아 나를 보고 있어<br/>하필이면 그때<br/>아이아이아이 어떻해<br/>내일은 지구가 망할꺼야<br/>내일은 이런 OMG OMG<br/>난 내일 무인도에 갈꺼야<br/>내일엔 나를 아무도 찾지마<br/>와우와우와 와우와우와우<br/>와우와우와 아무도 찾지마<br/>와우와우와 와우와우와우<br/>와우와우와우와우와우와우<br/>난 너무 챙피해<br/>내일은 지구가 망할꺼야<br/>내일은 이런 OMG OMG<br/>난 내일 무인도에 갈꺼야<br/>내일엔 나를 아무도 찾지마<br/>와우와우와 와우와우와우<br/>와우와우와<br/>와우와우와 와우와우와우<br/>와우와우와우와우와우와우<br/>
"
2624,Leaving You,헌팅 투 래빗츠헌팅 투 래빗츠,Rejoin a Company,6,<dd>2019.10.01</dd>,"언제나 넌 그렇게 서있어<br/>손내밀면 닿을 수 있는 그런 거리에<br/>두근대는 심장 소리 가슴에선<br/>잊어내 왔던 슬픔만이 채워져<br/>서로의 눈을 비추던<br/>너와 나 둘만의 시간<br/>이젠 기억의 조각이 되겠지<br/>돌아선 너의 뒷모습<br/>한걸음만 더 멀어진다면<br/>나역시 돌아 설 수가 있을까<br/>I sleep one’s the memory<br/>time with you<br/>나의 손 끝에 입술에 기억 속에<br/>부서진 느낌으로만 남아<br/>다시 돌아오지 못할 추억은<br/>제발 잊혀지길<br/>하루하루 똑같은 나날들<br/>매일 밤 잠들지 못해<br/>밤새워 울고 또 울어야만 하는 나<br/>너마저 울지 않기를<br/>너의 행복한 모습을<br/>내가 느꼈던 그대로<br/>언제나 잃지 않기를<br/>방안가득 메운 한숨<br/>네 향기마저 가둬버리고<br/>이미 지나간 인연이<br/>우리가 서로를 잊은게<br/>오히려 위안이란 변명을 나에게<br/>이젠 흐릿해진 너의 이름만<br/>나의 손 끝에 입술에 기억 속에<br/>부서진 느낌으로만 남아<br/>다시 돌아오지 못할 추억은<br/>제발 잊혀지길<br/>이젠 너를 보내 줄때야<br/>애써 숨겨왔던 너의 흔적들<br/>끝내 나을 수 없는 아픔도<br/>견뎌낼 수 없어<br/>이제는 없어 굿바이<br/>I sleep one’s the memory<br/>time with you<br/>나의 손 끝에 입술에 기억 속에<br/>부서진 느낌으로만 남아<br/>다시 돌아오지 못할 추억은<br/>제발 잊혀지길<br/>
"
2625,그 식당 (The Table),노틸러스노틸러스,그 식당 (The Table),779,<dd>2019.09.30</dd>,"사랑한다고 보고싶다고<br/>매일 내게 말해줄 것만 같았는데<br/>함께한 시간 아직 그대로인데<br/>넌 이제 내 곁에 없잖아<br/>괜찮다고 말하면 네가 잊혀질까봐<br/>억지로 나 혼자 되뇌이곤해<br/>행복했던 시간들 자꾸만 떠올라서<br/>나 혼자 너를 기다리고 있어<br/>우리 사랑했던 기억들을 <br/>잊으려 애써도 가슴속에 남아서<br/>내게 떠나며 한 그 말도 <br/>지울 수 없는 상처로만 남겨지겠지<br/>난 울고 있어 그 자리에 남아<br/>같이 갔던 식당도 아직 그대로인데 <br/>맞은편에 앉은 너만 없어서<br/>불판 위에 태워진 차돌박이처럼 <br/>내 가슴도 타버리고 있어<br/>우리 사랑했던 기억들을 <br/>잊으려 애써도 가슴속에 남아서<br/>내게 떠나며 한 그 말도 <br/>지울 수 없는 상처로만 남겨지겠지<br/>난 울고 있어 그 자리에 남아<br/>아직 못다한말 너무 많아서 <br/>너를 보낼 자신이 내겐 없어 <br/>사랑했던 시간들 자꾸만 떠올라서 <br/>다시 돌아올 너를 기다려<br/>우리 사랑했던 기억들을 <br/>잊으려 애써도 가슴속에 남아서<br/>내게 떠나며 한 그 말도 <br/>지울 수 없는 상처로만 남겨지겠지<br/>난 울고 있어 그 자리에 남아<br/>다시 돌아올 너를 기다려<br/>
"
2626,어느 파란 밤,지연지연,너의 노래를 들려줘 OST,326,<dd>2019.09.30</dd>,"저 불어오는 바람 사이로<br/>나의 한숨은 흩어지고<br/>곱게 수 놓인 별빛처럼<br/>아름다웠던 기억들<br/>또 파란 밤이 찾아왔지만<br/>그댄 여전히 따스해요<br/>아무 소식 없는 아침만 날 기다리죠<br/>말하지 마 제발 그대로 있어줘<br/>이렇게 혼자 남은 날<br/>아프게 하지 말아 줘<br/>사랑했던 나의 기억들이 변하고<br/>눈물 다 흘릴 그때까지만<br/>무릎 꿇어도 무릎 꿇어도<br/>나를 안아주진 마요<br/>나는 상처가 많아서 괜찮아요<br/>그댈 힘들게 하지 말아요<br/>나 행복했었던 시간만큼<br/>울다가 살게요<br/>스물 네 시간 날 괴롭히던<br/>그림자를 피하는 법<br/>그림자 보다 짙은 어둠<br/>그 속에 숨어 살게요<br/>난 노을 뒤에 길을 잃은 채<br/>그대를 불러보지만<br/>돌아오는 메아리만 슬프게 남아요<br/>사랑했던 나의 기억들이 변하고<br/>눈물 다 흘릴 그때까지만<br/>무릎 꿇어도 무릎 꿇어도<br/>나를 안아주진 마요<br/>나는 상처가 많아서 괜찮아요<br/>그댈 힘들게 하지 말아요<br/>나 행복했었던 시간만큼<br/>울다가 살게요<br/>라 라라 라라 라라라라 라라<br/>그대와 그리던 내일이<br/>아픈 오늘이 되어요<br/>라 라라 라라 라라라라 라라<br/>멍든 내 맘이 하늘에 닿아<br/>파란 밤이네요<br/>어쩌지 나 어디로 가야 하지<br/>길고 긴 여정이 너무나 고단한데<br/>Oh 어떡하지 어떻게 지워가지<br/>그대와 마주 보면 키웠던 마음도<br/>사랑했던 나의 기억들이 변하고<br/>눈물 다 흘릴 그때까지만<br/>무릎 꿇어도 무릎 꿇어도<br/>나를 안아주진 마요<br/>나는 상처가 많아서 괜찮아요<br/>그댈 힘들게 하지 말아요<br/>나 행복했었던 시간만큼<br/>울다가 살게요<br/>라 라라 라라 라라라라 라라<br/>그대와 그리던 내일이<br/>아픈 오늘이 되어요<br/>라 라라 라라 라라라라 라라<br/>멍든 내 맘이 하늘에 닿아<br/>파란 밤이네요<br/>창을 닫아도 바람 소리가<br/>윙윙윙윙<br/>눈 감아도 그댄 맴돌아<br/>빙빙빙빙<br/>
"
2627,하루,신지현 (져리)신지현 (져리),하루,173,<dd>2019.09.30</dd>,"다 같은걸까<br/>결국 너도 많은 기대 앞에<br/>기억이 너를 그려주다<br/>괜한 핸드폰만 열고닫다<br/>무거운 하룰보내<br/>너는 어떻게 지내 텅빈 하루는 어때<br/>다시 돌아갈수없을 예전의 우리는<br/>맘을 비워 봐도 자꾸 차올라<br/>너를 정말 사랑해<br/>눈물이 멈추질않아<br/>가끔 비추곤해 매일 걸었던길<br/>마주칠까봐<br/>날 사랑했다면<br/>한번은 질수 있잖아<br/>제발 그때의 널 찾을수있게 해줘<br/>친구들은 좋았었대<br/>알콩 달콩했던<br/>숨 마저 달았던 기억은 어디에<br/>다시 돌아가고싶어 예전의 우리로<br/>맘을 비워 봐도 자꾸 차올라<br/>너를 정말 사랑해<br/>눈물이 멈추질않아<br/>가끔 비추곤해 매일 걸었던길<br/>마주칠까봐<br/>날 사랑했다면<br/>한번은 질수 있잖아<br/>제발 그때의 널 찾을수있게 해줘<br/>뭐가 그리 힘든건데<br/>우리 자존심은 내려<br/>아직 너를 많이 사랑해<br/>욕심같은말만<br/>이번에도 미안해<br/>기다릴테니 가지말아줘 나의 맘과<br/>이런 한 여자가 울고있다고 말야<br/>
"
2628,수도 없이 보낸 밤,나슬나슬,수도 없이 보낸 밤,71,<dd>2019.09.30</dd>,"당연해<br/>너만큼 웃을 순 없어<br/>인정해<br/>아직 달라진 것도 없어<br/>받아들이는데<br/>어려울 것도 없어<br/>다 그렇잖아<br/>네가 불행하길 바란 적도<br/>후횔 기대한 적도 없어<br/>그런데 너는 꿈에서 마저<br/>이별해야 되겠어<br/>너를 수도 없이 보낸 밤에<br/>너를 수도 없이 만난 나는<br/>하루하루 다 똑같이 아파 미치겠어<br/>다르지 않던 마지막 말에<br/>다를 거 없던 뻔한 네 맘이<br/>내 마음을 지그시 눌러서 미치겠어<br/>단념해<br/>탓할 곳이란 없으니까<br/>무시해<br/>내 아픔 나 자신조차<br/>미워할 용기도<br/>없는 내게 남은 건<br/>뿌리박힌 기억<br/>내가 사랑하는 것들 마저<br/>널 닮아 맘이 더 아리네<br/>너가 소중해 아까워했던<br/>날 이제야 알았어<br/>너를 수도 없이 보낸 밤에<br/>너를 수도 없이 만난 나는<br/>하루하루 다 똑같이 아파 미치겠어<br/>다르지 않던 마지막 말에<br/>다를 거 없던 뻔한 네 맘이<br/>내 마음을 지그시 눌러서 미치겠어<br/>웃어 마지막까지 웃어<br/>넌 내가 우는데 날 지나쳐<br/>가여운 건 내가 아냐<br/>너야 나도 잘 알고 있어<br/>너를 수도 없이 보낸 밤에<br/>너를 수도 없이 만난 나는<br/>수도 없이 똑같은 대답만 하고 있어<br/>다르지 않던 네 옷차림도<br/>다르지 않던 네 다정함도<br/>너를 원망할 수 없는 나의 핑계가 돼<br/>너를 수도 없이 보낸 밤에<br/>너를 수도 없이 만난 나는<br/>하루하루 다 똑같이 아파 미치겠어<br/>다르지 않던 마지막 말에<br/>다를 거 없던 뻔한 네 맘이<br/>내 마음을 지그시 눌러서 미치겠어<br/>
"
2629,편지 (feat. 하진우),민주희민주희,"절망의 밤, 그리고",19,<dd>2019.09.30</dd>,"오늘 밤<br/>잠들기 전<br/>걱정들을 머리 맡에 놓아<br/>잠든 너 몰래<br/>내 행복과 바꾸어 놓을게<br/>다 괜찮아<br/>다 괜찮아질 거야<br/>걱정하지 마<br/>난 불행이 익숙 하고<br/>넌 행복해 마땅한 사람<br/>아 아아아<br/>난 너의 밤을 지킬게<br/>넌 깨지 않을 꿈을 꿔<br/>다 괜찮아<br/>다 괜찮아질 거라고 믿어<br/>더 이상은<br/>네가 울지 않았으면 좋겠어<br/>난 불행이 익숙 하고<br/>넌 행복해 마땅한 사람<br/>아 아아아<br/>난 너의 밤을 지킬게<br/>넌 깨지 않을 꿈을 꿔<br/>다 괜찮아<br/>다 괜찮아<br/>걱정하지 마<br/>
"
2630,잠,허민영허민영,잠,19,<dd>2019.09.30</dd>,"창 틈새로 어렴풋이<br/>드는 빛에 돌아누우면<br/>고동치는 심장 소리<br/>베개맡에 울려<br/>오늘 하루 있었던 일들<br/>내게 어떤 의미들이었는지<br/>지금 잠들면 언제쯤 또 일어날는지<br/>쓸데없는 생각들만<br/>한없이 또 한참 늘어놓으며<br/>깨고 나면 행복하길<br/>바라면서 아침에 청하는 잠<br/>
"
2631,Revive,"전혜성, J.XI전혜성, J.XI",Revive,7,<dd>2019.09.30</dd>,"너 없는 조용한 밤에<br/>어디에 기댈지 몰라<br/>길 잃은 나였었는데<br/>이젠 네가 그립지않아<br/>그저 그렇게 잘 지내고있어<br/>언제쯤 너를 잊을까<br/>언제쯤 괜찮아질까<br/>매일밤 너를 미워했는데<br/>이젠 네가 행복하길바래<br/>더는 눈물흘리는 일 없도록<br/>이별의 시간이 지나가고<br/>슬픔이 너를 데려가고<br/>다시 또 웃고<br/>너와의 시간이 지나가고<br/>추억이 너를 데려가고<br/>다시 또 웃고<br/>언제쯤 너를 잊을까<br/>언제쯤 괜찮아질까<br/>매일밤 너를 미워했는데<br/>이젠 네가 행복하길바래<br/>더는 눈물흘리는 일 없도록<br/>이별의 시간이 지나가고<br/>슬픔이 너를 데려가고<br/>다시 또 웃고<br/>너와의 시간이 지나가고<br/>추억이 너를 데려가면<br/>끝내 너의 행복을 난 바라겠지<br/>함깨한 시간이 지워지고<br/>너의 흔적조차 지워지고<br/>그냥 그렇게<br/>사랑한 추억이 지워지고<br/>너의 흔적조차 지워지고<br/>다시 사랑하고<br/>너 없는 조용한 밤에<br/>어디에 기댈지 몰라<br/>길잃은 나였었는데<br/>
"
2632,흐르는 비처럼,하늘하늘,흐르는 비처럼,3,<dd>2019.09.30</dd>,"비가 내려와 마치 내 눈물처럼 흐르네<br/>떨어지는 빗소리가 내 마음을 적시네<br/>언제 그랬냐는 듯 올 것만 같은 네가<br/>나에게 닿을까 지금 이 빗물처럼<br/>기다려봐도 또 기다려봐도<br/>멈추지 않는 이 비는 언제쯤<br/>나와 같은 곳을 보며 너도<br/>나와 같은 마음일까<br/>다시 오지 않겠다고 했더라도 나는<br/>빗물 속에서 눈물 훔치며 너를<br/>기다려봐도 또 기다려봐도<br/>멈추지 않는 이 비는 언제쯤<br/>나와 같은 곳을 보며 너도<br/>나와 같은 마음일까<br/>다가와 줬던 처음 그날처럼<br/>뒤돌아 봐줄 수 있겠니 한 번만<br/>같을 곳을 바라보던 우리<br/>이젠 다른 곳을 봐<br/>
"
2633,비가 오고 난 후,조영래조영래,비가 오고 난 후,36,<dd>2019.09.30</dd>,"비가 내렸던 자리에<br/>선선한 바람 불어오고<br/>내가 좋아하는 날씨에<br/>문득 니 생각이 났어<br/>가끔 찾아오는 비처럼<br/>가끔 생각나는 너를<br/>아무렇지 않게<br/>잊어버리는 것도<br/>점점 무뎌지는 것도<br/>창밖으로 쏟아지는<br/>비를 보며<br/>너를 떠올려<br/>그 비가 그치면<br/>내 생각도 멈추겠지<br/>그저 너도<br/>비가 오고 난 후<br/>그 자리를<br/>선선한 바람이 채우면<br/>날 한번 생각해줘<br/>창밖으로 쏟아지는<br/>비를 보며<br/>너를 떠올려<br/>그 비가 그치면<br/>내 생각도 멈추겠지<br/>그저 너도<br/>비가 오고 난 후<br/>그 자리를<br/>선선한 바람이 채우면<br/>날 한번 생각해줘<br/>날 한번 생각해줘<br/>
"
2634,지난겨울,황병준황병준,지난겨울,10,<dd>2019.09.30</dd>,"지난 겨울 전화기를 들었지<br/>너를 만났었던 그 추운 계절에<br/>두려움과 떨림 그리움 그 모든 게<br/>뒤섞인 채로 엉켜 있었지<br/>수화음이 세 번 가기도 전에<br/>다시 주머니 속에 찔러 넣었지<br/>스쳐 지나간 좋았던 시절<br/>이젠 딴사람 곁에 웃는 너의 모습에<br/>잊어야겠지 내 옆에<br/>네가 서있는 그림은<br/>지울 수밖에 없겠지<br/>번져버린 수채화처럼<br/>되돌릴 수 없어<br/>쉽게 뱉어선 안 되는<br/>이별이란 단어에<br/>잊어야겠지 내 옆에<br/>네가 서있는 그림은<br/>지울 수밖에 없겠지<br/>번져버린 수채화처럼<br/>되돌릴 수 없어<br/>그 밤 우리 마지막 순간<br/>좀 더 사랑했다면 달랐을까<br/>헛된 생각만<br/>잊어야겠지 내 옆에<br/>네가 서있는 그림은<br/>지울 수밖에 없겠지<br/>번져버린 수채화처럼<br/>되돌릴 수 없어<br/>
"
2635,Not Alone,정샤론정샤론,Not Alone,11,<dd>2019.09.30</dd>,"하늘도 맑지 않아 <br/>어두워도 캄캄해도<br/>그냥 숨고만 싶었죠 <br/>가만히 가만히 <br/>웅크리고 있었는데<br/>내게 그대가 다가왔죠 <br/>과거도 고통도 <br/>나와 늘 함께 했다던<br/>그대 나를 안았네 <br/>지금도 이 순간도 <br/>나를 일으켜 주었던<br/>그대의 목소리 <br/>귓가에 들려요 <br/>가시밭 길을 걸어도 <br/>꽃길을 걸어도 <br/>네가 걸을 때 <br/>혼자가 아니야<br/>사랑하는 너를 위해 <br/>바람이 널 밀어 줄거야 <br/>하늘은 널 안아 줄테니 <br/>괜찮아 괜찮아 <br/>일어나 같이 가자 <br/>과거도 고통도 <br/>나와 늘 함께 했다던<br/>그대 나를 안았네 <br/>지금도 이 순간도 <br/>나를 일으켜 주었던<br/>그대의 목소리 <br/>귓가에 들려요 <br/>가시밭 길을 걸어도 <br/>꽃길을 걸어도 <br/>네가 걸을 때 <br/>혼자가 아니야<br/>사랑하는 너를 위해 <br/>바람이 널 밀어 줄거야 <br/>하늘은 널 안아 줄테니 <br/>괜찮아 괜찮아 <br/>일어나 같이 가자 <br/>가시밭 길을 걸어도 <br/>꽃길을 걸어도 <br/>네가 걸을 때 <br/>혼자가 아니야<br/>사랑하는 너를 위해 <br/>바람이 널 밀어 줄거야 <br/>하늘은 널 안아 줄테니 <br/>괜찮아 괜찮아 <br/>일어나 같이 가자<br/>
"
2636,이별날,문글래스문글래스,문글래스,3,<dd>2019.09.30</dd>,"그대 한 번도 눈을 피한적 없죠 <br/>내가 느끼는 불안한 생각 <br/>맞는 건가요 <br/>자신감 있던 그댄 어디 있나요 <br/>처음 보는 모습이죠 <br/>다른 사람이 그대 맘 흔드나요 <br/>잠시 머물다 가는 것이 아닌가요 <br/>한 번쯤 그럴 수도 있는 거라면서 <br/>웃으며 이해 하는척 하면 되나요 <br/>난 울고 있어도 웃고 있어도 <br/>그대 뿐이죠 <br/>난 안되나요 무엇이 잘못 했나요 <br/>뒷모습 보기 싫어요 <br/>혹시 나만큼 마음을 준 건가요 <br/>아니면 이미 난 보이지 않을 만큼 <br/>생각할 시간 조차도 필요 없나요 <br/>그대 지금 나에게 무슨 말 하나요<br/>넌 내가 싫다고<br/>내가 싫다고 말을 하네요<br/>난 아니라고 지금도<br/>보고싶다고 헤어지자고<br/>넌 행복하다고 행복하다고<br/>말을 하네요<br/>이 순간만을 기다렸었던 것처럼<br/>참 냉정하네요<br/>그댄 내가 싫다고<br/>내가 싫다고 말을 하네요<br/>난 아니라고 지금도 보고 싶다고<br/>미칠것 같은 이별날<br/>
"
2637,스물아홉 너에게 (feat. 김영주),김신애김신애,스물아홉 너에게,26,<dd>2019.09.30</dd>,"한 걸음 내딛기<br/>힘든 하루와<br/>숨조차 쉬는 순간이<br/>현실이라는 저 높은 벽은<br/>너와 나의 눈 앞을 가리고<br/>한 걸음 내딛기<br/>힘든 하루와<br/>숨조차 쉬는 순간이<br/>현실이라는 저 높은 벽은<br/>너와 나의 눈 앞을 가리고<br/>언젠가는 이 어두운 날들 속에서<br/>벗어날 거라고 믿어<br/>언젠가는 이 어두운 날들 속에서<br/>자유로워질 거라고 믿어<br/>한 걸음 내딛기<br/>힘든 하루와<br/>숨조차 쉬는 순간이<br/>현실이라는 저 높은 벽은<br/>너와 나의 눈 앞을 가리고<br/>언젠가는 이 어두운 날들 속에서<br/>벗어날 거라고 믿어<br/>언젠가는 이 어두운 날들 속에서<br/>자유로워질 거라고 믿어<br/>
"
2638,모난돌,장요장요,모난돌,7,<dd>2019.09.30</dd>,"바람과 바다가 만나는 그 섬에서<br/>나는 주웠지 모난 돌멩이<br/>못생겨 가지고는 구멍 숭숭이<br/>나 있던 까칠하고 까만 돌<br/>어린 마음에 함부로 만지다<br/>베인 살 위로 빨간 눈물 훔쳐먹고<br/>여린 마음에 살며시 숨기곤<br/>내리는 빗물에 녹을까<br/>흐르는 햇살에 데일까<br/>다시 버리고 다시 주워 담고<br/>깊은 한강 물에 있는 힘껏 던지어도<br/>칠흙같은 외로움에<br/>몸부림 치는 밤이면<br/>어디선가 또 어느샌가 돌아와<br/>살같은 시간이 살갑게 지나고<br/>빗물과 빛에 물든 세상 모든 돌들은<br/>맨질해져 가지마는<br/>내 주머니 속 작고 못난<br/>돌멩이는 잊혀지듯<br/>잊혀지지 않은 채<br/>다시 버리고 다시 주워 담고<br/>깊은 한강 물에 있는 힘껏 던지어도<br/>칠흙같은 외로움에<br/>몸부림 치는 밤이면<br/>어디선가 또 어느샌가 돌아와<br/>살같은 시간이 살갑게 지나고<br/>빗물과 빛에 물든 세상 모든 돌들은<br/>맨질해져 가지마는<br/>내 주머니 속 작고 못난<br/>돌멩이는 잊혀지듯<br/>잊혀지지 않은 채<br/>
"
2639,Thought of You,배소연배소연,Thought of You,7,<dd>2019.09.30</dd>,"눈을 뜨니 덩그러니 혼자 남겨진 나<br/>주위를 둘러보고<br/>둘러봐도 아무도 없는<br/>째깍 째깍 시계바늘만이 날 반겨<br/>늘 같은시간 같은 자리에<br/>난 머물러 있어<br/>But 오늘은<br/>상쾌한 가을 바람을 맞으며<br/>미친듯이 걷고 걷는 나를 보았어<br/>그냥 아무생각 없이 걷다 걷다보면<br/>그댈 잊을 수 있을 것 같아<br/>Oh Just thought of you<br/>Oh I was part of you<br/>잊을 수 있을 거라고 난 다짐 했는데<br/>내 마음속에 자리잡은 네가 너무 커<br/>하루종일 네 생각에 잠 못 이루고<br/>수 없이 되돌아 온 고요한 밤<br/>두 눈가에 하염없이<br/>흐르는 내 눈물이<br/>저 하늘에 별이 돼 빛나 있어<br/>Oh Just thought of you<br/>Oh I was part of you<br/>잊을 수 있을 거라고 난 다짐 했는데<br/>내 마음속에 자리잡은 네가 너무 커<br/>Oh Just thought of you<br/>Oh I was part of you<br/>이렇게 아프도록 너를 사랑했는데<br/>사랑했었던 추억마저 잊어 갈래<br/>
"
2640,니가 알았으면,유준 (Yoo_Jun)유준 (Yoo_Jun),니가 알았으면,6,<dd>2019.09.30</dd>,"혼자 울고있니 제발 그러지마<br/>이젠 너를 안아줄수도 없잔아<br/>믿을 수 없이 남이 되버렸지만 <br/>아직난 너를 향한 <br/>수 많은 걱정들 뿐인데<br/>널 잃은채 산다는건 <br/>내겐 너무 지독한 <br/>힘든 삶 이겠지만<br/>이런 날 너는 몰랐으면해 <br/>이젠 모두 잊고 행복하도록<br/>아프지말고 밥도 잘 챙겨먹길 제발<br/>나 없이도 혼자 잘 지내야해 <br/>너에서 내가 지워지는게 정말 두렵지만<br/>이젠 보내줘야해<br/>널 잃은채 산다는건 내겐 너무 지독한<br/>힘든 삶 이겠지만<br/>이런 날 너는 몰랐으면해<br/>이젠 모두 잊고 행복하도록<br/>나를 위해 흘린 눈물이<br/>니웃음으로 변할수 있길 바랄께<br/>널 잃은채 산다는건 내겐 <br/>너무 지독한 힘든 삶이겠지만<br/>이런날 너는 몰랐으면해<br/>이젠 모두잊고 행복하도록<br/>나 나도 자신없지만 <br/>널 위해서 라면<br/>너무 보고싶어도 <br/>이런날 너는 몰랐으면해<br/>언제까지 너만 사랑하는 날<br/>
"
2641,기억,디온 (dion)디온 (dion),Remember you,4,<dd>2019.09.30</dd>,"눈을 감는 순간 난<br/>문득 기억에 잠긴나<br/>그대 손 잡던 그<br/>기억이 스쳐지난다<br/>항상 다니는 길을 걷다<br/>기억에 잠긴나<br/>그대와의 추억이<br/>나를 잡는다<br/>왜내게 아무말도<br/>하지않고 떠나 갔나요<br/>그댈 붙잡지 못해<br/>가슴이 아프죠<br/>그대 떠난 후로<br/>항상 후회했어요<br/>돌아와요 사랑해요<br/>먼산을 바라보다<br/>문득 기억에 잠긴나<br/>그대와 했던 모든게<br/>행복했었다<br/>왜내게 아무말도<br/>하지않고 떠나 갔나요<br/>그댈 붙잡지 못해<br/>가슴이 아프죠<br/>그대 떠난 후로<br/>항상 후회했어요<br/>돌아와요 사랑해요<br/>왜내게 아무말도<br/>하지않고 떠나 갔나요<br/>그댈 붙잡지 못해<br/>가슴이 아프죠<br/>그대 떠난 후로<br/>항상 후회했어요<br/>돌아와요 사랑해요<br/>돌아와요 사랑해요<br/>
"
2642,밉진 않아,스탠딩 에그스탠딩 에그,POETIC,"3,169",<dd>2019.09.29</dd>,"얼굴 보며 하는 말보다 <br/>메세지로 주고 받는 게 편해<br/>식어버린 너의 눈빛 <br/>애써 외면 하는 게 더 불편해<br/>아직도 날 사랑하냐고 물어보고 싶지만<br/>그게 마지막으로 보는 너의 모습일까 봐<br/>줄다리기하는 것처럼 마주 보고 있지만<br/>너는 잡고만 있어 잡고만 있어<br/>쉽진 않아 나 먼저 놓으면 되는데<br/>쉽진 않아 혼자가 된다는 게<br/>밉진 않아 날 아프게만 하는데<br/>밉진 않아 네가 밉진 않아<br/>우리 둘만 있는 것보다 <br/>친구들과 함께 있는 게 편해<br/>자꾸 끊어지는 대화 <br/>애써 이어가는 게 더 불편해<br/>아직도 널 사랑하냐고 내게 물어본다면<br/>너무 사랑하고 있다고 대답할 수 있는데<br/>줄다리기하는 것처럼 당겨보고 싶지만<br/>네가 놔버릴까 봐 끝나버릴까 봐<br/>쉽진 않아 나 먼저 놓으면 되는데<br/>쉽진 않아 혼자가 된다는 게<br/>밉진 않아 날 아프게만 하는데<br/>밉진 않아 네가 밉진 않아<br/>한참이 지나도<br/>움직이지 않아<br/>움직이는 순간<br/>사랑도 끝날까 봐<br/>용기를 내봐도<br/>좁혀지지 않아<br/>다가가는 만큼<br/>네가 물러나니까<br/>쉽진 않아 나 먼저 놓으면 되는데<br/>쉽진 않아 혼자가 된다는 게<br/>밉진 않아 날 아프게만 하는데<br/>밉진 않아 네가 밉진 않아<br/>쉽진 않아 나 먼저 놓으면 되는데<br/>쉽진 않아 혼자가 된다는 게<br/>밉진 않아 날 아프게만 하는데<br/>밉진 않아 네가 밉진 않아<br/>
"
2643,Wedding,김원주김원주,Wedding,560,<dd>2019.09.29</dd>,"우리 만난 그 시간들을<br/>얘기하면서 웃음 짓고<br/>여전히도 내 옆에 있는<br/>널 마주 보는 오늘은<br/>네가 그토록 기다리던<br/>우리의 평생을 약속하는 날<br/>수많은 사람들 속에서<br/>축복을 받는 그 날<br/>평생 한 번뿐인 그 날이야<br/>두 손을 맞잡고 걸어가는 날<br/>이 순간을 오래 기다려준<br/>너에게 정말 고마워<br/>어렸었고 좀 부족했던<br/>날 만나 고생 많았어<br/>힘들어도 늘 웃어주던<br/>착한 널 만나 감사해<br/>우릴 꼭 닮은 아이들과<br/>행복의 의미를 찾아가겠지<br/>우리 그토록 기다리던<br/>하나가 되는 그 날<br/>평생 한 번뿐인 그 날이야<br/>두 손을 맞잡고 걸어가는 날<br/>이 순간을 오래 기다려준<br/>너에게 정말 고마워<br/>이제 문이 열리고<br/>한발 나란히 내디디면<br/>셀 수 없는 행복<br/>눈이 부신 사랑이<br/>항상 함께할 거야<br/>꿈같은 세상에 너를 만나<br/>새로운 내일을 시작하는 날<br/>나를 믿고 오래 기다려준<br/>너에게 정말 고마워<br/>
"
2644,왜 너를 모르고,한올한올,"계절 소품집 세번째, 가을","1,577",<dd>2019.09.29</dd>,"왜 넌 나를 버리고<br/>너의 마음을 숨기고<br/>핑계를 대고 날 떠났을까<br/>넌 내 마음을 알면서<br/>여기 있는 나를 알면서<br/>그럴듯한 얘기들로<br/>그런줄도 모르는 나는<br/>하염없이 너를 기다리고<br/>무거운 공기만 가득한 허공에<br/>너를 부르고 있네<br/>난 널 그리다 또<br/>너를 불러보고 허우적대다<br/>닿을 수 없는 수많은 말들로 나는<br/>계속 너를 부르다 음<br/>왜 나는 너를 보내고<br/>너의 마음을 모르고<br/>멀어져버린 너를 왜 몰랐을까<br/>넌 내 마음을 알면서<br/>여기 있는 나를 알면서<br/>그럴듯한 얘기들로<br/>
"
2645,그리고 그리움,윤한솔윤한솔,그리고 그리움,405,<dd>2019.09.29</dd>,"지나가는 이 시간 속에<br/>수많은 일들이 있겠지요<br/>만남 뒤엔 이별의 아픔<br/>그리고 그리움<br/>바람결에 옷깃을 여미고<br/>스쳐 지나간 기억을<br/>추억 속에 묻어봐도<br/>남은 건 외로움<br/>어디쯤 있을까<br/>내 발길 닿는 곳에<br/>혹시 머물다<br/>시린 바람 탓에<br/>뒤돌아 버렸나<br/>그곳에 혹 무언가<br/>그대 발길을 잡았다면<br/>길을 잃어 헤매지 않게<br/>오는 길 등불을 밝혀주리<br/>어디쯤 있을까<br/>내 발길 닿는 곳에<br/>혹시 머물다<br/>모진 바람 탓에<br/>뒤돌아 버렸나<br/>그곳에 또 무언가<br/>그대 발길을 잡았다면<br/>길을 잃어 헤매지 않게<br/>오는 길 등불을<br/>밝혀주리<br/>
"
2646,돌아와 다시 돌아와,천소아 (Cheon Soa)천소아 (Cheon Soa),여름아 부탁해 OST Part.30,161,<dd>2019.09.29</dd>,"다 거짓말 나를 떠난다는 그말 거짓말 <br/>믿지 않았는데 진심이었니<br/>시간 지나가고 보니 그때 그 시간 <br/>나에게는 잊을 수 없는 <br/>너란걸 난 알았어 <br/>많이 울었는데 그리워서 두려워서 <br/>니가 나에게서 없어져 텅빈 나날들<br/>돌아와 다시 돌아와 내게로 돌아와 <br/>아직까지 널 기다려 난<br/>사랑이란 이러니 매순간 널 기다려 <br/>나에게 손을 내밀어줘<br/>너와 좋았었던 기억 <br/>많이 남아서 지칠때면 <br/>떠올려보고 웃어보기도 했어<br/>많이 울었는데 그리워서 두려워서 <br/>니가 나에게서 없어져 텅빈 나날들<br/>돌아와 다시 돌아와 내게로 돌아와 <br/>아직까지 널 기다려 난<br/>사랑이란 이러니 매순간 널 기다려 <br/>나에게 손을 내밀어줘<br/>하루가 힘들어 사는게 힘들어 <br/>울다 지쳐 잠드는 나를 알고있는지<br/>돌아와 다시 돌아와 내게로 돌아와 <br/>아직까지 널 기다려 난<br/>사랑이란 이러니 매순간 널 기다려 <br/>나에게 손을 내밀어줘<br/>
"
2647,Only you,장하온장하온,환상의 타이밍 OST Part 4,33,<dd>2019.09.29</dd>,"내겐 Only you <br/>난 사랑을 느껴요<br/>함께했던 시간들을 느껴요<br/>알고 있죠 내 모든걸 주고 싶은<br/>그대라면 ok<br/>포근한 사랑을 줄게요<br/>Hey 내 손을 잡고 걸어가요<br/>상쾌함 가득한 숲길을 <br/>나무들 사이로 내려오는 햇살<br/>이런 풍경 정말 처음이죠<br/>이 짙은 향기는 사랑 맞죠<br/>한 순간 모든게 변했죠 <br/>그대 얼굴 보면 두근두근 되죠<br/>분명 이건 정말 사랑이죠<br/>Oh my love <br/>내가 고마워 정말<br/>내 앞에 나타나준 그대 고마워요<br/>향기로 가득한 꽃길만 걸어요<br/>지금 이순간<br/>내겐 Only you <br/>난 사랑을 느껴요<br/>함께했던 시간들을 느껴요<br/>알고있죠 내 모든걸 주고 싶은<br/>그대라면 ok<br/>포근한 사랑을 줄게요<br/>이 짙은 향기는 사랑 맞죠 <br/>한 순간 모든게 변했죠 <br/>그대 얼굴 보면 두근두근대죠<br/>분명 이건 정말 사랑이죠<br/>Oh my love <br/>내가 고마워 정말<br/>내 앞에 나타나준 그대 고마워요<br/>향기로 가득한 꽃길만 걸어요<br/>지금 이순간<br/>내겐 Only you <br/>난 사랑을 느껴요<br/>함께했던 시간들을 느껴요<br/>알고있죠 내 모든걸 주고 싶은<br/>그대라면 ok<br/>포근한 사랑을 줄게요<br/>흐린 날들도 그대와 함께면 괜찮아<br/>구름마저 예쁜걸<br/>모든 순간을 함께해줘<br/>내겐 Only you <br/>난 사랑을 느껴요<br/>함께했던 시간들을 느껴요<br/>알고있죠 내 모든걸 주고 싶은<br/>그대라면 ok<br/>포근한 사랑을 줄게요<br/>
"
2648,말하지 못했어,김대연김대연,말하지 못했어,137,<dd>2019.09.29</dd>,"잔인하지만 <br/>널 사랑하지 않게 됐다고 말하려해<br/>이제 그만하자 우린 충분히 사랑했잖아<br/>어떻게 말해도 <br/>난 나쁜 놈이 돼버릴 테니 말하려해<br/>우리 헤어지자 우리 이제 그만 사랑하자<br/>하필 왜 너는 <br/>오늘따라 그렇게 예쁘게 입고 <br/>그렇게 해맑게 웃고 있니<br/>바보야 우린 오늘 헤어질 건데<br/>어떻게 말해 오늘 우린 헤어지는 거라고 <br/>나를 잊으라고<br/>이 밤이 지나가면 우리는 남이라고<br/>말을 해야 하는데 더 이상 우린 아니라고<br/>하필 왜 너는 <br/>오늘따라 그렇게 예쁘게 입고 <br/>반갑게 나에게 달려오니<br/>바보야 우린 오늘 헤어질 건데<br/>다가오지 마 여긴 우리 헤어지는 곳이야 <br/>더 이상 오지 마<br/>오늘 우리 만나면 이제는 끝이니까<br/>
"
2649,Dear Friend(Feat.Sirin)(Short Ver.),눈큰나라눈큰나라,Dear Friend,30,<dd>2019.09.29</dd>,"밝은 빛에 이끌려<br/>도착한 이 길의 끝엔<br/>끝없이 펼쳐진 푸른 하늘<br/>편안해지는 햇살<br/>그리웠던 풍경들<br/>가슴속에 피어나는<br/>함께한 기억<br/>작은 꿈들은 파도를 타고<br/>흔들리며 시간을<br/>넘어가요<br/>무너진 모래성은<br/>다 잊어도 돼<br/>말없이 옆에 있어도<br/>잔잔히 마음이 전해져<br/>시간을 뛰어넘어서<br/>언제나 함께<br/>곁에서 항상 있어 줄게<br/>작은 꿈들은 바람을 타고<br/>날갯짓하며 바다를<br/>넘어가요<br/>모습이 변한다해도<br/>언제나 곁에<br/>작은 꿈들은 파도를 타고<br/>흔들리며 시간을<br/>넘어가요<br/>무너진 모래성은 <br/>다 잊어도 돼<br/>고마워 다행이야<br/>너를 만나게 됐으니까<br/>고마워 다행이야<br/>너를 만나게 됐으니까<br/>
"
2650,홧김에,클래스메이트클래스메이트,홧김에,"4,517",<dd>2019.09.28</dd>,"정말 잘 지내니<br/>전혀 생각 안 나니<br/>설마 벌써 잊은 건<br/>나를 지워버린 건<br/>좋은 기억들 참 많았는데<br/>홧김에 그냥<br/>지워버린 사진<br/>니 얼굴 조차 생각나질 않아<br/>미칠 것 같다<br/>홧김에 그냥<br/>지워버린 번호<br/>술에 취한 밤이면<br/>목소릴 듣고 싶은데<br/>딱 한 번만 전화 해줄래<br/>1번 자리는 아직<br/>니 자리로 비워뒀어<br/>난 못난 남자다<br/>넌 착한 여자였잖아<br/>우리 사이 깨진 건<br/>모두 나 때문인 걸<br/>모두 속좁았던 내 탓이야<br/>홧김에 그냥<br/>지워버린 사진<br/>니 얼굴 조차 생각나질 않아<br/>미칠 것 같다<br/>홧김에 그냥<br/>지워버린 번호<br/>술에 취한 밤이면<br/>목소릴 듣고 싶은데<br/>잘 알잖아<br/>가끔씩 토라질 때면<br/>욱하는 나쁜 버릇<br/>니가 이해해줄래<br/>홧김에 그냥<br/>지워버린 사진<br/>니 얼굴 조차 생각나질 않아<br/>미칠 것 같아<br/>홧김에 그냥<br/>지워버린 번호<br/>술에 취한 밤이면<br/>목소릴 듣고 싶은데<br/>너 없으면 나는 못 살아<br/>
"
