4001,조이 (Joy),BlueadeBlueade,조이 (Joy),0,<dd>2019.07.02</dd>,"조이<br/>해맑게 웃는 너<br/>보고만 있어도 난<br/>모두 가진 것 같아<br/>머리카락은 귀여운 솜사탕<br/>샤르르 볼 빵빵<br/>아기 천사님 같아<br/>너와 함께한<br/>이 나날들이 너무 기뻐 난<br/>또 미안해 나<br/>부족함이 많은 엄마될까<br/>하지만 나 또 천번을 태어나도<br/>너의 엄마 될래<br/>태어나서 고마워 사랑해 조이<br/>다리는 마쉬멜로 같아<br/>청포도 발가락<br/>아기 곰돌이 같아<br/>너와 함께한<br/>이 나날들이 너무 기뻐 난<br/>또 미안해 나<br/>부족함이 많은 엄마될까<br/>하지만 나 또 천번을 태어나도<br/>너의 엄마 될래<br/>태어나서 고마워 사랑해 조이<br/>다시 날 태어나게 해줘서<br/>세상에서 가장 소중한<br/>조이<br/>고마워<br/>사랑해<br/>
"
4002,"안녕, 낯선 사람",원익훈원익훈,"안녕, 낯선 사람",10,<dd>2019.07.02</dd>,"문을 열고 들어가니<br/>언제나처럼 반겨주는<br/>주인 아저씨의 인사가<br/>오늘만은 어색해<br/>자연스레 구석의<br/>작은 의자에 앉아<br/>익숙했던 주위를<br/>다시 한번 구경해봤어<br/>어색한 미소와 어정쩡하게 나눈 인사<br/>무슨 얘길 했는지 기억도 안 나<br/>우리 함께 지냈던 시간들<br/>끝나지 않을 것만 같았어<br/>아직도 네 온기 내게 남아있는데<br/>우리 왜 벌써 오늘인 걸까<br/>낯설었던 처음으로 돌아가서<br/>널 알아 가고 싶은데<br/>나 아직도 네 온기 남아있는데<br/>너 없는 내일 정말 상상할 수 없는데<br/>그때처럼 처음 만난 그때처럼<br/>그렇게 시작할 수 있다면<br/>문을 열고 들어온 너<br/>언제나처럼 손을 들고<br/>너 웃어줘서 고마워<br/>나 그렇게 기억할게<br/>그래 이젠 우리 이젠<br/>안녕 낯선 사람<br/>
"
4003,곱슬머리 (With 진풍경),마시가마시가,2019 마시가 2/4 분기,24,<dd>2019.07.02</dd>,"꿈 꾼 것 같은데<br/>기억은 또렷하고 생생한 꿈을 꿨지<br/>끝 인건 몰랐지<br/>한낮에 꿈처럼 짧았으니깐<br/>우리는 하나 둘<br/>가위 바위 보처럼 쉽게도 끝난걸<br/>여름 반딧불이같이<br/>반짝하고 꺼져 갔지<br/>난 작은 키 마른 몸<br/>구멍 난 주머니였고<br/>그런 날 안아주던 널 떠난 날<br/>니가 귀엽다 했던 곱슬머리<br/>우리 헤어진 후에는<br/>곱슬머리만 봐도<br/>넌덜머리 길거리 파마머리 진저리<br/>꼭 그래야 했을까<br/>이별은 생각지도 못할 때 찾아왔지<br/>꿋꿋하게 걷다가<br/>문득 생각나는 사람이 됐지<br/>넌 첫마디 내 곱슬머리<br/>보고 까만 색 솜사탕 뭉치 같아<br/>어쩐지 머릿속 생각들도<br/>달콤할 것 같아<br/>어두운 골목길 막다른 길에 있었고<br/>그런 날 바라보던 널 떠난 날<br/>니가 귀엽다 했던<br/>곱슬머리 우리 헤어진 후에는<br/>곱슬머리만 봐도 넌덜머리<br/>길거리 파마머리 진저리<br/>사실 너무 싫어했던<br/>곱슬머리를 싫어했던<br/>하긴 많이 좋아했던<br/>니 곱슬머리는 좋아했던<br/>니가 귀엽다 했던<br/>니가 귀엽다 했던 곱슬머리<br/>우리 헤어진 후에는<br/>곱슬머리만 봐도 넌덜머리<br/>길거리 파마머리 진저리<br/>I'm sorry I'm sorry<br/>I'm sorry I'm sorry<br/>
"
4004,"너는, 빛나",김은송김은송,"너는, 빛나",21,<dd>2019.07.02</dd>,"일곱 살쯤 그렸던 넓은 도화지 속에<br/>각자 바라본 하늘을 그리는 손과<br/>무지개를 칠하는 색깔<br/>엄마 아빠를 그린 그림 전부 달라<br/>서로가 다른 생각 같은 세상 속에서<br/>우리는 서로에게 너무 서툴러<br/>너가 걸어온 길 내가 지나온 길<br/>전부 다르니까<br/>때론 미움 받고 있어도<br/>가끔 인정받지 못해도<br/>모두에게 사랑을<br/>계속 받을 수는 없지만<br/>너는 빛나<br/>그 자체로 빛나<br/>그냥<br/>아프지 않다는 말은<br/>강한 척 하려 했던 모습인지<br/>괜찮다면서 별거 아니라며 말을 했지<br/>사실 그런 거야 가슴 깊은 곳엔<br/>아프지 않은 척 하고 있는<br/>너가 거기 있어 내가 여기 있어<br/>모두 그런 거야<br/>때론 미움 받고 있어도<br/>가끔 인정받지 못해도<br/>모두에게 사랑을<br/>계속 받을 수는 없지만<br/>너는 빛나<br/>그 자체로 빛나<br/>그냥<br/>
"
4005,"봄, 소설",sJsJ,"봄, 소설",4,<dd>2019.07.02</dd>,"그렇게 다시 만나<br/>처음 봤을 때<br/>너무 꿈같았던<br/>너의 모습<br/>그렇게 안 나오길 바라도<br/>꿈속에 항상 나타났던<br/>우연히 스쳐 지나가도<br/>모르는 척 지나가고 싶었던 아이<br/>다시 오는 계절처럼 다시 이별<br/>꽃이 피는 봄에<br/>다시 만나<br/>눈이 오는 소설에<br/>다시 이별<br/>어차피 다시 오는 계절처럼<br/>다시 이별<br/>어차피 우리 만나<br/>또 이별을<br/>그리고 있어서<br/>마음 아파<br/>이제 보지 말자 소원했어도<br/>눈앞에 항상 그려지는<br/>그저 바라보고만 있어도<br/>떠오르는 행복했던 너와의 시간<br/>다시 오는 계절처럼 다시 이별<br/>꽃이 피는 봄에<br/>다시 만나<br/>눈이 오는 소설에<br/>다시 이별<br/>이젠 오지 않는 너를 그려 마음속에<br/>비가 오는 거리 달빛 아래<br/>너와 함께 한 그리움에 나도<br/>그때가 너무나도 그리웠음을<br/>너는 알고 있을까<br/>처음 만난 너의 미소<br/>하얀 벚꽃 머금은<br/>우리 만나<br/>눈이 오는 소설에<br/>우린 이별<br/>어차피 다시 오는 계절처럼<br/>
"
4006,다시 태어날 수 있다면,박재정박재정,노랫말,"16,876",<dd>2019.07.01</dd>,"오랜만에 불러본 너의 이름이<br/>입에 붙지가 않는 게 제일 서러웠어<br/>소란스런 이별이 촌스러워서<br/>덤덤한 척했던 거 난 가장 후회돼<br/>내게 너무 서둘러 왔어 너란 사람은<br/>모든 게 참 서툴렀던 나<br/>내게 일어났었던<br/>가장 놀라웠던 행운을<br/>몰라본 내 잘못이었어<br/>다시 태어날 수 있다면<br/>어떻게 할 거니<br/>지금 아는 모든 걸 나는 안고 갈게<br/>다시 올 수 없는 모든 게<br/>너와 닮아서<br/>가는 하루 끝마다 네가 생각나<br/>너의 자랑이고 싶어서 조급했던 나<br/>너를 정말 몰랐던 거야<br/>서로 부족한 곳에<br/>마주 닿아 만든 우린데<br/>그걸 나는 몰랐던 거야<br/>다시 태어날 수 있다면<br/>어떻게 할 거니<br/>지금 아는 모든 걸 나는 안고 갈게<br/>다시 올 수 없는 모든 게<br/>너와 닮아서<br/>가는 하루 끝마다 네가 생각나<br/>나는 헤어지고도<br/>끊임없이 너를 배운다<br/>살아가며 많은 게<br/>너를 통해서 이해돼<br/>넌 나의 세상이 된 거야<br/>다시 태어날 수 있다면<br/>어떻게 할 거니<br/>이런 생각 말고는 할 일이 없어<br/>다시 그럴 수만 있다면 널 기억할게<br/>네가 제일 좋아한 계절 속에서<br/>
"
4007,I Do I Do,박봄박봄,퍼퓸 OST Part.8,"4,891",<dd>2019.07.01</dd>,"오늘도 너에게 줄 무엇을 고민하고<br/>i do i do<br/>되도록 좋은것만 주고싶어<br/>그 언제부터 나보다 너를 걱정하는<br/>내하루를 너는 아니<br/>모든것이 너에게로 움직여<br/>i do i do i do anything for you<br/>널 위해서라면 날 버릴 수 있어<br/>i do i do i do anything for you<br/>널 위해 숨쉬고 널 위해 존재해<br/>너는 나의 별 everything<br/>널 지켜줄꺼야<br/>지금이 지나가면 후회할것만 같아<br/>i do i do<br/>이런게 사랑일까 눈물일까<br/>그 언제부터 나보다 너를 걱정하는<br/>내하루를 너는 아니<br/>모든것이 너에게로 움직여<br/>i do i do i do anything for you<br/>널 위해서라면 날 버릴 수 있어<br/>i do i do i do anything for you<br/>널 위해 숨쉬고 널 위해 존재해<br/>서로에게 거짓말은 않기로 해<br/>서로가 말을 해<br/>깊어진 마음 숨기지마<br/>i do i do i do anything for you<br/>널 사랑한다고 말해도 되겠니<br/>i do i do i do anything for you<br/>널 위해 숨쉬고 널 위해 존재해<br/>너는 나의 별 everything<br/>널 지켜줄꺼야<br/>
"
4008,나를 사랑할수록,홍대광홍대광,바람이 분다 OST Part.5,"2,146",<dd>2019.07.01</dd>,"뭐라고 뭐라고 대답할까<br/>너의 질문에 아무 생각이 안나<br/>미안해 미안해 안되나봐<br/>아직은 나 혼자이고 싶어<br/>그대에게 아픈 사랑<br/>남겨주고 싶지 않아요<br/>이런날 제발 이해해요<br/>나를 사랑할수록 넌 슬퍼져요<br/>다가올수록 넌 눈물나요<br/>그대여 다가 오지 말아요<br/>다시 만날수도 없을만큼<br/>가슴 벅찬 사랑이지만 우우<br/>그대를 위해 보내야만 해<br/>나만을 나만을 바라보는<br/>그 사람의 마음을 알고 있지만<br/>그대에게 아픈 사랑<br/>남겨주고 싶지 않아요<br/>이런날 제발 이해해요<br/>나를 사랑할수록 넌 슬퍼져요<br/>다가올수록 넌 눈물나요<br/>그대여 다가 오지 말아요<br/>다시 만날수도 없을만큼<br/>가슴 벅찬 사랑이지만 우우<br/>그대를 위해 보내야만 해<br/>언젠가 또 언젠가 너를 다시 만나면<br/>그댈 다시만나면<br/>그때는 그대를 안을 수 있기를<br/>흘러가는 시간이 또<br/>시간에 지난 아픔 사라져<br/>먼훗날 우리 맘<br/>또 닿길 기도해 우우우<br/>나를 사랑할수록 슬퍼진데도<br/>다가올수록 눈물난데도<br/>그대여 내게 올 수 있나요<br/>다시 만날수도 없을만큼<br/>가슴 벅찬 사랑이기에 우우<br/>오늘은 그댈 안아주려해 으음<br/>
"
4009,나를 잊고서,"민 (Myn), 도아 (DOA)민 (Myn), 도아 (DOA)",나를 잊고서,"1,592",<dd>2019.07.01</dd>,"잊은 듯이 살았어 이젠 끝났기에<br/>덤덤한 척하며 하루를 보냈어<br/>바래진 기억 속 너의 뒷모습이<br/>아직까지도 내 맘을 흔들어<br/>미워하고 싶었어 네 모습 그리워지면<br/>애써 잊어보려 했었던 내가 <br/>초라할 것 같아서<br/>I'm still in love with you<br/>so i miss you<br/>but it's too late<br/>너와 함께 했던 추억도 모두 지워볼게<br/>Still i always love you babe<br/>and i miss you<br/>a song for you<br/>부디 나를 잊고서 잘 살아줘<br/>아무렇지 않은 척 억지로 견뎌봐도<br/>매일 무너지고 술에 취해 잠들어<br/>너라는 사람의 참 바보 같은 나라서<br/>망설이다 더 후회할 것 같아  <br/>너무 보고 싶지만<br/>I'm still in love with you<br/>so i miss you<br/>but it's too late<br/>너와 함께 했던 추억도 모두 지워볼게<br/>Still i always love you babe<br/>and i miss you<br/>a song for you<br/>부디 나를 잊고서 <br/>잊고서<br/>부디 나를 잊고서 잘 살아줘<br/>이대로 정말 끝이라는 게 <br/>전혀 실감이 안 나<br/>너의 얼굴 너의 향기 자꾸만 나 생각나<br/>I'm still in love with you<br/>so i miss you<br/>and sad today<br/>우리 다시 시작해봐도 또 아플 거니까<br/>Still i always love you babe<br/>and i miss you<br/>a song for you<br/>부디 마지막이 될 이별이길<br/>
"
4010,이 지경,뱅크뱅크,뱅크9집 안티테이너 1/12,218,<dd>2019.07.01</dd>,"손가락 하나 움직일 수 없이<br/>내 몸 아닌듯 아무 느낌 없다<br/>내 여자가 떠난 후에 내게 나타난<br/>너 없는 마비의 고통<br/>꿈꾸면서도 눈물만 흐르고<br/>빛이 싫어져 두터운 커튼을 쳐<br/>내 여자가 떠난 후에 나는 알았다<br/>지독한 가슴의 통증<br/>사랑만 주려고 행복만 주려고<br/>무턱대고 시작한 우리 사랑인데<br/>나 상처만 주고 다시 상처만 받고<br/>서로 지켜 주기엔 서로 너무 지쳐서<br/>너를 잡고 싶어도 그럴 순 없었다<br/>이 지경이 되도록 너를 사랑했지만<br/>끝을 알고 있어서 <br/>더욱 가슴 시린 사랑은<br/>너무나 아픈 병이다<br/>사랑만 주려고 행복만 주려고<br/>무턱대고 시작한 우리 사랑인데<br/>나 상처만 주고 다시 상처만 받고<br/>서로 지켜 주기엔 서로 너무 지쳐서<br/>너를 잡고 싶어도 그래선 안된다<br/>이제 너는 더 이상 내 여자가 아니다<br/>끝을 알고 있어서 <br/>더욱 가슴 시린 이별은<br/>죽음보다 깊은 병이다<br/>너무나 아픈 내 사랑<br/>
"
4011,산책,Vanilla MousseVanilla Mousse,산책,182,<dd>2019.07.01</dd>,"불어오는 바람<br/>서늘한 기분 좋은 날에<br/>왠지 설레는듯한 햇살 비추는 창가<br/>스며들어 내려와<br/>눈을 뜨는 아침<br/>선명한 느낌 좋은 날에<br/>눈이 부시게 맑은 발걸음도 가벼운<br/>오늘 동네 한 바퀴<br/>어떤 옷을 입어 볼까<br/>어떤 게 좋으려나<br/>또 어떤 누굴 만나게 될까<br/>마법 같은 일이 생길 것 같은 상상에<br/>내딛는 발걸음도 가벼이<br/>돌아오는 길<br/>물 들여진 노을빛 가득한<br/>아득히 먼 곳으로<br/>그저 바라보고 있다<br/>두 눈을 감아 본다<br/>파란 하늘 바라볼까<br/>구름길 따라갈까<br/>저기 먼 곳엔 뭐가 있을까<br/>시간이 멈춘 듯 보이는 그런 상상에<br/>내딛는 발걸음도 가벼이<br/>주머니 속 가득 담아온<br/>마음들 꺼내어<br/>나의 일기장 속에<br/>추억 하나 적어두고<br/>꿈속으로 떠난다<br/>꿈속으로 떠난다<br/>너의 밤에 보낸다<br/>
"
4012,미치게,임한별임한별,초면에 사랑합니다 OST,557,<dd>2019.07.01</dd>,"어설픈 농담을 하고<br/>억지로 웃어도 보고<br/>괜히 괜찮은 척 해 아무렇지 않은 듯<br/>친구들 사이에 숨어 나를 감춰보아도<br/>애를 써봐도 티가 나나 봐<br/>참 웃기다 내가 참 별로다 내가<br/>지겨웠던 날들을 자꾸 그리워하는 게<br/>미치게 네가 보고 싶다<br/>미치게 너를 안고 싶다<br/>너를 이 못난 가슴에<br/>몰래 묻고 사는데<br/>오늘은 미치게 네가 보고 싶다<br/>책상을 옮겨도 보고<br/>미뤘던 청소를 하고<br/>이제 자연스레 널 잊어보려 했는데<br/>아무도 없던 때처럼 나를 바꿔보아도<br/>불을 끌 때면 네가 찾아와<br/>참 힘들다 내가 참 슬프다 내가<br/>사랑했던 날들을<br/>자꾸 모른 척 하는 게<br/>미치게 네가 보고 싶다<br/>미치게 너를 안고 싶다<br/>너를 이 못난 가슴에<br/>몰래 묻고 사는데<br/>오늘은 미치게 네가 보고 싶다<br/>어쩌면 날 못 잊을 거란<br/>착각에 빠져서 이렇게<br/>너를 기다리고 있는 건지<br/>아님 내가 널 잊을 수 없어<br/>걱정이 돼 잡고 싶은 건지<br/>미치게 네가 보고 싶다<br/>미치게 너를 안고 싶다<br/>너를 이 못난 가슴에<br/>몰래 묻고 사는데<br/>오늘은 미치게 네가 보고 싶다<br/>
"
4013,괜찮지가 않아,한경일한경일,괜찮지가 않아,192,<dd>2019.07.01</dd>,"너와의 이별<br/>그것보다 힘든일이 내게 있을까<br/>조금씩 견뎌내고 버텨왔던 날들<br/>너의 소식에 무너져내려<br/>난 왜 몰랐을까 상상도 못했을까<br/>너에게 새로운 사람이<br/>생길 수 있단 것을<br/>이젠 보내야지 아파하면서<br/>내 맘은 계속 널 기다렸나봐<br/>괜찮지가 않아 여전히 난 아파<br/>시간이 지나도<br/>조금도 변하지가 않잖아<br/>너와 내가 보낸 그 시간이<br/>내게 정말 소중했어<br/>사랑이였잖아 이렇게 끝내지마<br/>매일 밤 기도해<br/>이 모든 게 꿈이기를 바래<br/>눈물이 흘러내리고<br/>그위로 나의 사랑을 놓는다<br/>난 왜몰랐을까 상상도 못했을까<br/>너에게 새로운 사람이<br/>생길 수 있단것을<br/>이젠 보내야지 아파하면서<br/>내 맘은 계속 널 기다렸나봐<br/>괜찮지가 않아 여전히 난 아파<br/>시간이 지나도<br/>조금도 변하지가 않잖아<br/>너와 내가 보낸 그 시간이<br/>내게 정말 소중했어<br/>사랑이였잖아 이렇게 끝내지마<br/>매일 밤 기도해<br/>이 모든 게 꿈이기를 바래<br/>눈물이 흘러내리고<br/>그위로 나의 사랑을 놓는다<br/>사랑은 부르지않아도<br/>찾아온다는 너의 그말<br/>이제야 알 것 같은데<br/>해주지 못한 것들도<br/>지키지 못한 약속들도<br/>이렇게 많은데<br/>사랑이였잖아 이렇게 끝내지마<br/>매일 밤 기도해<br/>이 모든 게 꿈이기를 바래<br/>눈물이 흘러내리고<br/>그위로 나의 사랑을 놓는다<br/>
"
4014,이 노랠 듣는다면,조대호조대호,이 노랠 듣는다면,"1,132",<dd>2019.07.01</dd>,"친구들과 있어도 늘 외로워<br/>하루 종일 웃어도 허전하기만 해<br/>왜일까 곰곰이 생각하다 알았어<br/>없잖아 내 옆에 빈자리에 네가<br/>어디선가 이 노랠 듣는다면<br/>한걸음 한걸음 내게 다가오길<br/>널 위해 내 마음을 아껴 둘게<br/>스쳐가지 않게<br/>널 놓치지 않게 말이야<br/>마음을 연다는 게 쉽지 않아<br/>내 맘 같지 않아서 참 어렵기만 해<br/>나처럼 너 역시 헤매고 있을까<br/>어쩌면 너도 날<br/>기다리는 중일 지도 몰라<br/>어디선가 이 노랠 듣는다면<br/>한걸음 한걸음 내게 다가오길<br/>널 위해 내 마음을 아껴 둘게<br/>스쳐가지 않게 널 놓치지 않게<br/>이렇게 나 목이 터질 듯 널 불러<br/>언제까지나 기다려<br/>어디선가 내 목소릴 듣는다면<br/>한 번만 한 번만 뒤돌아 봐 주길<br/>수많은 사람들 속에 너 하나<br/>바라볼 수 있게 달려갈 수 있게<br/>어디선가 이 노랠 듣는다면<br/>한걸음 한걸음 내게 다가오길<br/>스쳐가지 않게<br/>널 놓치지 않게 말이야<br/>
"
4015,댕댕이,무한루프무한루프,댕댕이,2,<dd>2019.07.01</dd>,"그녀의 두 눈에 비친<br/>아름다운 밤 하늘의 별빛이 우<br/>지금 이 순간 나의 마음속<br/>가득채워져<br/>촉촉히 내리는 따사로운 빗물처럼<br/>어느새 나의 두 눈에<br/>눈 물이 흐릿해진 가로등처럼<br/>내 맘을 비추네<br/>댕댕이라는 그녀가 어느샌가<br/>나의 일부분이 되어버렸어<br/>포근하고 달콤하고<br/>사랑스런 그녀가<br/>나의 하루가 되어버렸어<br/>사랑해 난 너밖에 없어<br/>너무나 넌 사랑스럽고<br/>너무 갖고 싶은 너이기에<br/>매번 바보처럼 머뭇거리다<br/>용기를 내어 고백하는거야<br/>촉촉히 내리는 따사로운 빗물처럼<br/>어느새 나의 두 눈에<br/>눈물이 흐릿해진 가로등처럼<br/>내 맘을 비추네<br/>사랑해 난 너밖에 없어<br/>너무나 넌 사랑스럽고<br/>너무 갖고 싶은 너이기에<br/>매번 바보처럼 머뭇거리다<br/>용기를 내어 고백하는거야<br/>내가 너를 사랑한만큼 너는 나를<br/>사랑하지 않았던것 같아<br/>너를 사랑했던 감정을<br/>이젠 다른 사람에게 주겠지<br/>잊지 못해 남은 미련을 뒤로한채<br/>댕댕이라는 그녀가 어느샌가<br/>나의 일부분이 되어버렸어<br/>포근하고 달콤하고<br/>사랑스런 그녀가<br/>나의 하루가 되어버렸어<br/>사랑해 난 너밖에 없어<br/>너무나 넌 사랑스럽고<br/>너무 갖고 싶은 너이기에<br/>매번 바보처럼 머뭇거리다<br/>용기를 내어 고백하는거야<br/>
"
4016,그대는 아름답다,이스트스타이스트스타,그대는 아름답다,4,<dd>2019.07.01</dd>,"눈물이 남아 있지 않아<br/>오래된 아픈 기억 들이<br/>가슴속 깊이 차오른다<br/>달빛마저 흐릿해 지고나면<br/>새벽에 잠들지도 못한<br/>그리움 서글프게 운다<br/>떠나간 그대는 오질 않고<br/>나는 수많은 노을이 되어<br/>기다린다 여기<br/>지나온 시간들이<br/>이제는 희미하게 흩어져<br/>지친 맘 안아 준다<br/>그대는 아름답다<br/>어둠속 찬란한 불빛들이<br/>그대를 내게 보낸다<br/>부서진 슬픔들은 홀로<br/>쓸쓸히 고요하게 운다<br/>떠나간 그대는 오질 않고<br/>나는 수많은 노을이 되어<br/>기다린다 여기<br/>지나온 시간들이<br/>이제는 희미하게 흩어져<br/>지친 맘 안아 준다<br/>그대는 아름답다<br/>어둠속 찬란한 불빛들이<br/>그대를 내게 보낸다<br/>
"
4017,선물 (Feat. 프론),멜팅멜팅,선물,5,<dd>2019.07.01</dd>,"따스한 네 마음이<br/>차디찬 내 맘에 들어와<br/>두근두근해 이젠 나 Woo<br/>오랫동안 아무 감정도 없던 나<br/>평생 이럴 줄 알았었는데<br/>고마워 내게 와줘서<br/>넌 나의 선물이야<br/>누가 봐도 행복해 보여<br/>세상이 아름답게만 보여<br/>얼어있던 내 맘이<br/>네 미소에 사르르 녹아<br/>나도 모르게 웃음이나 Woo<br/>웃음기 하나 없던 나였었는데<br/>널 만나고 달라졌어 my babe<br/>고마워 내게 와줘서<br/>넌 나의 선물이야<br/>누가 봐도 행복해 보여<br/>세상이 아름답게만 보여<br/>네가 사라질까 두려워<br/>그러니 내 곁에 오래도록 Woo<br/>널 만나기 전 내 모습<br/>상상해봤니<br/>난 누굴 봐도 어디를 가도<br/>행복하지가 않았어<br/>고마워 내게 와줘서<br/>넌 나의 선물이야<br/>누가 봐도 행복해 보여<br/>세상이 아름답게만 보여<br/>
"
4018,안개 (feat.자연),형언 (HyeongEon)형언 (HyeongEon),바다,25,<dd>2019.07.01</dd>,"조용한 밤 안개는 가득 끼고<br/>이 모든 게 희미해지면<br/>그땐 나에게 돌아와 줄래<br/>오늘 이 밤 가득한 안개는<br/>모든 걸 덮어 버릴 거야<br/>지난 그 누구의 잘못도<br/>보이지 않게 보일 수 없게<br/>그러니 아무렇지 않게 오면 돼<br/>그러니 아무렇지 않게 오면 돼<br/>어딜 보든 하얀 세상일뿐야<br/>복잡한 건 모두 잊고서<br/>그냥 내 손을 잡아주면 돼<br/>오늘 이 밤 가득한 안개는<br/>모든 걸 덮어 버릴 거야<br/>지난 그 누구의 잘못도<br/>보이지 않게 보일 수 없게<br/>그러니 아무렇지 않게 오면 돼<br/>그러니 아무렇지 않게 오면 돼<br/>그러니 내 손을 잡아 주면 돼<br/>
"
4019,너를 만나고 싶지만,김태윤김태윤,너를 만나고 싶지만,0,<dd>2019.07.01</dd>,가사가 없습니다
4020,날씨 좋은 날 (Feat. 로맨스트리),쿠잉프로젝트쿠잉프로젝트,날씨 좋은 날,42,<dd>2019.07.01</dd>,"투명하게 밝게 빛나는 햇살<br/>참 오랜만에 보는 맑은 날씨에<br/>창문을 열어 바람에 널 보내고 나니<br/>조금은 허전한 내 방 안에 나<br/>이렇게 좋은 날씨 덕분에<br/>나는 너무나 아파<br/>너 떠나갔던 그 날을 잊지 못해<br/>눈부신 햇살에 비친<br/>너의 미소가 언제부터<br/>이별을 말하고 있었는지<br/>너없는 낯선 거리<br/>무뎌진 내 발걸음이 너를 찾는다<br/>오늘 같은 날 날씨 좋은 날<br/>견디기 벅찬 날씨 속에서<br/>나는 이렇게 살아<br/>너 떠나갔던 그 날을 잊지 못해<br/>눈부신 햇살에 비친<br/>너의 미소가 언제부터<br/>이별을 말하고 있었는지<br/>너없는 낯선 거리<br/>무뎌진 내 발걸음이 너를 찾는다<br/>오늘 같은 날 날씨 좋은 날<br/>
"
4021,감사해요,하늘하늘,감사해요,7,<dd>2019.07.01</dd>,"그대를 얼마나 아프게 했을까요<br/>그대를 얼마나 슬프게 했을까요<br/>아린 마음뿐이에요 그대를 생각하면<br/>평생을 다해도 잊지 못할 거예요<br/>감사해요 나를 있게 해줘서<br/>숨 쉴 수 있게 세상을 살 수 있게<br/>미안해요 그대 마음 아프게 해서<br/>기다려줘요 행복하게 해줄게요<br/>나에게 이리도 많은 걸 주셨어요<br/>부족한 나에게 넘치는 사랑을요<br/>감히 상상도 못해요<br/>그대의 사랑의 크기<br/>부족한 나에게 넘치는 사랑을요<br/>감사해요 나를 있게 해줘서<br/>숨 쉴 수 있게 세상을 살 수 있게<br/>미안해요 그대 마음 아프게 해서<br/>기다려줘요 행복하게 해줄게요<br/>
"
4022,오늘이 어제보다 더 기억되게,신민경신민경,MK 다이어리 PAGE.1,8,<dd>2019.07.01</dd>,"감출 수 없던 가슴의<br/>두근거림이 어떤 의미인지<br/>설레 였었어 내 습작들이<br/>가슴에 쌓여가던 순간이<br/>꺼내진 습작이 나의 인생이 되고<br/>한 장씩 쌓여진 낡은 책처럼<br/>책 속의 내 모습<br/>거짓이 되지 않도록<br/>오늘의 추억을<br/>이렇게 기억하는데<br/>바람이 불면 나 움츠리지 않고<br/>더 당당하게<br/>내일을 기다려 하지만<br/>바람이 지면 나 기다린 듯이<br/>내일을 위해 걷는다<br/>기쁠 땐 눈물이 슬플 때는 웃음이<br/>내 감정 추스려 후회 않토록<br/>어제보다는 더 나은 오늘이 되기를<br/>헛된 욕심 버리고<br/>이렇게 걷고 있는데<br/>바람이 불면 나 움츠리지 않고<br/>더 당당하게<br/>내일을 기다려 하지만<br/>바람이 지면 나 기다린 듯이<br/>내일을 위해 걷는다<br/>
"
4023,빈자리,노래하는 베짱이노래하는 베짱이,빈자리,66,<dd>2019.07.01</dd>,"괜히 미뤄뒀던 일을 꺼내 시작하고<br/>뻔히 보이는 네 소식에<br/>혼자 웃기도 해<br/>혼자 있는 시간이 점점 많아지고<br/>왜 내가 이렇게 힘들어야 하는지<br/>왜 보통 혼자 남은 사람들이<br/>그렇게들 말하잖아<br/>그 시간에 뭘 해야 할지 몰라<br/>그 자리에 뭘 채워야 할지 몰라서<br/>이 빈자리가 너무 커서<br/>그 빈자리가 너무 시려서<br/>뭘 해야 할지 몰라<br/>이제 더는 못할 것 같아<br/>그 빈자리가 너무 시려서<br/>왜 보통 금연하는 사람들이<br/>그렇게들 말하잖아<br/>그 시간에 뭘 해야 할지 몰라<br/>그 자리에 뭘 채워야 할지 몰라서<br/>이 빈자리가 너무 커서<br/>그 빈자리가 너무 시려서<br/>뭘 해야 할지 몰라 이제<br/>더는 못할 것 같아<br/>그 빈자리가 너무<br/>우리 시간을 되돌리기엔<br/>너무 멀어졌어<br/>네게 잘 지내냔 문자조차<br/>보낼 수 없는 난<br/>그대의 자리에 지금 이 자리에<br/>다시 너로 채울 수만 있다면<br/>이 빈자리가 너무 아파<br/>그 빈자리가 너무 시려서<br/>뭘 해야 할지 몰라<br/>이젠 더는 못할 것 같아<br/>그 빈자리가 너무 시려서<br/>
"
4024,이젠 없어,임홍기임홍기,이젠없어,51,<dd>2019.07.01</dd>,"곁에 있으며 항상 내게 <br/>힘이 되어줬던 너<br/>별거아닌 나에게 <br/>빛이 되어주던 너<br/>웃음이 끊이질 않고<br/>행복했던 네 곁의 나<br/>그땐 좋았지 우리의 모습은<br/>시간이 어느덧 일년이 지났어 <br/>좋았던 우리가 헤어짐을 말한게<br/>이제 너는 괜찮니<br/>나는 아직 아닌데<br/>그립다 우리 좋았던 그날<br/>사소했던 우리 연락도<br/>마주보며 했던 얘기도 <br/>이제는 할수없어<br/>너무 멀어진 우리<br/>매일했던 사랑고백<br/>행복했었던 우리는<br/>이젠 없어 이젠 없어 우리<br/>잊혀지길바랬고 한편은 두려웠었어<br/>좋았던 그 추억들이 잊혀지는 거니까<br/>잊기엔 너무 아프고 <br/>잊혀지기엔 너무 <br/>좋았던 추억들이라서<br/>사소했던 우리 연락도<br/>마주보며 했던 얘기도<br/>이제는 할 수 없어<br/>너무 멀어진 우리<br/>매일했던 사랑고백<br/>행복했었던 우리는<br/>이젠 없어 이젠 없어 우리<br/>밝게웃던 네 모습 <br/>너무 그리워 밤이오면 <br/>나에게 사랑을 알려줬던 너<br/>이젠 없어<br/>행복했던 우리 모습도<br/>사랑한다 했던 그말도<br/>이제는 할 수 없어<br/>너무 멀어진 우리 <br/>다시 돌아간다해도<br/>행복했었던 우리는<br/>이제없어 이제없어 우리<br/>
"
4025,위로가 필요한 밤,장겨울장겨울,위로가 필요한 밤,26,<dd>2019.07.01</dd>,"힘든 일 있었니 오늘 하루<br/>혼자 말못하고 끙끙 앓고 있니<br/>그런 일 있을때 너의 곁에<br/>내가 있단 걸 알았음 해<br/>누군갈 만나도 쓸쓸하고<br/>혼자 있을땐 울고 싶어 질때면<br/>맘껏 울고 모두 털어내고<br/>내 곁에 잠시 머물면 돼<br/>stay with me I always love you<br/>내 어깰 빌려 줄테니<br/>마음껏 울어도 돼<br/>소란한 마음 모두 내곁에 두고 가<br/>이제 괜찮아 질거야<br/>혼자 거릴 걷다보면<br/>내 노래가 들릴거야<br/>위로가 되어 주고 싶은걸<br/>까만 밤이 찾아오면<br/>별이 되어줄 거야<br/>네 곁을 지켜 줄거야<br/>Stay with me I always love you<br/>내 어깰 빌려 줄테니<br/>마음껏 울어도 돼<br/>소란한 마음 모두 내곁에 두고 가<br/>이제 괜찮아 질거야<br/>Stay with me I always love you<br/>혼자서 모든것들을<br/>버티지 않아도 돼<br/>소란한 마음 모두 내곁에 두고 가<br/>이제 괜찮아 질거야<br/>
"
4026,새벽 4시,이해(Yi Hae)이해(Yi Hae),새벽 4시,45,<dd>2019.07.01</dd>,"자다가 깬 건지<br/>아님 못 잔 건지<br/>홀로 있는 것 같은 새벽<br/>내게로 날아온 답장 하나<br/>여태 깨어 있었어<br/>요즘에 잘 못 자<br/>둘이서 주고받는 대화<br/>뜬눈으로 맞는 아침<br/>사람들 저 너머에 슬픈 노래<br/>슬픈 영화는 좋아하지만<br/>자신들 곁에 있는 슬픈 얘기<br/>슬픈 사람은 외면하더라<br/>그래 우리같은 사람들은<br/>지친 모습을 하고서<br/>어디로 흘러가고 있는 걸까<br/>우린 왜 이렇게 슬픈 사람들인 걸까<br/>혹시 자고 있니<br/>오늘도 난 글렀어<br/>혼자서 이어 가는 대화<br/>뜬눈으로 듣는 아침 알람<br/>사람들 저 너머에 슬픈 노래<br/>슬픈 영화는 좋아하지만<br/>자신들 곁에 있는 슬픈 얘기<br/>슬픈 사람은 외면하더라<br/>그래 우리같은 사람들은<br/>지친 모습을 하고서<br/>어디로 흘러가고 있는 걸까<br/>우린 왜 이렇게<br/>우린 왜 이렇게<br/>나약하고 상처받고<br/>쉽게도 무너지는 걸까<br/>모든 걸 이해해 주기를<br/>바라진 않았는데<br/>우리들 저 너머에 슬픈 노래<br/>슬픈 영화를 참 닮아서<br/>지금도 외면받는 슬픈 얘기<br/>슬픈 사람들 곁에 있잖아<br/>그래 우리같은 사람들은<br/>지친 모습을 하고도<br/>이렇게 서로 곁에 남아 있어<br/>너만큼 잠 못 드는 내가<br/>내가 여기 있어<br/>
"
4027,시작이야 이젠,구본웅 (Ku Bon Woong)구본웅 (Ku Bon Woong),시작이야 이젠,1,<dd>2019.07.01</dd>,"물결이 치는 바다로 <br/>즐거운 추억 <br/>익숙한 것들 저뒤로 <br/>낯설지만 행복해 <br/>oh ready <br/>시작이야 이젠 <br/>부푼꿈을 안고서 <br/>니가 찾아헤맨 모든것을 만나고 <br/>oh ready <br/>출발이야 우리 <br/>사랑찾아 떠나고 <br/>지금 니가 서서 기다리는 그곳에 <br/>이시간 순간 놀라운<br/>펼쳐진 세계 <br/>하루가 지면 아쉬워 <br/>그렇지만 내일이 <br/>oh ready<br/>시작이야 이젠 <br/>부푼꿈을 안고서 <br/>니가 찾아헤맨 모든것을 만나고 <br/>oh ready <br/>출발이야 우리 <br/>사랑찾아 떠나고 <br/>지금 니가 서서 기다리는 그곳에 <br/>oh ready<br/>시작이야 이젠<br/>부푼꿈을 안고서 <br/>니가 찾아헤맨 모든것을 만나고 <br/>oh ready <br/>출발이야 우리 <br/>사랑찾아 떠나고 <br/>지금 니가 서서 기다리는 그곳에 <br/>oh ready<br/>시작이야 이젠<br/>부푼꿈을 안고서 <br/>니가 찾아헤맨 모든것을 만나고 <br/>oh ready <br/>출발이야 우리 <br/>사랑찾아 떠나고 <br/>지금 니가 서서 기다리는 그곳에 <br/>라라라 라라라라 라라라 <br/>라라라라 라라라 <br/>라라 라라 라라 라라라라 라라라 <br/>라라라 라라라라 라라라 <br/>라라라라 라라라 <br/>라라 라라 라라 라라라라 라라라 <br/>라라라 라라라라 라라라 <br/>라라라라 라라라 <br/>라라 라라 라라 라라라라 라라라<br/>
"
4028,비가 내리면,Spellbound (스펠바운드)Spellbound (스펠바운드),비가 내리면,10,<dd>2019.07.01</dd>,"끝끝내 고백 못했던 <br/>열아홉 수줍음은 <br/>무더운 여름끝에 만난 <br/>소나기마냥 지나갔네 <br/>비가 내리면 비가 내려오면 <br/>영화 같은 일을 꿈꿔본다 <br/>니가 내 앞에 나타난다 <br/>덤덤하게 널 불러본다 <br/>정말 모든게 꿈꾸는 듯 했다 <br/>그땐 그땐 모든게 <br/>너만 있던 세상이였다 <br/>묵묵히도 난 버티어줬다 <br/>그때의 난 널 놀랄만큼 견뎌줬다 <br/>비는 온종일 내려 마주해 안아본다 <br/>한번은 마주 칠거라 <br/>생각은 했었지만 <br/>내 이름을 불러줬을땐 <br/>소나기처럼 적셔오네 <br/>비가 내리면 비가 내려오면 <br/>영화 같은 일을 꿈꿔본다 <br/>니가 내 앞에 나타났다 <br/>먹먹하게 널 불러본다 <br/>정말 너에 모든게 그리웠다 <br/>그땐 그땐 모든게 <br/>너만 있던 시절이였다 <br/>묵묵히 또 널 보내준다 <br/>지금의 난 널 가슴속에 묻어둔다 <br/>비는 온종일 내리고 마냥 걸어본다<br/>비가 내리면 비가 내려오면 <br/>비가 내려오면 <br/>비가 내리면 <br/>비가 내리면 비가 내려오면<br/>비가 내려오면<br/>비가 내리면<br/>
"
4029,기도,반루 (Van Ru)반루 (Van Ru),기도,1,<dd>2019.07.01</dd>,"이 한 세상<br/>그댈 못 만날까 봐<br/>하루에도 몇 번씩<br/>기도를 하죠 오<br/>이슬 맺힌<br/>하얀 손 끝 어디에<br/>그대가 보일 듯 하죠<br/>고개를 들어보아요<br/>멀어진 세월 숨이 차도<br/>한가지 그대 살아있는<br/>약속에 추스르며<br/>다시 잠이 들곤 해<br/>가려진 시간<br/>모두 내어 놓아도<br/>예전처럼 그대를<br/>사랑할 수 있을까<br/>잘려진 기억<br/>모두 버릴 수 없어서<br/>더 슬픈 사람<br/>지워진 사진 안고서<br/>그대를 찾아 나서봐도<br/>날 위해 기도해줄<br/>그대 떠올라<br/>찢어진 얼굴을<br/>주워 담곤 해<br/>가려진 시간<br/>모두 내어 놓아도<br/>예전처럼 그대를<br/>사랑할 수 있을까<br/>잘려진 기억<br/>모두 버릴 수 없어서<br/>더 슬픈 사람<br/>모두 버리고<br/>이젠 돌아가고 싶어<br/>너의 곁으로 되나요<br/>
"
4030,두근두근 (Feat. 길은경 (Piano Only Ver.)),FM43FM43,두근두근 (Piano Only Ver.),11,<dd>2019.07.01</dd>,가사가 없습니다
4031,다시 그 날,송현근송현근,다시 그 날,113,<dd>2019.07.01</dd>,"믿기 힘들었던 그 날<br/>다시 너를 만난 그 날<br/>행복한 눈물은 처음 흘려 봤어<br/>더 믿기 힘들었던 그 날<br/>다시 너 떠난 날<br/>익숙한 눈물이 그때처럼 흘러<br/>기다리고 기다리던 <br/>내내 참 바보 같았어<br/>넌 내가 없어도 되는 사람<br/>우리 다시 시작하기로 했던 그 날<br/>굳이 억지로 모든걸 맞추려 했어<br/>오지 않을 줄 알았던<br/>다신 없을 것 같았던<br/>바보 같았던 그 날 그때로 다시<br/>또 같은 이유 같은 이별<br/>그때와 똑같이 아파도<br/>난 네가 없인 안되는 사람<br/>우리 다시 시작하기로 했던 그 날<br/>굳이 억지로 모든걸 맞추려 했어<br/>오지 않을 줄 알았던<br/>다신 없을 것 같았던<br/>바보 같았던 그 날 그때로 다시<br/>사랑해 떠나지 못했던 그 날들<br/>이젠 행복하기를 바랄게<br/>다시 시작하지는 않기로 해<br/>곁에 오래 있어줘서 진심으로 감사해<br/>가끔 서로를 그리며 <br/>서로를 미워도 하며<br/>그렇게 우리 잠깐씩 만 사랑하자<br/>
"
4032,문,"이다진, 한지희이다진, 한지희",문,31,<dd>2019.07.01</dd>,"굳게 잠긴문에<br/>기대어 올려다보는 천장은<br/>허전한 방을 채우려 했지<br/>차가운 달빛에 난<br/>흩어진 창문 사이로<br/>들어온 달빛마저 가라앉고<br/>어두운 밤 안 위에 깨어<br/>고요한 침묵속에 사라진<br/>굳게 잠긴 나<br/>굳게 닫힌 나<br/>하얀 종이위에<br/>덧없이 스치고 지나가버린<br/>흐려진 글자들로<br/>흩어진 창문 사이로<br/>들어온 달빛마저 가라앉고<br/>어두운 밤 안 위에 깨어<br/>고요한 침묵속에 사라진<br/>굳게 잠긴 나<br/>굳게 닫힌 나<br/>굳게 잠긴문에<br/>
"
4033,오늘 하루,김준철김준철,오늘 하루,21,<dd>2019.07.01</dd>,"오늘 하루 많이 길다<br/>끝나지도 않는<br/>유난히 바쁘지도 않고<br/>하필 만날 사람도 없어<br/>솔직히 언젠가는<br/>올 것만 같던 날이<br/>막상 오니 조금 힘드네 오늘<br/>누구의 위로도 전혀 들리지 않아<br/>잠잠히 노랠 들어 보지만<br/>왈칵 쏟아지는 눈물 후에는<br/>좀 더 괜찮아 지길<br/>잠이 언제 들까<br/>오늘 하루 참 길다<br/>
"
4034,가족이 생긴 것 같아,그 밤그 밤,가족이 생긴 것 같아,31,<dd>2019.07.01</dd>,"날 믿어주는 몇 안 되는<br/>그 사람들 때문에 살아<br/>있잖아 나는 원래부터<br/>혼자라고 생각했는데<br/>요즘엔 가족이 생긴 것 같아<br/>기댈 곳이 생긴 것 같아<br/>멈출 곳이 생긴 것 같아<br/>그래서 쉴 수가 없는 것 같아<br/>그다지 기대하지 않던 나의<br/>내일이 기대하게 된 것 같아<br/>웃으며 나갈 수 있는 것 같아<br/>그래서 불안하게 된 것 같아<br/>요즘엔 가족이 생긴 것 같아<br/>기댈 곳이 생긴 것 같아<br/>멈출 곳이 생긴 것 같아<br/>그래서 쉴 수가 없는 것 같아<br/>그다지 기대하지 않던 나의<br/>내일이 기대하게 된 것 같아<br/>웃으며 나갈 수 있는 것 같아<br/>그래서 불안하게 된 것 같아<br/>요즘엔 가족이 생긴 것 같아<br/>기댈 곳이 생긴 것 같아<br/>멈출 곳이 생긴 것 같아<br/>그래서 쉴 수가 없는 것 같아<br/>그다지 기대하지 않던 나의<br/>내일이 기대하게 된 것 같아<br/>웃으며 나갈 수 있는 것 같아<br/>그래서 불안하게 된 것 같아<br/>요즘엔 가족이 생긴 것 같아<br/>
"
4035,바람처럼 네게 갈테니,염유리염유리,조선생존기 OST Part.3,319,<dd>2019.06.30</dd>,"너와 함께한 계절이 <br/>다시 돌고 돌아와 <br/>아련하게 널 떠오르게 해 <br/>너를 품고 따스했던 <br/>잊지 못할 네 온기도 <br/>아련히 남아 너를 떠올려 <br/>익숙했던 바람이 날 스쳐 네게 갈테니 <br/>기억해줘 이 바람을<br/>나와 함께한 시간을<br/>돌고 돌아 다시 나 올테니<br/>기억해줘 이 바람을<br/>너를 향했던 내 맘을 <br/>다시 돌고 돌아 네게로 갈테니 <br/>날 기다려줘 <br/>너와 함께한 기억이 <br/>마음속에 남고 남아 <br/>아련하게 널 떠오르게 해<br/>너를 품고 따스했던 <br/>잊지 못할 네 온기도 <br/>아련히 남아 너를 떠올려 <br/>익숙했던 바람이 날 대신해 네게 갈테니 <br/>기억해줘 이 바람을<br/>나와 함께한 시간을<br/>돌고 돌아 다시 나 올테니<br/>다시 네게로 갈테니<br/>기억해줘 이 바람을<br/>너를 향했던 내 맘을 <br/>다시 돌고 돌아 네게로 갈테니 <br/>날 기다려줘 <br/>닿을 수 없는 너와 나 <br/>안타까움에 숨을 죽이고 <br/>난 눈물을 참아 <br/>터질 수 없는 슬픔이 oh<br/>찢어지는 듯 다시 아려와 <br/>기억해줘 이 바람을 <br/>나와 함께한 시간을<br/>돌고 돌아 다시 나 갈테니 <br/>기억해줘 이 바람을<br/>너를 품었던 내 맘을<br/>다시 돌고 돌아 널 찾아 갈테니<br/>날 기다려 줘<br/>
"
4036,한계령,임수연임수연,세상에서 제일 예쁜 내 딸 (KBS 2TV 주말드라마) OST - Part.7,867,<dd>2019.06.30</dd>,"저 산은 내게 오지 마라 오지 마라 하고<br/>발 아래 젖은 계곡 첩첩산중<br/>저 산은 내게 잊으라 잊어버리라 하고<br/>내 가슴을 쓸어내리네<br/>아 그러나 한 줄기 <br/>바람처럼 살다 가고파<br/>이 산 저 산 눈물 구름 몰고 다니는 <br/>떠도는 바람처럼<br/>저 산은 내게 내려가라 내려가라 하네<br/>지친 내 어깨를 떠미네<br/>아 그러나 한 줄기 <br/>바람처럼 살다 가고파<br/>이 산 저 산 눈물 구름 몰고 다니는 <br/>떠도는 바람처럼<br/>저 산은 내게 내려가라 내려가라 하네<br/>지친 내 어깨를 떠미네<br/>
"
4037,Monster,주효주효,Monster,212,<dd>2019.06.30</dd>,"Your fever, your fear, your anger, why wouldn't they run away<br/>너의 온기, 너의 두려움, 너의 분노는 사라지지 않아<br/>The monster that we fed, we unchained is coming to rage and reign<br/>우리가 키운 괴물이 족쇄를 풀고 날뛰며 군림하려 해<br/><br/>Your hands are made of claws to rip<br/>너의 손은 날카로운 발톱으로<br/>Your hair turns into snakes<br/>머리카락은 뱀으로 변하네<br/><br/>I see the monsters crawling in your throat<br/>너의 목구멍을 기어오르는 괴물들을 봐<br/>Their aim is on my heart<br/>내 심장을 겨냥하고 있어<br/>As I open up they tear me down, tear me down<br/>저항할 수 없는 나를 찢고 또 찢겠지<br/><br/>Thrashers whipping on my back<br/>내 등에는 채찍이 날아와 꽂히고<br/>Your voice is in my head ""fear me now, fear me now""<br/>너의 목소리가 내 머릿속을 채워 “이런 내가 두려우니”<br/>Do you even know what you've become <br/>도대체 넌 무엇으로 변해가고 있는 거야<br/><br/>Thrill me my baby, keep rocking and rolling, I'm here to stay<br/>난 떠나지 않아 내 사랑, 계속 돌고 흔들어 날 황홀하게 해줘 <br/>Come higher, you're on fire, leave nothing but ashes along your way<br/>더 높이 날아, 넌 모든 것을 재로 만들려는 듯 불타고 있어. <br/><br/>Your face is made of golden leaves<br/>금빛 잎사귀들로 만들어진 너의 얼굴<br/>And your words are thorns for survival<br/>살아남기 위해 가시 돋친 말들을 둘렀네<br/><br/>I see the monsters crawling in your throat<br/>너의 목구멍을 기어오르는 괴물들을 봐<br/>Their aim is on my heart<br/>내 심장을 겨냥하고 있어<br/>As I open up they tear me down, tear me down<br/>저항할 수 없는 나를 찢고 또 찢겠지<br/><br/>Thrashers whipping on my back<br/>내 등에는 채찍이 날아와 꽂히고<br/>Your voice is in my head ""fear me now, fear me now""<br/>너의 목소리가 내 머릿속을 채워 “이런 내가 두려우니”<br/>Do you even know what you've become <br/>도대체 넌 무엇으로 변해가고 있는 거야<br/><br/>Break your mirrors blind that light<br/>거울을 깨고 모든 빛을 가려<br/>We're only screaming we won't fight<br/>우리는 소리치고 있을 뿐 싸우는게 아니잖아 <br/>When even silence breaks your heart apart baby<br/>고요함 조차 가슴을 찢어버릴 때가 온다면<br/>Don't be a hero, run for your life, for your life<br/>영웅이 되려 하지마, 살기 위해 달리고 또 달려<br/><br/>See that monster crawling in my throat<br/>내 목구멍을 기어오르는 괴물들을 봐<br/>Your aim is on my heart<br/>넌 내 심장을 겨냥하여<br/>I open up they tear me down, tear me down<br/>저항할 수 없는 나를 찢고 또 찢겠지<br/><br/>Thrashers whipping on my back<br/>내 등에는 채찍이 날아와 꽂히고<br/>Your voice is in my head ""fear me now, fear me now""<br/>너의 목소리가 내 머릿속을 채워 “이런 내가 두려우니”<br/>I still love what you've become<br/>난 지금 너의 모습조차 사랑해<br/>
"
4038,이별할까요,NIDANIDA,이별할까요,"1,350",<dd>2019.06.30</dd>,"우리 이제 꿈인 거야<br/>내게 새긴 추억들까지도<br/>모두 거짓말처럼<br/>매일 나 수없이 상상을 해봐<br/>너 없는 하루에도 괜찮을 수 있을까<br/>이별할까요 아플 줄 알아도<br/>버릇처럼 나 또 후회하겠죠<br/>좋았던 날들만 기억해줘<br/>이제 와 실감 나는 건<br/>네가 없는 이 자리에 나만<br/>혹시 나 뒤돌아볼지 몰라도<br/>애써 참아볼게요 나를 외면해줘요<br/>널 잡을 수도 없게<br/>사랑할까요 아플 줄 알아도<br/>버릇처럼 나 또 후회하겠죠<br/>좋았던 날들만 기억해줘<br/>또다시 실감 나는 건<br/>네가 없는 이 자리에 남아<br/>너를 보낸 후에야<br/>어리석은 내 미련이<br/>더 초라해졌어<br/>혼자 이별하고 사랑했던<br/>모자란 내 착각들이<br/>널 밀어냈었어<br/>되돌릴 수 있을까<br/>돌아봐줘요<br/>좋았던 날들만 기억해줘<br/>이제 와 실감 나는 건<br/>네가 없는 이 자리에 나만<br/>너를 만나 아팠던<br/>
"
4039,단 하루만,이미쉘이미쉘,여름아 부탁해 OST Part.14,289,<dd>2019.06.30</dd>,"시간이 얼마나 지나야<br/>아무렇지 않을 수 있을런지<br/>물 조차도 삼키지 못해<br/>눈물로 다 샐까봐<br/>두고 간 기억이 다 아름다워<br/>어떻게 널 잊으란 말야<br/>하루만 단 하루만<br/>널 몰랐던 그때로 돌릴 순 없을까<br/>너를 사랑한 그 댓가로<br/>이렇게 아플줄은 몰랐어<br/>너무 사랑했나봐<br/>어딜 봐도 다 묻어있어<br/>함께 한 추억들이<br/>잊으려 다른 누굴 만나봐도<br/>자꾸만 네가 겹쳐 보 여<br/>하루만 단 하루만<br/>널 몰랐던 그때로 돌릴 순 없을까<br/>너를 사랑한 그 댓가로<br/>이렇게 아플줄은 몰랐어<br/>너무 사랑했나봐<br/>달이 차서 기울 듯 내 사랑이 넘쳐서<br/>네가 날 떠난건 아닐까<br/>참 좋았었는데 분명 사랑했는데<br/>어쩌다 이별인거니<br/>하루만 단 하루만<br/>널 몰랐던 그때로 돌릴 순 없을까<br/>살아도 사는게 아냐<br/>숨도 잘 못쉬겠어 너 하나 없는데<br/>하루만 단 하루만<br/>널 몰랐던 그때로 돌릴 순 없을까<br/>너를 사랑한 그 댓가로<br/>이렇게 아플줄은 몰랐어<br/>아직 사랑하나봐<br/>
"
4040,너랑 나랑(with 헤네시),허리 (Honey-Lee)허리 (Honey-Lee),너랑 나랑(with 헤네시),10,<dd>2019.06.30</dd>,"아침에 눈을 뜨고<br/>똑같은 시간에 길을 나서<br/>언제나 나와 같은 곳<br/>그곳에는 항상 니가 있어<br/>하루하루 무의미 하게<br/>지나가는 하늘이 보여<br/>매일매일 똑같은 하늘<br/>속에 너라는 별이 빛나<br/>너랑나랑은 oh 나랑 너랑은<br/>come with me<br/>come with me<br/>baby what you do<br/>baby what you do<br/>it is all right<br/>사람들이 가득 한<br/>버스 정류장을 빠져나와<br/>어두운 퇴근길을<br/>서둘러서 걷는 니가 보여<br/>하루하루 무의미 하게<br/>흘러가는 구름이 보여<br/>매일매일 똑같은 하늘<br/>속에 너라는 별이 빛나<br/>너랑나랑은 oh 나랑 너랑은<br/>come with me<br/>come with me<br/>baby what you do<br/>baby what you do<br/>it is all right<br/>내 손 꼭 잡아준<br/>네 마음을 알 수 있어<br/>오늘이 지나 내일이 와도<br/>변하지 않을 너란걸<br/>너랑나랑은 oh 나랑 너랑은<br/>come with me<br/>come with me<br/>baby what you do<br/>baby what you do<br/>it is all right<br/>
"
4041,장마,케이윌케이윌,[Vol.22] 유희열의 스케치북 10주년 프로젝트 : 열 번째 목소리 `유스케 X 케이윌`,"5,448",<dd>2019.06.29</dd>,"보내줄게 네가 지치지 않게<br/>보내줄게 우리란 울타리 밖에<br/>나를 떠나면 두 번 다시 내게 또다시<br/>돌아오지 않을 걸 알아<br/>알면서도 널 붙잡을 수가 없는<br/>바보 같은 내가 화가 나<br/>그래서 계속 눈물이 나<br/>넌 나의 태양<br/>네가 떠나고 내 눈엔 항상 비가 와<br/>끝이 없는 장마의 시작이었나 봐<br/>이 비가 멈추지 않아<br/>기다릴게 오지 않겠지만 넌<br/>기다릴게 네가 잊혀질 때까지<br/>너는 내게로 두 번 다시 내게 또다시<br/>돌아오지 않을 걸 알아<br/>알면서도 너 하나만 기다리는<br/>바보 같은 내가 화가 나<br/>그래서 계속 눈물이 나<br/>넌 나의 태양<br/>네가 떠나고 내 눈엔 항상 비가 와<br/>끝이 없는 장마의 시작이었나 봐<br/>시간이 멈춘 것 같아<br/>이 비가 멈추질 않아<br/>빗물이 차올라<br/>가슴이 터질 것 같아<br/>넌 나의 태양<br/>네가 떠나고 내 눈엔 항상 비가 와<br/>끝이 없는 장마의 시작이었나 봐<br/>이 비가 멈추지 않아<br/>언젠가 네가 돌아오면<br/>그땐 널 보내지 않아<br/>
"
4042,투닥투닥,엔 (N)엔 (N),투닥투닥,"3,944",<dd>2019.06.29</dd>,"오늘따라 예뻐 보여 괜찮다 너<br/>아 아니<br/>오늘만 예쁘다는 말은 아닌데<br/>또 그렇게 날 곤란하게 괴롭혀 너<br/>내 마음 잘 알면서 짓궂게 참<br/>왜 이래 정말 그래<br/>나는 너만 보여 걱정 마<br/>왜 그래 제발 그만 화 좀 풀어줘<br/>내 옆엔 네가 아님 안 되는 걸 알아<br/>제발 좀 살려줘<br/>난 매일매일 투닥투닥<br/>그래도 너무 좋은 걸<br/>둘이서만 속닥속닥<br/>이렇게 하고 싶은 걸<br/>너에게만 보여주고 싶은 나<br/>이렇게나 널 좋아해<br/>또 그렇게 널 곤란하게 괴롭혀 난<br/>네 마음 잘 알면서 짓궂게 참<br/>잘 알아 걱정 안 해<br/>너는 나만 보고 있잖아<br/>미안해 한참 전에 알고 있었어<br/>네 옆엔 내가 아님 안 되는 걸 알아<br/>넌 정말 귀여워<br/>난 매일매일 투닥투닥<br/>그래도 너무 좋은 걸<br/>둘이서만 속닥속닥<br/>이렇게 하고 싶은 걸<br/>너에게만 보여주고 싶은 나<br/>이렇게나 널 좋아해<br/>난 너에게서 토닥토닥<br/>하루를 위로받는 걸<br/>둘이서만 속닥속닥<br/>이렇게 하고 싶은 걸<br/>너에게만 듣고 싶은 이야기<br/>이렇게 너를 좋아해<br/>이렇게 많이 좋아해<br/>너만큼 나도 사랑해<br/>
"
4043,EQUAL,비스윗비스윗,EQUAL,105,<dd>2019.06.29</dd>,"어제와는 다른 모습이었죠<br/>그댄 내게 화만 냈어요<br/>돌아선 그림자 끝만 밟고<br/>눈물과는 먼 이별이 되었죠<br/>나는 왠지 후련했어요<br/>멀어진 마음만 남은 시간<br/>혼자 있어도 어색하지 않아요<br/>함께 있을 때 너무나도 아팠죠<br/>외로움이라는 건<br/>사랑 EQUAL 이라 배웠죠<br/>아닌가요<br/>울어도 슬프지가 않아요<br/>웃어도 불편했던 마음이<br/>그리움이라는 것조차<br/>지워지게 만들죠<br/>아닌가요<br/>어제와는 다른 모습이었죠<br/>그댄 내게 사과했어요<br/>진심이 아니다 맹세한다<br/>기쁨과는 먼 재회가 되었죠<br/>나는 왠지 웃음 났어요<br/>멀어진 마음만 남은 시간<br/>혼자 있어도 어색하지 않아요<br/>함께 있을 때 너무나도 아팠죠<br/>외로움이라는 건<br/>사랑 EQUAL 이라 배웠죠<br/>아닌가요<br/>울어도 슬프지가 않아요<br/>웃어도 불편했던 마음이<br/>그리움이라는 것조차<br/>지워지게 만들죠<br/>아닌가요<br/>떠나간대도 슬프지가 않아요<br/>함께 있을 때 너무나도 아팠죠<br/>외로움이라는 건<br/>사랑 EQUAL 이라 배웠죠<br/>아닌가요<br/>울어도 슬프지가 않아요<br/>웃어도 불편했던 마음이<br/>사랑했다라는 것조차<br/>지워지게 만들죠<br/>아닌가요<br/>
"
4044,"그래요, 난",김민영김민영,"그래요, 난",161,<dd>2019.06.29</dd>,"그래요, 난 - 김민영 <br/>처음부터 내겐 꿈이었던 거죠<br/>그댈 알고 곁에 남고 그댈 닮아가는<br/>하루가 소중했던 내가 바보였었죠<br/>그댈 담기엔 내가 부족한데<br/>이제는 나 끝났단 걸 알죠<br/>그대 없이 보낸 뒤처진 하루들<br/>찬바람에 기대어<br/>떠올리던 그대란 사람<br/>아직도 내겐 이리 벅찬데<br/>그래요 난 그대에게<br/>불편한 사람인 거죠<br/>이별에 서툰 나는 아무 말도 못 했죠<br/>그대의 뒷모습이<br/>자꾸 눈에 아른거려서<br/>떠나갈 수도 한없이 그대를<br/>기다릴 수도 없네요<br/> - 연주중 - <br/>그때는 나 행복했었다고<br/>그때만큼 누굴 사랑한 적 없다고<br/>서로가 안겨준<br/>그 상처들은 지워졌나요<br/>아직도 그댄 내가 미운가요<br/>그래요 난 그대에게<br/>불편한 사람인 거죠<br/>이별에 서툰 나는 아무 말도 못 했죠<br/>그대의 뒷모습이<br/>자꾸 눈에 아른거려서<br/>떠나갈 수도 한없이 그대를<br/>기다릴 수도 없네요<br/>이미 그대 하나로 채워졌던<br/>그대 없이는 상처뿐인 내가<br/>그대를 잊어도 눈물로 남겠죠<br/> - 연주중 - <br/>그래요 난 그대에게<br/>불편한 사람인 거죠<br/>이별에 서툰 나는 아무 말도 못 했죠<br/>우리의 뒷모습이<br/>자꾸 눈에 아른거려서<br/>떠나갈 수도 한없이 그대를<br/>기다릴 수도 없네요<br/> <br/>
"
4045,네 생각에,DUDU,Dive in U,10,<dd>2019.06.29</dd>,"다 저물어가<br/>또 반복되는<br/>내 일상이 다<br/>이젠 익숙해져<br/>커피를 들고<br/>창밖을 쳐다봐<br/>추억에 잠기고<br/>입가엔 미소가<br/>아무렇지 않은척 해도<br/>힘들 때 기댈 수 있는 너가<br/>옆에 없는게 두려워<br/>I don’t wanna live without you<br/>널 보면 이렇게 좋은데<br/>눈물이 흘러<br/>You are my shining star<br/>더 밝게 빛나줘<br/>내가 찾을수 있게<br/>더는 외롭지 않게<br/>You are the light<br/>내 길을 비춰줘<br/>내가 웃을수 있게<br/>네 생각에 잠들고 싶어 난 girl<br/>빛나던 우리의 추억<br/>한켠에 묻어둔 채로<br/>널 다시 만나러가<br/>잊지 못할 너와의 기억<br/>아직도 내 맘엔 오직 너<br/>아무리 채워도 부족한 걸<br/>You know<br/>아무렇지 않은 척 해도<br/>힘들 때 기댈 수 있는 너가<br/>옆에 없는게 두려워<br/>I don’t wanna live without you<br/>널 보면 이렇게 좋은데<br/>눈물이 흘러<br/>You are my shining star<br/>더 밝게 빛나줘<br/>내가 찾을 수 있게<br/>더는 외롭지 않게<br/>You are the light<br/>내 길을 비춰줘<br/>내가 웃을 수 있게<br/>네 생각에 잠들고 싶어 난<br/>I never wanna let you go<br/>Your in my heart<br/>아프지 않게 슬프지 않게<br/>날 기다려줘<br/>다시 만나는 날을 약속해<br/>오늘도 널 그리며 잠이 들어<br/>you are my 오늘도 너와 함께였으면<br/>You are my shining star<br/>더 밝게 빛나줘<br/>내가 찾을 수 있게<br/>더는 외롭지 않게<br/>You are the light<br/>내 길을 비춰줘<br/>내가 웃을 수 있게<br/>네 생각에 잠들고 싶어 난 girl<br/>
"
4046,오랜만이에요,DOHADOHA,오랜만이에요,43,<dd>2019.06.29</dd>,"혹시나 늦을까 계속 시계만<br/>바라보며 도착한<br/>작은 카페에 서둘러 준비하며<br/>사람들 앞에 앉았을때<br/>익숙한 모습에 다른 사람과<br/>웃으며 마주보는 모습을<br/>애써 피하며 노래를 했지<br/>오랜만이에요<br/>아무렇지 않게<br/>그대에게 인사를 건네<br/>내 모습 초라할까봐<br/>이제 그대 곁에는<br/>다른 사람과의 행복한<br/>시간만이 함께 하겠죠<br/>여전히 내 눈은 계속<br/>그대만 바라보며 여기에 난<br/>멈춰 있는데<br/>다른 사람과 웃으며<br/>바라보는 눈빛을 애써<br/>피하며 눈물만 흘렸지<br/>오랜만이에요<br/>아무렇지 않게<br/>그대에게 미소를 건네<br/>내 모습 초라할까봐<br/>이제 그대 곁에는<br/>다른 사람과의 행복한<br/>시간만이 함께 하겠죠<br/>다른 사람과<br/>함께 있는 널 볼때 마다<br/>내 가슴 한 켠 아려와<br/>매일 널 지우자 수백번<br/>다짐해도 안되나봐 나는<br/>시간 지나 이젠 그댈 위해<br/>이 노랠 불러<br/>내 맘에 간직해왔던<br/>함께한 추억만은 아름다웠던<br/>그 때 우리의 기억들로<br/>남아 주기를 바래<br/>
"
4047,넌 사랑스런 남자란 걸,타르트타르트,넌 사랑스런 남자란 걸,615,<dd>2019.06.28</dd>,"kissing you my boy I love you my love<br/>나에게만 넌 사랑스런 남자란걸 널<br/>사랑하게 된 순간 너만 보게 되는 나<br/>oh you are my love<br/>요즘 너를 떠올릴때면<br/>입가에 미소가 나도 모르게<br/>너를 바라보면 내 얼굴이 빨개지고<br/>내 심장이 빨리 뛰고<br/>자꾸만 내가 왜 이러는건지<br/>kissing you my boy I love you my love<br/>나에게만 넌 사랑스런 남자란걸 널<br/>사랑하게 된 순간 너만 보게 되는 나<br/>oh you are my love<br/>너와 거리를 걸을때면<br/>드라마 세트장 걷는 느낌이<br/>주인공이 된듯  설레임이 가득해져<br/>니 눈빛이 너무 멋져<br/>너와 나 서로만 바라보잖아<br/>kissing you my boy I love you my love<br/>나에게만 넌 사랑스런 남자란걸 널<br/>사랑하게 된 순간 너만 보게 되는 나<br/>oh you are my love<br/>하루 온종일 그대가<br/>내 머릿속에 자꾸만 맴돌죠<br/>kissing you my boy I love you my love<br/>나에게만 넌 사랑스런 남자란걸 널<br/>사랑하게 된 순간 너만 보게 되는 나<br/>oh you are my love<br/>
"
4048,향기,샘김 (Sam Kim)샘김 (Sam Kim),검색어를 입력하세요 WWW OST Part 4,"28,097",<dd>2019.06.28</dd>,"No Way<br/>니가 발을 딛는 곳마다<br/>내가 있을 거라고 나는 말했지<br/>그림자가 지는 곳에 너의 마음이<br/>가라앉기도 전에 나는 말을 건네지<br/>우리 그냥 아무것도 하지 말자<br/>우리 그래 아무것도 하지 말자<br/>니가 바라던 내가 바랬던<br/>도시의 밤은 독해<br/>내가 마셨던 오늘의 술은 또<br/>너의 머릿결을 통해<br/>나쁜 꿈은 꾸지않게<br/>너의 머릴 감싸줄게<br/>다른 생각나지 않게<br/>너의 몸을 감싸줄게<br/>방 안에서 누워<br/>창문을 열어놓고<br/>니 향기에 젖은 채로<br/>잠이 들고파<br/>마침 바람이 시원하게 불어오고<br/>너의 귓가에 아름다운 선율이 스쳐<br/>너와의 아침은<br/>소음마저 아름다울 거야<br/>풍경이 바뀌고<br/>난 식탁에 앉아 꿈을 꿀 거야<br/>이대로 그냥 다시<br/>밤이 오길 나는 원해<br/>넌 그대로 좋은 날이기에<br/>다시 한번 내게 더 안겨주길 바래<br/>널 어떤 말로 담을 수 있을까<br/>내 맘은 너무 깊어<br/>너의 마음 안에 차오를 수 있을까<br/>난 너로 인해 살아가라며<br/>너의 맘을 안을게<br/>넌 미소 짓고 말하네<br/>나도 너와 같은 마음인걸<br/>방 안에서 누워<br/>창문을 열어놓고<br/>니 향기에 젖은 채로<br/>잠이 들고파<br/>마침 바람이 시원하게 불어오고<br/>너의 귓가에 아름다운 선율이 스쳐<br/>나는 너의 노래가 되어<br/>언제든지 너의 귓가에<br/>잠에 들기 전까지 남아있을 거야<br/>나는 너의 노래가 되어<br/>언제든지 너의 귓가에<br/>잠에 들기 전까지<br/>방 안에서 누워<br/>창문을 열어놓고<br/>니 향기에 젖은 채로<br/>잠이 들고파<br/>마침 바람이 시원하게 불어오고<br/>너의 귓가에 아름다운 선율이 스쳐<br/>
"
4049,그럴때면,서제이서제이,여름아 부탁해 OST Part.13,105,<dd>2019.06.28</dd>,"멍하니 저 노을을 뒤로<br/>쓸쓸하게 걷는다<br/>먼지처럼 사라져버린 슬픈 사랑은<br/>빈 가슴속을 스며들어와<br/>문득 니 생각이 나면<br/>터져 나오는 눈물<br/>아주 가끔 버릇처럼 떠올라<br/>그럴 때면 미칠 것만 같아서<br/>벗어날 수 없는 그리움<br/>또 다시 날 찾아와<br/>문득 니 생각이 나면<br/>터져 나오는 눈물<br/>아주 가끔 버릇처럼 떠올라<br/>그럴 때면 미칠 것만 같아서<br/>벗어날 수 없는 그리움<br/>또 다시 날 찾아와<br/>때가 되면 감기처럼 내게 와<br/>견뎌낼 수 없는 열병 같아서<br/>벗어날 수 없는 그리움<br/>또 다시 날 찾아와<br/>또 다시 날 찾아와<br/>
"
4050,운명처럼,하늘하늘,운명처럼,5,<dd>2019.06.28</dd>,"처음부터 너였다고 나를 움직인 사람<br/>네가 내게 다가와 준 그날이었다고<br/>oh oh oh oh<br/>우리가 만나게 된 오늘은<br/>아마 정해져 있었을 거야<br/>우리는 운명처럼 사랑을 지켜나가자<br/>얼마나 너의 모습이 아름다운지 아니<br/>눈을 뗄 수가 없어 난 너만 보여서<br/>oh oh oh oh<br/>우리가 만나게 된 오늘은<br/>아마 정해져 있었을 거야<br/>우리는 운명처럼 사랑을 지켜나가자<br/>우리가 만나게 된 오늘은<br/>아마 정해져 있었을 거야<br/>우리는 운명처럼 사랑을 지켜나가자<br/>
"
