4901,민들레,웨더 (weather)웨더 (weather),민들레,47,<dd>2019.05.08</dd>,"돌아갈 길은 멀고<br/>무거운 발걸음에<br/>가로등 불빛아래<br/>차가운 돌담아래<br/>가로등 불 빛과 달빛이 만나는 자리<br/>민들레 하나에 갈라져버린 그림자<br/>작은 바람이 흩날려 내게로 닿았나<br/>작은 바람이 이제야 널 내게 보냈나<br/>홀연히 찾아와 자리잡고<br/>천천히 스며와 내려앉고<br/>홀연히 찾아와 자리잡고<br/>꽃피운 미소가 뿌리내리려나<br/>가로등 불 빛과 달빛이 만나는 자리<br/>흘러간 시간을 가득채운 그림자 <br/>작은 바람이 흩날려 내게로 닿았나<br/>작은 바람이 이제야 널 내게<br/>홀연히 찾아와 자리잡고<br/>천천히 스며와 내려앉고<br/>홀연히 찾아와 자리잡고<br/>꽃피운 미소가 뿌리내리려나<br/>널 내게 보냈나<br/>그때 그 자리 그 향기 가득 남아<br/>
"
4902,My Love,조혜미조혜미,My Love,8,<dd>2019.05.08</dd>,"환한 미소 속에 가려져서<br/>많은 아픔이 있었단 걸 몰랐죠<br/>나의 꿈만 향해 가다가<br/>그대 꿈도 뭔지 모른 채 살아왔죠<br/>수없이 말하고 싶었지만<br/>그저 바라보기만 했었죠<br/>이젠 다가가려 해요<br/>내게 기대 쉴 수 있도록<br/>지쳐가는 모습이<br/>내 가슴 시리게 만들어<br/>My Love 이젠 걱정 말아요<br/>작아지지 말아요 내가 안아줄게요<br/>My Love 고마워요<br/>받기만 한 그 큰 사랑<br/>그 사랑이 나를 지켜왔어요<br/>이젠 돌려주려 해요<br/>그대가 내게 그래왔듯이<br/>지쳐가는 모습이<br/>내 가슴 시리게 만들어<br/>My Love 이젠 걱정 말아요<br/>작아지지 말아요 내가 안아줄게요<br/>My Love 고마워요<br/>지쳐가는 모습이<br/>내 가슴 시리게 만들어<br/>My Love 이젠 걱정 말아요<br/>작아지지 말아요 내가 안아줄게요<br/>My Love 사랑해요<br/>
"
4903,저녁갬성,조순종조순종,텔미 유어 스토리 3,1,<dd>2019.05.08</dd>,"나를 보러와요 오늘도<br/>커피를 마시며 얘기해<br/>수줍게 웃네요 그대여<br/>보고싶었나요 오늘도<br/>하루동안 그대여<br/>수고 했어요<br/>이제부터야<br/>우리만의 시간<br/>사랑을 믿어요 언제나<br/>서로를 원해요 영원히<br/>함께해요<br/>그대라서<br/>고마워요<br/>사랑해요 I Love You<br/>사랑해요<br/>사랑해요 I Love You<br/>
"
4904,해준 게 뭐 있냐고,윈드플라 (WindFla)윈드플라 (WindFla),해준 게 뭐 있냐고,15,<dd>2019.05.08</dd>,"두 눈을 부릅 떠 벌컥 화를 내고<br/>울컥해서 소리쳐 해 준게 뭐 있냐고<br/>그런 게 아니래 잘 되라고 그런대<br/>미안하다고만 해 그게 너무 싫었어<br/>그땐 왜 몰랐을까 이렇게 아플 줄을<br/>힘없이 서 있는 당신이<br/>왜 이리 초라한지<br/>그땐 왜 몰랐을까<br/>눈물로 후회만 해 봐도<br/>주름진 당신의 손만<br/>잡을 수밖에 없어<br/>목청을 높여서 실컷 고함을 치고<br/>당신이 뭘 아냐고 내 멋대로 산다고<br/>그런 게 아니래 날 위해서 그런대<br/>미안하다고만 해 잘해 주지 못해서<br/>그땐 왜 몰랐을까 이렇게 아플 줄을<br/>힘없이 서 있는 당신이<br/>왜 이리 초라한지<br/>그땐 왜 몰랐을까<br/>눈물로 후회만 해 봐도<br/>주름진 당신의 손만<br/>잡을 수밖에 없어<br/>못된 나인걸 당신은 아나요<br/>난 어떡하죠 정말 미안해<br/>아니야 난 괜찮아<br/>너만 웃을 수 있다면<br/>이해하지 못했던 말들이<br/>이제야 이해돼<br/>그땐 미안했어요 너무 늦은 걸지도<br/>힘없이 바라보는 눈빛<br/>쳐다볼 수 없어요<br/>이제 알 것 같아요<br/>당신이 준 사랑 전부 다<br/>날 위해 애썼던 흔적들<br/>다 알 것 같아요<br/>흔적들 다 안고 갈게요<br/>
"
4905,아직,현규현규,아직,29,<dd>2019.05.08</dd>,"아직 넌 내 앞에 여기 서 있는데<br/>아직 난 너의 품에 안겨 있는데<br/>아직 넌 나를 보고 웃고 있는데<br/>아직 널 보는 나도 웃고 있는데<br/>우리 아직 남은 사진들만<br/>한참 바라보다가<br/>너의 아직 웃던 그때가 떠오르잖아<br/>아직 남은 기억 속의<br/>너를 바라보다가<br/>나만 아직 여기 혼자서 있잖아<br/>아직도 난 너에게<br/>솔직하지 못해 정말 미안해<br/>아직도 한 걸음씩<br/>멀어져 가는 너에게<br/>할 말이 참 많아 아직 너에게<br/>아직 넌 나에게 멀어져 있는데<br/>아직 난 너에게 안길 수 없는데<br/>아직 너는 날 보고 웃지 않는데<br/>아직 널 보는 나도 웃지 않는데<br/>우리 아직 웃던 추억들만<br/>한참 바라보다가<br/>이젠 아직 웃던 그때의 우린 없잖아<br/>아직 남은 바램 속의<br/>우릴 기다리다가<br/>서로 아직 못한 말들만 있잖아<br/>아직도 난 너에게 솔직하지 못해<br/>정말 미안해 정말<br/>아직도 한 걸음씩<br/>멀어져 가는 너에게<br/>할 말이 참 많아서<br/>아직도 그 자리엔<br/>그때 그 추억 속엔<br/>하지 않은 나만 있잖아<br/>아직 나는 후회해<br/>이렇게 할 수밖에는 없어서<br/>나는 네겐<br/>한 걸음씩 너를 찾아가 너에게<br/>할 말이 참 많아 아직 너에게<br/>
"
4906,착각,콰니 (Kwany)콰니 (Kwany),착각,8,<dd>2019.05.08</dd>,"사랑이라 하지마 잊으라고<br/>할 때는 언제고 날 찾아와<br/>좋은 사람만나 라고 하면서<br/>돌아서던 뒷 모습 이제서 왜 돌아와<br/>전에는 저 멀리 멀리 가버리라고<br/>말하던 네가 이제 내게 돌아오고<br/>나는 애써 부정하고<br/>난 다시 저 멀리 멀리 가버릴<br/>너를 보며 후회하겠지<br/>사랑이었다고 내겐 과분했었다고<br/>i said you i need you<br/>나를 놓지 마요 다시 날 꼭 잡아<br/>but you said you i was need you<br/>더는 볼일 없어 이젠 날 놓아줘<br/>처음에는 좋았지 함께 하던<br/>모든것 모두 난 처음 느꼈어<br/>처음인듯 아닌 너를 보면서<br/>함께 하던 모든 순간들이<br/>익숙 해보여<br/>카페 영화 다양하게<br/>다른 커플과 같이 행동한<br/>우리 사랑이었다고<br/>나는 혼자 착각하고<br/>놀이동산 맛집탐험 다양한 추억을<br/>같이 함께한 우리 사랑이었다고<br/>너는 이제 질린다고<br/>i said you i need you<br/>나를 놓지 마요 다시 날 꼭 잡아<br/>but you said you i was need you<br/>더는 볼일 없어 이젠 날 놓아줘<br/>추억을 tic toc 다 쏟아내리고<br/>하나 둘 모여 착 각되버리고<br/>혼자서 나를 위로 하면서 울어<br/>착각 이었지 다 애써 날 위로<br/>그래 나도 알아 혼자 뻘짓한거<br/>시간을 돌린데도 나는 애써 괜찮아<br/>한번쯤 돌아간다면 추억이될까<br/>천번을 돌아간데도 착각이겠지<br/>다시 똑같은 실수 반복한다 해도<br/>그땐 혼자 너를 많이<br/>사랑했거든 yeah<br/>근데 왜 다시 내게 고민을 안겨<br/>이젠 그만할래 하면서<br/>널 보고 웃어 yeah<br/>주변 친한 친구 들이 내게 말했어<br/>다른 누가 봐도 나를 이용한데<br/>그래도 나는 다가오는 네게 달려 가<br/>알면서 난 계속 너를 향해 달려 가<br/>i said you i need you<br/>나를 놓지 마요 다시 날 꼭 잡아<br/>but you said you i was need you<br/>더는 볼일 없어 이젠 날 놓아줘<br/>i said you i need you<br/>나를 놓지 마요 다시 날 꼭 잡아<br/>but you said you i was need you<br/>더는 볼일 없어 이젠 날 놓아줘<br/>
"
4907,나에게 널,박치용박치용,나에게 널,2,<dd>2019.05.08</dd>,"어떤 모습으로 사는지 답답해<br/>기다림에 지친 하루를 이어가<br/>널 찾아서 이길 끝까지 가면<br/>우연히라도 다시 만나기를 바래<br/>날 바라보던 황홀했던 날들<br/>아직도 널 잊지 못해 사랑해<br/>널 찾을 수도<br/>널 만날 수도 없어<br/>운명이란 게 존재하기를 바래<br/>날 바라보던 황홀했던 날들<br/>아직도 널 잊지 못해 사랑해<br/>그리움은 더 커져가<br/>머문 시간속을 달려서 기다리는<br/>너에게 날 나에게 널 보내줘<br/>날 바라보던 황홀했던 날들<br/>아직도 널 잊지 못해 사랑해<br/>
"
4908,녹아요,젤리프로젝트젤리프로젝트,녹아요,15,<dd>2019.05.08</dd>,"뭐라고 불러주면<br/>더 좋아하나요<br/>떨리는 목소리로<br/>말할게<br/>Um Um 오빠 나 지금 심심해<br/>Um woo hoo 자기랑 지금 놀고 싶어<br/>남자들은 왜<br/>오빠가 되고 싶어 하나요<br/>나이가 같아도<br/>연하남이어도<br/>오빠라 부르면<br/>사르르 녹나요 oh<br/>널 부르는 내 맘도<br/>사르르 녹아내려<br/>다들 하나씩 있는<br/>널 부르는 소리<br/>오빠야 자기야<br/>사실 나도 그렇게<br/>부르면 좋아<br/>괜히 보호받는 것 같아서<br/>Um Um 오빠 나 지금 심심해<br/>Um woo hoo 자기랑 지금 놀고 싶어<br/>내가 자꾸만<br/>보호본능 일으키고 있나요<br/>나이가 같아도<br/>연하남이어도<br/>오빠라 부르면<br/>사르르 녹나요 oh<br/>널 부르는 내 맘도<br/>사르르 녹아내려<br/>다들 하나씩 있는<br/>널 부르는 소리<br/>오빠야 자기야<br/>난 아기가 되어<br/>당신 품에 안기고 파<br/>꽉 안아주세요<br/>난 매일 웃으며<br/>당신 품에 안기고 파<br/>꽉 안아주세요<br/>
"
4909,걷다가,비가 내리는 밤비가 내리는 밤,걷다가,0,<dd>2019.05.08</dd>,"멍하니 걷다 보면<br/>난 또 너의 흔적들이<br/>묻어있는 곳으로만 찾아가고 있어<br/>너와 처음 만난 카페와<br/>처음으로 키스했던 공원 앞 계단<br/>나 혼자<br/>이기심에 너에게 난 상처만 줬어<br/>미안하고 또 미안해서<br/>뒤늦은 후회 속에 나는<br/>너를 찾아가<br/>거리를 걷다 보면<br/>난 또 너의 생각들로<br/>수줍어했던 우린 손잡고<br/>이 거리를 걸었어<br/>너와 처음 만난 카페와<br/>처음으로 키스했던 공원 앞 계단<br/>나 혼자<br/>이기심에 너에게 난 상처만 줬어<br/>미안하고 또 미안해서<br/>뒤늦은 후회 속에 나는<br/>너를 찾아가<br/>
"
4910,온도,UAZUAZ,온도,13,<dd>2019.05.08</dd>,"아침에 일어나마자<br/>제일 먼저 모닝 콜<br/>하루의 시작은 네가 됐으면 해<br/>네 목소리 들리면<br/>하루 종일 난 행복한<br/>기분일 것 같아<br/>똑같은 날 똑같은 맘이지만<br/>너로 가득 차서 기뻐<br/>매일을 똑같은 시간에<br/>날 깨워주는 넌<br/>질리지 않아<br/>너는 내게 다른 의미야<br/>내일 또 보잔 말이 설레는 이유<br/>모두 너 때문이야<br/>하루 종일 네가 매일매일<br/>보고 싶어<br/>내가 잠에선 깬 순간부터<br/>지금까지<br/>Oh love u love u<br/>내가 느끼는 우리의 감정<br/>딱 맞는 온도<br/>너와 난 말이 필요 없잖아<br/>널 생각하면 마음이 편해져<br/>적당한 온도인 거야<br/>아침부터 저녁까지<br/>너로 인해 나는 숨을 쉬네<br/>하루에 시작과 끝은 너여야만 해<br/>이젠 너는 내 하루 일과야<br/>똑같은 날 똑같은 맘이지만<br/>너로 인해 나는 기뻐<br/>매일을 똑같은 시간에<br/>날 깨워주는 넌<br/>질리지 않아<br/>너는 내게 다른 의미야<br/>내일 또 보잔 말이 설레는 이유<br/>모두 너 때문이야<br/>하루 종일 네가 매일매일<br/>보고 싶어<br/>내가 잠에선 깬 순간부터<br/>지금까지<br/>Oh love u love u<br/>내가 느끼는 우리의 감정<br/>딱 맞는 온도<br/>너와 난 말이 필요 없잖아<br/>널 생각하면 오늘도 편해져<br/>적당한 온도인 거야<br/>내일 보자 우리 언제 만날까<br/>이런 말은 언제 들어도 좋아<br/>너의 목소리에 추억이 살아나<br/>참 적당한 온도야 우린<br/>참 적당한 온도야 우린<br/>참 적당한 온도야 우린<br/>
"
4911,어머니의 유모차 (feat. 가족),동임동임,어머니의 유모차 (feat. 가족),13,<dd>2019.05.08</dd>,"빈 유모차를 밀고 가는 어머니<br/>이젠 낯설지는 않은 풍경이 됐죠<br/>예전에는 당신의 아일 태우고<br/>더 넓은 세상으로 나아갔지요<br/>이렇게 많은 사람들이 산단다<br/>이렇게 멋진 일들이 있단다<br/>이건 어때 저건 어때 속삭거리며<br/>봄날의 햇살 안을 걸어갔지요<br/>이제 텅 빈 유모차엔<br/>무얼 담아 싣고 가나요<br/>당신께서 바라던 일들<br/>모두 다 이루셨나요<br/>그 아이는 자라서 어른이 되고<br/>또 다른 아이를 낳았겠지요<br/>그대 밀던 유모차는 굽은 허리에<br/>그대를 싣고 가는 발이 되었죠<br/>이렇게 많은 사람들이 산단다<br/>이렇게 멋진 일들이 있단다<br/>이건 어때 저건 어때 속삭거리며<br/>봄날의 햇살 안을 걸어갔지요<br/>이제 텅 빈 유모차엔<br/>무얼 담아 싣고 가나요<br/>당신께서 바라던 일들<br/>모두 다 이루셨나요<br/>이제 그대 모든 걸 지나왔으니<br/>세월보다 천천히 밀고 가세요<br/>참 열심히 멋지게 살아왔구나<br/>스스로 칭찬도 건네며 말예요<br/>이제 텅 빈 유모차엔<br/>무얼 담아 싣고 가나요<br/>당신께서 바라던 일들<br/>모두 다 이루셨나요<br/>이제 텅 빈 유모차엔<br/>무얼 담아 싣고 가나요<br/>당신께서 바라던 일들<br/>모두 다 이루셨나요<br/>이제 텅 빈 유모차엔<br/>무얼 담아 싣고 가나요<br/>당신께서 바라던 일들<br/>모두 다 이루셨나요<br/>
"
4912,사랑은 (feat.김소원),식물원식물원,2019 봄,8,<dd>2019.05.08</dd>,"사랑은 아픔을 함께 하는 것<br/>눈물을 빌려주는 것<br/>사랑은 강요로 받을 수 없는 것<br/>먼저 주고 기다리는 것<br/>사랑은 믿음 위에 심은 소망<br/>기다림의 결실로 맺는 열매<br/>따뜻한 손길로 빚어진 질그릇<br/>그 안에 담긴 아름다움<br/>사랑은 끝까지 포기않는 것<br/>노력하고 배워가는 것<br/>사랑은 또 다시 용서하는 것<br/>마음을 내어 주는 것<br/>사랑은 믿음 위에 심은 소망<br/>기다림의 결실로 맺는 열매<br/>따뜻한 손길로 빚어진 질그릇<br/>그 안에 담긴 아름다움<br/>사랑은 바꾸려하지 않는 것<br/>그대로 안아주는 것<br/>사랑은 잠잠히 곁에 있는 것<br/>언제나 변함없는 것<br/>언제나 변함없는 것<br/>영원히 아름다운 것<br/>
"
4913,나란하다는 것 (feat.lili coy),Talk to HerTalk to Her,나란 하다는 것,17,<dd>2019.05.08</dd>,"지금 보고있는 별은<br/>어제도 똑같은데<br/>그땐 알지 못했죠<br/>그대를 알고나서<br/>깨달았죠<br/>그대가 있기에<br/>빛난다는 걸<br/>You make sense of the stars<br/>shining star<br/>You make sense of the stars<br/>shining star<br/>아직 그대를<br/>온전히 알지는 못하지만<br/>I think you are the one<br/>아주 조심스럽게 기대해 봐요<br/>You are thinking the same<br/>지금 걷고 있는 길은<br/>어제도 똑같은데<br/>그땐 알지 못했죠<br/>그대를 알고나서<br/>깨달았죠<br/>우리의 걸음이 나란했단 걸<br/>You make sense of the path<br/>I’ve walked through<br/>You make sense of the path<br/>I’ve walked through<br/>아직 그대를<br/>온전히 알지는 못하지만<br/>I think you are the one<br/>You make sense of the stars<br/>You make sense of the path<br/>You make sense of the stars<br/>You make sense of the miles<br/>Shining star shining star<br/>Shining star shining star<br/>
"
4914,산책,정은재정은재,산책,61,<dd>2019.05.08</dd>,"어떤 말로 널 불러낼까<br/>어떤 말로 시작할까<br/>깊고 조용한 이 밤 속에서<br/>혹시 너도 잠 못 들고 있진 않니<br/>이 밤을 산책해 우리<br/>내일의 해가 뜰 때까지 걷자<br/>이 밤의 끝에 닿을 때 그때<br/>우리의 모든 게 사라질 것처럼<br/>어떤 말도 하지 말아 줘<br/>그저 오래 옆에 있어줘<br/>그저 그랬던 하룰 지나서<br/>찾아온 이 새벽이 어둡지 않게<br/>이 밤을 산책해 우리<br/>내일의 해가 뜰 때까지 걷자<br/>이 밤의 끝에 닿을 때 그때<br/>우리의 모든 게 사라질 듯<br/>말하지 못한 얘기가 많아<br/>아직 나 망설이고 있어<br/>이런 하늘 아래 다 말해줄게<br/>이 밤을 산책해 우리<br/>내일의 해가 뜰 때까지 걷자<br/>이 밤의 끝에 닿을 때 그때<br/>우리의 모든 게 사라질 것처럼<br/>
"
4915,가족,안울림안울림,가족,2,<dd>2019.05.08</dd>,"유월의 햇살을 가득 품에 안던 날<br/>하늘이 나에게 선물한 가족<br/>할머니와 아빠 엄마 나 그리고 나의 형제들<br/><br/>유난스럽던 나의 성장통 땜에<br/>단 하루도 조용할 날이 없었지<br/>방황하던 어린 나를<br/>조용히 참아준 사람들<br/><br/>멈춰있던 나를 기다려준 사람들<br/>애타는 맘 모르고 매일 받기만 했던 사랑<br/><br/>이기적인 날 기다려준 사람들<br/>철없는 어린 날 붙잡아준 건<br/>오랜 시간 함께 버텨내준 소중한 가족들<br/><br/>말하지 않아도 느낄 수가 있었지<br/>소중한 걸 몰라 매번 놓쳤지<br/>기다림에 익숙해져<br/>무뎌져가는 날 모르고<br/><br/>비틀대던 나를 기다려준 사람들<br/>사랑한다 말하면 그댄 내 말 믿어줄까요?<br/><br/>표현 못 하고 속으로 삼키는 말<br/>말하지 않으면 느낄 수 있더라도<br/>이 맘 전할 수 없는 걸 이제야 깨달았어<br/><br/>나의 마음을 보여주고 싶은데<br/>그 어떤 말로도 표현을 못 해<br/>결국 끝 말에 사랑해 뻔한 한마디 적었어
					"
4916,나를 스쳐간 너에게,올린올린,나를 스쳐간 너에게,101,<dd>2019.05.08</dd>,"넌 그런 모습으로<br/>불현듯 내게 나타나<br/>스치는 옷깃에도 아플 만큼<br/>깊은 상처를 내던지고<br/>어디론가 사라져<br/>괜찮아졌다고<br/>괜찮아지자고<br/>묻어두던 억지스런 날들을<br/>하나둘씩 지나<br/>잊었다는 생각으로 하루를 살고<br/>괜찮아졌다는 맘으로 이 밤을 버티면<br/>사랑하는 눈빛으로 가득했었던<br/>그 계절을 스쳐가듯<br/>잊을 수 있을까<br/>아픈 노래에도<br/>절대 아프지 않으려<br/>애쓰던 어리석은 날들을<br/>하나둘씩 지나<br/>잊었다는 생각으로 하루를 살고<br/>괜찮아졌다는 맘으로 이 밤을 버티면<br/>사랑하는 눈빛으로 가득했었던<br/>그 계절을<br/>스쳐가듯<br/>
"
4917,계단 앞에 서면 (With 김수미),김시형김시형,계단 앞에 서면,4,<dd>2019.05.08</dd>,"언제부터 올라가고 싶었던<br/>계단들이<br/>내 앞에 사라져 버리고<br/>그 대신 내려가야만 하는<br/>많은 계단들을<br/>바라보게 되고 있잖아<br/>오랫동안 힘들어도<br/>버티고 올라갔던<br/>그 많은 계단을 보면은<br/>이렇게 높은 곳까지<br/>언제 오게 되었는지<br/>기억조차 하지 못하네<br/>매 순간 올라갈 수 밖에 없었다는 건<br/>그저 앞만 보고 살고 있다는 걸<br/>때로는 너무 힘들어서<br/>주저 앉을 수 밖에 없다는 사실에<br/>거칠어진 숨소리 참으며 올라가면<br/>무거워진 발걸음 이제 느낄 수 있고<br/>그렇게 올라가야만<br/>내 모든 것 볼 수 있어서<br/>피할 수 없는 계단들에 서있고<br/>하나 둘 씩 계단을 오르며<br/>바라보면 분명 가까워지는<br/>끝을 찾을 수 있어<br/>그 끝에 오르기 위해<br/>큰 고통을 견뎌냈기에<br/>이제는 웃을 수 있다는 걸 알잖아<br/>이제는 내려갈 수 밖에 없다는 것에<br/>그만 앞만 보고 살지 않다는 걸<br/>그래서 가끔 뒤돌아서 보는<br/>지나온 계단 셀 수가 없어서<br/>거칠어진 숨소리 참으며 내려가면<br/>가벼워진 발걸음 이제 느낄 수 있고<br/>그렇게 내려가야만<br/>내 모든 것 볼 수 있어서<br/>피할 수 없는 계단들에 서있고<br/>하나 둘 씩 계단을 세면서 내려가면<br/>분명 가까워지는 끝을 찾을 수 있어<br/>그 끝에 이르기 위해<br/>큰 아픔을 견뎌냈기에<br/>이제는 웃을 수 있다는 걸 알잖아<br/>웃을 수 있다는 걸<br/>
"
4918,너를 사랑하면 할수록,DNDN,너를 사랑하면 할수록,9,<dd>2019.05.08</dd>,"너를 사랑하면 할 수록<br/>깊어지는 그리움<br/>너와 멀어져간 그날에<br/>깊어가는 상처들<br/>미련은 너를 잡으라 하고<br/>후회는 너를 놓지 말라해<br/>너를 놓아줘야 해<br/>저 멀리 날아가<br/>그렇게 안녕<br/>I love U Forever<br/>너를 그리워만 하기엔<br/>너무 많은 추억들<br/>지우려고하면 할 수록<br/>자꾸만 선명해져 uh<br/>널 놓아줘야 해<br/>저 멀리 날아가<br/>그래 안녕<br/>너를 지워야만해<br/>힘들겠지만<br/>그래야 만해<br/>먼 훗날 혹시 우리 다시 만나면<br/>그때는 내가 모른척 해 줄게<br/>이제 영원히 안녕<br/>널 놓아줘야 해<br/>저멀리 날아가<br/>그래 안녕<br/>너를 지워야만 해<br/>힘들겠지만<br/>그래야 그래야<br/>
"
4919,사랑은 너 하나(MOMOLA),"모모랜드 (MOMOLAND), Erik모모랜드 (MOMOLAND), Erik",사랑은 너 하나(MOMOLA),"3,576",<dd>2019.05.07</dd>,"손가락 사이로<br/>눈물이 자꾸만 새어 나와<br/>난 어떡하죠 뭘 해야 하죠<br/>견딜 수 없을 만큼 아픈 걸요<br/>바람 타고서 너를 향해서<br/>난 기다리죠 그대는 올리 없죠<br/>널 사랑하고 사랑할수록<br/>눈물만은 내 볼을 타고 흐르죠<br/>난 그대밖에 모르는 여자 같죠<br/>나는 바보 같죠<br/>울컥 흘러내릴 것 같아<br/>내가 눈물이 돼버린 것 같아<br/>외로운 섬 하나와 별 하나<br/>아직도 내 마음은 너 하나<br/>매일매일 내 눈 속에<br/>그대를 담고 싶어요 이젠<br/>외로운 섬 하나와 나 하나<br/>저 멀리 울고 있는 별 하나<br/>나를 닮은 너를 보다<br/>한없이 눈물이 흘러내려 오늘도<br/>No matter what I do<br/>I can't stop myself<br/>from thinking of you<br/>You’re slippin’ away<br/>This was a mistake<br/>I’m wishing and hoping<br/>that you’re right here with me<br/>I’m waiting while the seasons<br/>just keep passing by<br/>Just dreaming about you<br/>I can’t stop<br/>all these feelings inside<br/>This heart can’t only take<br/>so much at night Girl I need you<br/>Lonely one island<br/>and you are just a star<br/>I know that this heart<br/>is only meant for you<br/>Run away please from our troubles<br/>Don’t look back<br/>It’s gone be brighter for us<br/>Lonely one island<br/>and you are just a star<br/>I see you hurting babe<br/>Don’t be scared<br/>Hold on once more<br/>just for one night<br/>I’ll be right here<br/>till the end of all time<br/>Forever<br/>쏟아질 것만 같은 눈물에<br/>고갤 숙이죠<br/>정말 이대로 끝인가요<br/>아직도 널 기다려<br/>외로운 섬 하나와 별 하나<br/>아직도 내 마음은 너 하나<br/>매일매일 내 눈 속에<br/>그대를 담고 싶어요 이젠<br/>외로운 섬 하나와 나 하나<br/>저 멀리 울고 있는 별 하나<br/>나를 닮은 너를 보다<br/>한없이 눈물이 흘러내려 오늘도<br/>
"
4920,내가 가는 길,WABLE (와블)WABLE (와블),2019 회사 가기 싫어 (KBS 모큐멘터리 드라마) OST - Part.3,222,<dd>2019.05.07</dd>,"내가 가는 길이<br/>어디로 가는지<br/>갈 수 있는 길<br/>있다는 게 다행인지<br/>오늘 하루를 버티고<br/>무거운 발걸음 끝에<br/>조금은 느려도 괜찮다 말해줘<br/>어제와 같은 오늘이 가지만<br/>이토록 찬란하지는 않지만<br/>결코 이 여정을 떠나리라<br/>오늘 하루를 버티고<br/>무거운 발걸음 끝에<br/>조금은 느려도 괜찮다 말해줘<br/>어제와 같은 오늘이 가지만<br/>이토록 찬란하지는 않지만<br/>결코 이 여정을 떠나리라<br/>어제와 같은 오늘이 가지만<br/>이토록 찬란하지는 않지만<br/>결코 이 여정을 떠나리라<br/>
"
4921,반사신경 (Feat. Martian),오직 (O.zic)오직 (O.zic),반사신경,382,<dd>2019.05.07</dd>,"우린 언제부턴가<br/>너무 수동적이야<br/>우리 지금은 다 과거야<br/>너무 뜨겁게 사랑했었나 봐<br/>우린 언제부턴가<br/>의미 없는 말들로 가득 차서<br/>서로 등 돌리고 있잖아<br/>내가 미안해 진심은 적지만<br/>내가 미안해 진심은 적지만<br/>우린 조용한 정적에 누워서<br/>우린 공허한 여백에 누워<br/>우린 서로를 방관하고 있어<br/>그래 미안해 진심은 적지만<br/>내가 미안해 진심은 적지만<br/>우린 조용한 정적에 누워서<br/>우린 공허한 여백에 누워<br/>우린 서로를 방관하고 있어<br/>그래 미안해 진심은 적지만<br/>그래 미안해 진심은 적지만<br/>
"
4922,나에겐 사랑이였어,더 브릿지 (The Bridge)더 브릿지 (The Bridge),나에겐 사랑이였어,202,<dd>2019.05.07</dd>,"미안한 마음 가지고 살아<br/>보잘 것 없었던 나를 바라봐줘서<br/>더없이 내겐 고마운 사람<br/>한없이 사랑준 그대<br/>바람이 불어올 때면<br/>그 품이 내겐 유일한 안식처였어<br/>그대 품이<br/>나에겐 사랑이였어<br/>걸어온 시간이 비록 남루했지만<br/>나에겐 오직 그대 하나였어<br/>지치고 쓰러져도<br/>더없이 내겐 고마운 사람<br/>한없이 사랑준 그대<br/>바람이 불어올 때면<br/>그 품이 내겐 유일한 안식처였어<br/>그대 품이<br/>나에겐 사랑이였어<br/>걸어온 시간이 비록 남루했지만<br/>나에겐 오직 그대 하나였어<br/>지치고 쓰러져도<br/>이 사랑을 갚을 길이 있을까<br/>평생 빚진 맘으로 사랑할게요<br/>나에겐 사랑이였어<br/>걸어온 시간이 비록 남루했지만<br/>나에겐 오직 그대 하나였어<br/>지치고 쓰러져도<br/>
"
4923,싫어,서하율서하율,싫어,150,<dd>2019.05.07</dd>,"우리 여기까지라고 말하는 너에게<br/>나도 이제 더 이상 해줄 말이 없어<br/>너는 잘 모르겠지만 나 정말 많은 걸<br/>포기하고 너만을 위해 노력했어<br/>그런데 이게 뭐야 우린 끝인걸<br/>나의 맘 조금이라도<br/>이해해 줄 순 없었니<br/>마지막까지 너와 난<br/>짜증 섞인 말 아무런<br/>감정 없는 말들로 상처만 줘<br/>그래 난 잘된 것 같아 우리<br/>너를 믿었던 내가 미워져<br/>네가 이젠 정말 싫어<br/>서로가 서로에게 할 만큼 했어<br/>너도 알겠지만<br/>더이상 해줄 것이 없어<br/>우리가 함께했던 수 많은 시간들<br/>너도 알잖아 너만을 위해 노력한거<br/>그런데 이게 뭐야 우린 끝인걸<br/>나의 맘 조금이라도<br/>이해해 줄 순 없었니<br/>마지막까지 너와 난<br/>짜증 섞인 말 아무런<br/>감정 없는 말들로 상처만 줘<br/>그래 난 잘된 것 같아 우리<br/>너를 믿었던 내가 미워져<br/>네가 이젠 정말 싫어<br/>사랑했던 만큼 아플테지만<br/>습관처럼 계속 널 받아줄<br/>내가 이제 정말 싫어<br/>마지막까지 너와 난<br/>짜증 섞인 말 아무런<br/>감정 없는 말들로 상처만 줘<br/>그래 난 잘된 것 같아 우리<br/>너를 믿었던 내가 미워져<br/>네가 이젠 정말 싫어<br/>
"
4924,아쉬워,이파란이파란,아쉬워,3,<dd>2019.05.07</dd>,"아쉬워 너의 뒷모습<br/>더 사랑하지 못한 나의 앞모습<br/>그리워 너의 옆모습<br/>금방이라도 돌아볼 것만 같은데<br/>참 쉽다 너에겐 이별이란 단어가<br/>내게는 생각도 못한<br/>어려운 두 글자가<br/>넌 그렇게 멀어져<br/>또 난 그렇게 흐려져<br/>길고 길던 우리의 시간이 그립다<br/>아쉬워 너의 뒷모습<br/>더 사랑하지 못한 나의 앞모습<br/>그리워 너의 옆모습<br/>금방이라도 돌아볼 것만 같은데<br/>너 떠난 길에서 나는 멈춰서 있다<br/>내게는 늘 생각하던<br/>연습한 몇 마디가<br/>난 그렇게 멈추고<br/>또 넌 그렇게 떠나고<br/>짧디 짧던 우리의 시간이 그립다<br/>아쉬워 너의 뒷모습<br/>더 사랑하지 못한 나의 앞모습<br/>그리워 너의 옆모습<br/>금방이라도 돌아볼 것만 같은데<br/>멋진 너를 보기 싫어<br/>흠뻑 울고 있길 바래<br/>눈물 닦아줄 사람은<br/>오직 나 뿐일테니까<br/>미련해 넌 다 끝났는데<br/>왜 혼자 사랑을 하고 있는건데<br/>아쉬워 못해준 게 생각나<br/>정말 끝이니<br/>아쉬워 너의 뒷모습<br/>더 사랑하지 못한 나의 앞모습<br/>그리워 너의 옆모습<br/>금방이라도 돌아올 것만 같은데<br/>나는 정말 아쉬워<br/>
"
4925,좋아서 그래,로하로하,좋아서 그래,6,<dd>2019.05.07</dd>,"지금 말해 진짜 네 마음<br/>내가 오해하지 않게<br/>너에게로 가는 나의 마음을<br/>너도 잘 알고 있잖아<br/>혼자 너를 기다려<br/>흐르지 않는 그 시간 속에서<br/>언제 올지 모를 너를 매일<br/>바보처럼 기다리고 있어<br/>혹시 내 맘 같을까 봐<br/>환하게 웃으며 내게<br/>달려올까 봐<br/>잘해 주지 말지<br/>못되게만 굴지<br/>나쁘다고 내가 원망하게 하지<br/>너에겐 한없이<br/>쉬워지는 나를 어떡해<br/>보고 싶어서 네가 너무 좋아서 그래<br/>혼자 너를 생각해<br/>괴로워질걸 알면서도<br/>멍하니 외로이 너를<br/>떠올리고 있어<br/>혹시 내 맘 같을까 봐<br/>환하게 웃으며 내게<br/>달려올까 봐<br/>잘해 주지 말지<br/>못되게만 굴지<br/>나쁘다고 내가 원망하게 하지<br/>너에겐 한없이<br/>쉬워지는 나를 어떡해<br/>보고 싶어서 네가 너무 좋아서 그래<br/>
"
4926,Rainbow,바란바란,Rainbow,3,<dd>2019.05.07</dd>,"널 향한 걸음 마주한 하늘<br/>내 눈앞엔<br/>구름 사이로 날 반겨주는<br/>빨주노초파남보 Rainbow<br/>마치 내게 넌 저 일곱 빛 같아<br/>Amazing<br/>매일매일 신기한걸<br/>처음이야 이런 기분<br/>쏟아지는 햇살과<br/>그댈 향한 나의 입맞춤도<br/>모든 게 짜릿짜릿 내 맘도 찌릿찌릿<br/>Somewhere over the rainbow<br/>사르르 녹아 네 목소리 내 귓가에<br/>빨갛게 뜨거운 맘 매일 두근두근<br/>노랗게 귀여운 널 바라보면<br/>어느새 내 얼굴 미소가득<br/>흠칫 나는 또 놀라 보랏빛 네 향기<br/>네 품에 안겨 무지개 너머<br/>그곳으로 향해<br/>내가 꿈꾸던 그곳으로<br/>너와 함께 갈래 으음<br/>널 향한 걸음 마주한 하늘<br/>내 눈앞엔<br/>구름 사이로 날 반겨주는<br/>빨주노초파남보 Rainbow<br/>매일 내게 넌 저 일곱 빛 같아<br/>Forever<br/>영원하길 꿈꾸는 걸<br/>헤어짐은 늘 아쉬워<br/>쏟아지는 햇살과 그댈 향한<br/>나의 입맞춤도<br/>모든 게 짜릿짜릿 내 맘도 찌릿찌릿<br/>Somewhere over the rainbow<br/>사르르 녹아 네 목소리 내 귓가에<br/>빨갛게 뜨거운 맘 매일 두근두근<br/>노랗게 귀여운 널 바라보면<br/>어느새 내 얼굴 미소가득<br/>흠칫 나는 또 놀라 보랏빛 네 향기<br/>네 품에 안겨 무지개 너머<br/>그곳으로 향해<br/>내가 꿈꾸던 그곳으로<br/>너와 함께 갈래 으음<br/>
"
4927,Reunion,LoveVioletLoveViolet,Reunion,1,<dd>2019.05.07</dd>,"それまるで雪よ。落ちてるその花びらは真っ白よ。春。<br/>美しい神様のセンブーツ。待ってね。桜。あなたのため咲いているのよ。<br/>一歩一歩。空。向けて歩いてる。嬉しい。再会。懐かしかった人まさにあなたよ。<br/>あげる全て。惜しんで来た。天象の美しいだよね。又会うまでには約束だったよ。<br/>だれも邪魔が出来なかった凄くよ。永遠。宇宙。手を繋いでこれから。<br/>
"
4928,왜 난 몰랐을까 (부제 : Miracle),유예일유예일,왜 난 몰랐을까 (부제 : Miracle),6,<dd>2019.05.07</dd>,"왜 난 몰랐을까 매일 숨쉬는 공기<br/>어김없이 햇살이 비췄다는 걸<br/>왜 난 몰랐을까<br/>하늘이 아름다운지<br/>흘러가는 구름도 텅 빈 하늘 모두<br/>부는 바람이 부드럽게 다가온다는 걸<br/>차갑게만 느껴졌던 건<br/>내 마음이었구나<br/>왜 난 몰랐을까<br/>매일 하루하루가 소중한<br/>당연하지 않은 기적이었단 걸<br/>부는 바람이 부드럽게 다가온다는 걸<br/>차갑게만 느껴졌던 건<br/>내 마음이었구나<br/>왜 난 몰랐을까<br/>매일 하루하루가 소중한<br/>당연하지 않은 기적이었단 걸<br/>모두 기적이었단 걸<br/>
"
4929,너의 따뜻함을 기억해,조순종조순종,라떼홀릭 23,1,<dd>2019.05.07</dd>,가사가 없습니다
4930,내 마음 어딘가의 꽃,조순종조순종,굿나잇 뮤직 19,1,<dd>2019.05.07</dd>,가사가 없습니다
4931,위로,앙상블 러본앙상블 러본,위로,13,<dd>2019.05.07</dd>,가사가 없습니다
4932,언제나 나에게 힘을 주는 너,하늘하늘,언제나 나에게 힘을 주는 너,5,<dd>2019.05.07</dd>,"든든한 나의 편 항상 고마워<br/>내 곁에 있어줘서<br/>언제나 나에게 힘을 주는 너<br/>항상 고마울 뿐이야<br/>처음 봤던 게 엊그제 같은데<br/>벌써 시간이 흘러서<br/>너로 인해 사는 삶이<br/>즐겁고 행복해<br/>변화하는 나를 보면<br/>놀랍고 신기해<br/>영원히 이렇게만 우리<br/>재밌게 살아가자<br/>나만큼 너 또한 기댈 수 있게<br/>네 곁을 지킬 거야<br/>아무리 힘들고 어려워도<br/>너만은 내가 꼭 안을게<br/>처음 봤던 게 엊그제 같은데<br/>벌써 시간이 흘러서<br/>너로 인해 사는 삶이<br/>즐겁고 행복해<br/>변화하는 나를 보면<br/>놀랍고 신기해<br/>영원히 이렇게만 우리<br/>재밌게 살아가자<br/>
"
4933,오늘 조용히,구본웅 (Ku Bon Woong)구본웅 (Ku Bon Woong),23,0,<dd>2019.05.07</dd>,"오늘 조용히 듣네<br/>내 마음에 소리를<br/>괴로운 기억 지우고<br/>평온한 이시간<br/>나는 오늘도 사네<br/>한가지에 마음만으로<br/>즐거운 시간 보내고<br/>단단한 이마음<br/>
"
4934,잘 살자 (Feat. leeJoys),싱어스 (SINGUS)싱어스 (SINGUS),SINGURSTORY.2,17,<dd>2019.05.07</dd>,"괜찮아 나 거울 속 나에게<br/>안부를 물어 hello me<br/>행복하게 어떻게 살면 되냐고<br/>또 물어보지만<br/>가끔은 나 두려움 때문에<br/>내 곁에만 주어진 것들을 못 봐<br/>주저앉아 있으면 뭐 해<br/>부딪혀봐야 알 수 있는 인생이야<br/>잘 하고 있어 잘 할 수 있어<br/>잘 살자 살자 잘 살자<br/>너도 나도 쟤도 우리 모두<br/>잘 살자 살자 잘 살자<br/>너도 나도 쟤도 우리 모두<br/>Woo Woo<br/>Woo Woo<br/>우울해 나 오늘 또 지쳤어도<br/>안부를 물어 hello me<br/>힘을 내 뜨겁게 꿈꾸는 법을<br/>잊어버리지 마<br/>가끔은 나 두려움 때문에<br/>내 곁에만 주어진 것들을 못 봐<br/>주저앉아 있으면 뭐 해<br/>부딪혀봐야 알 수 있는 인생이야<br/>잘 하고 있어 잘 할 수 있어<br/>잘 살자 살자 잘 살자<br/>너도 나도 쟤도 우리 모두<br/>잘 살자 살자 잘 살자<br/>너도 나도 쟤도 우리 모두<br/>잘 살자 살자 잘 살자<br/>너도 나도 쟤도 우리 모두<br/>잘 살자 살자 잘 살자<br/>너도 나도 쟤도 우리 모두<br/>Woo Woo<br/>Woo Woo<br/>Woo Woo<br/>Woo Woo<br/>Yeah<br/>
"
4935,다시 돌아온 계절 다시 돌아갈 수 없는 계절 (feat. 유은진),알로에소년알로에소년,"다시 돌아온 계절, 다시 돌아갈 수 없는 계절",35,<dd>2019.05.07</dd>,"많은 기억들이 떠오르는 밤<br/>행복하기보단<br/>이유없이 슬프기만한 밤<br/>겨울인만큼 차가웠던 하루<br/>적당한 온도에<br/>적당히 쌀쌀한 이 공간<br/>하루끝에서 든 내 기억들은<br/>잊고 있었던 내 봄을 찾아 주었고<br/>환상 같았지만<br/>현실이었던 그 순간을<br/>생각하며 또 밤을 보내지<br/>너무 아팠던 계절<br/>일상속에 잊고 살던 너와의 기억들<br/>한참을 아파하다보면<br/>알람 소리 벌써 아침<br/>다시 일상으로 돌아가야지<br/>하루끝에서 든 내 기억들은<br/>잊고 있었던 내 봄을 찾아 주었고<br/>환상 같았지만<br/>현실이었던 그 순간을<br/>생각하며 또 밤을 보내지<br/>너무 아팠던 계절<br/>일상속에 잊고 살던 너와의 기억들<br/>한참을 아파하다보면<br/>알람 소리 벌써 아침<br/>다시 일상으로 돌아가야지<br/>이제 다시 하룰 시작해야지<br/>
"
4936,네가 없는,미넌 (ME NONE)미넌 (ME NONE),absence,62,<dd>2019.05.07</dd>,"넌 날 미워했지<br/>난 널 사랑했고<br/>점점 사라지는 온기는<br/>사라질 생각 없이 마음에 남아<br/>흐려진 사이에<br/>내 맘 같지 않던 너의 말에<br/>도무지 무뎌지지 않던<br/>네가 없는 자리는<br/>잡을 수 있을 거라 생각했던<br/>나의 마음은 먼 발치에 떨어졌고<br/>매일 밤 질척이던 나를<br/>쳐다보는 너의 눈에<br/>아파져 다 이해해<br/>나를 미워할 수밖에 없었던<br/>너를 그런 너를 잊을 수 없던<br/>내 마음이 널<br/>사랑한다고 말해<br/>흐려진 사이에<br/>내 맘 같지 않던 너의 말에<br/>오늘도 사라지지 않던<br/>네가 있는 온기는<br/>잡을 수 있을 거라 생각했던<br/>너의 내일은 먼 발치에 떨어졌고<br/>매일 밤 질척이던 나를<br/>쳐다보는 너의 눈에<br/>아파져 다 이해해<br/>나를 미워할 수밖에 없었던<br/>너를 그런 너를 잊을 수 없던<br/>내 마음이 널<br/>사랑한다고 말해<br/>
"
4937,너란추억(With 경모 of 슬로디(Slou.D),김건표김건표,너란추억,211,<dd>2019.05.07</dd>,"우린 정말 끝인걸까<br/>정말 넌 다 잊은걸까<br/>난아직 널잊지 못했는데<br/>간신히 하루를 보내는데<br/>나 아닌 누군갈 만날까<br/>아님 벌써 생긴걸까<br/>잘 지내는 것 같아 솔직히<br/>나도 잘 지내는 흉내를 내<br/>시간이 좀더 지나면<br/>너를 보낼 수 있을까<br/>혹시나 우리가 다시<br/>되 돌아갈수는 없을까<br/>그렇게 또 하루가 지나가<br/>멍하니 나 혼자 서있잖아<br/>스쳐 지난 짧은 사랑인데<br/>돌이 킬 수 없는 시간인데<br/>모든 순간 너란 추억에 잠겨<br/>혼자가 편하단 말 뒤로<br/>널 내안에 가득 삼켜본다<br/>그때 왜 난 몰랐을까<br/>끝이 난 후에나 알까<br/>함께한 수많은 기억들이<br/>오고가는 그많던 말들이<br/>시간이 좀더 지나면<br/>너를 보낼 수 있을까<br/>혹시나 우리가 다시<br/>되돌아갈수는 없을까<br/>그렇게 또 하루가 지나가<br/>멍하니 나 혼자 서있잖아<br/>스쳐 지난 짧은 사랑인데<br/>돌이 킬 수 없는 시간인데<br/>모든 순간 너란 추억에 잠겨<br/>혼자가 편하단 말뒤로<br/>널 내안에 가득 삼켜본다<br/>그게 잘안되생각보다<br/>말처럼 쉽지가않아<br/>항상 내것이던<br/>우린이젠<br/>스쳐 지난 짧은 사랑인데<br/>돌이 킬 수 없는 시간인데<br/>모든 순간 너란 추억에 잠겨<br/>혼자가 편하단 말뒤로<br/>널 내안에 가득 삼켜본다<br/>
"
4938,Goodbye,박효신박효신,Goodbye,"137,414",<dd>2019.05.06</dd>,"멀어져 가는 오후를 바라보다<br/>스쳐 지나가 버린 그때 생각이나<br/>기억 모퉁이에 적혀 있던 네가<br/>지금 여기에 있다<br/>이젠 멈춰버린 화면 속에서<br/>내게 여름처럼 웃고 있는 너<br/>어쩌면 이번이 마지막<br/>Goodbye<br/>오래 머물러 주어서 고마워<br/>이 말이 뭐라고 그렇게 어려웠을까<br/>이제 Goodbye<br/>우린 다른 꿈을 찾고 있던 거야<br/>아주 어린 날 놀던 숨바꼭질처럼<br/>해가 저물도록 혼자 남은 내가<br/>지금 여기에 있다<br/>이미 멈춰버린 화면 속에서<br/>내게 여름처럼 웃고 있는 너<br/>어쩌면 이번이 마지막<br/>Goodbye<br/>오래 머물러 주어서 고마워<br/>이 말이 뭐라고 이렇게 힘들었을까<br/>손에 꼭 쥐었던<br/>너와의 Goodbye<br/>끝내 참지 못한 눈물이 나<br/>어쩌면 오늘이 마지막<br/>Goodbye<br/>함께 했던 모든 날이 좋았어<br/>이 말이 뭐라고 그렇게 어려웠을까<br/>이제 Goodbye<br/>Goodbye<br/>
"
4939,영영,김범수김범수,re.MAKE20 #6,"1,388",<dd>2019.05.06</dd>,"잊으라 했는데 잊어 달라 했는데<br/>그런데도 아직 난 너를 잊지 못하네<br/>어떻게 잊을까 어찌 하면 좋을까<br/>세월 가도 아직 난<br/>너를 못 잊어 하네<br/>아직 나는 너를 사랑하고 있나 봐<br/>아마 나는 너를 잊을 수가 없나 봐<br/>영원히 영원히 네가 사는 날까지<br/>아니 내가 죽어도 영영 못 잊을 거야<br/>잊으라 했는데 잊어 달라 했는데<br/>그런데도 아직 난 너를 잊지 못하네<br/>아직 나는 너를 사랑하고 있나 봐<br/>아마 나는 너를 잊을 수가 없나 봐<br/>아직 나는 너를 사랑하고 있나 봐<br/>아마 나는 너를 잊을 수가 없나 봐<br/>아직 나는 너를 사랑하고 있나 봐<br/>아마 나는 너를 잊을 수가 없나 봐<br/>영원히 영원히 네가 사는 날까지<br/>아니 내가 죽어도 영영 못 잊을 거야<br/>아니 내가 죽어도 영영 못 잊을 거야<br/>아니 내가 죽어도 영영 못 잊을 거야<br/>
"
4940,Sunny Day,스텔라장 (Stella Jang)스텔라장 (Stella Jang),초면에 사랑합니다 OST Part.1,"1,869",<dd>2019.05.06</dd>,"오늘은 왠지 좋은 일이 생길 것 같아<br/>하늘이 맑게 개인 봄날에<br/>두 손을 마주잡고 걷는<br/>아름다운 커플<br/>멀어지는 추위처럼 멀어져라<br/>울상을 지은 사람도<br/>그저 예뻐 보이는 Sunny Day<br/>참 싫어하던 사람도<br/>사랑스러 보이는 Sunny Day<br/>뚜뚜뚜루뚜<br/>오늘은 왠지<br/>좋은 일이 생길 것 같아<br/>따스히 날 감싸는 봄날에<br/>소리를 높여대며 걷는 다투는 커플<br/>부서지는 햇살처럼 부서져라<br/>울상을 지은 사람도<br/>그저 예뻐 보이는 Sunny Day<br/>참 싫어하던 사람도<br/>사랑스러 보이는 Sunny Day<br/>뚜뚜뚜루뚜<br/>잡고 있던 손을 놓고 가는<br/>아름다운 뒷모습<br/>나란했던 걸음걸이마저<br/>이제는 다른 곳을<br/>잡고 있던 손을 놓고 가는<br/>아름다운 뒷모습<br/>나란했던 걸음걸이마저<br/>이제는 다른 곳을 향하네<br/>울상을 지은 사람도<br/>그저 예뻐 보이는 Sunny Day<br/>참 싫어하던 사람도<br/>사랑스러 보이는 Sunny Day<br/>뚜뚜뚜루뚜<br/>오늘은 왠지 좋은 일이 생길 것 같아<br/>
"
4941,Forever More,설하윤설하윤,으라차차 와이키키 2 OST Part.7,"1,004",<dd>2019.05.06</dd>,"두 눈 감아도 꼭 감아도<br/>눈 앞에 아른거리는<br/>너의 얼굴 내 맘을 깨워<br/>종일 참아도 꼭 참아도<br/>내 가슴 설레게 하는<br/>네 목소리 나를 맴돌아<br/>In my love love love you<br/>fall in love<br/>love love you forever<br/>love love is for with you<br/>영원히 너 너 너의 곁에서<br/>너 너의 온기를<br/>난 품고 있을게 가슴 깊이 품을게<br/>가슴 아파도 맘 아파도<br/>너 내 옆에만 있다면<br/>눈물도 난 두렵지 않아<br/>In my love love love you<br/>fall in love<br/>love love you forever<br/>love love is for with you<br/>영원히 너 너 너의 곁에서<br/>너 너의 온기를<br/>난 품고 있을게<br/>사랑이란 말로 전할 수 없는<br/>가슴 깊이 떨리는 이 마음<br/>하루하루 천천히 네게<br/>내 맘 안겨줄게<br/>Forever more<br/>I’ll be only one one<br/>I’ll be only love love<br/>with my eyes on you<br/>영원히 너 너 너의 곁에서<br/>너 너의 온기를<br/>난 품고 있을게 가슴 깊이 품을게<br/>
"
4942,이런 날 (with 몽크),소래소래,이런 날,777,<dd>2019.05.06</dd>,"이런 날 모두가 행복한 날<br/>그렇게 바라던 순간인데<br/>수고했어 말해줄 네가 없구나<br/>우리의 좋았던 시간들을<br/>아름다워 잊을 수 없는데<br/>고생했어 한마디 말도 할 수 없구나<br/>괴로웠던 나를 가득 채워주던 너라서<br/>아름다운 우리 기억들을<br/>잊을 수 없어<br/>힘든 하루에 가장 빛나던 너<br/>돌이켜 보면 우리 좋았었잖아<br/>돌아와 줘<br/>그렇게 자존심 부리다가<br/>괜스레 싸우던 순간들도<br/>미안했어 나로 비롯된 잦은 다툼들<br/>괴로웠던 나를 가득 채워주던 너라서<br/>아름다운 우리 기억들을<br/>잊을 수 없어<br/>힘든 하루에 가장 빛나던 너<br/>돌이켜 보면 우리 좋았었잖아<br/>오늘 하루 함께<br/>있어주지 못해 미안해<br/>다정했던 너란 기억들에 마음이 아파<br/>너의 하루에 가장 빛나는 날<br/>기다려주지 못한 나의 버거운 그날<br/>괴로웠던 내게 빛을 주던 너<br/>아름다운 우리 기억들을<br/>잊을 수 없어<br/>힘든 하루에 가장 빛나던 너<br/>돌이켜 보면 우리 좋았었잖아<br/>오늘 하루 함께<br/>있어주지 못해 미안해<br/>다정했던 너란 기억들에 마음이 아파<br/>너의 하루에 가장 빛나는 날<br/>기다려주지 못한 못난 나지만<br/>돌아와 줘<br/>
"
4943,키다리 나무,여은여은,여름아 부탁해 OST Part.1,688,<dd>2019.05.06</dd>,"널 보면 두근두근해<br/>넌 마치 shining star<br/>언제나 내 곁을 비추는 너<br/>시원한 바람 마치 네 노래 같아<br/>네가 있어 난 항상 웃게 돼<br/>때론 익숙함에 속아<br/>상처 주게 돼<br/>서로가<br/>그런 내게 다가와<br/>말 없이 안아주는 너<br/>널 보면 두근두근해<br/>넌 마치 shining star<br/>언제나 내 곁을 비추는 너<br/>시원한 바람 마치 네 노래 같아<br/>네가 있어 참 좋아<br/>널 보면 반짝 반짝 빛나<br/>내 눈 like a star<br/>언제라도 난 널 느낄 수 있어<br/>쏟아지는 빗소리가 네 노래 같아<br/>네가 있어 난 항상 웃게 돼<br/>때론 세상에 지칠때<br/>어깰 내어준 너<br/>언제든<br/>항상 같은 자리에<br/>말없이 있어준 너<br/>널 보면 두근두근해<br/>넌 마치 shining star<br/>언제나 내 곁을 비추는 너<br/>시원한 바람 마치 네 노래 같아<br/>네가 있어 참 좋아<br/>널 보면 반짝 반짝 빛나<br/>내 눈 like a star<br/>언제라도 난 널 느낄 수 있어<br/>쏟아지는 빗소리가 네 노래 같아<br/>네가 있어 난 항상 웃게 돼<br/>힘들때면 항상 하늘을 봐<br/>네가 곁에 있는 것 같아<br/>그 빛으로 날<br/>아무 말없이 안아주는 너<br/>내 삶은 너로 빛나<br/>언제든 어디든 네가 있어<br/>시원한 바람 마치 네 노래 같아<br/>네가 있어 참 좋아<br/>널 보면 반짝 반짝 빛나<br/>내 눈 like a star<br/>언제라도 난 널 느낄 수 있어<br/>쏟아지는 빗소리가 네 노래 같아<br/>네가 있어 난 항상 웃게 돼<br/>
"
4944,I`m In Love,공원소녀 (Girls in the Park)공원소녀 (Girls in the Park),세상에서 제일 예쁜 내 딸 (KBS 2TV 주말드라마) OST - Part.4,"1,474",<dd>2019.05.05</dd>,"나 언젠가부터<br/>네가 좋아졌어<br/>처음엔 몰랐었는데<br/>너를 볼수록 묘한<br/>알 수 없는 매력<br/>이게 사랑인 걸까<br/>이런 내 마음 받아줄까 두렵지만<br/>이젠 고백할래 그대에게<br/>I'm in love<br/>Love you<br/>이제껏 몰랐던<br/>새로운 내 모습<br/>너를 알게 된 뒤<br/>세상이 달라져 있어<br/>너랑 둘이<br/>우리의 시간들<br/>만들어나갈래<br/>아름다운 둘만의<br/>추억을 만들어가며<br/>오래오래<br/>혹시나 마주치면<br/>무슨 말을 할까<br/>한참 준비했는데<br/>너의 모습이 보여<br/>괜히 긴장해서<br/>입이 안 떨어졌어<br/>이런 내 마음 받아줄까 두렵지만<br/>이젠 고백할래 그대에게<br/>I'm in love<br/>Love you<br/>이제껏 몰랐던<br/>새로운 내 모습<br/>너를 알게 된 뒤<br/>세상이 달라져 있어<br/>너랑 둘이<br/>우리의 시간들<br/>만들어나갈래<br/>아름다운 둘만의<br/>추억을 만들어가며<br/>오래오래<br/>
"
4945,하얀 신부,시맥시맥,하얀 신부,50,<dd>2019.05.05</dd>,"결혼은 안 한다고 하던 네가<br/>지금 내 앞에 서있어<br/>축복받는 너는 아름다운 신부<br/>오빠가 참 기쁘네<br/>너는 많은 것을 잘 알고 나는<br/>오늘 이후의 너에게 달리<br/>해줄 말이 없어 이 말 밖에는<br/>이 말 밖엔<br/>무르익은 봄날에 부모님을 대신해<br/>너를 위한 이 노랠 불러 부르네<br/>내 동생 어느 곳에 있던지<br/>엄마 아빠 나 우리 마음 너 잘 알지<br/>매일 같이 다투던 어린 시절부터<br/>신부가 되어 있는 오늘 모습까지<br/>넌 어떤 날이 생각나<br/>할머니 부르시던<br/>남매는 둘 뿐이라던<br/>그 노래<br/>무르익은 봄날에 부모님을 대신해<br/>너를 위한 이 노랠 불러 부르네<br/>내 동생 어느 곳에 있던지<br/>엄마 아빠 나 우리 마음 너 잘 알지<br/>내가 하는 건 뭐든지<br/>따라 하고 싶던 네가<br/>엄마 아빠를 위로하는 딸이 되고<br/>내가 하는 건 뭐든지<br/>따라 하고 싶던 네가<br/>나를 웃게 하는 친구가 돼 있고<br/>내가 하는 건 뭐든지<br/>따라 하고 싶던 네가<br/>오늘 이곳 하얀 신부가 되었네<br/>하얀 신부 웨딩드레스의<br/>하얀 신부<br/>
"
4946,Jenga,10CM10CM,[Vol.16] 유희열의 스케치북 10주년 프로젝트 : 일곱 번째 목소리 `유스케 X 10cm`,"6,312",<dd>2019.05.04</dd>,"I just wanted to play this game<br/>사랑이란 감정에<br/>매료돼 날 가득 채웠네<br/>누가 시킨 적도 없는데<br/>탑을 쌓아 올렸네<br/>난 너의 조각들로 빼곡해<br/>내 맘을 채운 너의 눈 코 입과<br/>너의 특유의 말투와 억양<br/>시야에서 흐릿해져 갈 때면<br/>휘청거리네 나의 하루가<br/>내 맘에 수많은 구멍이 나도<br/>버틸 수 있는 이유는 너라고<br/>이제 네가 한 발짝만 더<br/>발을 빼면 난 무너질 텐데<br/>I don't wanna play<br/>this game no more<br/>somebody help<br/>I don't wanna play<br/>this game no more<br/>somebody help<br/>탑이 무너지고 나면<br/>폐허가 돼버릴까 봐<br/>펜스를 두르고<br/>유적지로 두면 어떨까<br/>일어나지도 않은 일을 상상하며<br/>이음새를 붙들고 있는 나를<br/>너는 전처럼 바라보지 않아<br/>우리 사랑을 피사의 사탑이라<br/>생각지 않잖아<br/>이 게임의 끝을 준비하게 해줘<br/>쓰러질 땐 아무도 없게<br/>내 맘을 채운 너의 눈 코 입과<br/>너의 특유의 말투와 억양<br/>시야에서 흐릿해져 갈 때면<br/>휘청거리네 나의 하루가<br/>내 맘에 수많은 구멍이 나도<br/>버틸 수 있는 이유는 너라고<br/>이제 네가 한 발짝만 더<br/>발을 빼면 난 무너질 텐데<br/>I don't wanna play<br/>this game no more<br/>somebody help<br/>I don't wanna play<br/>this game no more<br/>somebody help<br/>바람이 불어와<br/>더 이상 못 버틸 것 같아<br/>다시 채워주면 안 될까<br/>내 맘은 굳어가<br/>의미를 잃은 것 같아<br/>I don't wanna play<br/>this game no more<br/>somebody help<br/>I don't wanna play<br/>this game no more<br/>somebody help<br/>I don't wanna play<br/>this game no more<br/>somebody help<br/>
"
4947,같지만 다른 꿈,OLIVER (올리버)OLIVER (올리버),이몽 OST Part.1,317,<dd>2019.05.04</dd>,"드 넓은 광야위에<br/>뛰어노는 저 새들은<br/>모두 다 같은 꿈을<br/>그리면서 날고 있나<br/>where are we going now from here<br/>when are we gonna smile again<br/>같지만 다른 꿈<br/>저 붉은 태양이 나를 다시 밝힐 때<br/>길의 끝자락에 그대가 있을까<br/>달빛이 내린 어둠을 넘어<br/>다시 볼 수 있을까<br/>언젠가 그 곳엔<br/>한없이 기다리면<br/>그리움이 미소질까<br/>끝없는 여정 속에<br/>눈물만이 물들어가<br/>where are we going now from here<br/>when are we gonna smile again<br/>같지만 다른 꿈<br/>저 붉은 태양이 나를 다시 밝힐 때<br/>길의 끝자락에 그대가 있을까<br/>달빛이 내린 어둠을 넘어<br/>다시 볼 수 있을까<br/>언젠가 그 곳엔<br/>손을 내밀면 닿을 것 같은<br/>그대와 내 꿈 언제쯤 오시려나<br/>내 가슴에 맺힌 붉은 눈물이 다시<br/>새하얀 미소로 번지는 그 날에<br/>달빛에 비친 그림자 위로<br/>그대가 떠오를까<br/>언젠가 그 곳엔<br/>같지만 다른 꿈<br/>
"
4948,그래,윤 원윤 원,동그라미 [01],316,<dd>2019.05.04</dd>,"애써 담담하려 노력하고 있어<br/>내 긴장한 맘 들키지 않으려고<br/>널 만나러 가는 이 길이<br/>왜 이렇게 힘이 드는지<br/>모든 게 낯설어<br/>그래 내게 건넨 그 말이<br/>우리 헤어지잔 말인데<br/>나눠 가졌던 너와 내 사랑이<br/>가깝기만 하잖아<br/>근데 우리가 왜 헤어져<br/>아직 서로 사랑하는데<br/>여기까지 우리 하자면서<br/>말을 건네요 그댄<br/>늘 내게 다정한 사람이었는데<br/>늘 항상 웃어주던 너의 미소까지도<br/>지친 하루 끝에도<br/>네가 있기에 달랐고<br/>늦은 밤 잠 못 이루던<br/>둘만의 이야기까지<br/>널 만나는 이 시간들이<br/>왜 이렇게 힘이 드는지<br/>모든 게 낯설어<br/>그래 내게 건넨 그 말이<br/>우리 헤어지잔 말인데<br/>나눠 가졌던 너와 내 사랑이<br/>가깝기만 하잖아<br/>근데 우리가 왜 헤어져<br/>아직 서로 사랑하는데<br/>여기까지 우리 하자면서<br/>말을 건네요 그댄<br/>지쳐만 가는 너의 맘 모르고<br/>어느새 너와 나의 사랑은<br/>다른 곳을 보는 가요<br/>그래 내게 건넨 그 말이<br/>우리 헤어지잔 말인데<br/>나눠 가졌던 너와 내 사랑이<br/>가깝기만 하잖아<br/>근데 우리가 왜 헤어져<br/>아직 서로 사랑하는데<br/>여기까지 우리 하자면서<br/>말을 건네요 그댄<br/>늘 내게 다정한 사람이었는데<br/>늘 항상 웃어주던 너의 미소까지도<br/>지친 하루 끝에도<br/>네가 있기에 달랐고<br/>늦은 밤 잠 못 이루던<br/>둘만의 이야기까지<br/>둘만의 이야기까지<br/>둘만의 이야기까지<br/>
"
4949,기다려줄래,저스틴저스틴,기다려줄래,4,<dd>2019.05.04</dd>,"날 사랑해줬고 날 많이 배려해줬던 <br/>널 잠시 떠날게 <br/>너의 부모님을 위해서 널 위해 <br/>나에게 오직 <br/>너뿐이란 걸 알고 있잖아 <br/>슬퍼는 하지 마 <br/>내가 널 다시 찾아올 거야 믿어줘 <br/>나는 정말 성공해서 당당히 나타날게 <br/>잠시만 안녕이라고 생각해 <br/>너의 사랑이 변치 않길 <br/>기도할 뿐이야 <br/>내가 다시 네 앞에 서는 날 <br/>따뜻하게 안아줄 수 있니 날 위해 <br/>사랑해 말로는 표현 못 해 <br/>널 향한 내 마음 너무나 깊어 <br/>시간이 가도 절대 변하지 않아 <br/>이미 너도 다 알잖아 <br/>나의 뜨거운 사랑 <br/>잠시만 안녕이라고 생각해<br/>너의 사랑이 변치 않길<br/>기도할 뿐이야<br/>내가 다시 네 앞에 서는 날<br/>따뜻하게 안아줄 수 있니 날 위해<br/>언젠간 성공할 거야<br/>그때까지 기다려줄래<br/>잠시만 안녕이라고 생각해<br/>너의 사랑이 변치 않길<br/>기도할 뿐이야<br/>나 다시 네 앞에 서는 그날에<br/>따뜻하게 안아줄 수 있니<br/>날 위해 기도해줄래<br/>
"
4950,"달리기 (feat. 조원선, Zion.T)",진보진보,KRNB2 Part.5,"2,233",<dd>2019.05.03</dd>,"지겨운가요 힘든가요<br/>숨이 턱까지 찼나요<br/>할 수 없죠 어차피<br/>시작해 버린 것을<br/>쏟아지는 햇살 속에<br/>입이 바싹 말라와도<br/>할 수 없죠 창피하게<br/>멈춰 설 순 없으니<br/>단 한 가지 약속은<br/>틀림없이 끝이 있다는 것<br/>끝난 뒤엔 지겨울 만큼<br/>오랫동안 쉴 수 있다는 것<br/>지겨운가요 힘든가요<br/>숨이 턱까지 찼나요<br/>할 수 없죠 어차피<br/>시작해 버린 것을<br/>쏟아지는 햇살 속에<br/>입이 바싹 말라와도<br/>할 수 없죠 창피하게<br/>멈춰 설 순 없으니<br/>이유도 없이 가끔은<br/>눈물 나게 억울하겠죠<br/>1등 아닌 보통들에겐<br/>박수조차 남의 일인 걸<br/>단 한 가지 약속은<br/>틀림없이 끝이 있다는 것<br/>끝난 뒤엔 지겨울 만큼<br/>오랫동안 쉴 수 있다는 것<br/>오랫동안 쉴 수 있다는 것<br/>오랫동안 쉴 수 있다는 것<br/>
"
