5551,지금도 좋아,Soul Sweet (소울 스윗)Soul Sweet (소울 스윗),Slow scene#1,51,<dd>2019.04.04</dd>,"아무일 없는지<br/>눈치로 물어도<br/>고갤 더 숙이는 너<br/>왜 맨날 너만 울어<br/>바람 소리 좋고<br/>햇빛도 좋다던<br/>몇 해 전 미소처럼 널 기억해봐 가끔<br/>흔들리는 버스안에<br/>꿈에 지친 외로운 눈빛<br/>잘 몰라도<br/>그 맘을 다 들어 줄게<br/>친구 란 핑계 좋잖아<br/>모든 순간들에<br/>뭐든 잘 하잖아<br/>실수도 매력인 거<br/>잘 모르나 봐 너만<br/>꼼꼼하고 예민해서<br/>속상하고 상처받지 마<br/>시간을 다 지나가 보면 웃을 일<br/>더 많을 테니 걱정 말고<br/>흔들리는 버스안에<br/>꿈에 지친 외로운 눈빛<br/>잘 몰라도<br/>그 맘을 다 들어 줄게<br/>위로가 되면 좋잖아<br/>오랜 라디오 익숙했던 노래처럼<br/>
"
5552,너를 만나,젬스톤 (유한결)젬스톤 (유한결),너를 만나,"9,548",<dd>2019.04.04</dd>,"그때는 몰랐어<br/>행복했다는 걸<br/>떠난 후에 아는<br/>바보가 나니까<br/>네가 없는 나의 하루가 다 아픈 건<br/>어쩌면 당연한 거겠지<br/>하나도 없는 걸<br/>네가 가져간 건<br/>오히려 내 안은<br/>가득 채워진 걸<br/>너 하나로 네 기억만으로<br/>살아가는 나를 너는 아는지<br/>너를 만나<br/>참 아름다운 널 만나<br/>참 반짝이는 널 만나<br/>많은 것들이 달라진<br/>나를 만나<br/>너는 어땠는지<br/>간직할 추억이 조금은 있는지<br/>그걸 알지 못해 난 슬퍼<br/>마시는 숨마다<br/>너에게 닿아서<br/>미안한 마음에<br/>눈물이 되나봐<br/>더 잘할 걸 더 많이 웃을 걸<br/>모든 순간이 다 후회로 남아<br/>너를 만나<br/>참 아름다운 널 만나<br/>참 반짝이는 널 만나<br/>많은 것들이 달라진<br/>나를 만나<br/>너는 어땠는지<br/>간직할 추억이 조금은 있는지<br/>그걸 알지 못해 난 슬퍼<br/>날 사랑했던 널<br/>후회하지 않길<br/>바라니까<br/>너를 만나<br/>네 눈으로 바라보고<br/>네 마음으로 느끼고<br/>난 너인 듯 살았는데<br/>난 몰랐어<br/>떠날 수 있는 널<br/>아직 한참을 더 아파야 하는 걸<br/>너무 아름다운 널 만나<br/>
"
5553,달력,순겸순겸,달력,"1,460",<dd>2019.04.04</dd>,"우연히 책장에 놓인 달력을<br/>들여다보니 겨울이야<br/>빼곡히 적힌 우리의 지나간 시간에<br/>그대로 멈춰 서있어<br/>흔하디흔한 행복한 얘기들<br/>왜 이제 나 혼자 아픈 얘기들로<br/>돌려보는 건데<br/>하나 둘 모여진 의미 없는 추억이<br/>돌아갈 수도 없는<br/>내 모습이 눈에 보이잖아<br/>여기 모두 한 장에 담길 수는 없어도<br/>잊지 못할 나로 살던 아픈 얘기들<br/>안개 낀 듯이 흐려진 우리 얘기들<br/>왜 이제 나 혼자 맑게 비춰주고<br/>싶어지는 건데<br/>하나 둘 모여진 의미 없는 추억이<br/>돌아갈 수도 없는<br/>내 모습이 눈에 보이잖아<br/>여기 모두 한 장에 담길 수는 없어도<br/>잊지 못할 나로 살던 아픈 기억들<br/>한 장 한 장을 그렇게 하루 한 달을<br/>앞으로 넘기며 반대로 되돌리고 싶어<br/>나 힘들진 않았는데<br/>그렇게 살아왔는데<br/>지웠다 생각했는데<br/>사는 것 같지 않아<br/>다시 이 날로 돌아갈 수 있다면<br/>끝까지 담아줬을 텐데<br/>끝이 없었던<br/>그때의 행복했던 나의 이야기를<br/>해맑고 아름답던 너의 모습들을<br/>
"
5554,봄바람이 달다,류정수류정수,봄바람이 달다,36,<dd>2019.04.04</dd>,"너와 걷고 있는 길에<br/>불어오는 봄바람이 달다<br/>너와 사랑하고 있는<br/>나에게도 봄이 온 것 같아<br/>따스한 온기 속에 피어있는 우리 둘<br/>수줍은 너의 빨간 볼은 날 설레게 해<br/>내 앞에 찬란한<br/>나의 그대<br/>분홍빛 벚꽃을 보러 가지 않을래<br/>따스한 봄바람이 스며들게<br/>나랑 걷자<br/>너와 함께여서<br/>봄바람이 달다<br/>따스한 너의 손을 잡고 걷는 이 길은<br/>분홍빛 가득 물든 너와 나의 맘 같아<br/>내 앞에 찬란한<br/>나의 그대<br/>분홍빛 벚꽃을 보러 가지 않을래<br/>따스한 봄바람이 스며들게<br/>나랑 걷자<br/>떨어지는 벚꽃잎을<br/>보며 웃는 우리가 아름다울걸<br/>나랑 걷자<br/>나랑 가자<br/>이 봄을<br/>내 앞에 찬란한<br/>나의 그대<br/>분홍빛 벚꽃을 보러 가지 않을래<br/>따스한 봄바람이 스며들게<br/>나랑 걷자<br/>너와 함께여서<br/>봄바람이 달다<br/>
"
5555,돌아와 줘,비가 내리는 밤비가 내리는 밤,돌아와 줘,14,<dd>2019.04.04</dd>,"나 혼자 하는 밤<br/>네가 너무 그리워<br/>어서 와서 날 안아줘<br/>우리 정말 행복했잖아 안 그러니<br/>네게 해줄 말이 많이 남았어<br/>네가 사라진 후로<br/>항상 맘이 너무 아파서<br/>이젠 더는 견딜 수가 없어<br/>제발 돌아와 안되겠니<br/>네가 너무 보고 싶은데<br/>나 혼자 하는 밤<br/>네가 너무 그리워<br/>어서 와서 날 안아줘<br/>우리 정말 행복했잖아 안 그러니<br/>네게 해줄 말이 많이 남았어<br/>네가 사라진 후로<br/>항상 맘이 너무 아파서<br/>이젠 더는 견딜 수가 없어<br/>제발 돌아와 안되겠니<br/>네가 너무 보고 싶은데<br/>
"
5556,영화속에서,로멘트 (Loment)로멘트 (Loment),Loment 1st.,46,<dd>2019.04.04</dd>,"잠을 밝히는 불빛과<br/>윙 울리는 진동소리<br/>만일 그대로 잠들면<br/>달라졌던 걸까<br/>영화에서 말야<br/>바보같이 그 전활 받고서<br/>헤어지던데<br/>정말 어울리지 않게<br/>변한게 없더라<br/>하늘은 말야<br/>여전히 맑아서<br/>차라리 그냥<br/>비라도 그냥 내려줬다면<br/>서럽게 울어도<br/>몰랐을텐데<br/>영화속에 하늘은<br/>여전히 맑아서<br/>하루가 너무 길어 보였어<br/>한참을 이별중이라<br/>억지로 참고 버텼을 거야<br/>하루가 말야<br/>여전히 길어서<br/>차라리 그냥<br/>그 다음날로 바뀐거라면<br/>서럽게 울어도<br/>몰랐을텐데<br/>영화속에 하루는<br/>여전히 길어서<br/>아직은 말야<br/>그 영화속에서<br/>계속 우린 이별중이야<br/>시간이 흘러도<br/>우린 그대로<br/>난 그대로<br/>여전히 난 그곳에 살아<br/>
"
5557,꽃 같은 girl,미스터 프랜들리미스터 프랜들리,꽃 같은 girl,32,<dd>2019.04.04</dd>,"벚꽃이 내리는 둘레길을 걸어가<br/>말이 없네 손을 잡네<br/>따스한 너의 온기가<br/>내 맘에게 말을 해<br/>사랑이래 사랑한대<br/>바람 따라 내 마음도 뜨나 봐<br/>붕붕 날아가<br/>마음 따라 발걸음도 좋아서<br/>둥둥거리며 뛰어 뛰어<br/>널 만나는 날이면 난 또 이래<br/>어린애처럼<br/>볼 때마다 더 예뻐지는가 봐<br/>꽃을 든 니가 더 꽃 같은 걸<br/>그때마다 볼 빨개지는 니가<br/>나무처럼 자꾸 자라 커져가는 걸<br/>오늘따라 기뻐 소리치나 봐<br/>쿵쿵 소리가<br/>너도 들리나 봐 내 맘 소리가<br/>콩콩거리며 뛰어 뛰어<br/>널 만나는 날이면 난 또 이래<br/>어린애처럼<br/>볼 때마다 더 예뻐지는가 봐<br/>꽃을 든 니가 더 꽃 같은 걸<br/>그때마다 볼 빨개지는 니가<br/>나무처럼 자꾸 자라 커져가는 걸<br/>아침햇살 같아<br/>웃는 모습이 아름다운 너<br/>볼 때마다 더 예뻐지는가 봐<br/>꽃을 든 니가 더 꽃 같은 걸<br/>그때마다 볼 빨개지는 니가<br/>나무처럼 자꾸 자라 커져가는 걸<br/>벚꽃이 내리는 둘레길을 걸어가<br/>말이 없네 손을 잡네<br/>따스한 너의 온기가<br/>내 맘에게 말을 해<br/>사랑이래 사랑한대<br/>
"
5558,청소,"홍주, PaleTale홍주, PaleTale",청소,20,<dd>2019.04.04</dd>,"얼어있던 창문 너머<br/>이른 봄 찬바람으로<br/>내 방을 깨워본다<br/>버리지 못한 물건들<br/>널 닮은 너의 흔적들<br/>아직 넌 여기에<br/>기억을 들어내고 추억을 쓸어내며<br/>너라는 먼지를 털어내<br/>기나긴 겨울 끝에 찾아온 이 봄날에<br/>이제야 겨우 보낸다 널<br/>특별할 것 하나 없는<br/>달력 속 어느 날에는<br/>별 하나 별 뜻 없는<br/>시간이 더 흘러가도<br/>남아서 떠오를 무엇들<br/>기억을 들어내고 추억을 쓸어내며<br/>너라는 먼지를 털어내<br/>기나긴 겨울 끝에 찾아온 이 봄날에<br/>이제야 이제야 보낸다<br/>
"
5559,내 진심이 너에게 닿기를,노재원노재원,내 진심이 너에게 닿기를,46,<dd>2019.04.04</dd>,"너는 모르니 정말 모르니<br/>나의 맘을 이 슬픈 사랑을<br/>때론 아픈 모진 말들로<br/>계속 날 밀어내도<br/>그래도 많이 사랑했었어<br/>정말 모르는 건지 모른척하는 건지<br/>내 사랑을 이 아픈 사랑을<br/>아무리 버텨봐도 애써 웃어보아도<br/>너에게 닿지 않는 내 맘이 초라해져<br/>수없이 나를 밀어내어도<br/>한없이 나를 아프게 해도<br/>정말 후회 없이 사랑했기에<br/>내 모든 게 너였기에<br/>이젠 알줄 알았어<br/>그래서 참아 낼 수 있었어<br/>그렇게 견뎌 낼 수 있었어<br/>하지만 너는 끝내 모르고<br/>나만 바보가 됐어<br/>왜 이토록 나를 아프게 하니<br/>내가 못나 그러니 부족해서 그러니<br/>내 진심이 너를 부담 준거니<br/>내가 오해한 건지 내 생각이 맞는지<br/>자꾸만 나를 헷갈리게 만드는 거니<br/>수없이 나를 밀어내어도<br/>한없이 나를 아프게 해도<br/>정말 후회 없이 사랑했기에<br/>내 모든 게 너였기에<br/>이젠 알줄 알았어<br/>그래서 참아 낼 수 있었어<br/>그렇게 견뎌 낼 수 있었어<br/>하지만 너는 끝내 모르고<br/>나만 바보가 됐어<br/>왜 이토록 나를 아프게 하니<br/>너의 상처를 잊게 하고 싶어서<br/>정말 환하게 웃게<br/>만들어 주고 싶은 나인데<br/>그런 나를 아프게 하는 게 너라서<br/>네게 다가갈 수 없게 만들어<br/>나를 밀어내어도<br/>한없이 나를 아프게 해도<br/>정말 후회 없이 사랑했기에<br/>아직도 사랑하기에<br/>정말 바보 같잖아<br/>그래서 계속 참아내 볼게<br/>끝까지 계속 견뎌내 볼게<br/>언젠가 내 맘 전해지는 날<br/>그날 내게 말해줘<br/>너도 나를 정말 사랑한다고<br/>
"
5560,벚꽃길,이림이림,벚꽃길,22,<dd>2019.04.04</dd>,"하얀 벚꽃길을 따라서<br/>우리 함께 걸어요<br/>오늘따라 봄 바람이 더 향기로워요<br/>벚꽃 구경은 사실 처음이 아니지만<br/>그대와 함께여서 더 설레나봐요<br/>너무나 너무나 너무나<br/>좋은 바람이 불어요<br/>달콤한 달콤한 달콤한<br/>향기와 함께요<br/>내게만 내게만 내게만<br/>불어오는 것 같아요<br/>사랑의 사랑의 사랑의<br/>속삭임과 함께요<br/>너무나 너무나 너무나<br/>좋은 바람이 불어요<br/>달콤한 달콤한 달콤한<br/>향기와 함께요<br/>내게만 내게만 내게만<br/>불어오는 것 같아요<br/>사랑의 사랑의 사랑의<br/>속삭임과 함께요<br/>그 넓은 어깨 위로 내려앉은<br/>그 꽃잎처럼<br/>내 마음도 기댈 수 있나요<br/>하얀 벚꽃길을 따라서<br/>우리 함께 걸어요<br/>오늘따라 봄바람이 더 향기로워요<br/>벚꽃 구경은 사실 처음이 아니지만<br/>그대와 함께라서 더 설레나봐요<br/>떨어지는 벚꽃을 잡으면<br/>사랑이 이루어진다던데<br/>이번엔 놓치지 않을 거예요<br/>우리 잡은 이 손도 이 꽃잎도<br/>벚꽃길을 따라서 우리 함께 걸어요<br/>오늘따라 봄바람이 더 향기로워요<br/>벚꽃 구경은 사실 처음이 아니지만<br/>그대와 함께라서 더 설레나 봐요<br/>너무나 너무나 너무나<br/>좋은 바람이 불어요<br/>달콤한 달콤한 달콤한<br/>향기와 함께요<br/>너무나 너무나 너무나<br/>좋은 바람이 불어요<br/>달콤한 달콤한 달콤한<br/>향기와 함께요<br/>너무나 너무나 너무나<br/>좋은 바람이 불어요<br/>달콤한 달콤한 달콤한<br/>향기와 함께요<br/>너무나 너무나 너무나<br/>좋은 바람이 불어요<br/>달콤한 달콤한 달콤한<br/>향기와 함께요<br/>
"
5561,봄의 꿈 (Vocal. 재인),요새요새,봄의 꿈,6,<dd>2019.04.04</dd>,"어디선가 들려오는<br/>아카시아 향기 속에<br/>어디선가 울 것 같은<br/>여린 네 어깨를<br/>어디선가 들려오는<br/>아카시아 향기 속에<br/>고운 머릿결 흩날리며<br/>수줍게 걸어오던<br/>어디선가 들려오는<br/>아카시아 향기 속에<br/>나의 발걸음 멈춰지던 네 뒷모습<br/>눈을 뜨면 보일 것 같아<br/>거리의 빈자리를 헤매나<br/>익숙해지지 않는 우리 지금에<br/>멍한 얼굴과 허무해진 나이는<br/>이 거리 끝에 네가 있을까<br/>우리 처음 만난 설렘처럼<br/>다시 그 시간 그날에 너를 만난다면<br/>작은 상처까지도 모두 안아줄 텐데<br/>이 거리 끝에 네가 있을까<br/>우리 처음 만난 설렘처럼<br/>다시 그 시간 그날에 너를 만난다면<br/>작은 상처까지도 모두 안아줄 텐데<br/>어디선가<br/>들려오는<br/>어느샌가<br/>눈물이 흘러<br/>너를 그때로<br/>순수했던 우리 그날로<br/>
"
5562,우비 (Feat. 은지),최타민 (Ctvmin)최타민 (Ctvmin),우비,43,<dd>2019.04.04</dd>,"그대 내게 처음 다가와<br/>날 불렀던 날 종일 비가 내렸어요<br/>사랑 이게 참 어려워 잘 몰랐었죠<br/>그대 모습이 자꾸 생각나<br/>이상했는데 이젠 알 것 같아<br/>아 나도 내 주젤 알아요<br/>내 맘이 다쳐 죽어버린대도<br/>널 내일 볼 수 있다면 괜찮아<br/>이런 사랑이 나는 <br/>난 괜찮아<br/>아냐 그냥 한 번 불러본 거야<br/>넌 그냥 가던 길 가도 괜찮아<br/>그대 사실 사랑하기엔<br/>너무 빛나서 눈을 감을래요<br/>방 안 내가 초라해도 내 탓 인걸요<br/>그대 이런 내 모습을<br/>눈치 챘어도 모르는 척 해 주세요<br/>아 나도 내 주젠 알아요<br/>내 맘이 다쳐 죽어버린대도<br/>널 내일 볼 수 있다면 괜찮아<br/>이런 사랑이 나는 <br/>난 괜찮아<br/>아냐 그냥 한 번 불러 본 거야<br/>넌 그냥 가던 길 가도 괜찮아<br/>내 맘이 다쳐 죽어버린대도<br/>널 내일 볼 수 있다면 괜찮아<br/>이런 사랑이 나는 <br/>난 괜찮아<br/>아냐 그냥 한 번 불러 본 거야<br/>넌 그냥 가던 길 가도 괜찮아<br/>그대 내게 처음 다가와<br/>날 불렀던 날 가끔 생각나요<br/>사랑 이건 참 어려워<br/>
"
5563,난 잊지 못해,김수기김수기,"With You 04, 난 잊지 못해",8,<dd>2019.04.04</dd>,"난 처음부터 널 만났을 때<br/>그 순간부터  모든걸 기억하잖아<br/>난 잊지못해 널 보았을 때<br/>단 한사람만<br/>가슴에 간직하게 된것을<br/>너와 함께한 시간들 모두<br/>나에겐 너무나 소중한 기억들<br/>잊을 수 없는 너와의 추억<br/>언제나 미소를 만들어주고<br/>너를 사랑하며 살고 있는 내 모습과<br/>항상 나를 위해 기도하는 너의 모습<br/>같은 길을 함께 가고있어<br/>지치지 않고 감사하며<br/>서로를 아끼고<br/>살아가면 언제나 사랑할수 있어<br/>늘 그 자리에 넌 있어왔고<br/>난 너에게로 언제나 가고 있었지<br/>넌 오고있는 날 바라보며<br/>그 자리에서 웃으며<br/>기다리고 있었지<br/>너와 함께 한 시간들 모두<br/>나에겐 너무나 소중한 기억들<br/>잊을 수 없는 너와의 추억<br/>언제나 미소를 만들어 주고<br/>너를 사랑하며 살고있는 내 모습과<br/>항상 나를 위해 기도하는 너의 모습<br/>같은 길을 함께 가고 있어<br/>지치지 않고 감사하며<br/>서로를 아끼고 위하며<br/>살아가는 것에<br/>처음같은 사랑 간직하며<br/>살아온 한 순간도 잊지 못해<br/>같은 기억을 갖고 함께 했던 시간을<br/>난 간직할께 네 모든 것을<br/>내 가슴속에 영원히 남겨둘꺼야<br/>나를 사랑해 준 너의 모습 잊지못해<br/>너를 사랑할 수 있다는건<br/>행복인거야<br/>같은 길을 함께 가고 있어<br/>지치지 않고 감사하며<br/>서로를 아끼고 살아가면<br/>언제나 사랑할 수 있어<br/>
"
5564,나쁘지 않아,구본웅 (Ku Bon Woong)구본웅 (Ku Bon Woong),나쁘지 않아,1,<dd>2019.04.04</dd>,"주어진 운명을<br/>한탄 하는 것도<br/>그냥 이대로<br/>살아가는 것도<br/>나쁘지 않아<br/>언제든 자신을<br/>바꿀수도 있고<br/>니가 원하는<br/>세상을 만드는 20대<br/>뭐가 잘못된 걸까<br/>어디서 부터 달라진 걸까<br/>더러운 세상을<br/>비난하는 것도<br/>산과 해와 달<br/>바라보는 것도<br/>나쁘지 않아<br/>언제든 자신을<br/>바꿀수도 있고<br/>니가 원하는<br/>세상을 만드는 30대<br/>뭐가 잘못된 걸까<br/>어디서 부터 달라진 걸까<br/>
"
5565,"밤, 공원",감동기감동기,"밤, 공원",20,<dd>2019.04.04</dd>,"언덕이 높다 숨이 찰 만큼<br/>너와 함께 오고 싶던 공원야<br/>그립기보단 야경이 예뻐서<br/>그냥 네게도 보여주고파<br/>내 오른손에 배어있는 너의 온기<br/>혼자 걷는 걸음마다 차갑게 식어가<br/>불빛이 별빛같아 밤공기는 상쾌해<br/>슬픔마저 잊을만큼 아름다워<br/>돌아가는 걸음엔 다시 울적할거야<br/>조금씩 다시 아플거야<br/>가로등이 드려주던 그림자가<br/>달콤하게 겹치던 그 때로 돌아가<br/>불빛이 별빛같아 밤공기는 상쾌해<br/>슬픔마저 잊을만큼 아름다워<br/>돌아가는 걸음엔 다시 울적할거야<br/>조금씩<br/>가끔 네가 궁금해 내게 주던 미소가<br/>내 가슴을 벅차게 한 모든 순간<br/>아름다운 모든 건 네게 주고 싶었어<br/>그런게 버릇이 됐나봐<br/>
"
5566,이별의 끝(With. 임상현),빈 (Been)빈 (Been),빈(Been) - Story,57,<dd>2019.04.04</dd>,"한참을 울었어 아무 말 하지 못하고<br/>차가웠던 이별 앞에 널 잡지 못했어<br/>한참을 걸었어<br/>아직 믿기지가 않아서<br/>여기서 널 기다리면<br/>다시 오진 않을까<br/>수줍게 웃어주 던<br/>네가 아직 남아 있는데<br/>자꾸 그때 그 모습 떠올리다<br/>나도 몰래 눈물이 흘러<br/>얼마나 더 아파해야 할까요<br/>언제 쯤 이 모든 게 무뎌질까<br/>널 잊으려 애써도 내 기억 끝엔<br/>그대가 또 남아있죠<br/>네가 떠난 그날 이후로<br/>아직 난 제자리에<br/>혹시 너도 나를 그리워할까<br/>안될 걸 알면서도 눈물이 나<br/>얼마나 더 아파해야 할까요<br/>언제쯤 이 모든 게 무뎌질까<br/>널 잊으려 애써도 내 기억 끝엔<br/>그대가 또 남아있죠<br/>기나긴 시간이 흘러<br/>널 다시 만난다면<br/>아무렇지 않은 듯<br/>우리 웃으며 볼 수 있을까<br/>사실 난 아직 자신이 없는 걸<br/>매일 널 그리고 또 그린다<br/>아주 가끔은 그대 날 떠올려 주길<br/>나와 같은 마음이길<br/>이렇게 또 바래본다<br/>
"
5567,좋을텐데 (Feat. beatbox MIGHTY),"스바스바 (스윗소로우, 바버렛츠)스바스바 (스윗소로우, 바버렛츠)",좋을텐데,"3,285",<dd>2019.04.03</dd>,"좋을 텐데 너의 손 꼭 잡고<br/>그냥 이 길을 걸었으면<br/>내겐 너뿐인걸 니가 알았으면<br/>좋을 텐데<br/>얼마 전 만난 남자 얘기<br/>오늘만 해도 벌써 몇번째니<br/>그에게 전화가 또 왔었다며<br/>조금은 얼굴을 붉히는 너<br/>집에 돌아오는 길은<br/>포근한 달빛마저 슬퍼 보여<br/>마음이 아파 나를 위로해줄<br/>니가 있다면<br/>좋을 텐데 너의 손 꼭 잡고<br/>그냥 이 길을 걸었으면<br/>내게 너뿐인걸 니가 알았으면<br/>좋을 텐데<br/>괜찮은 사람인지 아닌지<br/>한번 본적도 없는 내가알아<br/>그에게 선물을 또 받았다며<br/>유난히 행복해 보이는 너<br/>집에 돌아오는 길은<br/>포근한 달빛마저 슬퍼 보여<br/>마음이 아파 나를 위로해줄<br/>니가 있다면<br/>좋을 텐데 나 아닌 사람<br/>얘기에 때론 화도 내어 봤으면<br/>그저 너의 곁에 내가 있었으면<br/>좋을 텐데<br/>모르겠니 애써 지켜온<br/>우정마저 놓칠것만 같아<br/>기다리던 또 망설이던<br/>그런 나 이젠 이젠<br/>좋을 텐데 너의 손 꼭 잡고<br/>그냥 이 길을 걸었으면<br/>내겐 너 뿐인걸 니가 알았으면<br/>좋을 텐데 너의 손 꼭 잡고<br/>그냥 이 길을 걸었으면<br/>내겐 너 뿐인걸 니가 있었으면<br/>좋을 텐데<br/>
"
5568,어디부터 잘못된 건 가요,더 브릿지 (The Bridge)더 브릿지 (The Bridge),어디부터 잘못된 건 가요,96,<dd>2019.04.03</dd>,"어느 순간 틈이 보여<br/>우리 사이 이상하죠<br/>그댄 알고 있나요<br/>그렇다면 말해줘 모두 다 내게<br/>답답해 우리 만나요<br/>어디부터 잘못된 건가요<br/>어떡해야 돌릴 수가 있죠<br/>그럴 수만 있다면<br/>제발 모든 할 수 있어<br/>그때로 돌릴 수만<br/>눈물로 기다리고 있죠<br/>어느 순간 틈이 보여<br/>우리 사이 이상하죠<br/>그댄 알고 있나요<br/>그렇다면 말해줘 모두 다 내게<br/>답답해 우리 만나요<br/>어디부터 잘못된 건가요<br/>어떡해야 돌릴 수가 있죠<br/>그럴 수만 있다면<br/>제발 모든 할 수 있어<br/>그때로 돌릴 수만<br/>눈물로 기다리고 있죠<br/>아무런 말도 하지 않는 거죠<br/>그대의 그 눈속에<br/>내가 보이지 않아요<br/>무서워져요<br/>이별이 내게 다가온 것 같아<br/>어디부터 잘못된 건가요<br/>어떡해야 돌릴 수가 있죠<br/>그럴 수만 있다면<br/>제발 모든 할 수 있어<br/>그때로 돌릴 수만<br/>눈물로 기다리고 있죠<br/>
"
5569,이젠 괜찮아 (Feat. 이민기),이너라디오 (Inner Radio)이너라디오 (Inner Radio),Letter,551,<dd>2019.04.03</dd>,"잘 지내지 미안하지 않게<br/>매일 받기만해서 항상<br/>마음에 걸렸었는데<br/>해어진단 생각하지 못해서<br/>단한번도<br/>네게 잘해준적이 없었기에<br/>정말로 미안해<br/>나는 홀로 남겨졌지만<br/>아직도 천천히 조금씩<br/>너를 잊어가고 있지만<br/>너는 그러지 않길바래<br/>돌아와달란 말조차<br/>할수없는 나를 위해서<br/>이젠 나를 잊었다고 말해도<br/>괜찮아 나보다 좋은 사람 만나기를<br/>혹시 날 떠나 행복하다 말해도<br/>괜찮아 아파하지 않을게<br/>다시 그댈위해<br/>난 널 잊을수 있을까<br/>슬프게 살다가 보면<br/>결국 널 지울수 있을까<br/>난 널 다시 찾게될텐데<br/>니가 또 힘들어 할까봐<br/>날 감춰야만 할텐데<br/>이젠 나를 잊었다고 말해도<br/>괜찮아 나보다 좋은 사람 만나기를<br/>혹시 날 떠나 행복하다 말해도<br/>괜찮아 아파하지 않을게<br/>다시 그댈위해<br/>멈춰버린 나의시간속에<br/>그대 다시 돌아오지말고 행복하길<br/>이젠 나를 모두 잊었다고 말해도<br/>괜찮아 항상 아프게만 해서 미안해<br/>혹시 날 떠나 행복하다 말해도<br/>괜찮아 아파하지 않을게<br/>다시 그댈위해<br/>
"
5570,부탁,"Pa.je (파제), 버둥Pa.je (파제), 버둥",부탁,383,<dd>2019.04.03</dd>,"같이 있지만 외로워<br/>따듯한데 난 외로워<br/>분명 내 옆엔<br/>네가 손잡아 주는데 외로워<br/>날 꽉 안아주겠니<br/>난 네가 날 떠날까 항상 불안했었어<br/>잠깐 날 좀 봐줄래<br/>넌 저 앞에 있지만 난 여기 서있는 걸<br/>내가 있는데 넌<br/>내 손 잡고도 넌<br/>분명 니 옆엔<br/>내가 노래해주는데 왜 넌<br/>날 꽉 안아주겠니<br/>내가 너의 앞에서 널 지키고 있어<br/>잠깐 날 좀 봐줄래<br/>넌 저 뒤에 서있고 난 또 혼자 걷는걸<br/>먼저 다가와 줄 순 없겠니<br/>네가 힘든 만큼 함께하고 싶은데<br/>내가 원하는 건 그게 아닌데<br/>넌 정말 진심으로<br/>날 친구라 생각하는지<br/>같이 있지만 외로워<br/>따듯한데 난 외로워<br/>분명 우리 곁엔 서로가 있는데<br/>
"
5571,Over and Over (Feat. 송영주),김브라이언김브라이언,Over and Over,32,<dd>2019.04.03</dd>,"Thought I was right<br/>living my life<br/>perfect in my own eyes<br/>Thought I was strong<br/>able to survive<br/>perfect in my own eyes<br/>Thought I was kind<br/>faithful and true<br/>perfect in my own eyes<br/>Thought I was near<br/>closer to You<br/>but now I realize<br/>I need You over and over<br/>over and over over and over<br/>inside<br/>I want You over and over<br/>over and over over and over<br/>inside<br/>Thought I was right<br/>living my life<br/>perfect in my own eyes<br/>Thought I was strong<br/>able to survive<br/>perfect in my own eyes<br/>Thought I was kind<br/>faithful and true<br/>perfect in my own eyes<br/>Thought I was near<br/>closer to You<br/>but now I realize<br/>I need You over and over<br/>over and over over and over<br/>inside<br/>I want You over and over<br/>over and over over and over<br/>inside<br/>Oh heal me over and over<br/>over and over over and over<br/>inside<br/>Oh love me over and over<br/>over and over over and over<br/>inside<br/>You're the air I breathe<br/>You're the song I sing<br/>You're my everlasting Love<br/>You're the air I breathe<br/>You're the song I sing<br/>You're my everlasting Love<br/>You're the air I breathe<br/>You're the song I sing<br/>You're my everlasting Love<br/>You're the air I breathe<br/>You're the song I sing<br/>You're my everlasting Love<br/>You're the air I breathe<br/>You're the song I sing<br/>You're my everlasting Love<br/>over and over over and over<br/>
"
5572,취준생 (Feat. 김영우),WonyWony,취준생,5,<dd>2019.04.03</dd>,"불이 꺼진 내방으로 혼자 들어와<br/>컴퓨터를 켜봤지만 부팅이 안돼<br/>이게 뭐야 오늘밤도 꼬여버렸어<br/>어쩌나 되는 일이 없는걸<br/>한참동안 멍때리다 다시 켜봤어<br/>가끔씩은 운좋게도 될때가 있지<br/>몇번이나 켜봤지만 반응이 없어<br/>까깝해 내다 버리고 싶어<br/>그러다가 어느새 열두시가 넘었어<br/>아무것도 한게 없어 오늘도<br/>하루하루 지나도 내인생은 제자리<br/>몇년동안 맨날 이모양이야<br/>넥타이를 매본게 몇년이 지났는지<br/>친구이름 조차 기억이 안나<br/>시간은 또 흐르고 나이가 들어가도<br/>내일이면 다시 해가 뜨겠지<br/>한참후에 가까스로 부팅이 됐어<br/>로그인을 해봤더니 메일이 왔어<br/>이게 뭐야 면접봤던 회사였었어<br/>드디어 나도 취업이 됐지<br/>묶여있던 넥타이를 다시 꺼내고<br/>밤새도록 기분좋은 상상을 했지<br/>이건 정말 꿈일거야 믿을수 없어<br/>하지만 진짜 꿈이었어<br/>그러다가 어느새 열두시가 넘었어<br/>아무것도 한게 없어 오늘도<br/>하루하루 지나도 내인생은 제자리<br/>몇년동안 맨날 이모양이야<br/>넥타이를 매본게 몇년이 지났는지<br/>친구이름 조차 기억이 안나<br/>시간은 또 흐르고 나이가 들어가도<br/>내일이면 다시 해가 뜨겠지<br/>
"
5573,넌 여기에 없어,펑크파인애플펑크파인애플,감성프로젝트 No.14,6,<dd>2019.04.03</dd>,"언젠가 다가올<br/>우리들의 마지막<br/>시간이 바로<br/>오늘밤이니<br/>이렇게 널 보내는<br/>나의 이 마음을<br/>너도 알고 있잖니<br/>우리가 함께한<br/>수많은 추억들은<br/>나의 가슴을<br/>아프게 하고<br/>사랑해 사랑해<br/>너에게 외치는 나<br/>너도 알고 있잖니<br/>그 날의 너를<br/>나 잊을 수 없어<br/>황홀했었던<br/>그 날의 우리는<br/>이제 없어<br/>넌 여기에 없어<br/>꿈만 같았던 그 시간<br/>차가운 바람이<br/>나의 몸을 감싸고<br/>너의 기억이<br/>문득 떠올라<br/>눈물이 나는 걸<br/>애써 참아보는 나<br/>너도 알고 있잖니<br/>그 날의 너를<br/>나 잊을 수 없어<br/>황홀했었던<br/>그 날의 우리는<br/>이제 없어<br/>넌 여기에 없어<br/>꿈만 같았던 그 시간<br/>그리운 너의<br/>목소리가 들려오네<br/>조용히 눈을<br/>감고 이대로<br/>사랑해 사랑해<br/>너에게 외치는 나<br/>너도 알고 있잖니<br/>그 날의 너를<br/>나 잊을 수 없어<br/>황홀했었던<br/>그 날의 우리는<br/>이제 없어<br/>넌 여기에 없어<br/>꿈만 같았던 그 시간<br/>그 날의 너를<br/>나 잊을 수 없어<br/>황홀했었던<br/>그 날의 우리는<br/>이제 없어<br/>넌 여기에 없어<br/>꿈만 같았던 그 시간<br/>
"
5574,엄지와 검지 사랑 (feat. 샤이니제이),마영성마영성,엄지와 검지 사랑,2,<dd>2019.04.03</dd>,"그 언젠가 꽃처럼 수줍게<br/>나비처럼 살며시 내게로 다가와<br/>손을 꼭 잡아주던<br/>나도 몰래 사랑에 빠진걸<br/>표정과 말투까지도<br/>우리 함께만 있다면<br/>그걸로 난 족해요<br/>늘 조금씩 가까이 내게로 와줘요<br/>운명이 다하는 날까지<br/>그대를 사랑해<br/>마음과 마음을 우리 함께<br/>모아서 살아갈래요<br/>서로가 곁에 있어도<br/>자꾸만 보고파 지는걸<br/>그 시간 속에<br/>우린 영원히 함께 있음을<br/>어디든 둘이 간다면 빛이 나겠죠<br/>엄지와 검지처럼 영원히 함께해요<br/>그 언젠가 꽃처럼 살며시<br/>바람처럼 날아서 내게로 다가와<br/>뺨에 키스해주던<br/>이런 게 바로 운명이란 걸<br/>생각과 행동까지도<br/>우리 함께만 있다면<br/>그걸로 행복해요<br/>부드럽게 달콤히 내게 말해줘요<br/>운명이 다하는 날까지<br/>그대를 사랑해<br/>사랑과 영혼을 우리 함께<br/>모아서 지켜 갈래요<br/>서로가 곁에 있어도<br/>자꾸만 보고파지는걸<br/>그 세상에서<br/>우린 영원히 살아 있음을<br/>어디든 둘이 간다면 날개를 달겠죠<br/>엄지와 검지 사랑<br/>두 손을 잡고 우리 함께 달려가요<br/>희망에 찬 그곳으로<br/>이 세상 끝나는 그 날까지<br/>영원히 함께하리<br/>그 시간 속에<br/>우린 영원히 함께 있음을<br/>어디든 둘이 간다면 빛이 나겠죠<br/>엄지와 검지처럼 영원히 사랑해요<br/>
"
5575,시계소리(Sleepless Night),Carol (캐롤)Carol (캐롤),시계소리(Sleepless Night),136,<dd>2019.04.03</dd>,"습관처럼 이불을 머리 끝까지<br/>잠은 오는데 내 귀는 깨어있어<br/>예민하지도 않았던 내 몸은 어느새<br/>희미한 소리에도 잠 못 이뤄<br/>수 없이 들었던 생각들이 사라지게<br/>잠들어야하는데 자꾸 날 괴롭혀<br/>초침에 맞춰 내 마음도 급해져가<br/>날 예민하게 만드는 소리에<br/>귀를 막고 눈을 감아<br/>숨을 참아야해<br/>더 이상 생각하지 않게<br/>날 깨우지 않게 잠들수 있게<br/>Peace on my mind<br/>Peace in my ear<br/>Breathe in and breathe out<br/>날 깨우지 않게<br/>잠들수 있게<br/>더 이상 밀려오는 후회로<br/>잠 못 들긴 싫어<br/>더 이상 괜찮다 말하고 싶지않아<br/>소리내어 크게 말해도되<br/>난 괜찮지 않아<br/>난 잠들고싶어<br/>수 없이 스쳐갔던 날들이<br/>끊이질 않아<br/>잠들어야하는데 자꾸 날 누르고<br/>시간의 흐름에 내 걱정은 쌓여가<br/>날 예민하게 만드는 소리에<br/>귀를 막고 눈을 감아<br/>숨을 참아야해<br/>더 이상 생각하지 않게<br/>날 깨우지 않게<br/>잠들수 있게<br/>Peace on my mind<br/>Peace in my ear<br/>Breathe in and breathe out<br/>날 깨우지 않게<br/>잠들수 있게<br/>참아야해<br/>더 이상 생각하지 않게<br/>날 깨우지 않게<br/>잠들수 있게<br/>
"
5576,기대도 돼,조용우조용우,기대도 돼,60,<dd>2019.04.03</dd>,"오늘은 또 무슨 일이 있었니<br/>누군가 널 힘들게 했니<br/>또 다른 거짓들이 너를 아프게 하니<br/>너의 하루 참 힘겨워 보여<br/>혼자 아파하는 너를<br/>그저 바라볼 뿐이지만<br/>너의 곁에서 맴돌고 있어<br/>나를 찾을 때까지<br/>가끔은 지칠 때 기대도 돼<br/>잠깐 내 어깨를 빌려줄게<br/>어떤 말로도 위로가 되지 않을 때<br/>아무 말 없이 안아줄게<br/>혼자 아파하는 너에게<br/>어떤 말도 할 수 없지만<br/>변함없이 널 기다리고 있어<br/>나를 찾을 때까지<br/>가끔은 지칠 때 기대도 돼<br/>잠깐 내 어깨를 빌려줄게<br/>어떤 말로도 위로가 되지 않을 때<br/>아무 말 없이 안아줄게<br/>감추려 해도 감춰지지 않는<br/>지울 수 없는 지난 일들<br/>너의 아픔 또한 나의 아픔<br/>이제는 내가 안아줄게<br/>가끔은 지칠 때 기대도 돼<br/>잠깐 내 어깨를 빌려줄게<br/>어떤 말로도 위로가 되지 않을 때<br/>아무 말 없이 안아줄게<br/>어떤 말로도 위로가 되지 않을 때<br/>아무 말 없이 안아줄게<br/>아무 말 없이 안아줄게<br/>
"
5577,그리워하며,하늘하늘,그리워하며,5,<dd>2019.04.03</dd>,"네 생각에 취하는 밤<br/>항상 함께 했던 그곳에<br/>이렇게 나 홀로 이제는 혼자서<br/>귀엽다며 머릴 쓰다듬던<br/>네 손길은 어디에<br/>나만을 바라보던<br/>네 눈빛은 어디에<br/>그만 이제 그만 나를 괴롭혀<br/>힘이 든단 말도 이젠 지쳐서<br/>제발 나를 떠나가줘<br/>내 안에서 내 맘에서<br/>웃으면서 지내던 게<br/>마치 어제 일만 같아서<br/>믿기지 않는데 이제는 혼자서<br/>귀엽다며 머릴 쓰다듬던<br/>네 손길은 어디에<br/>나만을 바라보던<br/>네 눈빛은 어디에<br/>그만 이제 그만 나를 괴롭혀<br/>힘이 든단 말도 이젠 지쳐서<br/>제발 나를 떠나가줘<br/>내 안에서 내 맘에서<br/>
"
5578,봄 To You,젤리프로젝트젤리프로젝트,봄 To You,17,<dd>2019.04.03</dd>,"아무 생각 없이 앉아<br/>등을 기대고<br/>하늘을 바라보고선<br/>웃고 있었어<br/>계절 따라 바뀌는 하늘이<br/>나의 기분 같아 uh<br/>I feel so good oh<br/>봄이 오면 모두 새로워지는 설렘<br/>Woo 그런 기분 Yeah 참 오랜만이야<br/>새로운 것들을 찾아가고 있어<br/>그게 뭐든 나는 좋을 거야<br/>I like spring 좋아<br/>Do you like spring<br/>How about<br/>어디로 가든지<br/>세상이 모두 Colorful<br/>분홍색 노란색 하늘색 하늘<br/>매일 이러면 난<br/>행복할 것 같아<br/>봄아 떠나지 마<br/>포근한 날씨에 Dive<br/>불어오는 바람 타고<br/>I will drive today<br/>봄이 오면 모두 기분 좋아지는 맘<br/>Woo 그런 마음 Yeah 참 오랜만이야<br/>신나는 것들을 찾아가고 있어<br/>그게 뭐든 나는 좋을 거야<br/>I like spring 좋아<br/>Do you like spring<br/>How about<br/>어디로 가든지<br/>세상이 모두 Colorful<br/>분홍색 노란색 하늘색 하늘<br/>매일 이러면 난<br/>행복할 것 같아<br/>봄아 떠나지 마<br/>하하하 웃어보자<br/>미소 지어<br/>매일매일<br/>기분 좋게<br/>분홍색 노란색 하늘색 하늘<br/>매일 이래서 난<br/>좋아하고 있어<br/>봄아 떠나지 마<br/>
"
5579,수만 가지의 감정,라상율라상율,수만 가지의 감정,9,<dd>2019.04.03</dd>,"그댈 처음 본 순간<br/>생각했었지<br/>나만 봐주기를<br/>그저 다른 사람이 아닌<br/>날 보며 웃어주길 바랬어<br/>사소한 날들 속에<br/>니가 있단게<br/>마냥 행복 했어<br/>같은 곳을 바라보고<br/>너와 함께 있는 게 좋았어<br/>내게 떠오르는 생각들<br/>휘몰아치는 내 감정들<br/>한없이 바보 같아지는 순간들<br/>수만 가지 감정들 속에<br/>흘러가는 시간 속<br/>지금 이 순간<br/>그댈 바라보며<br/>내게서 느껴진 감정<br/>그것이 사랑인걸 알았어<br/>너는 나와 같은 마음일까<br/>너에게 나는 사랑일까<br/>불안한 마음을 가졌지만<br/>이젠 아무 상관없었다는 걸<br/>그 어떤 이유 없이 사랑한다고<br/>마음이 그러는걸<br/>세상이 끝나더라도<br/>항상 너만을 바라보고 싶은<br/>수만 가지의 내 감정들<br/>
"
5580,넘고 넘어,소소소소,넘고 넘어,3,<dd>2019.04.03</dd>,"어디든 똑같아 그 어디라도<br/>잿빛에 물들어 뒤돌아서 울곤 해<br/><br/>그대 멈추려고 하지 마<br/>내가 곁에 있잖아<br/>끝을 먼저 생각 하지 마<br/>부딪혀 보는 거야<br/><br/>산 넘어 산이라고들 하지만<br/>못 넘을 건 뭐야 할 수 있잖아<br/>혼자선 넘지 못해<br/>울고 있지는 마<br/>같이 가면 돼<br/><br/>천천히 하나를 다 넘고 나면<br/>피어있는 들꽃과 낮잠을<br/>시간이 지나 뒤돌아 보면 알아<br/>어제와는 다른 너<br/><br/>지금의 모든 게 추억일 거야<br/>그땐 그랬었지 웃을 날이 올 거야<br/><br/>그대 멈추려고 하지 마<br/>내가 곁에 있잖아<br/>끝을 먼저 생각 하지 마<br/>부딪혀 보는 거야<br/><br/>산 넘어 산이라고들 하지만<br/>못 넘을 건 뭐야 할 수 있잖아<br/>혼자선 넘지 못해<br/>울고 있지는 마<br/>같이 가면 돼<br/><br/>천천히 하나를 다 넘고 나면<br/>피어있는 들꽃과 낮잠을<br/>시간이 지나 뒤돌아 보면 알아<br/>어제와는 다른 너<br/><br/>천천히 하나를 다 넘고 나면<br/>피어있는 들꽃과 낮잠을<br/>시간이 지나 뒤돌아 보면 알아<br/>어제와는 다른 너<br/>
"
5581,Paint you,멜팅멜팅,Paint you,6,<dd>2019.04.03</dd>,"저기 저 하늘 위에 널 그릴래<br/>너와 나의 아름다웠던 추억들을<br/>잊지 않도록 새겨두고 싶어<br/>하늘을 볼 때면 날 기억해줘<br/>어제 네가 내 꿈속에<br/>나타나선 내 앞에서 미소 지었어<br/>그 미소에 나도 입가에 미소 지어<br/>I think I fall in love with you<br/>너와 손을 잡고<br/>하늘을 걸어 다니며<br/>그동안 가고 싶던 곳에<br/>같이 갈래 그대와<br/>저기 저 하늘 위에 널 그릴래<br/>너와 나의 아름다웠던 추억들을<br/>잊지 않도록 새겨두고 싶어<br/>하늘을 볼 때면 날 기억해줘<br/>너를 사랑해<br/>그리고 난 꿈을 깰까 봐<br/>두 눈을 꼭 감고 있어 네게 집중해<br/>네가 사라질까 봐 불안해져<br/>I think I fall in love with you<br/>너와 손을 잡고<br/>하늘을 걸어 다니며<br/>그동안 가고 싶던 곳에<br/>같이 갈래 그대와<br/>저기 저 하늘 위에 널 그릴래<br/>너와 나의 아름다웠던 추억들을<br/>잊지 않도록 새겨두고 싶어<br/>하늘을 볼 때면 날 기억해줘<br/>너와 영원히 함께 하고 싶어<br/>잊지 않도록 새겨두고 싶어<br/>하늘을 볼 때면 날 기억해줘<br/>너를 사랑해<br/>
"
5582,나에게 오는길,달볕달볕,나에게 오는길,21,<dd>2019.04.03</dd>,"어두운 길 위에 무거운 발걸음 소리<br/>그대가 보이는 것만 같아<br/>길 잃은 맘속을 걷는 그대 발걸음이<br/>집으로 돌아오지 못할 때<br/>안아줄 사람도 없고<br/>들어줄 사람도 없는<br/>그런 외로운 마음을 알 것 같아<br/>우린 어디에서 왔고<br/>어디로 가는 중인지<br/>그댄 어디를 향해 가고 있나요<br/>이 길을 걸으며 때지 못한 발걸음과<br/>뱉지 못한 그 한숨을<br/>꺼내어 안아줄게 걷다가 지칠 땐<br/>날 기억해줘 기억해줘<br/>나에게 오는 길<br/>좋았던 기억들과<br/>행복했던 추억만으로는<br/>버티기엔 너무 힘들어<br/>행복할 희망을 핑계 삼아<br/>내게 웃어주던<br/>그댄 어디를 향해 가고 있나요<br/>이 길을 걸으며 때지 못한 발걸음과<br/>뱉지 못한 그 한숨을<br/>꺼내어 안아줄게 걷다가 지칠 땐<br/>날 기억해줘 기억해줘<br/>나에게 오는 길<br/>지난 시간 걸어왔던 그대의 발걸음<br/>그곳에 내가 있을게<br/>한번쯤 돌아봐주길<br/>그대의 젊은 날 내게<br/>이 길을 걸으며 때지 못한 발걸음과<br/>뱉지 못한 그 한숨을<br/>꺼내어 안아줄게 걷다가 지칠 땐<br/>날 기억해줘 기억해줘<br/>나에게 오는 길<br/>
"
5583,Daily,고아람고아람,milestone,22,<dd>2019.04.03</dd>,"차가운 공기 새벽 두 시 십분<br/>달빛 창가 위로 내리는 첫눈<br/>나의 일기장에 오늘 하루를<br/>차분하게 써 내려가고 있어<br/>한 잔의 커피와 이 순간의 온도<br/>얼어있던 내 감정을 녹이고<br/>지치고 힘든 시간을 잊고서<br/>평범하게 하루를 시작해<br/>힘들었던 지난날의 기억들 모두 다<br/>사라지는 향기처럼 보내고 <br/>오늘의 후회 내일의 걱정<br/>모두 지워내고<br/>아무 생각 없이 잠들래<br/>회색 달빛이 내 방을 감쌀 때<br/>나를 돌아보게 하는 것 같아<br/>노란 별빛이 내 맘을 감쌀 때<br/>나를 위로해주는 것 같아<br/>데일리 문 데일리 무드<br/>언젠가 일기장을 펼쳐볼 나에게<br/>들려주고 싶어 전해주고 싶어<br/>여기 이 계절 속에 두고 가지 마<br/>특별하진 않아도 잊고 싶지 않아<br/>매일이 소중해 내일을 기대해<br/>다음 페이지는 어제처럼<br/>우울하지 않았으면 해<br/>우울하지 않았으면 해<br/>유난히 길고 어두웠던 내 세상이<br/>천천히 밝아오니까<br/>더는 상처 속에 머물지 않아<br/>행복하고 싶은 나니까<br/>회색 달빛이 내 방을 감쌀 때<br/>나를 돌아보게 하는 것 같아<br/>노란 별빛이 내 맘을 감쌀 때<br/>나를 위로해주는 것 같아<br/>회색 달빛이 내 방을 감쌀 때<br/>나를 돌아보게 하는 것 같아<br/>따뜻한 햇빛 창가에 앉을 때<br/>나를 안아주는 것 만 같아<br/>
"
5584,연애할래요? (Feat. 사월 of 닮은),이음 (以音)이음 (以音),연애할래요?,39,<dd>2019.04.03</dd>,"안녕 오늘도 내게 인사를 해<br/>두 볼은 왜 자꾸 빨개지는데<br/>안녕 오늘도 내게 인사를 해<br/>내 맘은 왜 자꾸만<br/>널 향해 달려가는데<br/>언제부턴가 또 니가 신경 쓰여<br/>너를 생각하다 하룰 보내고<br/>아무것도 하기 싫은 그런 날에도<br/>너를 생각 하며<br/>또 하룰 보내 있잖아<br/>연애 할래요<br/>나랑 손잡고서 음음음<br/>우리 이 거리를 함께 걸어요<br/>연애 할래요<br/>이제 봄이잖아요 음음음<br/>벚꽃 흩날리는 이 거릴 함께 걸어요<br/>안녕 오늘도 내게 인사를 해<br/>내 심장은 왜 자꾸 빨라지는데<br/>안녕 오늘도 내게 인사를 해<br/>내 맘은 왜 자꾸만<br/>너만 보고 싶은 건데<br/>언제부턴가 또 니가 신경 쓰여<br/>너를 생각하다 하룰 보내고<br/>아무것도 하기 싫은 그런 날에도<br/>니가 생각이 나 또 보고 싶어지잖아<br/>연애 할래요<br/>나랑 손잡고서 음음음<br/>우리 이 거리를 함께 걸어요<br/>연애 할래요<br/>이제 봄이잖아요 음음음<br/>벚꽃 흩날리는 설렘 가득한 계절에<br/>연애 할까요<br/>우리 손 꼭 잡고서 음음음<br/>벚꽃 흩날리는 이 거릴 함께 걸어요<br/>
"
5585,이사,자리끼자리끼,이사,28,<dd>2019.04.03</dd>,"이사를 가려고 해<br/>너의 흔적이 남은 여길<br/>떠나려 해<br/>하나하나씩<br/>천천히 짐을 꾸려놓으니<br/>텅 빈 방이 내 맘과 같아<br/>너 없이 잘 살 수 있을까<br/>수많은 걱정이 앞서<br/>그렇게 좋아했던 우리<br/>이렇게 헤어져야만 했을까<br/>여길 떠나듯이<br/>나도 너도 서로가 서로를 떠나고<br/>죽도록 사랑해도<br/>결국 이별하는 우리<br/>이사를 가려고 해<br/>여길 떠나려 해<br/>너를 떠나려 해<br/>너 없이 잘 살 수 있을까<br/>수많은 걱정이 앞서<br/>그렇게 좋아했던 우리<br/>이렇게 헤어져야만 했을까<br/>여길 떠나듯이<br/>나도 너도 서로가 서로를 떠나고<br/>죽도록 사랑해도<br/>결국 이별하는 우리<br/>이사를 가려고 해<br/>여길 떠나려 해<br/>너를 떠나려 해<br/>떠나려 해<br/>
"
5586,아파,김가영김가영,아파 김가영,17,<dd>2019.04.03</dd>,"슬픔이 이렇게 가슴 아래부터<br/>차오르는 날인데<br/>하늘의 햇빛은 왜 이리 환할까요<br/>언젠가 햇살이 밝은 날 들었던<br/>아프고 바보 같은 가슴 속<br/>기억이 다시 떠오르네요<br/>이제는 사람을<br/>다시 좋아하면 안 되겠다<br/>우리가 좋아한<br/>사람들은 자꾸 떠나니까<br/>아픔은 시간이 지날수록<br/>작아지는줄 알았는데<br/>모든 상처가 다 그런 건<br/>아닌가 봐요<br/>여러번 겪었던 일이지만<br/>채 아물지 못한 위에<br/>더해진 상처는<br/>더 많이 아픈가 봐요<br/>이제는 사람을<br/>다시 미워하면 안 되겠다<br/>우리가 욕해도<br/>변하는 건 하나 없으니까<br/>그리운 밤 아무리 그대 채워봐도<br/>다시 오지는 않죠<br/>억울한 밤 아무리 가슴 멍들어도<br/>다시 오지는 않죠<br/>우<br/>어차피 그들의 더러운 입들은<br/>멈추지 않을걸 알죠<br/>비아냥 조롱도 또 넘쳐날걸 알죠<br/>마지막 힘들 때 기대지 못했던<br/>그대 안지 못했던<br/>또 한번 미안한 마음들만 남겠죠<br/>이제 또 사람을<br/>다시한번 더 믿어야 하나<br/>아직은 고마운<br/>미안한 마음들 있으니까<br/>그리운 밤 아무리 그대 채워봐도<br/>다시 오지는 않죠<br/>억울한 밤 아무리 가슴 멍들어도<br/>다시 오지는 않죠<br/>아 파 아 파 <br/>
"
5587,잘할게,이해(Yi Hae)이해(Yi Hae),잘할게,58,<dd>2019.04.03</dd>,"서로가 행복했었던 날들<br/>보고 있으면 웃음 나던<br/>그 시간들이 지금의<br/>너에겐 조금 달리 그려진 건지<br/>살갑게 장난치던 나를<br/>차갑고 무뚝뚝하게 바라보는<br/>그 시선에 담겨있는 맘이<br/>나와 같지 않은 듯한 너<br/>왜 그래 내가 잘할게<br/>너의 마음에 들 수 있게<br/>헤어지자 하지마<br/>상처주지 마 제발<br/>천천히 말해줘<br/>내가 어떻게 하면 될까<br/>무심히 뒤돌아서는 너를<br/>붙잡고 간절하게 바라보는<br/>내 시선에 지친 얼굴로 끝내<br/>말해도 모를 거라 하는 너<br/>왜 그래 내가 잘할게<br/>너의 마음에 들 수 있게<br/>헤어지자 하지마<br/>상처주지 마 제발<br/>천천히 말해줘<br/>내가 어떻게 하면 될까<br/>그렇게 쉽게 가지마<br/>내가 조금 더 노력해볼게<br/>부디 우리의 행복했던 시간을<br/>아무렇게나 버리지 말아줘<br/>잘할게 더 좋은 사람이 될게<br/>네가 원하는 대로 전부 바꿀게<br/>헤어지자 하지마<br/>떠나가지 마 제발<br/>한 마디만 해줘<br/>나는 아직도 잘 모르겠어 다<br/>
"
5588,너를 찾아서,케빈킴케빈킴,너를 찾아서,15,<dd>2019.04.03</dd>,"문득 그냥 가슴이 아파와<br/>잠시지만 너가 또 생각나<br/>무엇인지 뭔지는 모르겠지만<br/>비 오는 창 밖을 서성여<br/>지운 듯이 마치 다 잊은 듯이<br/>그렇게 널 어떻게든 잊어보려했어<br/>너 하나로만 빛나던 세상<br/>서로를 지키려 애썼던 그 날<br/>그래 아팠었던<br/>그때의 너와 나는 우리는<br/>잠시 너를 찾으러 갈께<br/>지운 듯이 마치 다 잊은 듯이<br/>그렇게 널 어떻게든 잊어보려 했어<br/>너 하나로만 빛나던 세상<br/>서로를 지키려 애썼던 그 날<br/>그래 아팠었던<br/>그때의 너와 나는 우리는<br/>잠시 너를 찾으러<br/>미친 듯 짧았던 찰나의 순간 조차도<br/>나에겐 사치인 듯<br/>시간에 흘러가<br/>너 하나로만 빛나던 세상<br/>서로를 지키려 애썼던 그날<br/>그래 아팠었던<br/>그때 너와 나는 우리는<br/>잠시 너를 잊으러 갈께<br/>
"
5589,"그 해, 여름 (Feat. 이지현)",사연제작소 (Sayeon Maker)사연제작소 (Sayeon Maker),두번째 사연 (Second Story),8,<dd>2019.04.03</dd>,"널보면 내 맘 이렇게 떨려오는걸<br/>아마 너는 알지 못할거야<br/>그 해 여름처럼<br/>우리 다시 시작할 수 있길 바라<br/>알고있니 너와 마주친 여행에서<br/>날보고 웃던 네 입술 또 그 향기<br/>왠지 익숙했던 네 모습<br/>바보같이 아무 말도 못하던 내게<br/>손 내밀어 준 널 만난 후<br/>나의 날들에 온기가 가득해진거야<br/>널보면 내 맘 이렇게 떨려오는걸<br/>아마 너는 알지 못할거야<br/>그 해 여름처럼<br/>우리 다시 시작할 수 있길 바라<br/>아쉬움을 뒤로 한 채<br/>기약없는 약속안에<br/>우리는 모든걸 맡겼었지만<br/>매년 여름이 다가오면<br/>그때 모든 기억들이<br/>너로 가득해 그리움이 짙어져 가<br/>넌 어때 무던히도 뜨겁던 나처럼<br/>너의 여름도 나였을까<br/>너를 만나면 그 때처럼<br/>가장 환하게 웃어줄거야<br/>내게 너였던 그 때처럼<br/>우리 다시 만나기를 바라<br/>
"
5590,완벽한 날,이석훈이석훈,완벽한 날,"7,845",<dd>2019.04.02</dd>,"니가 떠나고 일부러 바쁘게 지냈어<br/>며칠이 지났는지 모를 만큼<br/>너의 기억을 억지로 지워냈어<br/>사실 힘들어 다 거짓말<br/>햇살이 너무 맑아서 완벽한 날에<br/>고개를 들어 너를 추억해<br/>바람 소리가 날 깨운다<br/>그때 추억에 기대 걷는다<br/>눈을 감고 느껴본다 그날의 널<br/>오늘 너만 너만 돌아오면 돼<br/>너와 함께한 기억을 지워내려<br/>노력해봐도 안되겠어<br/>햇살이 너무 맑아서 완벽한 날에<br/>고개를 들어 또 너를 추억해 보면<br/>바람 소리가 날 깨운다<br/>그때 추억에 기대 걷는다<br/>눈을 감고 느껴본다 그날의 널<br/>오늘도 난 기다린다<br/>여전히 같은 자리에 난<br/>더 니가 그리워진다<br/>이제 너만 있어주면 돼<br/>소리 내서 불러본다 내 안의 널<br/>다시 너만<br/>너만 돌아오면 돼<br/>
"
5591,바람이 전하는 이야기,전우성 (노을)전우성 (노을),해치 OST Part.2,"1,762",<dd>2019.04.02</dd>,"한 장을 넘긴다 두 장을 넘긴다<br/>점점 멀어져 가는 처음 그날처럼<br/>우리 둘 꽤 사랑했구나<br/>세 장을 넘길 때 눈물이 고인다<br/>점점 생각이 나는 기억을 보며<br/>난 웃으며 울고만 있다<br/>스르르르르 바람 하나 불어와<br/>읽고 있던 기억을 넘긴다<br/>비워버린 다음 이야기엔<br/>무엇을 그려야 할까<br/>우리 둘 안녕하고 만났으니<br/>우리 둘 안녕하고 헤어질까<br/>지금 스르르 또 스르르<br/>바람이 아파도<br/>우리 둘 사랑했던 마음으로<br/>서로를 보내줘야 한다고<br/>지금 스르르르<br/>바람이 전하는 이야기<br/>스르르르르 바람 하나 불어와<br/>읽고 있던 기억을 넘긴다<br/>비워버린 다음 이야기엔<br/>무엇을 그려야 할까<br/>우리 둘 안녕하고 만났으니<br/>우리 둘 안녕하고 헤어질까<br/>지금 스르르 또 스르르<br/>바람이 아파도<br/>우리 둘 사랑했던 마음으로<br/>서로를 보내줘야 한다고<br/>지금 스르르르<br/>바람이 전하는 이야기<br/>뒤를 돌아볼까<br/>다시 말할까 말할까<br/>사랑한다 말할까<br/>우리 둘 사랑했던 이야기<br/>우리 둘 이별하는 오늘 얘기<br/>지금 스르르 스르르<br/>바람이 아파도<br/>우리 둘 사랑했던 마음으로<br/>서로를 보내줘야 한다고<br/>지금 스르르르<br/>바람이 전하는 이야기<br/>
"
5592,토닥토닥,오소연오소연,토닥토닥,460,<dd>2019.04.02</dd>,"터벅터벅 힘 빠진 걸음과<br/>축 처진 어깨가 기분을 말했지<br/>늘 이래도 안돼 저래도 안돼<br/>내가 날 더 채찍질했지<br/>오 사람들의 시선이 날카로워<br/>난 오늘도 한계를 넘어 날 울려<br/>또 하는 말 난 왜 이럴까<br/>난 나라고 인정할 순 없을까<br/>수고했다고 나를 좀 더 토닥여줄걸<br/>힘들었다고<br/>네게 조금은 털어놓을걸<br/>지금이라도 날 예뻐할 수 있을까<br/>내가 날 인정할 수 있을까<br/>오 쉴 틈 없이 달렸지 눈 감은 채<br/>멈춰 서지도 못해 힘이 들어도<br/>또 하는 말 난 참 못났다<br/>난 나라고 인정할 순 없을까<br/>수고했다고 나를 좀 더 토닥여줄걸<br/>힘들었다고<br/>네게 조금은 털어놓을걸<br/>지금이라도 날 예뻐할 수 있을까<br/>내가 날 인정할 수 있을까<br/>수고했다고 나를 좀 더 토닥여줄걸<br/>힘들었다고<br/>네게 조금은 털어놓을걸<br/>지금이라도 날 예뻐할 수 있을까<br/>내가 날 인정할 수 있을까<br/>난 나라고 음<br/>
"
5593,바람,샤넌샤넌,아이템 OST Part.6,488,<dd>2019.04.02</dd>,"한참을 꿈을 꾼 것 같아<br/>거짓말 같던 시간들<br/>얼마나 울고 울었던 걸까<br/>숨조차 쉬기 힘들어<br/>돌아본다<br/>늘 외롭고 아팠던<br/>철저히 혼자여야만 했던 날들<br/>바라본다<br/>영원할 것만 같던<br/>슬픔들도 부서져 버린 자리<br/>유난히도 차갑던 바람<br/>여기까지 날 데려와<br/>간절히도 빌었던 바람<br/>이제 햇살 속에 눈부신다<br/>흘러간 어제 일 속에서<br/>붙잡지 못했던 후회<br/>여전히 뿌옇기만 한 내일<br/>조용한 바람이 분다<br/>지나간다<br/>늘 힘없이 외쳤던<br/>매일 밤 가슴에 새기던 혼잣말<br/>웃어본다<br/>끝날 것 같지 않던<br/>상처들도 흩어져버린 지금<br/>유난히도 차갑던 바람<br/>여기까지 날 데려와<br/>간절히도 빌었던 바람<br/>이제 햇살 속에 눈부신다<br/>따스해진 바람이<br/>내 어깰 두드린다<br/>모든 것이 제자릴 찾아<br/>처음으로 돌아가고<br/>나는 혼자 이곳에 서서<br/>아무 말이 없는 너를 본다<br/>
"
5594,서로에서 우리로,손수민손수민,너를 싫어하는 방법 OST,129,<dd>2019.04.02</dd>,"처음엔 알지 못했어<br/>항상 곁에 있던 너를<br/>그저 좋은 사람이라고만 생각했어<br/>니가 내 곁을 떠나고<br/>모든 것이 변했어<br/>조금 늦었지만 고백할게<br/>내 얘길 들어줄래<br/>너의 일부터 열까지<br/>사랑하고 있다고 좋아하고 있다고<br/>내 품에 안겨 약속할게 언제나<br/>두 손 꼭 잡은 너와 내가 되겠다고<br/>처음엔 어색할지도 몰라<br/>다투기도 하겠지만<br/>사소한 그 하나하나를<br/>소중하게만 생각할게<br/>니가 내곁에 있다는<br/>그 사실만으로 벅차<br/>너와 함께할 하루하루<br/>모든 날이 기대돼<br/>너의 일부터 열까지<br/>사랑하고 있다고 좋아하고 있다고<br/>내 품에 안겨 약속할게 언제나<br/>두 손 꼭 잡은 너와 내가 되겠다고<br/>이제야 깨달았어<br/>그 모든 순간들과 함께한 시간들이<br/>내게 준 선물이란걸<br/>너의 일부터 열까지<br/>사랑하고 있다고 좋아하고 있다고<br/>내 품에 안겨 약속할게 언제나<br/>두 손 꼭 잡은 너와 내가 되겠다고<br/>너의 일부터 열까지<br/>사랑하고 있다고 좋아하고 있다고<br/>내 품에 안겨 약속할게<br/>두 손 꼭 잡은 너와 내가 되겠다고<br/>
"
5595,My Airplane,예진아씨 (김예진)예진아씨 (김예진),My Airplane,118,<dd>2019.04.02</dd>,"답답하고 잠 못 이루는<br/>어두운 밤은 사실 무서워<br/>두렵기도 해<br/>아프기까지 해 숨이 막혀와<br/>그래 이제 나의 맘에 있는<br/>그대와 함께 걸어갈래<br/>더 믿어볼래 더 살아볼게<br/>그대만 나와 있어준다면<br/>My Airplane My Airplane<br/>My Airplane<br/>나 혼자선 날 수 없었을 거야<br/>My Airplane My Airplane<br/>My Airplane<br/>내 날개가 되어줘서 고마워요<br/>난 할 수 없다고 이게 끝이라고<br/>세상의 끝인 줄 알았는데<br/>넌 할 수 있다고 이제 시작이라고<br/>내게 말해주었죠<br/>그래 이제 나의 맘에 있는<br/>그대와 함께 걸어갈래<br/>더 믿어볼래 더 살아볼게<br/>그대만 나와 있어준다면<br/>My Airplane My Airplane<br/>My Airplane<br/>나 혼자선 날 수 없었을 거야<br/>My Airplane My Airplane<br/>My Airplane<br/>내 날개가 되어줘서 고마워요<br/>참 난 못난 사람이야<br/>그대의 얼굴에 웃음을 줄 수 있을까<br/>작은 행복으로 점차 채워줄게요<br/>그댄 소중한 나의<br/>My Airplane My Airplane<br/>My Airplane<br/>나 혼자선 날 수 없었을 거야<br/>My Airplane My Airplane<br/>My Airplane<br/>You are my airplane<br/>
"
5596,향기에 취해 (Piano Ver.),진아인 (JINAHIN)진아인 (JINAHIN),향기에 취해 (Piano Ver.),46,<dd>2019.04.02</dd>,"향기에 취해<br/>향기에 취해<br/>가만히 누워본다<br/>깜빡이는 눈<br/>커튼 새로 보이는 빛<br/>빛나는 너의 얼굴<br/>빛나는 네 눈동자<br/>황홀한 Rhythm을 가진 것들이<br/>나를 사로잡지<br/>향기에 취해<br/>향기에 취해<br/>그림을 그려본다<br/>어두운 너의 그림자<br/>나도 몰래 빠지는 힘<br/>너의 눈 가운데<br/>작은 배 하나 멀리 지나간다<br/>사랑은 아지랑이처럼<br/>뜨겁게 피어오르다<br/>검은 연기가 되어 사라진다<br/>Um<br/>사랑은 잡을 수 없는 것<br/>뜨겁게 달아오르다<br/>검은 재가 되어 날아간다<br/>Um<br/>OOh OOh OOh OOh<br/>OOh OOh OOh OOh<br/>향기에 취해<br/>향기에 취해<br/>잠든 너를 바라보네<br/>네 마음의 문을 열고<br/>살며시 안을 들여봐<br/>허공에 디딘 내 발이<br/>깊숙이 빠져 들어도 좋아<br/>사랑은 아지랑이처럼<br/>뜨겁게 피어오르다<br/>검은 연기가 되어 사라진다<br/>yeah yeah yeah<br/>사랑은 잡을 수 없는 것<br/>뜨겁게 달아오르다<br/>검은 재가 되어 날아간다<br/>yeah yeah yeah<br/>남겨진 너의 향기가<br/>여전히 너를 기억해<br/>사라질 너의 향기에 Oh<br/>사랑은 아지랑이처럼<br/>뜨겁게 피어오르다<br/>검은 연기가 되어 사라진다<br/>yeah yeah yeah<br/>사랑은 잡을 수 없는 것<br/>뜨겁게 달아오르다<br/>검은 재가 되어 날아간다<br/>yeah yeah yeah<br/>OOh OOh<br/>OOh OOh<br/>OOh OOh<br/>
"
5597,꽃잎 (Vocal 왕거친파도),KissBlue (키스블루)KissBlue (키스블루),KissBlue Feeling 2,6,<dd>2019.04.02</dd>,"그대 따뜻한 마음<br/>나의 마음을 녹이죠<br/>항상 나에게<br/>햇살 같았던 그대에 사랑<br/>정말 행복이죠<br/>봄 햇살과 같은 사랑이 있다면<br/>나는 그대라 말하겠죠<br/>피어나는 꽃잎같이<br/>마음 가득 번지네<br/>나의 모든 것이<br/>피는 꽃잎처럼<br/>그대 따뜻한 마음으로<br/>환히 피어나는 것 같아<br/>그대가 있다면<br/>나 어디라 해도<br/>그대 그 마음속으로<br/>들어갈 준비돼 있는데<br/>나의 모든 것이<br/>피는 꽃잎처럼<br/>그대 따뜻한 마음으로<br/>환히 피어나는 것 같아<br/>그대가 있다면<br/>나 어디라 해도<br/>그대 그 마음속으로<br/>들어갈 준비돼 있는데<br/>
"
5598,단 한번만 (Feat. 정용선),T-rol (티롤)T-rol (티롤),단 한번만,14,<dd>2019.04.02</dd>,"단 한번만 다시 한번만<br/>내게 기회를 준다면<br/>너를 찾아 갈께<br/>우리 어디서 부터<br/>이렇게 멀어진 건지<br/>조금만 내게 알려줘 제발<br/>눈물이 아무 소용 없나봐<br/>너의 그 미소와 또 향기가<br/>씻겨지지가 않아<br/>어디로 돌아가야 할지<br/>어디에 니가 있는지<br/>니 맘에 그냥 놓아두면 돼 우<br/>단 한번만<br/>단 한번만 다시 한번만<br/>내게 기회를 준다면<br/>너를 찾아 갈께<br/>우리 어디서 부터<br/>이렇게 멀어진 건지<br/>조금만 내게 알려줘 제발<br/>눈물이 아무 소용 없나봐<br/>너의 그 미소와 또 향기가<br/>씻겨지지가 않아<br/>어디로 돌아가야 할지<br/>어디에 니가 있는지<br/>니 맘에 그냥 놓아두면 돼 우<br/>단 한번만<br/>내 곁에 니가 없는 게<br/>정말 이별인 거라고 워<br/>우리가 사랑했던<br/>그시간 찾아 갈 수 있게<br/>허락해줘 제발 우<br/>눈물이 아무 소용 없나봐<br/>너의 그 미소와 또 향기가<br/>씻겨지지가 않아<br/>어디로 돌아가야 할지<br/>어디에 니가 있는지<br/>니 맘에 그냥 놓아두면 돼 우<br/>단 한번만<br/>
"
5599,안녕이라고 말하지마,"												
												
												Various ArtistsVarious Artists",쉘부르의 우산 추억 이야기,6,<dd>2019.04.02</dd>,가사가 없습니다
5600,밤 놀이터(feat.오혜지),제이티원(JT.ONE)제이티원(JT.ONE),밤 놀이터,8,<dd>2019.04.02</dd>,"그냥 잠깐 널 보러온거야<br/>절대 부담 가지지는마<br/>지나가다 네 생각이나서<br/>캔 커피나 마실까 그랬어<br/>이 밤 이 날씨에 지금 널 본다면<br/>내 맘 어떻게 될지 모르지<br/>혹시 너 그거 알고<br/>내게 이러니 뭐 싫지않은걸<br/>밤 놀이터 너와 내가<br/>사랑을 말하고 난뒤<br/>우리 잠깐의 이별을 말하고<br/>밤 놀이터 우리가 함께 그려낸 이밤<br/>가슴만 두근두근해<br/>그 밤 그 날씨에 다시 널 본다면<br/>내 맘 다시 한번더 돌아간다면<br/>정말 널 영원토록 사랑할거야<br/>뭐 이미 늦었지<br/>밤 놀이터 너와 내가<br/>사랑을 말하고 난뒤<br/>우리 잠깐의 이별을 말하고<br/>밤 놀이터 우리가 함께 그려낸 이밤<br/>가슴만 두근두근해<br/>밤 놀이터 너와 내가<br/>사랑을 말하고 난뒤<br/>우리 잠깐의 이별을 말하고<br/>밤 놀이터 우리가 함께 그려낸 이밤<br/>가슴만 두근두근해<br/>저 멀리 아침이 밝아 오면<br/>아쉬운듯 우리 안녕을 얘기해<br/>너와나 지금처럼 행복하자<br/>지금 이 밤 잊지말자 워우워<br/>밤 놀이터 우린 가득<br/>사랑을 말했지 매일<br/>보이지 않는 별들이 내렸고<br/>밤 놀이터 이 사랑만이 가득한 그 밤<br/>이별이 아쉽기만해<br/>밤 놀이터 너와 내가<br/>사랑을 말하고 난뒤<br/>우리 잠깐의 이별을 말하고<br/>밤 놀이터 우리가 함께 그려낸 이밤<br/>가슴만 두근두근해<br/>이렇게 행복해야해<br/>
"
