6051,사랑에 빠진 나,허니와샘허니와샘,사랑에 빠진 나,11,<dd>2019.03.08</dd>,"짊어진 게 없어서<br/>언제든 멀리멀리<br/>날아갈 수 있어<br/>고민이 없어서<br/>언제든 단잠에<br/>푹 빠질 수 있어<br/>네가 있어서<br/>내겐 겨울도<br/>따뜻할 거 같아<br/>모든 게 감사한 요즘<br/>사랑에 빠진 나<br/>언제든 옆에서<br/>널 지켜 줄 거야<br/>그런 사람 될게<br/>너의 행복이<br/>내 삶의 이유야<br/>그런 삶을 살게<br/>그대가 있어서<br/>하루하루가<br/>너무 소중한걸<br/>모든 게 완벽한 요즘<br/>사람에 빠진 나<br/>세상을 몇 바퀴 돌아<br/>마침내 나 너를 만나서<br/>한없는 따뜻함으로<br/>서로를 안아줄 수 있는<br/>이 순간이<br/>영원하기를<br/>그대 품 안에서 나<br/>꿈꿀 수 있기를<br/>짊어진 게 없어서<br/>언제든 그대에게<br/>날아갈 수 있어<br/>고민이 없어 널<br/>꼭 안고 단잠에<br/>푹 빠질 수 있어<br/>네가 있어서<br/>나의 시간은<br/>완성된 거 같아<br/>모든 게 완벽한 지금<br/>사랑에 빠진 나<br/>
"
6052,I`m always here,앨리앨리,I`m always here,3,<dd>2019.03.08</dd>,"I'm always here<br/>Why can't you see<br/>I'm always here<br/>Why can't you believe<br/>Ain't nobody nobody<br/>looking for me<br/>Just find me now<br/>before they turn the lights out<br/>See See<br/>and i'm here<br/>Feel Feel<br/>i'm alive<br/>I'm always here<br/>Why can't you see<br/>I'm always here<br/>Why can't you believe<br/>Ain't nobody nobody<br/>looking for me<br/>Just find me now<br/>before they turn the lights out<br/>See See<br/>and i'm here<br/>Feel Feel<br/>i'm alive<br/>See See<br/>and i'm here<br/>Feel Feel<br/>i'm alive<br/>Ain't nobody nobody<br/>looking for me<br/>Just find me now<br/>before they turn the lights out<br/>
"
6053,내가 변했다고 말하지 마,rOMINWOOrOMINWOO,내가 변했다고 말하지 마,6,<dd>2019.03.08</dd>,"내가 변했다고 말하지 마<br/>난 그냥 네가 편해진 것뿐이야<br/>너에 대해 신경만 쓴다면<br/>그건 진정한 마음이 아냐<br/>언제나 넌 내게 언제나 난 네게<br/>받기만 원하는 그런 사이였니<br/>물론 처음 만났을 때 보다는<br/>조금 덜 신경 쓰는 그런 건 있었겠지<br/>네가 원할 때 쨘 하고 나타나는<br/>그런 완벽한 상황 있으면 좋겠지만<br/>정말 쨘 하고 원하는 것만 준다면<br/>그건 너의 환심을 사려는 걸 뿐<br/>난 그냥 지금 네가 있는 것만으로도<br/>좋을 뿐인 것뿐이야<br/>단지 너와 있으면 아무 생각 없이<br/>편안해지는걸 그게 좋아<br/>모든 걸 알았다고 생각 하지만<br/>아직도 모른는게 많을 거야<br/>그저 변했다고 서운해 하면<br/>나도 서운하고 미안해 지는걸<br/>내가 변했다고 말하지 마<br/>난 그냥 네가 편해진 것뿐이야<br/>너에 대해 신경만 쓴다면<br/>그건 진정한 마음이 아냐<br/>그렇게 홀로 남겨진 나는<br/>나만의 시간 속에서<br/>네가 생각나면 괜시리 웃음이 나고<br/>또 힘이 나는걸<br/>난 그냥 지금 네가 있는 것만으로도<br/>좋을 뿐인 것뿐이야<br/>단지 너와 있으면<br/>아무 생각 없이 편안해지는걸<br/>내가 변했다고 말하지 마<br/>난 그냥 네가 편해진 것뿐이야<br/>
"
6054,눈의 꽃,발라드싱어발라드싱어,발라드 히트 110곡 모음 2집,30,<dd>2019.03.08</dd>,가사가 없습니다
6055,목소리,김필김필,목소리,"16,945",<dd>2019.03.07</dd>,"엉켜버린 실타래와 같은<br/>복잡해진 마음을 안고서<br/>여기는 어딘지<br/>난 누구였는지<br/>결코 선명하지는 않지만<br/>아직까지 떠오르는 하나<br/>날 불러주던 너의 목소리<br/>그 기억 하나가<br/>그 추억 하나가<br/>내 곁에 남아있다면<br/>멈춰있던 내 발걸음도<br/>익숙한 목소릴 따라서<br/>벅차오는 숨을 감출 수 없이<br/>난 네게로 달려가고 있어<br/>움츠러든 마음도<br/>굳어버린 마음도<br/>겨울이 지나면 늘 봄이 오듯이<br/>난 나아갈 수 있어<br/>혼자라고 느껴지던 낮과<br/>쓸쓸하게 무너졌던 밤<br/>그런 순간마다 날 일으켜 준 건<br/>날 불러주던 너의 목소리<br/>움츠러든 마음도<br/>굳어버린 마음도<br/>겨울이 지나면 늘 봄이 오듯이<br/>난 나아갈 수 있어<br/>조금 멀리 있어도<br/>지금 네게 가는 길<br/>난 너무나 떨리고<br/>조금만 기다려줘<br/>지금 달려갈 테니<br/>날 더 꽉 안아줘<br/>움츠러든 마음도<br/>굳어버린 마음도<br/>겨울이 지나면 늘 봄이 오듯이<br/>난 나아갈 수 있어<br/>겨울이 지나면 늘 봄이 오듯이<br/>난 나아갈 수 있어<br/>
"
6056,햇살이 눈부신 어느날,민영기민영기,왜그래 풍상씨 (KBS 2TV 수목드라마) OST - Part.7,301,<dd>2019.03.07</dd>,"햇살이 눈 부신 어느 날<br/>꿈처럼 시작된 이야기<br/>아름다운 꽃처럼<br/>시들지 않았으면<br/>그냥 이대로 남아주오<br/>햇살은 사랑을 재촉해<br/>그렇게 그대를 만났고<br/>봄비의 꽃잎처럼<br/>쓰러지지는 마오<br/>행여 거센 바람이 불어도<br/>사랑이여 오 내 사랑<br/>눈물을 멈춰주오<br/>한순간도 그대 때문에<br/>아프지 않았다오<br/>사랑은 별처럼 내리고<br/>또다시 그대를 감싸고<br/>가슴에 물든 멍들도<br/>내게는 소중하오<br/>그대<br/>한순간도 그대 때문에<br/>아프지 않았다오<br/>사랑은 별처럼 내리고<br/>또다시 그대를 감싸고<br/>가슴에 물든 멍들도<br/>내게는 소중하오<br/>사랑은 눈처럼 내리고<br/>눈물로 내 맘을 써가고<br/>가슴에 물든 멍들도<br/>내게는 소중하오<br/>그대<br/>
"
6057,여자친구,하은요셉하은요셉,여자친구,"43,941",<dd>2019.03.07</dd>,"나의 여자친구가 되어주겠니<br/>이런 내 마음을 넌 받아주겠니<br/>넌 누구보다 예뻐<br/>넌 뭘 해도 다 예뻐<br/>세상 하나뿐인 넌 정말 예뻐<br/>꿈꿔온 여자친구 너<br/>My love is only you<br/>기다린 여자친구 너<br/>My love is only you<br/>지금 고백할까 말까 이런 내 맘 알까<br/>점점 더 빠져드는 날 어떻게 해<br/>Love is only you<br/>꿈꿔온 내 사랑은 너<br/>It's only you<br/>내가 너의 맘에 들진 모르지만<br/>이런 나의 진심을 알아주겠니<br/>화장 안 해도 예뻐<br/>넌 뭘 입어도 예뻐<br/>세상 그 누구보다 넌 정말 예뻐<br/>꿈꿔온 여자친구 너<br/>My love is only you<br/>기다린 여자친구 너<br/>My love is only you<br/>지금 고백할까 말까 이런 내 맘 알까<br/>점점 더 빠져드는 날 어떻게 해<br/>알고 있니 지금 내가 하고 싶은 말<br/>더 예뻐지는 너 너만 보는 나<br/>잘 어울려 우린<br/>점점 더 빠져드는<br/>점점 더 커져가는 Love<br/>My love is only you<br/>내 눈을 보고 있는 너<br/>말해야 할 것 같아<br/>지금 사랑한다 할까 같은 마음일까<br/>미칠 것만 같아 이런 내 맘 알까<br/>이젠 나 고백할게<br/>My love is only you<br/>It's only you<br/>꿈꿔온 여자친구 너<br/>It's only you<br/>
"
6058,삼청동,카멜카멜,삼청동 (三淸洞),196,<dd>2019.03.07</dd>,"매년 이맘때면<br/>다녀가는 것 같아<br/>변한 것 없이도<br/>늘 새로운 기분<br/>여전한 것 같아<br/>눈에 띄게 변한 것은 없어도<br/>변한 건 나밖에 없는 이곳<br/>매년 이맘때면<br/>다녀가는 것 같아 너 없이도<br/>오랜만이라 더 좋은 듯해<br/>눈을 가려도 다 보일 듯해<br/>오랜만에 와도 참 익숙해<br/>허전한 마음도<br/>변한 건 나밖에 없는 걸까<br/>괜히 허전해서<br/>매년 이맘때면<br/>변한 것 없이도<br/>다녀가는 것 같아 너 없이도<br/>오랜만이라 더 좋은 듯해<br/>다 알 듯해<br/>눈을 감아도 다 보일 듯해<br/>잡힐 듯해<br/>변한 것 없이도 좋은 듯해<br/>오랜만이라도 눈을 가려도 훤해<br/>아쉬움에 뒤돌아 보네<br/>괜히 허전해서<br/>매년 이맘때면<br/>다녀가는 것 같아 너 없이도<br/>오랜만이라도<br/>눈을 감아도 훤해<br/>다 보일 듯해<br/>오랜만이라 더 좋은 듯해<br/>다 알 듯해<br/>
"
6059,왜 이럴까,로미오 (ROMEO)로미오 (ROMEO),너 미워! 줄리엣 OST Part.4,154,<dd>2019.03.07</dd>,"왜 이럴까 내 마음이<br/>왜 이렇게 아픈 걸까<br/>너 하나 없단 이유가<br/>이렇게 날 슬프게 한 걸까<br/>단 한번도 내 사랑이<br/>너 일거라고 상상 못했어<br/>왜 이럴까 내 마음이<br/>왜 이런 걸까<br/>우린 늘 그래왔었잖아<br/>그냥 늘 그래왔었잖아<br/>내가 가는 곳에<br/>늘 네가 함께 있어 줬었잖아<br/>너무 당연한 듯한 시간<br/>너무 익숙해 버린 너였기에<br/>소중한 걸 몰랐었나 봐<br/>다시 기회를 줘<br/>이젠 잘할 수 있어<br/>이렇게 널 그냥 떠나<br/>보낼 수는 없어<br/>왜 이럴까 내 마음이<br/>왜 이렇게 아픈 걸까<br/>너 하나 없단 이유가<br/>이렇게 날 슬프게 한 걸까<br/>단 한번도 내 사랑이<br/>너 일거라고 상상 못했어<br/>왜 이럴까 내 마음이<br/>왜 이런 걸까<br/>다시 기회를 줘<br/>이젠 잘할 수 있어<br/>이렇게 널 그냥 떠나<br/>보내기는 싫어<br/>왜 이럴까 내 마음이<br/>왜 이렇게 아픈 걸까<br/>너 하나 없단 이유가<br/>이렇게 날 슬프게 한 걸까<br/>단 한번도 내 사랑이<br/>너 일거라고 상상 못했어<br/>왜 이럴까 내 마음이<br/>왜 이런 걸까<br/>네가 없다는<br/>상상만해도 난 숨이 막혀<br/>내가 왜 이럴까 사랑인 걸까<br/>너 하나로 내 심장이<br/>왜 이렇게 두근댈까<br/>너 하나로 내 하루가<br/>이렇게 행복할 수 있단 걸<br/>왜 그 동안 몰랐을까<br/>내 사랑이 바로 너라는 걸<br/>왜 그 동안 몰랐을까<br/>내 사랑 그대<br/>
"
6060,해 지는 바닷가에서 스털링과 나는,조규찬조규찬,해 지는 바닷가에서 스털링과 나는,828,<dd>2019.03.07</dd>,"너와 함께 거닐었지<br/>하얗게 부서진 파도 곁에 둘이<br/>석양에 물들어 널 바라보았지<br/>모래성에 우리<br/>시간이 내렸지<br/>고마워 날 이렇게 만나서<br/>내 삶에 들어와 줘서<br/>서러운 시간이 모두<br/>다 지워지도록 곁에<br/>지금처럼 머물러줘<br/>넌 내 삶을 지켜주는 내 유일한 꿈<br/>내 품 안에 잠들 때면<br/>너의 머리 결에 난 입을 맞췄지<br/>내일은 어디로 무얼 하려는 지<br/>꿈을 찾을런지<br/>조용히 물었지<br/>고마워 날 이렇게 만나서<br/>내 삶에 들어와 줘서<br/>서러운 시간이 모두<br/>다 지워지도록 곁에<br/>지금처럼 머물러줘<br/>넌 내 삶을 지켜주는 내 유일한 꿈<br/>이제 난 저물겠지만<br/>그 위에 너의 꿈이 피어나<br/>성공한 삶은 아닐지 몰라도<br/>남은 내 모둘 태울게<br/>사랑해 모진 내 삶을 또다시<br/>의미 있도록 해줘서<br/>차가운 바람이 불어<br/>날 쓰러뜨린다 해도<br/>널 위해 일어나겠어<br/>넌 내 삶을 지켜주는<br/>내 유일한 행복을 주는<br/>나의 꿈<br/>
"
6061,그대가 말하네,LAYN(래인)LAYN(래인),그대가 말하네,249,<dd>2019.03.07</dd>,"지친 하루를 보내고<br/>돌아오는 밤거리엔<br/>차가운 공기만이<br/>문득 외로운 마음이 들 때면<br/>찬 바람은 더 차가워 지고<br/>웅크러진 마음에<br/>어깨를 펼 수 없어 한숨만 쉴 때<br/>흐트러진 마음 담을 수 없어<br/>단 하루도 잠들수 없을 때<br/>그대가 말하네<br/>오늘 하루 수고했다며<br/>차가운 손 잡아준다며<br/>그대가 말하네<br/>고된 하루 수고했다며<br/>차가운 마음 녹여준다며 말하네<br/>웅크러진 마음에<br/>어깨를 펼 수 없어 한숨만 쉴 때<br/>흐트러진 마음 담을 수 없어<br/>단 하루도 잠들 수 없을 때<br/>그대가 말하네<br/>오늘 하루 수고했다며<br/>차가운 손 잡아준다며<br/>그대가 말하네<br/>고된 하루 수고했다며<br/>차가운 마음 녹여준다며<br/>기나긴 하루에 지쳐만 가고<br/>포기하고 싶지만<br/>그댄 충분히 잘 하고 있다고<br/>흐르는 눈물 닦아준 그대인걸<br/>그대가 말하네<br/>고된 하루 수고했다며<br/>차가운 손 잡아준다며<br/>그대가 말하네<br/>고된 하루 수고했다며<br/>차가운 맘 녹여준다며<br/>말하네<br/>
"
6062,Like Wind,귤 (GYUL)귤 (GYUL),Like Wind,147,<dd>2019.03.07</dd>,"이 바람이 불어오면은<br/>나는 문득 누군가 보고 싶어<br/>그게 넌 가봐<br/>창 문 너머로 네가 보일까<br/>나도 몰래 자꾸 고갤 돌려봐<br/>널 찾게 돼 나<br/>좋아하고 있어<br/>하루 종일 너만 생각이 나<br/>사랑하나 봐<br/>새어 나오는 내 웃음을<br/>참지 못하겠어<br/>어쩌면 나 좋을지 정말<br/>이 바람은 너를 생각나게 해<br/>너만 생각하면<br/>코끝이 찡긋한 기분이야<br/>너만 생각하면<br/>심장이 간지러워지는 걸<br/>나와 같은 맘일까<br/>네 맘을 훔쳐볼 수 있으면<br/>나 좋을 텐데 정말로<br/>좋아하고 있어<br/>하루 종일 너만 생각이 나<br/>사랑 하나봐<br/>새어 나오는 내 웃음을<br/>참지 못하겠어<br/>어쩌면 나 좋을지 정말<br/>이 바람은 너를 생각나게 해<br/>다라 다라 다라다 다라 랄랄라<br/>다라 다라 다라다 다라 랄랄라<br/>다라 다라 다다랄 라랄라<br/>이 바람에 실려오는 것 같아<br/>너의 향기가 으음<br/>자꾸만 네가 궁금해<br/>자꾸만 네가 옆에 있음<br/>좋겠는데 어쩌지 나<br/>두근두근<br/>너를 향한<br/>간질간질<br/>설레임이<br/>자꾸자꾸 커지고 있어<br/>너만 생각하면<br/>코끝이 찡긋 한 기분이야<br/>너만 생각하면<br/>심장이 간지러워지는걸<br/>나와 같은 맘일까<br/>네 맘을 훔쳐볼수 있으면<br/>나 좋을텐데 정말로<br/>이 바람은 날 웃음 짓게 하지<br/>이 바람은 날 두근거리게 만들어<br/>아 아<br/>이 바람은 널 생각나게 해<br/>
"
6063,소녀는 소년을..,이프 (If)이프 (If),소녀는 소년을..,162,<dd>2019.03.07</dd>,"너와의 추억들이 자꾸 생각이 나<br/>너와 나 함께했던 지난 시간이<br/>너무나 행복했는데<br/>너무나 고마웠는데<br/>너를 사랑했던 소녀는<br/>이제 어른이 됐는데<br/>너의 별이 돼줄 게<br/>너의 눈이 돼줄 게<br/>우리 지난날<br/>너무 순수했었던 그 모습이<br/>I see you everywhere<br/>I love you anyway<br/>소녀는 소년을 바라보면서<br/>약속을 했는데<br/>바로 어제 일처럼 자꾸 생각이 나<br/>작지만 아름답던 우리의 모습이<br/>너무나 소중했는데<br/>너무나 고마웠는데<br/>영원토록 가슴속에 남아서<br/>너의 별이 돼줄 게 너의 눈이 돼줄 게<br/>우리 지난날<br/>너무 순수했었던 그 모습이<br/>I see you everywhere<br/>I love you anyway<br/>소녀는 소년을 바라보면서<br/>약속을 했는데<br/>밤하늘의 별빛처럼<br/>변하지 않는 것처럼<br/>두 눈에 수놓았던 너의 모습<br/>이젠 네 곁에 갈래 항상 널 안아줄래<br/>소녀의 작은 옛꿈이라서<br/>너의 별이 돼줄 게 너의 눈이 돼줄 게<br/>우리 지난날<br/>너무 순수했었던 그 모습이<br/>I see you everywhere<br/>I love you anyway<br/>소녀는 소년을 바라보면서<br/>약속을 했는데<br/>너의 별이 돼줄 게 너의 눈이 돼줄 게<br/>우리 지난날<br/>너무 순수했었던 그 모습이<br/>I see you everywhere<br/>I love you anyway<br/>소녀는 소년을 바라보면서<br/>약속을 했는데<br/>소녀는 하늘을 바라보면서<br/>또 꿈을 꾸는데<br/>
"
6064,이런 세상에,찬영찬영,25,101,<dd>2019.03.07</dd>,"뭐가 그리도 급해서 뛰어가요<br/>조금만 천천히<br/>이 차가운 바람이 부는 날에<br/>옷깃을 여미고 뛰어가게 만든<br/>일이 뭐에요<br/>얼마나 중요한 일이길래<br/>다들 급하고 숨이 벅차고<br/>이런 세상에<br/>한 떨기 꽃 같은 사람이 될게요<br/>멈춰 뒤돌아보게 해줄게요<br/>잠시만 숨 좀 쉬어요<br/>천천히 아주 조금씩<br/>서두를 필요는 없죠<br/>다들 급하고 숨이 벅차고<br/>이런 세상에<br/>한 줄기 빛 같은 사람이 될게요<br/>문득 따스하게 그댈 비출게요<br/>잠시만 숨 좀 쉬어요<br/>천천히 아주 조금씩<br/>서두를 필요는 없죠<br/>손을 내밀고 잡아보라고 해도<br/>어려운 거 알아요<br/>다만 눈이라도 맞춰줘요<br/>잠시만 숨 좀 쉬어요<br/>천천히 아주 조금씩<br/>서두를 필요는 없죠<br/>잠시만 숨 좀 쉬어요<br/>천천히 아주 조금씩<br/>서두를 필요는 없죠<br/>걱정 말고 눈 감아요<br/>
"
6065,빵과음악,베이비슈가(BABYSUGAR)베이비슈가(BABYSUGAR),빵과음악,47,<dd>2019.03.07</dd>,"빵과음악 난 너를 사랑해<br/>달고 부드러운 너는 내게 소중해<br/>커피 한잔과 음악을 들으며<br/>매일 이렇게 하루를 지내고싶어<br/>건포도는 싫지만<br/>건포도가 든 빵은 좋아<br/>배는 부른데 케익은 늘 먹고싶어<br/>이렇게나 좋은걸<br/>우 우우우<br/>빵과음악 널 떠날 수 없어<br/>잊으려해도 온통 네 생각뿐인걸<br/>늘 같은종류의 빵들을 담아서<br/>매일 이렇게 하루를 지내고싶어<br/>건포도는 싫지만<br/>건포도가 든 빵은 좋아<br/>배는 부른데 케익은 늘 먹고싶어<br/>이렇게나 좋은걸<br/>우 우우우<br/>너를 좋아해<br/>우 우우우<br/>사진첩엔 토스트<br/>사진들이 가득차있고<br/>내 방에는 음악들이 흐르고 있어<br/>이렇게나 좋은걸<br/>우 우우우<br/>널좋아해<br/>널사랑해<br/>널좋아해<br/>
"
6066,우리 지금처럼만,하늘하늘,우리 지금처럼만,10,<dd>2019.03.07</dd>,"널 만나서 그때부터<br/>힘들던 아침도 날 반기고<br/>사소한 행복들에 감사해<br/>이해하고 맞춰가는 우리<br/>익숙해진 너와 내가<br/>함께 하는 앞으로는<br/>하루하루 재밌고 즐겁게만<br/>항상 안아주고 보살필게<br/>힘들 때도 기쁠 때도<br/>내가 옆에 있겠다는 믿음 줄게<br/>못 해준 게 더 많아도<br/>불안 해마 앞으로는<br/>하루하루 재밌고 즐겁게만<br/>항상 안아주고 보살필게<br/>힘들 때도 기쁠 때도<br/>내가 옆에 있겠다는 믿음 줄게<br/>
"
6067,달콤한 소리,달빛의 봄달빛의 봄,달콤한 소리,10,<dd>2019.03.07</dd>,"아나요 알고 있나요<br/>달콤한 노래<br/>밤새 내 귓가에서<br/>맴돌고 있어요 Oh<br/>네가 내 이름을 불러주면<br/>두근대 또 내 마음은<br/>하나뿐인 거야<br/>날 부르는 목소리<br/>저기 You u u<br/>까만 밤하늘<br/>그댄 You u u<br/>달빛 소리<br/>잠든 날 깨워준<br/>설레는 너의<br/>목소리가 너무 좋아<br/>사랑한다는 그대의 말<br/>내게 가까이 다가와<br/>Woo Woo<br/>속삭이듯 부드러운 너<br/>매일 듣고 싶어<br/>온종일 울려 퍼져<br/>사랑의 노래<br/>오직 너만이 나를<br/>행복하게 해요 Oh<br/>네가 내 이름을 불러주면<br/>두근대 또 내 마음은<br/>하나뿐인 거야<br/>날 부르는 목소리<br/>저기 You u u<br/>까만 밤하늘<br/>그댄 You u u<br/>달빛 소리<br/>잠든 날 깨워준<br/>설레는 너의<br/>목소리가 너무 좋아<br/>사랑한다는 그대의 말<br/>내게 가까이 다가와<br/>Woo Woo<br/>속삭이듯 부드러운 너<br/>매일 듣고 싶어<br/>Um Um Um<br/>Um Um Um<br/>Um Um Um<br/>Um Um Um<br/>Um Um Um<br/>
"
6068,Friday,UAZUAZ,Friday,10,<dd>2019.03.07</dd>,"어제는 괜찮았는데<br/>이상해 뭐가 달라진 건지<br/>모르겠어 나 어떡해<br/>오늘따라 넌 달라 보여 뭐야<br/>You 친구라고 말했잖아<br/>근데 마음에 들어왔어<br/>Oh You were like Friday<br/>그냥 신이 나게<br/>놀다가 그냥 집에 갔어<br/>이젠 나 좀 달라졌어 Hoo<br/>I like Friday with you<br/>집에 가지 않을래<br/>그래서 다들 하나처럼<br/>말하나 봐 남녀가 대체 어떻게<br/>친구가 되냐 절대로<br/>이젠 그 말 나 이해할 수 있어<br/>You 친구라고 말했잖아<br/>근데 마음에 들어왔어<br/>Oh You were like Friday<br/>그냥 신이 나게<br/>놀다가 그냥 집에 갔어<br/>이젠 나 좀 달라졌어 Hoo<br/>I like Friday with you<br/>집에 가지 않을래<br/>I believed you were my best friend<br/>more and more We became lovers<br/>Just more and more<br/>점점 점점 더 가까워졌어 우리는<br/>Oh 있잖아 난<br/>너를 잃을까 봐<br/>조금 걱정했었어 난<br/>이제 친구가 아니야<br/>Oh You were like Friday<br/>그냥 신이 나게<br/>놀다가 그냥 집에 갔어<br/>이젠 나 좀 달라졌어 Hoo<br/>I like Friday with you<br/>집에 가지 않을래<br/>I believed you were my best friend<br/>more and more We became lovers<br/>Just more and more<br/>점점 점점 더 가까워졌어 우리는<br/>
"
6069,별을 헤듯,곽율곽율,별을 헤듯,114,<dd>2019.03.07</dd>,"어두운 거리 달빛이 잠이 들 때도<br/>그대의 생각에 난 하루가 아프오<br/>영원하잔 약속도 빛을 잃어가<br/>어쩔 줄을 난 모르겠소<br/>멀어지는 게 익숙하지 않소<br/>거울 보듯 나와 같던 그댈 보는 게<br/>알고 있어도 자꾸 난 모르겠소<br/>별을 헤듯 끝이 없는 공허함<br/>어디를 가도 내 마음이<br/>그대 주변을 맴돌고만 있나 보오<br/>그저 수없이 당신을 원해도<br/>안될 거란 걸 난 알면서<br/>멀어지는 게 익숙하지 않소<br/>거울 보듯 나와 같던 그댈 보는 게<br/>알고 있어도 자꾸 난 모르겠소<br/>별을 헤듯 끝이 없는 공허함<br/>춥고 덥던 계절 지나<br/>기억이 흐릿해질까<br/>오늘 마주친 수많은<br/>사람처럼 편안해질까<br/>알고 있소 안부조차<br/>내게는 사치라는 걸<br/>수억 번 불러도 그리울 그대여<br/>멀어지는 게 익숙하지 않소<br/>거울 보듯 나와 같던 그댈 보는 게<br/>알고 있어도 자꾸 난 모르겠소<br/>별을 헤듯 끝이 없는 그댈<br/>
"
6070,나랑하자,오블리오블리,나랑하자,21,<dd>2019.03.07</dd>,"You<br/>달콤한 설레이는 발걸음에<br/>내 맘은 콩닥콩닥<br/>그대 맘속이 자꾸만 더 궁금해<br/>어쩌면 너도 내 생각 하지 않을까<br/>With you<br/>달콤한 너의 미소가 생각나<br/>내 맘은 두근두근<br/>알고 있을까 내 맘속에 들어온 너<br/>널 본 순간부터 입가에 맴돌던 그 말<br/>나랑 해 나랑 해 나랑 하자<br/>웃으면서<br/>요것도 조것도 나랑 하자<br/>얘기할까<br/>오늘도 내 맘은 심쿵<br/>이것도 저것도 너랑 할래<br/>손을 잡고<br/>요기도 죠기도 너랑 갈래<br/>같이 걷자<br/>Every Day Every Night<br/>Fall in love with you<br/>You<br/>따스한 너의 손끝이 닿으면<br/>내 맘은 부끄부끄<br/>살랑거리는 바람 따라 걷는 이 길<br/>기분이 좋아 솜사탕 같은 달콤함<br/>With you<br/>따스한 너의 미소가 닿으면<br/>내 맘은 사르르르<br/>반짝거리는 햇살 따라 걷는 이 길<br/>날아갈 것 같아 구름 위를 걷는 기분<br/>나랑 해 나랑 해 나랑 하자<br/>웃으면서<br/>요것도 조것도 나랑 하자<br/>얘기할까<br/>오늘도 내 맘은 심쿵<br/>이것도 저것도 너랑 할래<br/>손을 잡고<br/>요기도 죠기도 너랑 갈래<br/>같이 걷자<br/>Every Day Every Night<br/>Fall in love with you<br/>나랑 해 나랑 해 나랑 하자<br/>웃으면서<br/>요것도 조것도 나랑 하자<br/>얘기할까<br/>오늘도 내 맘은 심쿵<br/>이것도 저것도 너랑 할래<br/>손을 잡고<br/>요기도 죠기도 너랑 갈래<br/>같이 걷자<br/>Every Day Every Night<br/>Fall in love with you<br/>
"
6071,오 그대여,박승호박승호,오 그대여,22,<dd>2019.03.07</dd>,"오 이 아름다운 밤<br/>그대와 함께 있는 밤<br/>수 많은 별빛이 환하게<br/>우릴 비추는 밤<br/>오 그대여 날이 참 좋아요<br/>오 그대가 더 아름답게 보이는<br/>오늘 화창한 오늘<br/>당신과 함께 걷고 있는 날 봐요<br/>행복해 보이죠 기분 좋아 보이죠<br/>그대만 나와 함께 있으면<br/>조금 더 가까이 그대와 이렇게<br/>바로 지금 내게로<br/>그대와 내가 참 잘 어울린다는<br/>그대도 나와 같은 생각하나요<br/>황홀했던 오늘이 지나면<br/>그대 내게 올까요<br/>내 맘 받아주실까요<br/>나 바라는 게 있어요<br/>매일 아침 그대와 같이<br/>눈을 떴으면 좋겠어<br/>내 맘 받아주면 안되나요<br/>더 사랑해 줄게요 더 예뻐해 줄게요<br/>나만 바라보게 할게요<br/>조금 더 그대의 맘 열어주세요<br/>내가 들어 갈 수 있게<br/>그대와 내가 참 잘 어울린다는<br/>그대도 나와 같은 생각하나요<br/>이 노래가 끝날 때쯤이면<br/>그대 내 맘 알아줄까요<br/>오 나를 봐줘요 고개 돌리지 마요<br/>나와 눈을 마주쳐줘요<br/>오 그대 눈가에 내가 비치네요<br/>기대해도 좋아요 우리의 사랑<br/>오 그대여 우린 참 잘 어울려요<br/>이제 그만 내게 다가와줘요<br/>사랑 노래가 흐르는 이곳엔<br/>우리 둘만 있어요<br/>다른 건 안 보이네요<br/>
"
6072,Loss Of Memory,프린 (Prin)프린 (Prin),용왕님 보우하사 OST Part.6,50,<dd>2019.03.07</dd>,"이제 기억나요 그대의 그림자<br/>나만을 바라본 내 뒤에 서 있었던<br/>그땐 왜 몰랐죠 그대<br/>따뜻하게 바라봤던 눈빛<br/>난 알지 못했죠<br/>지난 순간과 시간이지나<br/>오늘에 첫 만남이 떠올라<br/>미소 짓게 된<br/>그 순간들이 내 기억속으로<br/>잊지 말아요<br/>그 소중한 순간 생각해봐요<br/>특별하단 말 그때는 알지 못했죠<br/>이제야 알게 되는<br/>그대의 나만을 바라보는 눈<br/>뒤를 돌아보면 그대가 있을까<br/>어둠 속 그 곳에 별처럼 빛이 났던<br/>이제 말할게요 많이 늦었지만<br/>내 안에 있던 말 참 고마웠어요<br/>지난 순간과 시간이지나<br/>오늘에 첫 만남이 떠올라<br/>미소 짓게 된<br/>그 순간들이 내 기억속으로<br/>잊지 말아요<br/>그 소중한 순간 생각해봐요<br/>특별하단 말 그때는 알지 못했죠<br/>이제야 알게 되는<br/>그대의 소중한 그 마음을<br/>꿈을 꾸듯 내게 다가온 그대<br/>눈빛으로 내게 말해요 이제<br/>내 눈에 빛이 내려온 순간<br/>영원한 내 소중한 사랑<br/>잊지 말아요 그 소중한 순간<br/>생각해봐요 특별하단 말<br/>그때는 알지 못했죠<br/>이제야 알게 되는<br/>그대의 나만을 바라보는 눈<br/>
"
6073,"반성문 (Feat. 조영구, 강유주)",모아비(MOABI)모아비(MOABI),반성문,7,<dd>2019.03.07</dd>,"계속 그러고 있을 거야<br/>흥 그냥 우리 이제 끝내<br/>앞으로 안 그런다고 했잖아<br/>내가 생각이 짧았어<br/>이번 한번만 봐주라 응<br/>사랑해요 고마워요<br/>당신 있어 행복했어요<br/>오랜 시간 지나 이제 깨달아요<br/>당신이 내게 얼마나 감사한지<br/>늘 바쁘다는 핑계로만<br/>그저 나를 위해 내 인생을 살았죠<br/>생각해보니 당신 위해<br/>해준 게 별로 없네요<br/>내가 그대에게 정말 잘못했네요<br/>내가 사는 삶이 버겁고 무겁다고<br/>그대 삶의 무겔 미처 알지 못했죠<br/>생각해보니 당신 짐을<br/>함께 나눌 수 있었는데<br/>내가 그대에게 정말 무심했네요<br/>미안해요 너무 미안해요<br/>당신 있어 여기까지 왔는데<br/>그동안 날 위해<br/>많은 눈물로 고생했으니<br/>지금부터라도 내가 잘 할게요<br/>사랑해요 고마워요<br/>당신 있는 것만으로 행복해요<br/>다시 태어나도<br/>내가 지친 그대의 곁을<br/>사랑으로 영원히 지킬게요<br/>사랑으로 영원히 지킬게요<br/>미안해요 미안해요<br/>미안해요 미안해요<br/>정말 미안해요<br/>
"
6074,바람이 분다,발라드싱어발라드싱어,발라드 히트 110곡 모음 1집,7,<dd>2019.03.07</dd>,가사가 없습니다
6075,달,윤채빈윤채빈,달,10,<dd>2019.03.07</dd>,"지친 하루 끝에 우리<br/>저녁 노을 보이지가 않아<br/>벌써 까만 어두운 밤 하늘엔<br/>그래도 밝게 빛나는 저 달이 있잖아<br/>외롭고 힘들어 지쳐도 괜찮아<br/>너에겐 저 달처럼 밝게 빛나는<br/>긴 밤 짙은 어둠 속에서<br/>오롯이 빛내는 저 달을 닮을 거야<br/>세상 끝 바라보는 나 너를 알아<br/>그 길 끝에 내 가 옆에 있어줄게<br/>외롭고 힘들어 지쳐도 괜찮아<br/>너에겐 저 달처럼 밝게 빛나는<br/>긴 밤 그 지독한 어둠 속에<br/>지금껏 꿈 꿔온 빛을 우린 내고 있어<br/>세상 끝 더 바랄 것도 없는 지금<br/>눈을 감아 영원할 것만 같아<br/>혼자가 아냐 외로워 말아<br/>우리란 세상에 별들이 함께 있잖아<br/>여기 이 곳 우리가 제일 밝은 시간<br/>변함 없이 너의 빛이 되어 줄게<br/>
"
6076,네가 없는 오늘 (Feat. 이상재),한태우한태우,네가 없는 오늘,15,<dd>2019.03.07</dd>,"네가 없는 오늘<br/>며칠인지도 몰라<br/>하지만 난 여전히<br/>함께 했었던 그때에 살아<br/>사람도 만나고<br/>일도 많이 했어<br/>하지만 내 모든 게 이미<br/>너여서 여기에 멈춰있어<br/>처음으로 돌아갈 수 있다면<br/>모른 척 지나쳐 오늘 너를<br/>그리워 안할텐데<br/>이제서야 나는 널 찾고 있어<br/>네게서 멀어진 거리만큼<br/>내가 늦었다는 걸<br/>이제야 알게 됐어 참 미안해<br/>버릇처럼 찾던 네가 없다는 게<br/>확신이 들 때쯤엔<br/>두려움만 커져서 여기에 멈춰있어<br/>처음으로 돌아갈 수 있다면<br/>일부였던 너의 빈 자리를<br/>힘들어 안할텐데<br/>이제서야 나는 널 찾고 있어<br/>너와 함께 했던 시간들이<br/>당연하지 않단 걸<br/>이제야 알게 됐어 참 미안해<br/>돌이킬 수 없는걸 알고 있지만<br/>난 아직도 여기 있잖아<br/>네가 없는 오늘 낮과 밤을<br/>모두 알 수 없어서<br/>여전히 난 아직 널 찾고 있어<br/>설레던 웃음도 목소리도<br/>모두 끝이 날까 봐<br/>여기에 멈춰있어 보고 싶어<br/>
"
6077,그 후,구본웅 (Ku Bon Woong)구본웅 (Ku Bon Woong),그 후,1,<dd>2019.03.07</dd>,"그 후 어떻게 될까<br/>세상과 맞선 후<br/>사랑 그 모든것<br/>회전하는 유리문<br/>그래 다시<br/>시작하는 거야<br/>모든것을 잊고서<br/>내일 다시<br/>출발하는 거야<br/>그대와 같이<br/>너를 보며 생각해<br/>이토록 좋은지<br/>너의 모든 향기<br/>온세상은 꽃향기<br/>그래 다시<br/>시작하는 거야<br/>모든것을 잊고서<br/>내일 다시<br/>출발하는 거야<br/>그대와 같이<br/>그대와 함께<br/>
"
6078,나의 일기,금이다 (I`m Gold)금이다 (I`m Gold),미완성 (未完成),51,<dd>2019.03.07</dd>,"괜찮아 넌 놓아버려도 돼<br/>마음이 괴롭다면<br/>괜찮아 넌 울어버려도 돼<br/>뜻대로 되지 않는다면<br/>수도 없는 내 다짐과<br/>날 향한 미소가 지지 않을 때에<br/>나는 점점 두려워져 가<br/>나의 생각들이<br/>나를 삼키지 못하게<br/>노랠 불러줘요<br/>나의 절망들이<br/>나를 잡아두지 못하게<br/>나를 비춰줘요<br/>수도 없는 내 다짐과<br/>날 향한 미소가 지지 않을 때에<br/>나는 점점 두려워져 가<br/>나의 생각들이<br/>나를 삼키지 못하게<br/>노랠 불러줘요<br/>나의 절망들이<br/>나를 잡아두지 못하게<br/>나를 비춰줘요<br/>
"
6079,젊은 날의 사랑,박정환박정환,"With You 02, 젊은 날의 사랑",4,<dd>2019.03.07</dd>,"지나간 젊은 날로 시간을 되돌리면<br/>언제나 함께 했던 너와의 기억들이<br/>때론 견딜 수 없던<br/>힘든 시간이 있었고<br/>그럴수록 모든 것을 함께 했었지<br/>그렇게 지내왔던<br/>세월의 흔적들을 가지고<br/>수 없이 이겨내온<br/>젊은 날의 우리들의 사랑은<br/>하지만 지나쳐가는 시간들 앞에<br/>아쉬워 하면서도<br/>그저 널 바라만 보고 있잖아 이제는<br/>스쳐간 많은 날들 아무 기억도 없이<br/>생각도 할 수 없게 그저 흐르고 있지<br/>같은 공간과 시간<br/>모두 채우고 싶지만<br/>생각보다 쉽지 않은 것을 느꼈지<br/>그렇게 함께 했던<br/>우리의 치열했던 사랑이<br/>빠르게 지나가서<br/>너무 쉽게 잊혀지는 것 같아<br/>언제나 느낄 수 있던 너와의 사랑<br/>영원히 간직할께<br/>항상 널 지켜줄 수만 있다면<br/>다시 되돌리고 싶은 우리 사랑을<br/>항상 기대하고 있게 되지만<br/>현실 속에 마주 한 우리의 모습은<br/>생각보다 견디기가 어려워지잖아<br/>아프고 힘들고<br/>그렇게 지내왔던<br/>세월의 흔적들을 가지고<br/>수 없이 이겨내온 젊은 날의<br/>우리들의 사랑은<br/>하지만 지나쳐가는 시간들 앞에<br/>아쉬워 하면서도<br/>그저 널 바라만 보고 있잖아 이제는<br/>이제는 사랑 할 수 있어<br/>
"
6080,너에게 반하다,지태현 (jason-JI)지태현 (jason-JI),너에게 반하다,4,<dd>2019.03.07</dd>,"조용히 그대 내곁을 지난다<br/>수줍은 얼굴 어제와 같다<br/>아무런 대화도 간적 없고<br/>떨리는 눈빛 자꾸 부딪혔다<br/>서로의 마음 숨길수 없다<br/>마음 다잡고 다가 서 본다<br/>그대를 닮은 화사한<br/>벚꽃 향기 맡으며<br/>그냥 걷고 싶다<br/>너에게 난 반했다<br/>그런줄도 몰랐었다<br/>언제부턴지 모르지만<br/>네가 내게 들어왔다<br/>사랑은 별과 같다<br/>해가 지면 보고 싶다<br/>내 맘속을 환희 비쳐줄<br/>유일한 한 사람<br/>바로 너다<br/>그대는 내게 벚꽃과 같다<br/>바라만 봐도 황홀해진다<br/>시들은 꽃잎 떨어진대도<br/>언제나 너의 곁에 머물겠다<br/>너에게 난 반했다<br/>그런줄도 몰랐었다<br/>언제부턴지 모르지만<br/>네가 내게 들어왔다<br/>사랑은 별과 같다<br/>해가 지면 보고싶다<br/>내 맘속을 환희 비쳐줄<br/>유일한 한사람<br/>너에게 난 반했다 <br/>그런줄도 몰랐었다 <br/>언제부턴지 모르지만 <br/>네가 내게 들어왔다<br/>사랑은 별과 같다 <br/>해가 지면 보고싶다 <br/>내 맘속을 환희 비쳐줄 <br/>유일한 한사람<br/>바로 너다<br/>온 세상 어둠에 입 맞춰도<br/>너 하나만은 내게 보일거다<br/>Love At first sight<br/>
"
6081,봄이 오는 날에,김민석김민석,봄이 오는 날에,"17,012",<dd>2019.03.06</dd>,"얼어붙은 두 손 녹이던<br/>우리의 입김<br/>나를 안아주던 그 온기까지<br/>너와 함께 보내던 순간<br/>그 시간들은<br/>늘 따스하다 말해주고 싶었지<br/>차가운 땅 위에 내리던<br/>포근한 눈꽃처럼<br/>얼었던 마음들도 덮어줬었지<br/>나의 겨울이 따뜻했던 건<br/>날 안아주던 너의 사랑이겠지<br/>나를 따뜻하게 해줬던 건<br/>날 사랑해준 마음의 온도였었지<br/>사랑받고 있단 이유로<br/>추워지던 계절은<br/>점점 녹아가는 듯<br/>나의 시간은<br/>봄이 돼가고 있었지<br/>나의 겨울이 따뜻했던 건<br/>날 안아주던 너의 사랑이겠지<br/>나를 따뜻하게 해줬던 건<br/>날 사랑해준 마음의 온도였었지<br/>추운 아침 깨우던<br/>너의 환한 미소와<br/>밤이면 설렜던 그날의 기억이<br/>날 웃게 했었지<br/>다시 봄이 오는 날에<br/>내 눈앞에서 꽃이 또 피겠지만<br/>내게 꽃을 보여줄 수 있는<br/>그 한 사람은 너 하나뿐이란 걸<br/>날 사랑해준 너 하나뿐이란 걸<br/>따뜻함은 너였어<br/>
"
6082,Forever Love (Feat. 신우),양정승양정승,Forever Love,484,<dd>2019.03.06</dd>,"내 마음이 어쩐지 허전해<br/>네가 없어서 나 정말 허전해<br/>보내면 안됐어<br/>끝까지 널 잡았어야 했어<br/>쓸 떼 없는 자존심 때문에<br/>참았던 눈물이 흘러 내려<br/>사진을 보다가 자꾸 생각이나<br/>처음 널 만나 사랑한 나<br/>소중한 걸 다 잃어봐야 만 아나봐<br/>아름다웠던 소중 했었던<br/>너와의 추억도<br/>내 곁에 잠시 머물러 줘서 고마웠어<br/>FOREVER LOVE<br/>내게 가르쳐 준 유일한 그 사람<br/>잊을 수 가 없어<br/>다 내가 잘못 한 걸 잘 알아<br/>시간을 되돌릴 순 없대도<br/>다시 돌아 간다면 하나만 알아줘<br/>오직 너만 사랑했던 나 제발 가지마<br/>소중한 걸 다 잃어봐야 만 아나봐<br/>아름다웠던 소중 했었던<br/>너와의 추억도<br/>내 곁에 잠시 머물러 줘서 고마웠어<br/>FOREVER LOVE<br/>내게 가르쳐 준 유일한 그 사람<br/>잊을 수 가 없어<br/>구겨져 버린 편지를 손에 쥐고<br/>너에게 달려가 힘껏 소리쳐봐<br/>제발 다시 내게 돌아와 줘<br/>시간을 돌려서 지금이라도 널<br/>안아 주고파 아<br/>내가 미쳤나봐 널 보내면 안됐어<br/>심장이 아파 내 맘이 아파<br/>살아 갈 수 없다<br/>살아 갈 수 없다<br/>늦어버린 지금이 아니라면<br/>널 찾을거야<br/>돌아와 줘 제발 한 번만 더<br/>내 곁에 있어줘 내가 잘못 했어<br/>제발 가지마 떠나지마<br/>
"
6083,상상,디에이드 (The Ade)디에이드 (The Ade),Imagine,"2,688",<dd>2019.03.06</dd>,"잘 지내요 잘 가요<br/>기다리란 거짓말 들으며<br/>어른스런 이별을 했다<br/>생각했었나 봐요<br/>다를 것 하나 없어<br/>괜찮은 척 해봐도<br/>갈 곳을 잃은 손은 어떡해요 <br/>그리워 보고 싶어<br/>받아주는 친구들도<br/>이젠 지겨울 테니까요<br/>그냥 마주하겠어요<br/>더 이상 혼자인 아침이 싫어요<br/>손 꼭 잡은 채 돌이켜볼까<br/>그런 상상뿐인 내<br/>고된 하루가 채워질까<br/>그리워 보고 싶어<br/>받아주는 친구들도<br/>이젠 지겨울 테니까요<br/>그냥 마주하겠어요<br/>더 이상 혼자인 아침이 싫어요<br/>손 꼭 잡은 채 돌이켜볼까<br/>그런 다짐뿐인 내<br/>고된 하루가 채워질까<br/>너무 아파요<br/>그대 없는 이 방 이 공간은 <br/>상상으로만 채워지는데<br/>나는 당신이 미워요<br/>그냥 아주 잠시 잠깐도 길어요<br/>눈 꼭 감은 채 기다려볼까<br/>어떻게 하면 나의<br/>멍든 하루가 채워질까<br/>그런 상상뿐인 내<br/>고된 하루가 채워질까<br/>
"
6084,그대였다면,The One (더원)The One (더원),ONE MIND 3,706,<dd>2019.03.06</dd>,"난 오늘도<br/>널 그리며<br/>또 걸어가<br/>사랑이란 너를 찾아<br/>아무것도 모르는<br/>그 기억에 끝에서<br/>난 또 다시 너를 기다려 본다<br/>잊었었고 지웠었던 시간들이<br/>나를 네게 이끌려 해<br/>돌아갈 수 없는 곳<br/>행복했었던 그 길에<br/>사랑했던 너를 한번 떠올려본다<br/>그대였다면 그때라면<br/>아니 그대였다면<br/>그게 나였었다면<br/>바라고 또 바랬던 내 기억에<br/>또 그 자리 그 속에서<br/>아프고 아프고 아팠었던 사랑을<br/>이별로 맞이하려 해<br/>사랑이란 두 글자에 숨어있는<br/>이별이란 널 만날 땐<br/>돌아갈 수 없는 곳<br/>행복했던 추억에 사랑했던<br/>너를 다시 떠올려본다<br/>그대였다면 그때라면<br/>아니 그대였다면 그게 나였었다면<br/>바라고 또 바랬던 내 기억에<br/>또 그 자리 그 속에서<br/>아프고 아프고 아팠었던 사랑을<br/>이별로 맞이하려 해<br/>사랑도 이별이더라<br/>이별도 사랑이더라<br/>아무것도 난 몰랐었던 나 <br/>그때로 돌아가<br/>그대라면 나였다면<br/>난 돌아 간다면 웃을 수 있을까<br/>괜찮을 거란 내 작은 기대가<br/>전부였던 그 날 들이<br/>아프고 아프고 아팠었던 사랑을<br/>이별로 맞이하려 해<br/>
"
6085,마지막 겨울,정소안정소안,마지막 겨울,189,<dd>2019.03.06</dd>,"이대로 나를 지나쳐 가<br/>미안한 표정도 하지 마<br/>내가 바라던 그런 사람<br/>그댄 아니었잖아<br/>흔하디흔한 이별의 말<br/>이미 다 알고 있잖아<br/>제발 더 이상 비겁하지 마<br/>어두운 밤 혼자<br/>골목길을 지나갈 때도<br/>너무 힘들어 누군가의 손이 필요해도<br/>그냥 아무것도 모르는 철부지 너와<br/>나 너무 외로워<br/>세차게 부는 겨울은<br/>따가운 바늘 같고<br/>아무리 찔러도 뾰족한 정답은 없었고<br/>너무 서두른듯해 뒤돌아 봐도 그대로<br/>나 너무 외로워<br/>이대로 나를 지나쳐 가<br/>미안한 표정도 하지 마<br/>내가 바라던 그런 사람<br/>그댄 아니었잖아<br/>흔하디흔한 이별의 말<br/>이미 다 알고 있잖아<br/>제발 더 이상 비겁하지 마<br/>
"
6086,그 순간 그날들,진호진호,그 순간 그날들,170,<dd>2019.03.06</dd>,"누구나 다 그렇듯<br/>이제는 편안해진<br/>허전한 마음에 고개를 숙이며<br/>익숙한 길을 걷는다<br/>사는 게 그런 거라고 모두 다 하나쯤<br/>가슴에 묻고 산다고<br/>다독이며 살진 않는지<br/>기억하나요 우리의 그때<br/>영원이라 믿었던 그 순간들이<br/>스치듯 보여요<br/>나 다시 돌아가 다른 선택을 했다면<br/>우리는 지금 어디쯤 있을까요<br/>두 눈을 감아도 자꾸만<br/>선명해져만 가나요<br/>너무 나약했던 나 때문에<br/>그렇게 멀어졌나요<br/>기억하나요 우리의 그때<br/>영원이라 믿었던 그 순간들이<br/>스치듯 보여요<br/>나 다시 돌아가기엔<br/>너무 멀리 와 버린 것만 같은데<br/>기억해줘요 우리의 그때<br/>영원하지 않았기에 찬란했던<br/>그 순간 그날들<br/>모든 걸 안아줄 수 없었던<br/>내 맘을 용서해요<br/>
"
6087,모르죠 자꾸 생각나는 이유를 모르겠어요 (feat. 블러셔(Blusher),에피타이저 (Appetizer)에피타이저 (Appetizer),모르죠 자꾸 생각나는 이유를 모르겠어요,260,<dd>2019.03.06</dd>,"사랑이란 어려운거죠<br/>헤어진 사람이 아직 내 마음에<br/>살고 있으니 어떻게 하나요<br/>다들 그런가요 궁금해<br/>모르죠<br/>자꾸 생각나는 이유를 모르겠어요<br/>시간 많이 지났는데<br/>왜 지금까지 그대가 생각나는지<br/>사랑이란 어려운거죠<br/>헤어진 사람이 아직 내 마음에<br/>살고 있으니 어떻게 하나요<br/>다들 그런가요 궁금해<br/>모르죠<br/>자꾸 생각나는 이유를 모르겠어요<br/>시간 많이 지났는데<br/>왜 지금까지 그대가 생각나는지<br/>오늘밤에도 어김없이 널 그리워해<br/>모르죠<br/>자꾸 생각나는 이유를 모르겠어요<br/>시간 많이 지났는데<br/>왜 지금까지 그대가 생각나는지<br/>
"
6088,니가 너무 (Feat. 구현모 (KOO)),롤링페이퍼 (Rolling Paper)롤링페이퍼 (Rolling Paper),니가 너무,68,<dd>2019.03.06</dd>,"혹시 너도 알고 있을까<br/>매일 니 생각에 잠 못드는 나<br/>처음 본 그 날 부터<br/>조금만 더 네게 다가갈까<br/>좀 더 솔직하게 고백 해볼까<br/>나도 모르겠어 이런 내 맘을<br/>i fall in love<br/>니가 너무 보고싶어서<br/>하루 또 한시도 일분 일초도<br/>견딜 수 없는데<br/>매일 니 곁을 서성이면<br/>이런 내맘을 니가 알아줄까<br/>이젠 나조차 내 맘대로 못하게<br/>박혀버린 너<br/>혹시 너도 나와 같을까<br/>매일 니 생각에 잠 못드는 나<br/>처음 본 그날 부터<br/>조금만 더 네게 다가갈까<br/>좀 더 솔직하게 고백 해볼까<br/>나도 모르겠어 이런 내 맘을<br/>i fall in love<br/>니가 너무 보고싶어서<br/>하루 또 한시도 일분 일초도<br/>견딜 수 없는데<br/>매일 니 곁을 서성이면<br/>이런 내맘을 니가 알아줄까<br/>이젠 나조차 내 맘대로 못하게<br/>박혀버린 너<br/>너와 단둘이 손잡고<br/>같은 하늘아랠 걸을 수 있다면<br/>나는 그것만으로도 행복할텐데<br/>니가 너무 보고싶어서<br/>하루 또 한시도 일분 일초도<br/>견딜 수 없는데<br/>매일 니 곁을 서성이면<br/>이런 내맘을 니가 알아줄까<br/>이젠 나조차 내 맘대로 못하게<br/>박혀버린 너<br/>
"
6089,네게만 하고픈 말,가비엔제이가비엔제이,내사랑 치유기 OST,255,<dd>2019.03.06</dd>,"바람이 불어와<br/>내 눈물을 닦아주어도<br/>귓가에 들려온 그 노랜<br/>내맘을 아프게 해<br/>그대란 한사람<br/>내곁으로 다가온 그날<br/>슬픔은 걷히고 차갑던 내 맘은<br/>따스한 네게로 녹아드네<br/>난 아무것도 없지만<br/>널 볼수밖에 없지만<br/>난 네가 곁에 있어서<br/>뭐든지 할 수 있었어<br/>이젠 네게 말할게<br/>내 평생에 하고 싶던<br/>Forever you are mine and<br/>forever I am yours<br/>You always be my love<br/>You always be my dream<br/>I spend my life with you<br/>널 보는 내 맘속에 한마디는<br/>너만을 사랑해 이말뿐야<br/>You always be my smile<br/>You always be my star<br/>I spend my life for you<br/>Baby will you love me too<br/>한번더 하고픈 말 사랑해 사랑해<br/>baby I love you<br/>난 아무것도 없지만<br/>널 볼수밖에 없지만<br/>난 네가 곁에 있어서<br/>뭐든지 할 수 있었어<br/>이젠 네게 말할게<br/>내 평생에 하고 싶던<br/>Forever you are mine and<br/>forever I am yours<br/>You always be my love<br/>You always be my dream<br/>I spend my life with you<br/>널 보는 내 맘속에 한마디는<br/>너만을 사랑해 이말뿐야<br/>You always be my smile<br/>You always be my star<br/>I spend my life for you<br/>Baby will you love me too<br/>한번더 하고픈 말 사랑해 사랑해<br/>baby I love you<br/>세상 무엇과도 바꿀 수 없는<br/>내겐 하나뿐인 소중한 너를<br/>그런 너를 어떻게 보낼 수 있겠니<br/>네 곁에서 영원히 함께할게<br/>You always be my love<br/>You always be my dream<br/>I spend my life with you<br/>널 보는 내 맘속에 한마디는<br/>너만을 사랑해 이말뿐야<br/>You always be my smile<br/>You always be my star<br/>I spend my life for you<br/>Baby will you love me too<br/>한번더 하고픈 말 사랑해 사랑해<br/>Baby I love you<br/>네게만 하고픈 말 사랑해 사랑해<br/>Baby I love you<br/>
"
6090,가을을 남기고 간 사랑,김형덕김형덕,김형덕 카페,0,<dd>2019.03.06</dd>,가사가 없습니다
6091,Sleep Tight,Red Panda (레드판다)Red Panda (레드판다),SLEEP TIGHT,30,<dd>2019.03.06</dd>,"길고 긴 하루의 끝에<br/>넌 내 곁에<br/>잠시 쉬어가도 돼<br/>Sleep tight<br/>한 여름밤의 꿈처럼<br/>문득 뒤돌아본 그 순간<br/>너라는 세상이 내게 왔어<br/>You know<br/>잠들지 못한 이 밤에 난<br/>너를 그려<br/>Oh<br/>흑백의 이 장면에<br/>너라는 색으로<br/>이 밤이<br/>물들어 가고있어<br/>삼켜냈던<br/>이 맘을 모아서<br/>길고 긴 하루의 끝에<br/>넌 내 곁에<br/>잠시 쉬어가도 돼<br/>Sleep tight<br/>내게 불러주던 너의 노래처럼<br/>나<br/>쉼이 되줄게 Sleep tight<br/>내 맘을 가득 채우는<br/>반복되는 내 삶 속 너라는<br/>바라던 세상이 내게 왔어<br/>I know<br/>숨길 수 없는 이 맘에 난<br/>너를 불러<br/>차갑던 그 자리가<br/>너라는 집으로 이 밤에<br/>조금씩 너에게로<br/>기다려왔던 이 맘을 모아서<br/>길고 긴 하루의 끝에<br/>넌 내 곁에<br/>잠시 쉬어가도 돼<br/>Sleep tight<br/>내게 불러주던 너의 노래처럼<br/>나<br/>힘이 되줄게 Sleep tight<br/>길고 긴 하루의 끝에<br/>넌 내 곁에<br/>잠시 쉬어가도 돼<br/>Sleep tight<br/>
"
6092,그 땐,해니해니,그 땐,97,<dd>2019.03.06</dd>,"잊어야 한다면 잊을 수 있다고<br/>다짐했던 나는 어느새 또 눈물로<br/>인연이 아니라 믿으면 된다고<br/>되뇌었던 나는 어느새 또 눈물로<br/>떠나려고 한 건 나였는데<br/>왜 잊지 못한 것도 난데<br/>그 땐 이럴 줄 몰랐는데<br/>하루 하루 너를 지웠는데<br/>왜 아직까지 잊질 못해<br/>그 땐 이럴 줄 몰랐는데<br/>그 땐<br/>떠나야 한다면 떠날 수 있다고<br/>다짐했던 나는 어느새 또 눈물로<br/>돌아갈 수 없단 걸 잘 알면서도<br/>괜한 기대하며 어느새 또 눈물로<br/>떠나려고 한 건 나였는데<br/>왜 잊지 못한 것도 난데<br/>그 땐 이럴 줄 몰랐는데<br/>하루 하루 너를 지웠는데<br/>왜 아직까지 잊질 못해<br/>그 땐 이럴 줄 몰랐는데<br/>이대로 널 보내야만 한다면<br/>마음 깊은 곳으로부터<br/>널 비워내야 한다면<br/>조금만 시간을 줘<br/>아니 그냥 날 내버려둬<br/>그 때의 기억에서 조금만 더 머물게<br/>사랑할 수록 서툴러서<br/>비워내는 법도 몰랐어<br/>조금만 더 너를 기억할게<br/>조금 더 네 모습 그려볼게<br/>그 땐<br/>그 땐<br/>
"
6093,후회,"임경빈, 김지영임경빈, 김지영",첫번째날,34,<dd>2019.03.06</dd>,"어젠 또 너를 만났어<br/>날 떨리게 하는<br/>그 기억 안에서<br/>오늘도 하루를 보내<br/>우리 처음 만나던 그 날이<br/>우리 함께한 그 시간이<br/>어쩌면 우리란 이름은<br/>후회로 남은 건 아닐까<br/>떠난 뒤에야 알 수 있다는<br/>그 슬픈 이름은 이젠<br/>여전히 널 그리워할 내 하루를<br/>내게 선물했나봐<br/>이제껏 그래왔던 것도<br/>모자라 이렇게 너를<br/>놓아버리면 정말<br/>다신 못 볼 것 같아<br/>떠난 뒤에야 알 수 있다는<br/>그 슬픈 이름은 이젠<br/>여전히 널 그리워할<br/>내 하루를 내게 선물했나봐<br/>다시 돌아간다면 내가<br/>다시 돌아간다면 우리가<br/>난 놓을 수 없어<br/>또 잡을 수 없어 이런 내 마음을<br/>떠난 뒤에야 알 수 있다는<br/>그 슬픈 이름은 이젠<br/>여전히 널 그리워할 내 하루를<br/>내게 선물했나봐<br/>네가 좋아하던 그 말이<br/>네가 좋아하던 그 날들이<br/>네가 좋아하던 그 모든게<br/>이젠 매일밤 네가 생각나<br/>
"
6094,어디를 가도,네이피어네이피어,어디를 가도,64,<dd>2019.03.06</dd>,"또다시 날이 추워<br/>너 있는 곳도 지금 나처럼 쓸쓸한지<br/>기억의 색이 바래게<br/>물이 빠지게 기다리는<br/>나날들이었어<br/>새로 시작한다는 너의 소식을<br/>굳이 받아들이려는 내가<br/>한심스러워<br/>이해가 될 것 같아 끄덕이다가<br/>이내 눈물이 흘렀어<br/>영 힘이 안나 걸을 수도 없는 걸<br/>영화를 봐도 카페를 가도<br/>온통 네 생각에<br/>난 안되겠어<br/>너와의 이별을 다시 생각해<br/>널 내 곁으로 되돌려<br/>마주볼 순 없는지<br/>매일 데려다 주던 창에 불이 켜지고<br/>휴대폰에 문자를 바꿔 쓰며<br/>고민했지만<br/>마지막 네 당부가 생각이 나서<br/>발길을 돌리고 말았어<br/>영 힘이 안나 걸을 수도 없는 걸<br/>티비를 봐도 산책을 가도<br/>온통 네 생각에<br/>난 안되겠어<br/>너와의 이별을 다시 생각해<br/>널 내 곁으로<br/>되돌려 마주볼 순 없는지<br/>가라앉으려던 나의 마음이<br/>열병처럼 번져가는걸<br/>처음이었어 이렇게 아픈 적은<br/>함께한 거리 함께한 자리<br/>모든 게 선명해<br/>잘 지내야 해 후회하지 않게<br/>문득 떠오르는 네 생각에<br/>멀리서 흔들리지 않도록<br/>이젠 어디를 가더라도<br/>
"
6095,너란사람(feat. 조용은),황은지황은지,너란사람,33,<dd>2019.03.06</dd>,"같은시간 같은 공간 속<br/>늘 옆에 있었던 너<br/>언제부터일까<br/>요즘 머릿 속엔<br/>온통 네 생각<br/>좋아하고 싫어 하는 것<br/>나는 다 알고싶어<br/>언제부터일까<br/>요즘 머릿 속엔<br/>온통 네 생각<br/>너란사람 날 자꾸자꾸 웃게해<br/>너란사람 내 맘을 설레게 해<br/>너란사람 그냥 너여서 좋아<br/>아마도 난<br/>사랑에 빠진 것 같아<br/>덤벙데고 실수하던 너<br/>그 모습까지 사랑스러워<br/>언제부터일까<br/>요즘 머릿속엔<br/>온통 네 생각<br/>너란사람 날 자꾸자꾸 웃게해<br/>너란사람 내 맘을 설레게 해<br/>너란사람 그냥 너여서 좋아<br/>아마도 난<br/>하루종일 네 옆에 앉아<br/>가만히 기대고 싶어<br/>아무 말 없이 그냥 바라보고 싶어<br/>네 품에 안기고 싶어<br/>너란사람 날 자꾸자꾸 웃게해<br/>너란사람 내 맘을 설레게 해<br/>너란사람 그냥 너여서 좋아<br/>아마도 난<br/>사랑에 빠진 것 같아<br/>
"
6096,이마,트루베르트루베르,이마,23,<dd>2019.03.06</dd>,"타인의 손에 이마를 맡기고 있을 때<br/>나는 조금 선량해지는 것 같아<br/>너의 양쪽 손으로 이어진<br/>이마와 이마의 아득한 뒤편을<br/>나는 눈을 감고 걸어가보았다<br/>이마의 크기가<br/>손바닥의 크기와 비슷한 이유를<br/>알 것 같았다<br/>가난한 나의 이마가 부끄러워<br/>뺨 대신 이마를 가리고 웃곤 했는데<br/>세밑의 흰 밤이었다<br/>어둡게 앓다가 문득 일어나<br/>벙어리처럼 울었다<br/>내가 오른팔을 이마에 얹고<br/>누워 있었기 때문이었다<br/>단지 그 자세 때문이었다<br/>
"
6097,서른다섯,JY LeeJY Lee,서른다섯,38,<dd>2019.03.06</dd>,"알 수 없는 것들이 늘어나도<br/>물어볼 사람이 없어<br/>조금씩 힘이 빠져가도<br/>기댈 사람이 없어<br/>주변의 사람들 친구들<br/>다들 어떤지 궁금해도<br/>모두 바빠 보여<br/>후회하는 건 아니지만<br/>후련하지도 않은 기분이 들어<br/>어디로든 떠날 거라고<br/>혼잣말을 하면서도<br/>다음 날 같은 자리에<br/>체념하기엔 이르지만<br/>도전하기도 늦은 기분이 들어<br/>아직 시간이 충분하다고<br/>큰소리쳐도<br/>내 젊음이 점점 사라져<br/>이제 난 어디로 가야 할지<br/>무엇을 믿을지<br/>누구를 본받아 살아갈지<br/>누구를 피할지<br/>하루가 너무 긴 것 같다고<br/>멍하니 앉아 있다 보면<br/>계절이 지나가<br/>게으르지는 않았지만<br/>부지런하지도 않았던 걸 알아<br/>별것도 아닌 걸 이뤘다고<br/>자랑스러워 하는척<br/>초라한 걸 나도 알아<br/>지저분하진 않았지만<br/>깨끗하지도 않았던 나를 알아<br/>사는 게 그런 거 아니냐고<br/>웃어넘겨도<br/>부끄러운 자신을 알아<br/>아이는 아닌 것 같지만<br/>그렇다고 어른이 된 것<br/>같지도 않아서<br/>하루하루 이상한 기분에 둘러싸인 걸<br/>숨긴 채로 거리에 나가<br/>
"
6098,일단은,앤틀러 (Antler)앤틀러 (Antler),일단은,21,<dd>2019.03.06</dd>,"너는 어떠니<br/>나만 이렇게 힘든 거니<br/>넌 웃고 있니<br/>지금 그 사람과 행복하니<br/>어떻게 하면 좋을까<br/>생각을 해봐도<br/>내 기분이 나아지질 않아<br/>일단은 이렇게 남는 게 좋겠어<br/>그러는 게 낫겠어<br/>소나기처럼 잠시 왔다 가는<br/>감정일 수도 있잖아<br/>내맘을 모르게 숨겨두는 게 맞겠지<br/>나는 안 되니까<br/>너는 이미 행복하니까<br/>지금<br/>넌 알고 있니<br/>내가 이런 생각을 하는 걸<br/>어떻게 하면 좋을까<br/>생각을 해봐도<br/>내 마음이 나아지질 않아<br/>일단은 이렇게 남는게 좋겠어<br/>그러는 게 낫겠어<br/>소나기처럼 잠시 왔다 가는<br/>감정일수도 있잖아<br/>내맘을 모르게 숨겨두는 게 맞겠지<br/>나는 안 되니까<br/>너는 이미 행복하니까<br/>지금<br/>나 없이도 넌 아무렇지 않으니까<br/>내가 널 놓는 게 맞겠지<br/>일단은 내 맘을 이렇게<br/>남기는 게 좋겠어<br/>그러는 게 낫겠어<br/>내게 선인장처럼 가시 박힌 말이라도<br/>해주면 어떨까<br/>내 맘을 네가 모르게<br/>숨겨두는 게 맞겠지<br/>너에게 나는<br/>아무 것도 아닌 사람이니까<br/>
"
6099,그날이 왔네요 (That´s The Day ),올리비아케이올리비아케이,그날이 왔네요,16,<dd>2019.03.06</dd>,"올 것 같지 않던 그 날이 왔네요<br/>떠나가는 그대 뒷모습만 바라보며<br/>손 잡으려 손을 내밀어 봐도<br/>멀어지는 그대 뒷모습에<br/>하염없이 눈물만 흐르네<br/>그대를 놓을 수 없는 이 마음<br/>자꾸만 그려지는 그대 모습만<br/>내 심장이 말하네<br/>그대를 떠올리며<br/>가슴속에 맺힌 그 말을 담아서<br/>사랑한다 목놓아 불러도<br/>사랑한다 목놓아 외쳐도<br/>그대 떠나간 그 빈자리에<br/>슬픔만이 남겨진 채로<br/>그댈 향한 마음도 머무네<br/>그대를 놓을 수 없는 이 마음<br/>자꾸만 그려지는 그대 모습만<br/>내 심장이 말하네<br/>그대를 떠올리며<br/>가슴속에 맺힌 그 말을 담아서<br/>사랑한다 목놓아 불러도<br/>사랑한다 목놓아 외쳐도<br/>그대 떠나간 그 빈자리에<br/>슬픔만이 남겨진 채로<br/>그댈 향한 마음도 머무네<br/>그대 다시 오기를 기다리며<br/>
"
6100,나의 신부가 돼줄래,6월애6월애,나의 신부가 돼줄래,27,<dd>2019.03.06</dd>,"유난히 하얀 꽃처럼 밝게 빛나는<br/>내 앞에 너 그저 숨이 멎을 것만 같아<br/>왜 그러냐며<br/>어색하게 웃는 네 모습에<br/>눈물이 날것 같아<br/>너에게 난 부족한 사람이지만<br/>가장 행복한 지금 그 미소<br/>잃지 않게 해줄게<br/>처음 고백하던 그날처럼<br/>그때의 떨림을 간직하며 말할게<br/>평생을 사랑할게 너와<br/>나의 지금 이 순간을 영원 하도록<br/>세상 가장 아름다운 너에게<br/>하고 싶은 말 널 사랑해<br/>눈물이 날것 같아<br/>너에게 난 부족한 사람이지만<br/>가장 행복한 지금 그 미소<br/>잃지 않게 해줄게<br/>처음 고백하던 그날처럼<br/>그때의 떨림을 간직하며 말할게<br/>평생을 사랑할게 너와<br/>나의 지금 이 순간을 영원 하도록<br/>세상 가장 아름다운 너에게<br/>하고 싶은 말 널 사랑해<br/>아니 그 말로는 부족하잖아<br/>가장 아름다운 너에게 진짜 하고<br/>싶은 말 나와 결혼해 줄래<br/>나의 신부가 되어줘<br/>
"
