3651,5959,뽀선희뽀선희,5959,754,<dd>2019.07.23</dd>,"오늘 너 더 예뻐 보이네<br/>너에게 어울릴까 봐 하나 샀어<br/>좀 늦었지 니가 좋아하는 <br/>맛집 예약해 놨어<br/>기대해도 좋아<br/>아이구 잘 먹네 아이구 예쁘네<br/>평생을 이런 말도 안하던 내가<br/>오구오구해 두근두근 하기도 해<br/>널 보면 새로운 나를 알게 돼 <br/>이런 내 맘은 몰라도 돼 너는 그냥 <br/>곁에 있어줘 난 단지 그것 뿐이야<br/>어쩌면 널 만나게 된 건<br/>전부터 정해져 있던 것만 같아<br/>아니면 우리가 어떻게<br/>빠 질 수가 있겠어<br/>사랑할 수 있겠어<br/>어쩜 이렇게 어쩜 예쁘니<br/>평생을 이런 말도 안하던 내가 <br/>오구오구 해 두근두근 하기도 해<br/>널 보면 새로운 나를 알게 돼 <br/>이런 내 맘은 몰라도 돼 너는 그냥 <br/>곁에 있어줘 난 단지 그것 뿐이야<br/>그렇게 예쁘면<br/>어떡해 걱정돼 미치겠어<br/>내 곁에 있어줘 <br/>지금처럼 웃게 해줄게<br/>오구오구 해<br/>오구오구 해 두근두근 하기도 해<br/>널 보면 새로운 나를 알게 돼 <br/>이런 내 맘은 몰라도 돼 너는 그냥 <br/>곁에 있어줘 난 단지 너 하면 돼 <br/>오직 너만을 오구오구 하고싶어<br/>널 보면 자꾸 두근두근 대<br/>이런 내 맘을 보여 줄게 너에게만<br/>곁에 있어줘 난 단지 그것뿐이야<br/>난 단지 너 하나 뿐 야<br/>
"
3652,너에게,펑크파인애플펑크파인애플,감성프로젝트 No.16,1,<dd>2019.07.23</dd>,"기억속에서 널 지우려고 해<br/>이제는 내 곁에 없는 널 보내야만 해<br/>시간이 흘러 아무렇지 않은 듯<br/>해도 나의 마음을 애써 감춰도<br/>이제 솔직하게 나를 대할래 이제<br/>너를 놓친 것이 후회된다고 이제<br/>다시 사랑한다고 너를 사랑한다고<br/>너에게로 달려가고 있는 나를 안아줘<br/>다시 너를 안고서 후회 없는 사랑을<br/>너에게 따뜻한 나의 사랑을<br/>어리석었던 나의 잘못인 걸<br/>이제는 너의 소중함을 알고 있는데<br/>보고싶은 너 잊을 수 없는 너<br/>이제는 용기를 내어 너에게로 가<br/>이제 솔직하게 나를 대할래 이제<br/>너를 놓친 것이 후회된다고 이제<br/>다시 사랑한다고 너를 사랑한다고<br/>너에게로 달려가고 있는 나를 안아줘<br/>다시 너를 안고서 후회 없는 사랑을<br/>너에게 따뜻한 나의 사랑을<br/>다시 사랑한다고 너를 사랑한다고<br/>너에게로 달려가고 있는 나를 안아줘<br/>다시 너를 안고서 후회 없는 사랑을<br/>너에게 따뜻한 나의 사랑을<br/>
"
3653,굳 나잍 (Good Night),윤대천윤대천,굳 나잍 (Good Night),8,<dd>2019.07.23</dd>,"Good Night 잘 자요 그대<br/>Good Night 내 꿈 꿔요<br/>오늘 밤 그대 꿈속에<br/>내가 찾아가도 될 까요<br/>Good Night 편안히 자요<br/>Good Night 내 품에서<br/>오늘 밤 그대 품속에<br/>행여 놀라지 않도록<br/>지켜줄게요 그대 Good Night<br/>Good Night 편안히 자요<br/>Good Night 내 품에서<br/>오늘 밤 그대 품속에<br/>행여 놀라지 않도록<br/>Good Night 잘 자요 그대<br/>Good Night 내 꿈 꿔요<br/>오늘 밤 그대 꿈속에<br/>내가 찾아갈게요<br/>Good Night<br/>
"
3654,사랑했었던 그날,김윤후김윤후,사랑했었던 그날,28,<dd>2019.07.23</dd>,"왜 나는 항상 이런<br/>외로운 사랑을 하는지<br/>내 곁엔 항상 공허함만이<br/>함께하고 있는지<br/>사랑했었던 그날<br/>나 혼자의 사랑이었는지<br/>왜 나는 항상 오래 전 그때로<br/>돌아가는지<br/>떠나가는 그대 뒷모습<br/>평소완 다른 그대 뒷모습<br/>그걸 바라보는 내 눈빛은<br/>점점 땅으로 꺼져<br/>날 사랑하긴 했는지<br/>그랬다면 그건 무엇인지<br/>꿈만 같았던 그때는 모두<br/>다 거짓이었는지<br/>사랑했었던 그날<br/>나 혼자의 사랑이었는지<br/>언제나 나는<br/>오래전 그때로 돌아가는지<br/>마지막 내게 한 말<br/>거짓이란걸 알고 있는데<br/>떠나가는 그대의 뒷모습만<br/>바라보는 나<br/>함께했던 모든 순간들<br/>어딜 가도 그대가 보여서<br/>그걸 바라보는 내 눈빛은<br/>점점 땅으로 꺼져<br/>시간을 돌릴 수만 있다면<br/>다투기 전 그때로 돌아가<br/>누구보다 잘 할 텐데<br/>그럴 수 있는데<br/>사랑했었던 그날<br/>나 혼자의 사랑이었는지<br/>언제나 나는<br/>오래전 그때로 돌아가는지<br/>잘지내라는 그 말<br/>그대한텐 하지 않을 줄<br/>알았는데 그렇게 믿고<br/>살아왔었는데<br/>알았는데 그렇게 믿고<br/>살아왔었는데<br/>
"
3655,함께였던 추억,김영규김영규,함께였던 추억,6,<dd>2019.07.23</dd>,"함께 있던 시간들을 추억한다면<br/>지나왔던 시간들이 슬퍼지듯이<br/>그대를 바라보는 게 눈물이 나서<br/>이렇게 또 숨 죽여 운다<br/>넌 날 되돌아보듯 그때 그날이<br/>너와 지나온 그리움들이 <br/>또 날 너와 함께 아파했었던 <br/>이렇게 하루가 지나가도<br/>똑같던 날들이 그대를 만나서 <br/>그대와 함께한 그때의 추억들이<br/>아무런 의미도 없었던 것처럼<br/>그대와 함께였던 그때 그날이 <br/>시간은 또 무심하게 흘러만 가고 <br/>아무 일도 없던 것처럼 <br/>그렇게 또 지나가는 너의 기억이 <br/>아프고 눈물 나니까<br/>똑같던 날들이 그대를 만나서 <br/>그대와 함께한 그때의 추억들이<br/>아무런 의미도 없었던 것처럼<br/>그대와 함께였던 <br/>그때의 기억 모두 지워 <br/>널 찾고 찾아봐도 <br/>해낼 자신이 없는데 <br/>지나간 그리움 속에 <br/>똑같던 날들이 그대를 만나서 <br/>그대와 함께한 그때의 추억들이<br/>아무런 의미도 없었던 것처럼<br/>그대와 함께였던 그때 그날이<br/>
"
3656,너를 추억하며,하늘하늘,너를 추억하며,2,<dd>2019.07.23</dd>,"우연히 그 거리를 지나다가<br/>익숙한 향기에 나를 맡겨봐<br/>우연히 네 생각을 하다가<br/>지나친 이별을 다시 회상해<br/>지난 시간들을 다시 돌아봐 <br/>여전히 남아 있는 아련한 마음<br/>이제는 지워진 추억의 조각들<br/>그렇게 잊혀져 가<br/>수많은 사람들 중 그 한 명은<br/>혹시나 너일까 혼자 생각해<br/>멍하니 잠시 동안 너를 돌아봐<br/>혹시나 너 또한 나처럼<br/>지난 시간들을 잠시 돌아봐<br/>여전히 남아 있는 아련한 마음<br/>이제는 지워진 추억의 조각들<br/>그렇게 잊혀져 가<br/>지난 시간들을 다시 돌아봐 <br/>여전히 남아 있는 아련한 마음<br/>이제는 지워진 추억의 조각들<br/>그렇게 잊혀져 가<br/>
"
3657,Oh my love (with 용진),에이엔 (An)에이엔 (An),가을블로썸 OST,3,<dd>2019.07.23</dd>,"어떤 옷을 입을까<br/>난 또 이 옷 저 옷 입어보며 고민해<br/>이건 별로야<br/>듬직하고 더 멋지게 보이고 싶은데<br/>어떤 구두를 신을까<br/>난 또 이것저것 신어보며 고민해<br/>네게 잘 보이고 싶은<br/>내 맘 들킬까 봐<br/>두근두근 거리는 걸<br/>골목을 지나 풍겨오는 향기<br/>네가 좋아하던 헤이즐넛 라떼<br/>한걸음 두걸음 너에게 다가가네<br/>전하고픈 말<br/>Oh My Love 그대의 귓가에 속삭여<br/>Oh My Love 우리 둘이 손잡고<br/>거릴 걸어갈 때면<br/>너와의 추억이 떠오를 거야<br/>넌 내 하나뿐인 사랑<br/>어떤 색깔 좋아해<br/>난 또 이것저것 물어보며 궁금해<br/>하나부터 열까지 다<br/>네게 궁금한 것 뿐이야<br/>이런 날 어떡해<br/>골목을 지나 네게 다가오네<br/>수줍게 웃으며 팔짱을 끼네<br/>서로의 온기를 느끼며 걸어가네<br/>전하고픈 말<br/>Oh My love 그대의 귓가에 속삭여<br/>Oh My Love 우리 둘이 손잡고<br/>거릴 걸어갈 때면<br/>너와의 추억이 떠오를 거야<br/>넌 내 하나뿐인<br/>Oh My love 그대의 귓가에 속삭여<br/>Oh My Love 우리 둘이 손잡고<br/>거릴 걸어갈 때면<br/>너와의 추억이 떠오를 거야<br/>넌 내 하나뿐인사랑<br/>You're my love<br/>
"
3658,가끔 기억해줄래,영재영재,가끔 기억해줄래,1,<dd>2019.07.23</dd>,"너무 멀지 않은 곳<br/>결코 너의 곁은 아닌 곳<br/>그곳이 내가 머무를 자리<br/>밤하늘 별처럼 널 비추기로 해<br/>끊긴 전화기를 잡고 <br/>마지막 전하는 이야기를 들어줘<br/>너의 기억이 별이라면 <br/>세상을 비추고도 남았을 텐데<br/>사랑의 결말이라 하기엔<br/>Sweet하지 않아 하나도<br/>심장엔 아무도 남아있지 않아<br/>불 꺼진 방안엔 추억이 재생 돼<br/>On and on<br/>너의 미소가 돌아온 건<br/>다른 누군가의 입맞춤<br/>동화가 존재했다면<br/>내게도 miracle<br/>Why why not<br/>너의 스토리는 날 잊고 계속돼<br/>어릴적 읽었던 인어의 눈물이 흐르고<br/>너의 스토리는 날 잊고 계속돼<br/>마법의 가루가 내게도 필요해<br/>널 사랑했던 그는 <br/>너의 기억 속 별자리로<br/>그걸로 만족해하며 <br/>항상 같은 궤도를 맴돈대<br/>널 사랑했던 그는 <br/>너의 기억 속 별자리로<br/>그걸로 만족해하며 <br/>항상 같은 궤도를 맴돈대<br/>Keep your eyes <br/>Need you<br/>
"
3659,Deep blue (Feat. 김영일 of 감성돔),ONZONZ,Deep blue,8,<dd>2019.07.23</dd>,"밤마다 찾아가 두드린 너의 집 창가<br/>혹시 만날 수 있을까<br/>잊혀지지 않는 너의 향기는 ocean blue<br/>Deep blue deep blue wanna hold you<br/>비가 내린대도 괜찮아<br/>한발 더 가까이 오는 널<br/>더 가까이에 있게<br/>꼭 안아 줄께<br/>영원하라 이 밤이여<br/>꽃잎을 따 with a green garnish<br/>투명한 널 더 빛나게<br/>하루의 끝을 너와 함께할래<br/>Deep blue deep blue wanna hold you<br/>하얀 파돌 타고 온 너<br/>꼭 안아 줄래<br/>차간 바달 품은 널<br/>안을게 이젠 내가<br/>네게 붉은꽃을 선물한 저 많은 남자들<br/>너에 대해 알기는 알까<br/>깊은 바닷속 빛을 꼭 닮은 네겐<br/>Deep blue deep blue wanna hold you<br/>햇살 뜨건 어느 여름날<br/>저 바닷가 인파속에도<br/>널 찾을 수 있어<br/>네 생각 뿐야<br/>영원하라 you are my love<br/>꽃잎을 따 with a green garnish<br/>투명한 널 더 빛나게<br/>하루의 끝을 너와 함께할래<br/>Deep blue deep blue wanna hold you<br/>하얀 파돌 타고 온 너<br/>꼭 안아 줄래<br/>차간 바달 품은 널<br/>안을게 이젠 내가<br/>누군간 날 부르더라고 <br/>낚시꾼 같아 너와 밀고 당기니까<br/>넌 날 만나는 순간부터 <br/>호흡이 딱 멈추니까<br/>주말 밤에 남자들에 <br/>뜨건 열기가 널 데우네<br/>Please be careful baby <br/>I want something Fresh <br/>Like the first time<br/>꽃잎을 따 with a green garnish<br/>투명한 널 더 빛나게<br/>하루의 끝을 너와 함께할래<br/>Deep blue deep blue wanna hold you<br/>밤마다 찾아가 두드린 너의 집 창가<br/>혹시 만날 수 있을까<br/>잊혀지지 않는 너의 향기는 ocean blue<br/>Deep blue deep blue wanna hold you<br/>
"
3660,사부자기,새녘새녘,사부자기,14,<dd>2019.07.23</dd>,"난 또 아무것도 못했어<br/>난 또 아무말도 못했지<br/>그래 미련한건난데 뭐가 남아 있겠어<br/>어리석은 난데 세상을 탓하려나<br/>이곳에 그냥 머물 수 있다면<br/>얼마나 좋을까<br/>모든게 그냥 머물지는 않아<br/>혼자 남겨질까 두려운거야<br/>넌 또 아무말도 않했고<br/>넌 또 고개를 저었어<br/>그래 부족한건 난데 너를 붙잡겠어<br/>모자란건 난데 그대를 탓하려나 <br/>이곳에 그냥 머물 수 있다면<br/>얼마나 좋을까<br/>모든게 그냥 머물지는 않아<br/>혼자 잊혀질까 두려운거야<br/>이곳에 그냥 머물면 않되나요<br/>우리 둘이<br/>모든게 오늘만 멈출순 없을까요<br/>단 하루만<br/>난 또 아무것도 않했고<br/>넌 또 고개를 숙였지<br/>그래<br/>
"
3661,그대로,휴이 (Huey)휴이 (Huey),그대로,21,<dd>2019.07.23</dd>,"그대의 빈자리에 머물면 그대로 나만<br/>그대의 기억속에 다가가 그때로 나만<br/>그대의 어제처럼 오늘도 없네요 나는<br/>이대로 제자리에<br/>내일도 있을까 그대 뒤에<br/>멀고 멀었던 이별이<br/>날 오랫동안 힘들게 했어<br/>널 사랑했던 순간에<br/>난 오늘도 그대로<br/>무궁화꽃이 피었습니다 했을 때처럼<br/>그대가 돌아보는 그 순간<br/>그대로 자꾸 멈춰<br/>소란스럽던 마음에<br/>짙은 그리움 한 방울 떨어져<br/>길고 길었던 미련을<br/>묻지 못하고 떨어뜨렸어<br/>그대가 묻은 얼룩을<br/>지우지 못해 울어버렸어<br/>난 오늘도 그대로<br/>그대의 외로움에 닿으면 그대로 나는<br/>이대로 멈춰서서 오늘도<br/>그대를 자꾸 보네<br/>
"
3662,바보가 될까 봐,최준혁최준혁,바보가 될까 봐,"1,928",<dd>2019.07.22</dd>,"기억 속을 헤집어 너를 떠올려본다<br/>저 멀리 너의 이름을<br/>외치고는 해본다<br/>고작 한 줌의 바램이<br/>또 나를 가엾게만 해<br/>벌을 받고 있는 걸까요<br/>끊어질 듯 불안한 우리 사이에<br/>모습이 날 죽도록 괴롭게 해<br/>니가 행복했음 하니까<br/>그게 내 진심이었으니까<br/>보고 싶다 저 하늘에다<br/>수백 번 외치면 돌아올까 봐<br/>후회하고 후회해도<br/>별다를 게 없네요<br/>그립다고 말한 내가<br/>바보가 될까 봐<br/>꾹 참고만 있었던 나만<br/>바보가 된 거야<br/>난 너를 부르고 있어 세상 끝에서<br/>목을 놓아 외쳐본다<br/>너 없는 이곳에서 나 혼자<br/>기다리고 있잖아<br/>이기적이라면 날 욕해도 돼<br/>니가 없는 난 벌써 죽겠는데<br/>너를 너무 사랑했나 봐<br/>그게 내 진심이었으니까<br/>보고 싶다 저 하늘에다<br/>수백 번 외치면 돌아올까 봐<br/>후회하고 후회해도<br/>별다를 게 없네요<br/>그립다고 말한 내가 바보가 될까 봐<br/>꾹 참고만 있었던<br/>나만 바보가 된 거야<br/>난 너를 부르고 있어 세상 끝에서<br/>목을 놓아 외쳐본다<br/>너 없는 이곳에서 나 혼자<br/>기다리고 있잖아<br/>얼마든지 난 괜찮아<br/>너의 말투 표정 하나까지 그리워서<br/>돌아갈 수 있다면<br/>그립다고 말한 내가 바보가 될까 봐<br/>꾹 참고만 있었던<br/>나만 바보가 된 거야<br/>난 너를 부르고 있어 세상 끝에서<br/>목을 놓아 외쳐본다<br/>너 없는 이곳에서 나 혼자<br/>기다리고 있잖아<br/>바보처럼 나 혼자<br/>
"
3663,난 얘기하고 넌 웃어주고,"백명한, 민지백명한, 민지",트리플 썸 2 OST Part.1,610,<dd>2019.07.22</dd>,"그때가 언제쯤이었을까 <br/>아득히 멀게만 느껴져<br/>너는 나에게 나는 너에게 <br/>우린 어떤 의미였었나<br/>자꾸만 밀려드는 그리움 <br/>네게만 느낄 수 있었던<br/>다른 사람에게 내가 흔들려 <br/>네겐 정말 미안해<br/>언젠가 우리 긴 시간 동안<br/>이야기하며 걷던 그 길 <br/>너는 기억나니<br/>난 얘기하고 넌 웃어주고<br/>늘 함께했던 너였기에 <br/>너의 소중함을 몰랐지<br/>어느 날 너와 함께 걷던 그 길에 <br/>니가 없음을 느낀 난 <br/>아무것도 할 수가 없었어<br/>그때 그 소중했던 시간들은 <br/>다시 그 길을 거닐며 <br/>너와 이야기하고 싶어<br/>보고 싶어 널 만나고 싶어<br/>난 이야기하고 넌 웃어주고 <br/>우리 둘만의 세상에서<br/>어느 날 너와 함께 걷던 그 길에 <br/>니가 없음을 느낀 난 <br/>아무것도 할 수가 없었어<br/>그때 그 소중했던 시간들은 <br/>다시 그 길을 거닐며 <br/>너와 이야기하고 싶어<br/>보고 싶어 널 만나고 싶어<br/>난 이야기하고 넌 웃어주고 <br/>우리 둘만의 세상에서<br/>난 이야기하고 넌 웃어주고 <br/>우리 둘만의 세상에서<br/>
"
3664,흩어지는 중,이보람이보람,흩어지는 중,"2,398",<dd>2019.07.22</dd>,"지울수록 선명해진 그대가<br/>나는 아파서 <br/>그리움의 끝에 서있죠 <br/>어떤 하루도 그댈 벗어날 수가 없어<br/>망가져가는 내가 참 미워요<br/>기억은 흉터로 남아 끝내<br/>사랑이라 쓰고 지울 수도 없죠 그대가<br/>꿈처럼 흩어져간대도 <br/>붙잡아도 돌이킬 수 없다는 걸 다 아니까<br/>다시 또 다른 누군갈 만나서 <br/>행복해줘요 웃어줘요 날 잊어가도 돼요<br/>무너지는 내 약한 가슴때문에<br/>나는 이렇게<br/>그대 뒷모습만 보네요<br/>닿을 수 없다면 이제 보내줘야 하는데<br/>이룰 수 없어 미련인 거겠죠<br/>불러도 그대를 외쳐봐도<br/>아무 대답없는 절박한 아픔만 남아서<br/>꿈처럼 흩어져간대도 <br/>붙잡아도 돌이킬 수 없다는 걸 다 아니까<br/>다시 또 다른 누군갈 만나서 <br/>행복해줘요 웃어줘요 날 기억하지마요<br/>시간을 되돌릴 수 있다면 <br/>내 맘을 다해 지킬 텐데<br/>점점 더 멀어져간대도<br/>미어져도 가슴 한 켠이 시리게 아파와도<br/>그대 시간은 멈추지 말아요<br/>자라나줘요 웃어줘요 날 잊어가도 돼요<br/>
"
3665,우리 사이 (Feat. 박수진 & 김영서),런치박스(lunCHbox)런치박스(lunCHbox),우리 사이,213,<dd>2019.07.22</dd>,"안녕<br/>반갑게 인사할까<br/>아니면<br/>어깨에 손가락을 툭툭<br/>저기<br/>아는 척하고 싶은데<br/>날 기억해 줄까<br/>우리 처음 본 건 아닌데<br/>말은 별로 못 해 봤던 것 같아<br/>어쩜 우린 또 만날지 몰라<br/>서로를 잘 몰라 어색하겠지만<br/>Oh 왠지 끌리는 것 같아<br/>많이 닮은 것 같아<br/>우린 어울릴 것 같은데<br/>우리 사이 그런 사이<br/>됐으면 좋겠어<br/>고마워<br/>반갑게 웃어줘서<br/>사실은<br/>떨렸던 마음을 이젠 툭툭<br/>털어<br/>가만히 있고 싶은데<br/>자꾸 웃음이 날까<br/>벌써 난 다음을 생각해<br/>우린 아직 할 얘기가 많은데<br/>어쩜 우린 또 만날지 몰라<br/>서로를 잘 몰라 어색하겠지만<br/>Oh 왠지 끌리는 것 같아<br/>많이 닮은 것 같아<br/>우린 어울릴 것 같은데<br/>우리 사이 그런 사이<br/>됐으면 좋겠어<br/>좋겠어<br/>그럼 좋겠어<br/>점점 더 네가 또 궁금해<br/>너는 어떨까<br/>벌써 우린 꽤 편한 것 같아<br/>가까운 것 같아<br/>잠깐이지만<br/>Oh 왠지 끌리는 것 같아<br/>많이 닮은 것 같아<br/>우린 어울릴 것 같은데<br/>우리 사이 그런 사이<br/>됐으면 좋겠어<br/>좋겠어<br/>
"
3666,네가 어디 있든 그 곳엔 내가 있을거야 (i’ll be there),더히든더히든,퍼퓸 OST Part.15,251,<dd>2019.07.22</dd>,"넌 날 기억 못해도<br/>난 알아볼 수 있어<br/>달에게 끌린<br/>파도처럼 난<br/>자연스레 너만 향해<br/>네 손 끝 인연의 실<br/>내 맘속에 깊게 얽혀서<br/>노력하지 않아도 넌<br/>느낄 수가 있어<br/>너를 향한 나의 진심을<br/>저기 저 먼 별처럼<br/>네가 어디있든<br/>그 곳엔 내가 있을거야<br/>등 뒤에 그림자처럼 항상 곁에서<br/>내가 널 지켜줄테니<br/>괜찮아<br/>네 맘이 한걸음 더뎌도<br/>얼마든 기다릴 수 있어<br/>순간이 아닌 영원이 될 사랑에<br/>기다림은 잠시일테니<br/>저기 저 먼 별처럼<br/>네가 어디있든<br/>그 곳엔 내가 있을거야<br/>등 뒤에 그림자처럼 항상 곁에서<br/>내가 널 지켜줄테니<br/>괜찮아<br/>사랑하고 싶어 하는게 아냐<br/>내 가슴은 너로만 뛰니까 나는<br/>저기 저 먼 별처럼<br/>네가 어디있든<br/>그 곳엔 내가 있을거야<br/>등 뒤에 그림자처럼 항상 곁에서<br/>내가 널 지켜줄거야<br/>어둔 밤 하늘 끝에<br/>은은한 저 별처럼 빛을 건내줄거야<br/>등 뒤에 그림자<br/>처럼 항상 곁에서<br/>내가 널 지켜줄테니<br/>괜찮아<br/>
"
3667,오늘은 어땠나요 (feat. 블러셔(Blusher)),페퍼민트 (peppermint)페퍼민트 (peppermint),오늘은 어땠나요,133,<dd>2019.07.22</dd>,"오늘은 어땠나요<br/>아무일 그댄 없나요<br/>그대가 떠나가고 난후<br/>나의 일상은 전부 망가진 것만 같아<br/>시간이흘러가도 지울 수가 없어<br/>눈물이 흘러내려도 할 수 있는게<br/>아무것도 난 없죠<br/>사랑했었던 그 시간속에<br/>살아 아직 한발자국도 못나가죠<br/>이별은 내게 없던거라고<br/>가슴은 믿고 있기에<br/>그냥 기다리죠<br/>저 문을 열고 들어오길<br/>눈감고 그댈봐요<br/>귓가에 들려오네요<br/>그대의 웃음소리<br/>너무 그리워져요<br/>모두 아직 선명한걸요<br/>시간이흘러가도 지울 수가 없어<br/>눈물이 흘러내려도<br/>할 수 있는게 아무것도 난 없죠<br/>사랑했었던 그 시간속에 살아<br/>아직 한발자국도 못나가죠<br/>이별은 내게 없던거라고<br/>가슴은 믿고 있기에 그냥 기다리죠<br/>저 문을 열고 들어오길<br/>가끔 무섭기도해요<br/>그대 오지않을까봐<br/>아프고 아파 지쳐만가요<br/>이런 나를 아나요 그냥 두지 말아요<br/>사랑했었던 그 시간속에 살아<br/>아직 한발자국도 못나가죠<br/>이별은 내게 없던거라고<br/>가슴은 믿고 있기에 그냥 기다리죠<br/>저 문을 열고 들어오길<br/>
"
3668,그려본다 (Feat. 이원규),라노 (Rano)라노 (Rano),to,39,<dd>2019.07.22</dd>,"뭔가 언제부턴가<br/>나를 잃어가고<br/>절실했던 마음도<br/>희미해져 가<br/>하고 싶던 것들 다<br/>현실에 잠기고<br/>어느 샌가 모르게<br/>내 자신을 잊어가<br/>사계절 빛 바랜<br/>흑백뿐인 내 삶에 어느 한 편에<br/>나를 그려본다<br/>혼자 견뎌온 날 나는 믿기에<br/>훗날 그려본다<br/>오랜 내 꿈이 잊혀질까 봐<br/>또 사라질까 봐<br/>불안함에 타버린 지쳐<br/>그을려진 내 맘에 어느 한 곳에<br/>나를 그려본다<br/>혼자 견뎌온 날 나는 믿기에<br/>훗날 그려본다<br/>오랜 내 꿈이 잊혀질까 봐<br/>또 사라질까 봐<br/>다 나를 비웃고 날 못 미더워하고<br/>하나 둘씩 날 떠나버리고<br/>내가 잘못이다 말해도<br/>나는 대답한다<br/>난 틀린 게 아니라는 걸<br/>누구나 틀린 게 아닌<br/>모두가 다르다는 걸<br/>나를 기대한다<br/>혼자 기다려온 나를 알기에<br/>난 늘 기대한다<br/>오랜 내 꿈은 이뤄지니까<br/>꼭 이뤄지니까<br/>
"
3669,몸살,엄마노래엄마노래,육아송 - 백일쯤,3,<dd>2019.07.22</dd>,"반갑지 않은 손님 찾아왔죠<br/>그 이름은 몸살 몸살<br/>마침 엄마가 끓여놓고 가신<br/>뜨끈한 삼계탕 한술 뜨려는데<br/>딸꾹딸꾹 딸꾹질 알고있었지<br/>왜 하필 이 타이밍인거야<br/>딸꾹딸꾹 딸꾹질 멈추질 않아<br/>다시 널 안고 토닥토닥<br/>닭다리는 1호님이 드시는데<br/>오늘은 내가 먹어야겠어<br/>부드러운 살 한 점 어디 먹어볼까<br/>불긴한 너의 손짓 발짓<br/>응애응애 응애 나도 배고파요<br/>왜 하필 이 타이밍인거야<br/>응애 응애 안주면 더 울거야<br/>2호님 자 여기 있어요<br/>잠이 들어 이제 한술 떠먹어볼까<br/>다 식어버린 굳어버린 찬밥<br/>아 입맛이 떨어졌지만<br/>오늘도 꾸역꾸역<br/>아프고 또 아파도 몸져 누울 수 없는<br/>오늘도 난 엄마 엄마<br/>오늘도 잘 지냈다<br/>오늘도 잘 견뎠다<br/>나에게 주는 토닥토닥<br/>나에게 주는 토닥토닥<br/>너에게 주는 토닥토닥<br/>
"
3670,비밀의 화원 (From Pro.G),이수민이수민,비밀의 화원(From Pro.G),4,<dd>2019.07.22</dd>,"그대 그 작은 숨소리조차 놓치기 싫어<br/>조근조근 말하는 너의 말투도<br/>이제는 익숙해진 자장가 같이 편해<br/>너와 함께면 이 햇살도 내겐 힘이 되고<br/>자연스런 느낌 이 도시에서도<br/>너와 함께 걷고 있는 지금 이 순간에도<br/>난 너만 자꾸 그리워지는데<br/>특별한 장소 특별한 음식 아니어도<br/>상관 없어요<br/>대화가 없이 그저 앉아 있는 순간들도<br/>나는 행복해 나는 행복해<br/>바람 부는 날처럼 상쾌한 오늘이<br/>바람 부는 날처럼 상쾌한 오늘이<br/>오늘이<br/>너와 함께면 이 햇살도 내겐 힘이 되고<br/>자연스런 느낌 이 도시에서도<br/>너와 함께 걷고 있는 지금 이 순간에도<br/>난 너만 자꾸 그리워지는데<br/>특별한 장소 특별한 음식 아니어도<br/>상관 없어요<br/>대화가 없이 그저 앉아 있는 순간들도<br/>나는 행복해 나는 행복해<br/>바람 부는 날처럼 상쾌한 오늘이<br/>바람 부는 날처럼 상쾌한 오늘이<br/>오늘이<br/>마주 앉은 이 곳에 시간이 멈춘듯<br/>아무런 말이 필요치 않아<br/>지금 이 순간이 이렇게<br/>난 영원할거라 생각하고 있어<br/>특별한 장소 특별한 음식 아니어도<br/>상관 없어요<br/>대화가 없이 그저 앉아 있는 순간들도<br/>나는 행복해 나는 행복해<br/>바람 부는 날처럼 상쾌한 오늘이<br/>바람 부는 날처럼 상쾌한 오늘이<br/>오늘이<br/>
"
3671,꿈꾸는 노래,꿈빛밴드꿈빛밴드,꿈꾸는 노래,2,<dd>2019.07.22</dd>,"꺼져가는 불빛 사이에<br/>덩그러니 혼자 앉아서<br/>지난날에 있었던 사랑<br/>하나둘 되새겨본다<br/>오만했던 마음들 모여<br/>지금의 내가 되어 버렸어<br/>허공에 뿌려낸 바람<br/>모두 다 사라진다<br/>I was going to go ahead<br/>without looking back<br/>난 다시 태어나<br/>멀리 저 멀리 날아가 버려<br/>오래오래 함께<br/>부르는 노래 노래되어<br/>그대와 영원히 같이<br/>스쳐가는 사람들 속에<br/>쓸데없이 혼자 걸으며<br/>그때 우리 있었던 일들<br/>하나들 되새겨본다<br/>편견 가득 찬 마음 모여<br/>오늘의 내가 되어 버렸어<br/>세상을 뒤집을 바람<br/>모두 다 사라진다<br/>I was going to go ahead<br/>without looking back<br/>난 다시 태어나<br/>멀리 저 멀리 날아가 버려<br/>오래오래 함께<br/>꿈꾸는 노래 노래되어<br/>그대와 영원히 같이<br/>난 다시 태어나<br/>멀리 저 멀리 날아가 버려<br/>오래오래 함께<br/>꿈꾸는 노래 노래되어<br/>그대와 영원히 같이<br/>
"
3672,tonight,지현수지현수,Tonight,9,<dd>2019.07.22</dd>,"Save tonight 내 오늘 하루가<br/>날 일으켜 날 움직여 줬으면<br/>Stay tonight 또 내게 아침 같은<br/>날이 올 거라 믿고 날 깨워<br/>허락도 없이 달빛은 <br/>잠든 나를 또 눈뜨게 해<br/>또 창문너머 날 부른 달이<br/>새벽을 데리고 온다<br/>Save tonight 내 오늘 하루가<br/>날 일으켜 날 움직여 줬으면<br/>Stay tonight 또 내게 아침 같은<br/>날이 올 거라 믿고 날 깨워<br/>무기력한<br/>이 밤은 결국 나를 깨우고<br/>별들은 잠에 들겠지<br/>조금 더 빠른 나의 아침이<br/>하루를 데리고 온다<br/>Save tonight 내 오늘 하루가<br/>날 일으켜 날 움직여 줬으면<br/>Stay tonight 또 내게 아침 같은<br/>날이 올 거라 믿고 날 깨워<br/>무기력한<br/>잠들지 않았을 때도<br/>기다려줄 수 없을까<br/>Save tonight 내 오늘 하루가<br/>날 일으켜 날 움직여 줬으면<br/>Stay tonight 또 내게 아침 같은<br/>날이 올 거라 믿고 날 깨워<br/>무기력한<br/>
"
3673,너와 손잡고 (Feat. 원재와 주희),"이진주, 김대현이진주, 김대현",Falling In Love,6,<dd>2019.07.22</dd>,"아무도 모를거야 그럴거야<br/>너만 보면 눈치없이 빨개지는 두볼<br/>이래도 되는지 아직 넌 모르겠지<br/>네가 자꾸 좋아져<br/>어떻게 그걸몰라 나도 알아<br/>내 눈에는 오직 너 하나만 보이는데<br/>조금 부족해도 조금은 서툴러도<br/>내가 네옆에 있을게<br/>우리 둘 사이<br/>잠깐의 오해는 있을지 몰라<br/>항상 너에게 더 사랑스러운<br/>세상 가장 멋진 미소를 선물할게<br/>매일같이 너와 손잡고 걸을래<br/>아직 못 가본 곳이 너무 많은걸<br/>이렇게 널 마주보고 말할거야<br/>좋아해 only u<br/>같이 밥을 먹을때 그거 알아<br/>두 볼 가득 잘 먹는 네가<br/>너무 예쁜거<br/>같이 여행갈래 제주도 남이섬<br/>그보다 더 좋은 곳에<br/>무언가를 원할 때 너는 항상<br/>눈망울이 반짝이곤 했지 지금도 봐<br/>사랑스러운 널 품에 안고 싶어<br/>같이 꿈을 꾸고 싶어<br/>우리 둘 사이<br/>모든 날이 아름답진 않아도<br/>내가 지금보다<br/>더 노력할게 더 아껴줄게<br/>행복을 선물할게<br/>매일같이 너와 손잡고 걸을래<br/>아직 못 가본 곳이 너무 많은걸<br/>이렇게 널 마주보고 말할거야<br/>좋아해 only u<br/>falling in love<br/>두근대는 내 맘을 너는 알까<br/>널 만난 이후로 내 삶은 변해<br/>하루가 설렘으로 가득차 oh<br/>점점 더 빠져들어<br/>매일같이 너와 손잡고 걸을래<br/>아직 못 가본 곳이 너무 많은걸<br/>이렇게 널 마주보고 말할거야<br/>좋아해 난 너 only u<br/>
"
3674,후회,"태일찬 (밍찬), FM43태일찬 (밍찬), FM43",후회,43,<dd>2019.07.22</dd>,"사랑했던 그 때 우리<br/>멀어져 간 내 맘<br/>후회 없는 선택인지<br/>나도 모르겠다<br/>떠나버린 우리 만남<br/>좋아했던 시간<br/>흔적도 없는 그대와 나의 사랑<br/>오늘도 지나간 사랑을 꿈꾼다<br/>후회는 없지만 좋은 기억으로 남아<br/>이러지도 저러지도 못하는 내 맘<br/>보고 싶다 후회를 한다<br/>후회 없는 선택인지<br/>멀어져 간 내 맘<br/>흔적도 없는 그대와 나의 사랑<br/>오늘도 지나간 사랑을 꿈꾼다<br/>후회는 없지만 좋은 기억으로 남아<br/>이러지도 저러지도 못하는 내 맘<br/>보고 싶다 후회를 한다<br/>
"
3675,나만 홀로 걷는다,구본웅 (Ku Bon Woong)구본웅 (Ku Bon Woong),나만 홀로 걷는다,0,<dd>2019.07.22</dd>,"고요한 강물을 따라<br/>내 마음도 조용히<br/>쓸쓸한 이 바람에 <br/>나도 몰래 눈물이 <br/>저 노을 어디로 가나 <br/>이 시간도 마침내<br/>어두운 이 거리엔<br/>나만 홀로 걷는다 <br/>
"
3676,"나아간다 (Feat. 스므킴, 유소망, 이세진, 김동성, 현주, 수영)",SUNSUN,나아간다,7,<dd>2019.07.22</dd>,"오늘의 햇살을 받으며 <br/>바라볼 수 있는 하늘을 보며 <br/>걸음마다 번져가는 푸른 나무와 <br/>꽃을 볼 수 있는 눈에 감사해 <br/>난 원래 태어나길 이렇게 <br/>태어난 댓가를 감수하며 <br/>누군가 나로인해 위로를 얻으면 <br/>무엇이든 극복하고 싶어 <br/>쉬운 일이란 없잖아 <br/>나만이 아니라 모두 힘들어 <br/>수많은 냉담한 시선들을 <br/>난 개의치 않으려 고개 돌려 <br/>남들이 쉽게 하는 일조차도 <br/>사실 나에겐 너무 버거워 <br/>쉬운 일이란 없잖아 <br/>나만이 아니라 모두 힘들어 <br/>수많은 냉담한 시선들을 <br/>난 개의치 않으려 고개 돌려 <br/>남들이 쉽게 하는 일조차도 <br/>사실 나에겐 너무 버거워 <br/>내 삶이 부족해 보여도 <br/>내안에 꿈틀이는 무언가 있어 <br/>크게 외쳐 한 마음 더 내딛으면 돼 <br/>두려워하지마 나아간다면 <br/>나이기에 할수가 있어 <br/>워 워<br/>우린 다르다 생각하지 마 <br/>같은 생각과 같은 꿈 있어 <br/>어떤 장벽이 우릴 막아서 <br/>꿈이 꿈으로 끝나긴 싫어 <br/>혼자 울지마 어서 일어나 <br/>세상을 깨고 나갈 수 있어 <br/>좌절이 오고 눈물이 차도 <br/>그 눈물 딛고 오를 수 있어 <br/>우린 다르다 생각하지 마<br/>같은 생각과 같은 꿈 있어<br/>어떤 장벽이 우릴 막아서<br/>꿈이 꿈으로 끝나긴 싫어<br/>혼자 울지마 어서 일어나<br/>세상을 깨고 나갈 수 있어<br/>좌절이 오고 눈물이 차도<br/>그 눈물 딛고 오를 수 있어<br/>
"
3677,키스해주세요,박승호박승호,키스해주세요,20,<dd>2019.07.22</dd>,"아침에 일어나 눈뜨면<br/>난 그대가 생각나죠<br/>밥 먹다가도 문득 난<br/>그대가 보고 싶어요<br/>그대 얼굴을 마주할 땐<br/>꼭 드는 생각이 있죠<br/>친구들과 술 한잔 할 때도<br/>집에 돌아와 씻을 때에도<br/>피곤한 몸을 이끌고<br/>잠자리에 들었을 때도<br/>도톰한 그 입술을 생각해<br/>난 자꾸 눈을 감아요<br/>키스해주세요 내 볼에<br/>키스해주세요 입술에<br/>터질 만큼 벅차도록<br/>나 그댈 웃게 해줄게요<br/>키스해주세요 내 맘에<br/>키스해줘요 늦기 전에<br/>두 눈이 마르고 닳도록<br/>나 그댈 바라 봐줄게요<br/>키스해주세요<br/>따뜻한 가로등 아래<br/>마주 손 잡고 있을 때<br/>날 바라보는 예쁜 눈을<br/>담아요 자 지금이에요<br/>키스해주세요 내 볼에<br/>키스해주세요 입술에<br/>터질 만큼 벅차도록<br/>나 그댈 웃게 해줄게요<br/>키스해주세요 내 맘에<br/>키스해줘요 늦기 전에<br/>두 뺨이 빨갛게 되도록<br/>나 그댈 빤히 바라 볼 거에요<br/>키스해주세요 내 맘에<br/>키스해주세요 내 볼에<br/>마음을 담아 사랑을 담아<br/>나 그대에게 전할게요<br/>키스해주세요 이 맘에<br/>키스해줘요 늦기 전에<br/>우리 사랑이 더 커지도록<br/>용기 내서 말해봐요<br/>키스해주세요<br/>
"
3678,"동성로, 그리고 너",이은혜이은혜,"2018 대구음악창작소 `대구를노래하다` 동성로, 그리고 너",2,<dd>2019.07.22</dd>,"햇살 눈부시던 거리<br/>너와 함께 걷던 그 곳<br/>동성로 동성로 그리고 너와의 추억<br/>빗방울 떨어지던 거리<br/>우산 쓰고 나란히 걷던 길<br/>동성로 동성로 시계탑의 추억<br/>봄 지나 또 여름 가을 지나 겨울<br/>흘러버린 시간속 너는 어디에<br/>동성로 거리는 늘 그 자리에<br/>너와의 추억도 내 맘속에 늘 그 거리에<br/>소복히 눈 내리던 거리<br/>너와 하얀 선물을 맞던 곳<br/>동성로 동성로 그리고 메리 크리스마스<br/>봄 지나 또 여름 가을 지나 겨울<br/>흘러버린 시간속 너는 어디에<br/>동성로 거리는 늘 그 자리에<br/>너와의 추억도 내 맘속에 늘 그 거리에<br/>라 라라 랄 라라 라 라라 라라<br/>흘러버린 시간속 너는 어디에<br/>동성로 거리는 늘 그 자리에<br/>너와의 추억도 내 맘속에 늘 그 거리에<br/>늘 그 자리에<br/>
"
3679,비가 오면 좋겠어,"Briller (브리에), 피카Briller (브리에), 피카",비가 오면 좋겠어,60,<dd>2019.07.22</dd>,"이런 맑은 날씨가 싫어<br/>이렇게 좋은 날에는<br/>뭘 해야 할지 모르겠어<br/>왜 이렇게 우울해<br/>뭐가 좋은지 다들 웃고 있어<br/>오늘만 좀 버텨보자고<br/>니 생각나면 걸어보자<br/>그래 그것도 좋아<br/>차라리 비가 오면 좋겠다<br/>나처럼 비가 왔음 좋겠어<br/>나랑 차이 나는<br/>화창한 날이 싫어<br/>비야 와라<br/>너랑 걷던 거리가 싫어<br/>이렇게 공허한 날엔<br/>나도 모르게 찾고 있어<br/>왜 이렇게 답답해<br/>차라리 비가 오면 좋겠다<br/>나처럼 비가 왔음 좋겠어<br/>나랑 차이 나는<br/>화창한 날이 싫어<br/>비야 와라<br/>비가 오는 걸 바라보면서<br/>카페에 앉아 멍하니 있을게<br/>니가 떠오르면 눈물 삼킬게<br/>아무 일없는 듯이<br/>차라리 비가 오면 좋겠다<br/>모든 게 씻겨 내려가듯이<br/>내 맘속 이 비가 보이지 않게 제발<br/>비가 오면 좋겠어<br/>
"
3680,In fact,유어라운지 (u r lounge)유어라운지 (u r lounge),In fact,63,<dd>2019.07.22</dd>,"매일 조금씩 <br/>모든 내 마음의 날을 드러내고<br/>안부를 묻는 당신에게 웃는 난<br/>사실 좀 힘들어요<br/>나의 말에는 <br/>점점 무게를 잃어가고 있어요<br/>날 알아줘요<br/>내 이름을 한 번 더 불러줘요<br/>위대한 것은<br/>무모한 것들이 하나둘 되어가고<br/>날 이루는 내 모든 면이 흐려져<br/>사실 좀 힘들어요<br/>나의 말에는 <br/>점점 무게를 잃어가고 있어요<br/>날 알아줘요<br/>내 이름을 한 번 더 불러줘요<br/>또 또 소리쳐도<br/>또 일어나도<br/>같은 자리이고<br/>넌 넌 모를 거야<br/>나의 마음을<br/>또 이 사실을<br/>
"
3681,그대라는 시,태연 (TAEYEON)태연 (TAEYEON),호텔 델루나 OST Part.3,"163,017",<dd>2019.07.21</dd>,"언제부터인지 그대를 보면<br/>운명이라고 느꼈던 걸까<br/>밤하늘의 별이 빛난 것처럼<br/>오랫동안 내 곁에 있어요<br/>그대라는 시가 난 떠오를 때마다<br/>외워두고 싶어 그댈 기억할 수 있게<br/>슬픈 밤이 오면 내가 그대를 지켜줄게<br/>내 마음 들려오나요<br/>잊지 말아요<br/>지나가는 계절 속에 내 마음은<br/>변하지 않는단 걸 아나요<br/>그저 바라보는 눈빛 그 하나로<br/>세상을 다 가진 것 같은데<br/>그대라는 시가 난 떠오를 때마다<br/>외워두고 싶어 그댈 기억할 수 있게<br/>슬픈 밤이 오면 내가 그대를 지켜줄게<br/>내 마음 들려오나요<br/>잊지 말아요<br/>꽃이 피고 지는 날이 와도<br/>이것 하나만 기억해줘요<br/>그댈 향한 마음을<br/>언젠가는 우리<br/>멀어질지 몰라도<br/>나는 그대라면 기다릴 수 있을 텐데<br/>시간이 흘러도 내가 이곳에 서 있을게<br/>그대 망설이지 말아요<br/>그때가 오면<br/>
"
3682,결혼하는 날,이준호이준호,인연,"5,546",<dd>2019.07.21</dd>,"하늘이 그때와 닮았어<br/>널 처음 봤었던<br/>따스한 봄날<br/>너의 맑은 눈 속에 피었던<br/>벚꽃도 또다시 우리 주위를 흩날려<br/>서로에게 입버릇 같던 말<br/>언젠간 결혼하자던 그 말<br/>오늘 이곳에서 너에게 하려 해<br/>영원히 지킬 약속 하려 해<br/>나에게 넌 사계절 속의 봄 같아<br/>가끔 비를 맞아도 차갑지가 않아<br/>나에게 넌 꿈속의 꿈인 것처럼<br/>날 달라지게 해 더 빠져들게 해<br/>너에게<br/>참 서툴고 어설픈 나지만<br/>언제나 꽃길만 걷게 해줄 게<br/>오늘 이곳에서 그 약속 지킬 게<br/>영원히 함께하자던 그 말<br/>나에게 넌 사계절 속의 봄 같아<br/>가끔 비를 맞아도 차갑지가 않아<br/>나에게 넌 꿈속의 꿈인 것처럼<br/>날 달라지게 해 더 빠져들게 해<br/>너에게<br/>드라마 속 주인공은 아니지만<br/>너에게 딱 맞는 남자가 될 게<br/>너에게 나 흩날리는 벚꽃처럼<br/>바람이 불어도 네 곁에 있을게<br/>너에게 나 많은 시간이 지나도<br/>나 변치 않을 게 늘 여기 있을게<br/>고마워<br/>
"
3683,우릴 사랑으로 기억해줘요 (With 정소안),새봄 (saevom)새봄 (saevom),7` 우릴 사랑으로 기억해줘요,"1,241",<dd>2019.07.21</dd>,"무더운 날씨가 무색할 만큼<br/>이 기다림은 내게 너무 차네요<br/>하고 싶은 얘기 정말 많지만<br/>두어번 토닥으로 맘을 삼켜요<br/>많이 서러웠다는 말은 원망 같아서<br/>돌아서는 그대 발걸음<br/>힘들게 할까 봐<br/>또 많이 사랑했다고 말하고 싶은데<br/>난 생각만으로 울음이 터질 것 같아<br/>어느덧 밤은 다가오고<br/>짙어가는 하늘에 반짝이는 별 하나<br/>그대에게 못다 한 말 남기고 가요<br/>나를 사랑해줘서 고마웠어요<br/>가끔은 날 생각해줘요<br/>우리 둘을 스쳐간 수많은 순간을<br/>작은 별들에게 몰래 맡기고 가요<br/>밝게 빛나는 날 꺼내볼게요<br/>많이 아플 거라는 말은 미련 같아서<br/>혹시 내게 오는 발걸음<br/>더디게 할까 봐<br/>또 아직 사랑한다고 붙잡고 싶은데<br/>난 생각만으로 울음이 터질 것 같아<br/>어느덧 밤은 다가오고<br/>짙어가는 하늘에 반짝이는 별 하나<br/>그대에게 못다 한 말 남기고 가요<br/>나를 사랑해줘서 고마웠어요<br/>조금은 날 잊지 말아요<br/>우리 둘을 스쳐간 수많은 순간을<br/>작은 별들에게 몰래 맡기고 가요<br/>밝게 빛나는 날 꺼내볼게요<br/>우릴 사랑으로 기억해줘요<br/>
"
3684,내 인생의 봄처럼 꽃은 핀다,설하윤설하윤,세상에서 제일 예쁜 내 딸 (KBS 2TV 주말드라마) OST - Part.9,"1,193",<dd>2019.07.21</dd>,"노을빛 해는 저물고<br/>갈대처럼 흔들린<br/>앞만 보고 달린 인생은<br/>어딘가에 있는지<br/>꿈 많던 젊은 날들은<br/>그리운 추억되고<br/>세월 따라 떠밀려 온 인생<br/>지금의 난 어디에<br/>세월이 흘러간 나의 인생아<br/>바람결에 슬픔 실어 보내고<br/>저물어만 가는 날 세월 앞에서<br/>내 인생의 봄처럼 꽃은 핀다<br/>힘겨운 날들 보내고<br/>이젠 웃을 수 있어<br/>숨 가쁘게 지나온 나의 길<br/>이젠 쉬어 갈 거야<br/>가슴을 울렸던 나의 인생아<br/>많은 사연들을 접어 보내고<br/>저물어만 가는 날 세월 앞에서<br/>내 인생의 봄처럼 꽃은 핀다<br/>세월이 흘러간 나의 인생아<br/>바람결에 슬픔 실어 보내고<br/>저물어만 가는 날 세월 앞에서<br/>내 인생의 봄처럼 꽃은 핀다<br/>내 인생의 봄처럼 꽃은 핀다<br/>
"
3685,미친 (Drama Ver.),류미니류미니,여름아 부탁해 OST Part.19,369,<dd>2019.07.21</dd>,"딴 여자가 생긴 거니<br/>널 보면 많이 낯설고 아파<br/>내 것이었던 너의 입술이 변했나봐<br/>요즘 참 멀다<br/>아닌 척 하지 마 넌 차가워<br/>곁에 있어도 나는 외로워<br/>여자의 예감은 슬프도록 잘 맞아<br/>우리 정말 헤어지는 거니<br/>널 믿지 못하게 됐나봐<br/>사랑은 깨졌어<br/>날 위해 살았었던 너인데<br/>내가 미쳤었나봐 왜 널 사랑했는지<br/>사랑 정말 못할 짓이야<br/>아닌 척 하지 마 넌 차가워<br/>곁에 있어도 나는 외로워<br/>여자의 예감은 슬프도록 잘 맞아<br/>우리 정말 헤어지는 거니<br/>널 믿지 못하게 됐나봐<br/>사랑은 깨졌어<br/>날 위해 살았었던 너인데<br/>내가 미쳤었나봐 왜 널 사랑했는지<br/>사랑 정말 못할 짓이야<br/>사랑이란 미친 장난에 취해버렸던<br/>내 모습이 난 싫어 정말<br/>널 믿지 못하게 됐나봐<br/>사랑은 깨졌어<br/>날 위해 살았었던 너인데<br/>내가 미쳤었나봐 왜 널 사랑했는지<br/>사랑 정말 못할 짓이야<br/>
"
3686,나의 어깨에 기대어요,10CM10CM,호텔 델루나 OST Part.2,"86,657",<dd>2019.07.20</dd>,"나의 두 눈에 보여지는 그 뒷모습이<br/>서글퍼지는 마음이라 눈물이 글썽여<br/>하루 또 하루 지나가면<br/>더 멀어질까 봐<br/>이렇게 또 불안한 마음만<br/>날 떠나가지 말아요<br/>가슴속으로 그댈 향해 외치는 말<br/>돌아가지는 말아요<br/>그대 있는 곳 다시 사라지지 말아요<br/>외로운 맘에 서러워도 울지 말아요<br/>나의 어깨에 기대어요 그대 괜찮다면<br/>어떤 날에는 더 아프고 또<br/>슬프겠지만<br/>내가 그대 곁에 있을게요<br/>날 떠나가지 말아요<br/>가슴속으로 그댈 향해 외치는 말<br/>돌아가지는 말아요<br/>그대 있는 곳 다시 사라지지 말아요<br/>지금은 아닐거예요 <br/>우리 헤어지는 건<br/>내게서 멀어지지 말아요<br/>내 곁에 있어줘<br/>나의 품에 안겨줘요<br/>슬픈 날들이 지나가면 그때라면<br/>온 세상을 다 줄게요 나 그대에게<br/>지금 내 말 듣고 있나요<br/>나를 떠나가지 말아요<br/>
"
3687,두 번째 고백 (With 리트너),더필름더필름,두 번째 고백 (With 리트너),"1,476",<dd>2019.07.20</dd>,"언제부터인가 나의 머릿속에 <br/>자꾸만 떠오르는 생각이 있어<br/>벌써 우리 만난지도 <br/>참 오래된 것 같은데<br/>지금 너에게 말해도 괜찮을까<br/>너를 바라보는 나의 두 눈 속엔<br/>희망과 두려움이 함께 있지만<br/>너를 처음 만난 그 시절 설레임처럼<br/>다시 너에게 고백하려 해<br/>너의 마지막 사랑이 되고 싶어<br/>나 오직 너만 바라봐도 되겠니<br/>아직 서툴러도 많이 부족해도<br/>나를 받아주겠니<br/>나 너에게만 사랑을 주고 싶어<br/>매일 아침 널 꼭 안아주고 싶어<br/>이런 나의 맘을 받아주겠니<br/>오늘따라 나는 사소한 일에도<br/>자꾸만 나의 마음이 또 떨려와<br/>괜시리 눈이 마주치면 <br/>다른 곳을 보네<br/>너에게 고백할 수 있을까<br/>너의 마지막 사랑이 되고 싶어<br/>나 오직 너만 바라봐도 되겠니<br/>아직 서툴러도 많이 부족해도<br/>나를 받아주겠니<br/>나 너에게만 사랑을 주고 싶어<br/>매일 아침 널 꼭 안아주고 싶어<br/>이런 나의 맘을 받아주겠니<br/>내 모든 것을 다 주고 싶은 너<br/>너만 있으면 누구보다 행복해<br/>아직 서툴러도 많이 부족해도<br/>나만 받아주겠니 <br/>나 너에게만 사랑을 주고 싶어<br/>매일 아침 널 꼭 안아주고 싶어<br/>이런 나의 맘을 받아주겠니<br/>
"
3688,아버지,"유태평양, 민은경유태평양, 민은경",불후의 명곡 - 전설을 노래하다 (2019 여름특집 3탄 Oh My Star ★ 오 나의 친구!),112,<dd>2019.07.20</dd>,"한 걸음도 다가설 수 없었던<br/>내 마음을 알아주기를<br/>얼마나 바라고 바래왔는지<br/>눈물이 말해준다<br/>점점 멀어져 가버린<br/>쓸쓸했던 뒷모습에<br/>내 가슴이 다시 아파온다<br/>서로 사랑을 하고<br/>서로 미워도 하고<br/>누구보다 누구보다<br/>아껴주던 아껴주던<br/>그대가 보고 싶다<br/>가까이에 있어도 다가서지 못했던<br/>그래 내가 미워했었다<br/>제발 내 얘길 들어주세요<br/>시간이 필요해요<br/>북을 두리둥 두리둥 두리둥 둥둥둥<br/>두리둥 두리둥 둥 둥 둥<br/>헌헌씨 배를 무어<br/>이제 불통 헌연 후에<br/>후생의 본을 받어 다 각기 위업허니<br/>막대한 공이 아니냐<br/>북을 두리둥 두리둥 두리둥 둥둥둥<br/>두리둥 두리둥 둥 둥 둥<br/>아이고 아버지 불효여식 청이는<br/>아버지 눈을 띄우랴고<br/>공양미 삼백 석에 몸이 팔려<br/>제수로 가오니<br/>아버지는 어서 눈을 떠서<br/>대명천지 다시 보옵소서<br/>허허 이거 웬 말이냐 못허지야 못혀<br/>눈을 팔아 너를 사지<br/>너 팔아 눈을 뜨면<br/>무엇 보자 눈을 뜰고<br/>아이고 이를 어쩔꺼나<br/>북을 두리둥 두리둥 두리둥 둥둥둥<br/>두리둥 두리둥 둥 둥 둥<br/>심낭자 급히 물에 들라<br/>심청이 거동 봐라<br/>샛별 같은 눈을 감고<br/>치마폭을 무릎 쓰고<br/>뱃전으로 우루루루루<br/>만경창파 갈매기 격으로<br/>떴다 물에 가 풍<br/>아버지 내 딸아<br/>서로 사랑을 하고 서로 미워도 하고<br/>누구보다 아껴주던<br/>그대가 보고 싶다<br/>가슴 속 깊은 곳에 담아두기만 했던<br/>그래 내가 사랑했었다<br/>긴 시간이 지나도 말하지 못했었던<br/>그래 우리 사랑했었다<br/>아버지 내 딸아<br/>아버지<br/>사랑해요<br/>
"
3689,토요일 밤에,선우정아선우정아,[Vol.25] 유희열의 스케치북 10주년 프로젝트 : 열한 번째 목소리 `유스케 X 선우정아`,614,<dd>2019.07.20</dd>,"이 슬픈 노래가 날 울려<br/>널 생각하면서 난 불러<br/>웃다가 울다가 또 지쳐<br/>술에 취해 비틀거리는 이 밤<br/>떠나가는 그대를 기억해 난<br/>이 무너지는 내 맘을 너는 혹시 알까<br/>멀어지는 그대를 지우고파<br/>난 애를 쓰고 애를 써도 그게 잘 안돼<br/>널 잃은 아픔에<br/>찢어진 가슴에<br/>텅 빈 내 마음에<br/>난 이제 어떻게 살아<br/>널 잃은 아픔에<br/>찢어진 가슴에<br/>텅 빈 내 마음에<br/>한없이 슬퍼지는 오늘<br/>토요일 밤에<br/>토요일 밤에<br/>바로 그날에<br/>토요일 밤에<br/>떠나간 그대<br/>사랑한단 말은 필요 없잖아<br/>너의 곁에 내가 살아 숨 쉬는데<br/>매정하게 나를 떠나간 너를<br/>그리움에 지쳐 다시 목이 메어와<br/>널 잃은 아픔에<br/>찢어진 가슴에<br/>텅 빈 내 마음에<br/>난 이제 어떻게 살아<br/>널 잃은 아픔에<br/>찢어진 가슴에<br/>텅 빈 내 마음에<br/>한없이 슬퍼지는 오늘<br/>토요일 밤에<br/>바로 그날에<br/>토요일 밤에<br/>떠나간 그대<br/>토요일 밤에<br/>
"
3690,It`s You (서울 버스킹 Ver.),"헨리 (HENRY), 박정현, 하림, 임헌일헨리 (HENRY), 박정현, 하림, 임헌일",JTBC 비긴어게인3 Episode 1,"8,360",<dd>2019.07.20</dd>,"Baby I'm falling Head over heels<br/>Looking for ways to let you know<br/>just how I feel<br/>Wish I was holding You by my side<br/>I wouldn't change a thing<br/>cause finally it's real<br/>Tryna hold back<br/>You oughta know that<br/>You're the one that's on my mind<br/>I'm falling too fast<br/>Deeply in love<br/>Finding the magic<br/>in the colors of you<br/>You're the right time<br/>at the right moment<br/>You're the sunlight keeps<br/>my heart going<br/>Know when I'm with you<br/>Can't keep myself from falling<br/>Right time at the right moment<br/>It's you<br/>Every night in my bed I'm dreaming<br/>That it's you in my arms<br/>I'm holding<br/>Girl all I want is you<br/>You know you're the right time<br/>At the right moment<br/>You're the sunlight keeps<br/>my heart going<br/>You're the right time<br/>at the right moment<br/>You're the sunlight keeps<br/>my heart going<br/>Know when I'm with you<br/>Can't keep myself from falling<br/>Right time at the right moment<br/>It's you<br/>you it's you<br/>It's you It's you It's you<br/>It's you It's you It's you yeah<br/>It's you It's you It's you<br/>you it's you<br/>you it's you<br/>you it's you<br/>
"
3691,이별의 끝에,공휘공휘,[The Letter] Vol.3,53,<dd>2019.07.20</dd>,"말하지 않아도<br/>다 알 것 같아<br/>길어진 하루가<br/>왠지 좀 어색해<br/>함께한 시간에 익숙해진<br/>소란스럽던 날들<br/>돌아서보니<br/>그리움만 남았어<br/>아주 작지만 내 맘이 보이니<br/>늘 있던 그곳에 내가 달려갈게<br/>조금 늦어도 괜찮아<br/>어느 곳에 있어도<br/>이별의 끝에 내가 기다릴 테니<br/>조금 늦어도 괜찮아<br/>어느 곳에 있어도<br/>이별의 끝에 내가 기다릴 테니<br/>사랑을 지키지 못해<br/>아니 널 떠나보내 미안해<br/>반짝이던<br/>그곳에서<br/>멈춰 서있어<br/>다시 돌아와 줘 내가 더 잘할게<br/>점점 빛을 잃어가 쉽진 않겠지만<br/>조금 늦어도 괜찮아<br/>어느 곳에 있어도<br/>이별의 끝에 내가 기다릴 테니<br/>이별의 끝에 내가 널 찾을 테니<br/>
"
3692,3시 33분,인아웃 (inout)인아웃 (inout),Midsummer blue,56,<dd>2019.07.20</dd>,"우리들의 Midsummer <br/>난 너무나 뜨거워서<br/>그 곳에 너풀거리는 <br/>아지랑이가 되고 싶어<br/>그렇게도 뜨거웠던 <br/>너와 나의 그 지난 밤<br/>It’s alright<br/>It’s alright<br/>지금은 새벽 세시 반 <br/>왜 네가 또 떠올라<br/>너를 step by step <br/>애써 지워보려고 해<br/>그때 우리 열 일곱살 <br/>즈음에 만났다면<br/>좋은 Step by step이 되었을까<br/>우리의 summer night<br/>우린 왜 summer nights에<br/>우울한 summer night<br/>우리의 summer nights<br/>우리들의 Midsummer <br/>난 너무나 그리워서<br/>그 곳에 풀 죽어 있는 <br/>어린 날 찾아 가고 싶어<br/>그 언젠가 뜨거웠던 <br/>너와 나의 그 지난 밤<br/>Isn’t alright<br/>Isn’t alright<br/>우리 꽃 피웠던 그 여름 summer<br/>서로 보드라운 이별을 남겼지<br/>Stop think about it <br/>Don’t think about it<br/>너의 빈 자릴 찾으려 해도<br/>그 여름이 지워지지가 않잖아<br/>I can’t stop think about it baby<br/>우리의 summer night<br/>지금은 새벽 세시 반 <br/>왜 네가 또 떠올라<br/>우린 왜 summer nights에<br/>우울한 summer night<br/>그때 우리 열 일곱살 즈음에 만났다면<br/>우리의 summer nights<br/>
"
3693,낙원으로 둘이서,"요조, 생각의 여름요조, 생각의 여름","낙원으로 둘이서 (영화 ‘안녕, 티라노: 영원히, 함께’ OST 수록곡)",190,<dd>2019.07.20</dd>,"이제 너의 모습이 보이지 않아<br/>아 허공을 떠도는 내 혼잣말<br/>이제 너의 목소리도 들리지 않아<br/>아 나는 그리워 너의 웃음<br/>귓가에 들려 여기 있어<br/>가까이 다가서면<br/>닿을 것 같아 언제나<br/>자 어디로 갈까 우리 둘이<br/>자 널 데리고 아직 알 수 없는 곳으로<br/>이제 일어나야지 여기서는<br/>아 찾고 있어 내가 있을 곳<br/>말하고 싶어<br/>항상 함께 해주었던 그 시간<br/>난 아직도 꿈에<br/>다시 보이지 않아 너의 미소<br/>아 올려다보면 하늘 푸르고<br/>자 어디로 갈까 우리 둘이<br/>자 너를 데리고 낙원으로 나아간다<br/>자 어디로 갈까 우리 둘이<br/>아 눈을 감고 하늘 높이<br/>아 너의 목소리 들려온다<br/>자 우리들만의 낙원으로 둘이서<br/>
"
3694,내가 잠에들면 깨우지마세요,나인(디어클라우드)나인(디어클라우드),내가 잠에들면 깨우지마세요,"1,979",<dd>2019.07.19</dd>,"내가 잠에 들면 깨우지 마세요<br/>깨우지 마세요<br/>그저 오늘 밤이 끝나지 않도록<br/>내 이름을 부르지 마세요<br/>달콤한 꿈엔 많은 일이 일어나요<br/>헤어진 사람과 춤추기도 하지요<br/>그대가 만약 내 외로움을 안다면<br/>새벽이 오는 창문을 닫아주세요<br/>행여 내가 숨을 쉬지 않을지라도<br/>나를 흔들어 깨울 생각은 말아요<br/>내가 잠에 들면 깨우지 마세요<br/>깨우지 마세요<br/>자고 일어나면 괜찮아진다고<br/>그런 거짓말은요 난 싫어요<br/>푹신한 이불 익숙한 베개에 누워<br/>나의 체온을 뺏기지 않을 거에요<br/>그대도 가혹한 현실에 지쳤다면<br/>조용히 나의 곁에 누워도 좋아요<br/>행여 내가 숨을 쉬지 않을지라도<br/>내 걱정은 말아요 내버려두세요<br/>그대여 내가 죽은 것처럼 보여도<br/>나를 흔들어 깨울 생각은 말아요<br/>
"
3695,외로워,김우성(The Rose)김우성(The Rose),외로워,"1,988",<dd>2019.07.19</dd>,"요즘 나 왜 이렇게<br/>외로운 걸까요<br/>바뀐 거라곤 날씨뿐인데<br/>나도 사람들한테 기대고 싶은데<br/>막상 연락할 사람은 없네<br/>나의 잘못인지<br/>그땐 몰랐었지<br/>그들의 연락과 관심 지나쳤지<br/>그들도 이렇게<br/>느껴졌을까<br/>내가 둘러댄 핑계만 남았겠지<br/>이기적인 건지<br/>그때의 소중함을 알았다면<br/>돌아갈 순 없지<br/>오래된 상처가 깊어졌음을<br/>너와 난 인연이 아니었나 봐요<br/>아무리 상황 탓해봐도<br/>돌려서 말했지만 결국 사실인 건<br/>네가 날 덜 좋아했나 봐<br/>나의 잘못인지<br/>지금도 모르지<br/>네가 말했던 게 정말 사실 인지<br/>뭐가 어찌 됐건<br/>결국 남은 건<br/>핑계만 둘러댄 상처뿐인걸<br/>이기적인 건지<br/>그대가 소중함을 알았다면<br/>돌아갈 순 없지<br/>오래된 상처가 깊어졌음을<br/>나의 잘못인걸<br/>이제 알겠어<br/>혼자 남겨진 게 점점 익숙해져<br/>모두가 이렇게<br/>외로운 걸까<br/>마음이 마치 텅 빈 길거리 같아<br/>이기적인 건지<br/>그때의 소중함을 알았다면<br/>돌아갈 순 없지<br/>오래된 상처가 깊어졌음을<br/>
"
3696,"너와, 여름밤",조인 (ZOIN)조인 (ZOIN),"너와, 여름밤",334,<dd>2019.07.19</dd>,"햇살도 잠드는 밤이야 너와 함께<br/>떠나고 싶은 마음이야 한여름 밤의<br/>시원한 바람이 불어 그런 건지<br/>내 옆에 니가 좋아서 그런지<br/>바람에 몸을 실어 너와 함께<br/>단둘이 떠나 어디든 괜찮아<br/>수평선 넘어 우리 함께 간다면<br/>한여름 밤의 꿈속으로<br/>별빛 아래에 너와 나 둘이<br/>summer breeze with you<br/>달빛 아래에 그 길을 따라<br/>summer's love with you<br/>sta ra ra ra ra ra ra ra <br/>너와 함께<br/>sta ra ra ra ra ra <br/>여름밤에<br/>sta ra ra ra ra ra ra ra <br/>너와 함께<br/>sta ra ra ra ra ra <br/>한 여름밤에<br/>설레이는 맘 가득 싣고 떠나<br/>끝없는 바다 그 아래 너와 나<br/>사랑을 속삭일 게 밤하늘 가득<br/>한여름 밤의 꿈속으로<br/>별빛 아래에 너와 나 둘이<br/>summer breeze with you<br/>달빛 아래에 그 길을 따라<br/>summer's love with you<br/>sta ra ra ra ra ra ra ra <br/>너와 함께<br/>sta ra ra ra ra ra <br/>여름밤에<br/>sta ra ra ra ra ra ra ra <br/>너와 함께<br/>sta ra ra ra ra ra <br/>한 여름밤에<br/>시간이 흘러 한여름 뜨거웠던<br/>태양이 식어도 <br/>다시 여름이 올 때까지<br/>지금 잡은 두 손 놓지 않기로 해 <br/>love you<br/>별빛 아래에 너와 나 둘이<br/>summer breeze with you<br/>달빛 아래에 그 길을 따라<br/>summer's love with you<br/>sta ra ra ra ra ra ra ra <br/>너와 함께<br/>sta ra ra ra ra ra <br/>여름밤에<br/>sta ra ra ra ra ra ra ra <br/>너와 함께<br/>sta ra ra ra ra ra <br/>한 여름밤에<br/>
"
3697,단 하나의 사랑,태사비애태사비애,태양의 계절 OST Part.2,202,<dd>2019.07.19</dd>,"노력하지 않아도 <br/>자꾸만 내 맘 <br/>네게로 향해 <br/>한걸음만 다가서면 <br/>닿을듯 한데 왜 멀게 느껴져<br/>단 하나의 사랑 <br/>단 하나의 이별 <br/>그게 너라서 난 <br/>다행인것 같아 <br/>닿을 수 없어도 <br/>볼 수만 있다면 <br/>나는 괜찮을거야 <br/>언제까지라도 <br/>사랑해<br/>담아 낼 수도 없게 <br/>부푼 내 맘이 <br/>눈물로 새 나와 <br/>한걸음만 다가서면 <br/>닿을 듯 한데 멀게만 느껴져 <br/>단 하나의 사랑 <br/>단 하나의 이별 <br/>그게 너라서 난 <br/>다행인것 같아 <br/>닿을 수 없어도 <br/>볼 수만 있다면 <br/>나는 괜찮을거야 <br/>언제까지라도 <br/>사랑해 <br/>내 삶의 넌 단 하나의 사랑 <br/>내 맘 <br/>너로 다 채웠어<br/>단 하나의 사랑 <br/>단 하나의 이별 <br/>그게 너라서 난 <br/>다행인것 같아 <br/>닿을 수 없어도 <br/>볼 수만 있다면 <br/>나는 괜찮을거야 <br/>언제까지라도<br/>사랑해 <br/>
"
3698,닿을까,멜로몰랑멜로몰랑,닿을까,8,<dd>2019.07.19</dd>,"살며시 다가갈까 하다가<br/>멍하니 너를 보다 혼자 놀라곤 해<br/>어떻게 말을 걸까<br/>이대로 안녕은 싫은데<br/>잠을 깨면 하루종일 네 생각이 나<br/>모든 게 그저 설레고<br/>혼자 상상속에 살아<br/>너에게 내 맘이 닿을까<br/>우리 사이 어쩌면 어색해질지도 몰라<br/>하루하루 시간만 흘러가<br/>우연히 마주친 시선에<br/>나도 몰래 널 따라 웃어버리곤 하는데<br/>매일매일 설렘만 늘어가<br/>지금도 보고싶다 너<br/>잠이 들면 꿈에서도 네 생각뿐야<br/>모든 게 그저 좋은 걸<br/>혼자 소설 속에 살아<br/>너에게 내 맘이 닿을까<br/>우리 사이 어쩌면 가까워질지도 몰라<br/>하루하루 기대만 커져가<br/>또 한번 마주친 시선에<br/>너의 미소 또 따라 웃어버리곤 하는데<br/>매일매일 착각만 늘어가<br/>넌 달콤하고 씁쓸한 꿈<br/>나만 알고픈 넌<br/>아찔해 어질해 너로 가득해<br/>너에게 내 맘이 닿으면<br/>알게 될까 숨바꼭질 하던 내 진심을<br/>이제 더는 감추기 힘든 걸<br/>또다시 마주친 시선과<br/>빨개진 볼에 너와 나 수줍게 걸린 미소<br/>매일매일 그려왔던 순간<br/>꿈이면 깨지 않을래<br/>지금도 보고싶다 너<br/>
"
3699,이 노래를 들어도,봄사탕봄사탕,이 노래를 들어도,19,<dd>2019.07.19</dd>,"아득히 고요한 어느 늦은 밤<br/>지나가는 차 소리에 한참 뒤척이다가<br/>우연히 꺼내 본 내 낡은 일기장<br/>한 장 두 장 넘겨 볼수록 <br/>그대 보고 싶네요<br/>하루 살기 힘들고 괴로워 숨이 가빠와<br/>자꾸 변해가는 세상 속에 나를 잃어가<br/>정말 예쁘던 그때로 돌아 갈 순 없을까<br/>일기 속에 그댈 꺼내 이 말하고 싶어요<br/>참 고마워요 우리 함께였단게<br/>그때 그 사람이 그대였었다는게<br/>무얼 바라는 말 아녜요 <br/>그냥 혼자 한 말이에요<br/>이 노랠 듣지 않으면 좋겠어요<br/>우리 같이 자주 걷던 그 좁은 골목길<br/>지금도 그대가 환하게 반겨줄 것 같아<br/>그대 목소리 듣고 싶어 전화길 꺼내봐<br/>몇 번이고 번홀 누르다 <br/>이내 다시 놓아요<br/>참 고마워요 우리 함께였단게<br/>그때 그 사람이 그대였었다는게<br/>무얼 바라는 말 아녜요 <br/>그냥 혼자 한 말이에요<br/>이 노랠 듣지 않으면 좋겠어요<br/>그대에게 달려 가고 싶지만<br/>나 아닌 사람과 있을 <br/>그대 란 걸 알고 있죠<br/>그리워요 우리 함께 였던 때<br/>너무 보고파요 해맑았던 나와 그대<br/>오늘 꿈에 나와줘요 <br/>기억 속에 모습 그대로<br/>이 부탁 들어 줄 수는 있잖아요<br/>이 노래를 들어도 <br/>
"
3700,나쁜 남자 (Feat. 이요셉 Piano),FM43FM43,나쁜 남자 (Piano),9,<dd>2019.07.19</dd>,가사가 없습니다
