3351,I Want U,혜성혜성,평일 오후 세시의 연인 OST Part.4,61,<dd>2019.08.16</dd>,"Stars<br/>shining far away in the sky<br/>I promised to tell you<br/>where they're going<br/>Tell me you will not be gone<br/>with them<br/>Alright<br/>You would never leave me alone<br/>Where you are ever I wanna stay<br/>Why wouldn't you<br/>be with me forever<br/>Listen to my heart I want you<br/>Listen to my heart I need you<br/>Why don't you take me to<br/>where you wanna go<br/>I can never make you cry<br/>I would want you<br/>I am looking at the eyes shining<br/>in my heart<br/>Eternally<br/>Birds<br/>flying far away on the mountain<br/>I promised to tell you<br/>where they're going<br/>Tell me you will not be gone<br/>with them<br/>Alright<br/>You would never leave me alone<br/>Where you were ever I wanna stay<br/>Why wouldn't you be<br/>with me forever<br/>Listen to my heart I want you<br/>Listen to my heart I need you<br/>Why don't you take me to<br/>where you wanna go<br/>I can never make you cry<br/>I would want you<br/>I am looking at the eyes shining<br/>in my heart<br/>Eternally<br/>Forever I want you<br/>Forever I need you<br/>Why don't you take me to<br/>where you wanna go<br/>I can never make you cry<br/>I would want you<br/>I am looking at the stars<br/>shining in the horizon<br/>Eternally<br/>
"
3352,차라리 아프자,이예담이예담,수상한 장모 OST Part.4,222,<dd>2019.08.16</dd>,"잠깐만 잠깐만 잠깐만 움직이지마<br/>부탁할게 제발 잠깐이라도<br/>이대로 이대로 이대로<br/>너 돌아선다면<br/>나 주저 앉아 울 것만 같아<br/>차라리 아프자 우리<br/>차라리 힘들자 우리<br/>눈물로 씻어낸 아파서 버려낸<br/>잠깐의 흔들림이도록<br/>차라리 아프자 우리<br/>버티려 하면 할 수록 더 아파<br/>어차피 흘려야 했던 눈물이야<br/>이대로 이대로 이대로<br/>너 돌아선다면<br/>나 주저 앉아 울 것만 같아<br/>차라리 아프자 우리<br/>차라리 힘들자 우리<br/>눈물로 씻어낸 아파서 버려낸<br/>잠깐의 흔들림이도록<br/>차라리 아프자<br/>차라리 아프자<br/>차라리 힘들자<br/>눈물로 씻어낸 아파서 버려낸<br/>잠깐의 흔들림이도록<br/>차라리 아프자 우리<br/>버티려 하면 할 수록 더 아파<br/>어차피 흘려야 했던 눈물이야<br/>
"
3353,내 맘이란걸,SOOMSOOM,내 맘이란걸,34,<dd>2019.08.16</dd>,"나 솔직히 말할게<br/>요즘 내 눈엔 니가 계속 보여<br/>고개를 돌려봐도<br/>사방엔 너만 보이는데<br/>너의 행동 하나하나가<br/>나에겐 너무 크게 다가와<br/>가슴이 정말 벅차<br/>이런게 사랑인가 싶어<br/>니가 네게 건낸 마디마디<br/>목소리 톤 표정 너의 눈빛<br/>느껴지는 너의 body language<br/>난 도무지 모르겠어<br/>나 솔직히 말할래<br/>니가 어떤 마음이던<br/>이건 내 소중한 내 맘이란걸<br/>너도 같길 바랄게<br/>아니라도 나는 괜찮아<br/>이건 내 소중한 내 맘이란걸<br/>오늘도 너를 봤어<br/>멀리서부터 너밖에 난 안보여서<br/>키가 그리 크지도 않아<br/>멋을 그닥 부리지도 않아<br/>근데 넌 멋이나<br/>무심한듯 걸친 너의 무난한색에 <br/>후디가 자꾸 내 눈에 뛰잖아<br/>먼저 다가가 인사를 할까<br/>아님 너가 날 알아줄때까지 <br/>기다릴까<br/>니가 네게 건낸 마디마디<br/>목소리 톤 표정 너의 눈빛<br/>느껴지는 너의 body language<br/>난 도무지 모르겠어<br/>나 솔직히 말할래<br/>니가 어떤 마음이던<br/>이건 내 소중한 내 맘이란걸<br/>너도 같길 바랄게<br/>아니라도 나는 괜찮아<br/>이건 내 소중한 내 맘이란걸<br/>
"
3354,일년이 지나도,승훈 (SEUNGHUN)승훈 (SEUNGHUN),굿데이 프로젝트 ep 1.,31,<dd>2019.08.16</dd>,"다 지나면 잊혀질 줄 알았어<br/>왜 이번엔 힘든지<br/>누굴 만났든 이별은 잘해왔는데<br/>근데 넌 그렇지 않아<br/>넌 왜 내 곁을 떠나간 건지<br/>왜 말도 없이 떠났니<br/>잊고 싶은데 잊은 채 살고 싶은데<br/>근데 그게 왜 이렇게 어려울까<br/>일 년이 지나도 참 많이 아팠어<br/>미친 듯 울어도 봤었는데<br/>괴롭고 힘든 시간이 흘렀는데<br/>아무리 흘러도<br/>나는 너의 얼굴이 잊혀지지 않아<br/>나 어떡해<br/>넌 왜 내 곁을 떠나간 건지<br/>왜 말도 없이 떠났니<br/>잊고 싶은데 잊은 채 살고 싶은데<br/>근데 그게 왜 이렇게 어려울까<br/>일년이 지나도 참 많이 아팠어<br/>미친 듯 울어도 봤었는데<br/>괴롭고 힘든 시간이 흘렀는데<br/>아무리 흘러도<br/>나는 너의 얼굴이 잊혀지지 않아<br/>나 어떡해<br/>일 년이 지나도 참 많이 아팠어<br/>미친 듯 울어도 봤었는데<br/>괴롭고 힘든 시간이 흘렀는데<br/>아무리 흘러도<br/>나는 너의 얼굴이 잊혀지지 않아<br/>나 어떡해<br/>
"
3355,Thanks to,장예지장예지,Thanks to,20,<dd>2019.08.16</dd>,"지친 하루가 저물면<br/>수고로운 나에게 물어<br/>오늘 하루는 너에게<br/>얼마나 마음에 들어<br/>순간순간은 여전히 더디기만 한데<br/>하루하루는 여전히 속도를 붙여가네<br/>나아질 것 없는 세상 속에서도<br/>아무리 고단해도 감히 잊지 않는 것<br/>한 순간 얻을 수 있는<br/>행복이 아니기에<br/>힘든 일이 있을 때도<br/>궂은 일이 있을 때도<br/>모두 다 고마워<br/>광활한 시간을 돌고 돌아<br/>결국에 머무름에 다시 잡게 된 꿈<br/>마음은 더 아팠지만 더<br/>간절해짐에 감사해<br/>후회뿐이던 내 선택 속에<br/>정답으로 남아줌에 감사해<br/>힘든 일이 있을 때도<br/>궂은 일이 있을 때도<br/>모두 다 고마워<br/>하고픈 일에 눈물 나도<br/>여전히 노래 할 수 있어<br/>너무나 고마워<br/>
"
3356,인생,김도현김도현,인생,58,<dd>2019.08.16</dd>,"나름대로 참 열심히 살아왔는데<br/>마음 한구석이 허전해<br/>지금 걷는 이 길 맞는 길일까<br/>제대로 살고 있긴 한걸까<br/>내 나이의 부모님은 태산 같았었는데<br/>난 왜 이리 서툴기만 해<br/>여전히 두렵고 막막한 것이<br/>다른 이들은 어떻게 살까<br/>인생 인생<br/>조바심에 잠 못들던 새벽<br/>작은 성공에 잠시 우쭐대던 날들도<br/>여전히 변함없이 못난 모습도<br/>그게 무엇이든 내 인생의 조각들이니<br/>끌어안고 가보자<br/>인생 인생<br/>내 인생은 특별나다고 생각했었지<br/>마냥 철없고 무모했었지<br/>그리 다를 바 없는 인생이란걸 <br/>그걸 이제서야 알게되었지<br/>조바심에 잠 못들던 새벽<br/>작은 성공에 잠시 우쭐대던 날들도<br/>여전히 변함없이 못난 모습도<br/>그게 무엇이든 내 인생의 조각들이니<br/>끌어안고 가보자<br/>인생 인생<br/>여전히 변함없이 못난 모습도<br/>그게 무엇이든 내 인생의 조각들이니<br/>끌어안고 가보자<br/>인생 인생<br/>
"
3357,별 하나,안재윤안재윤,별 하나,44,<dd>2019.08.16</dd>,"잠이 오지않는 밤<br/>밤공기를 마시다<br/>복잡한 감정에 못이겨<br/>발걸음을 옮긴다<br/>하늘의 작은 별이<br/>조용히 말을 건다<br/>많은 저 하늘의 별들도<br/>언제나 빛난다고<br/>저 별은 내 마음과 같을까<br/>하늘에서 본 나도<br/>널 비추고 있을까 이렇게<br/>작은 별도 밝게 빛날까<br/>기댈 등을 내주고<br/>어둘수록 밝아지는<br/>저 별은 무슨 존재일까<br/>어쩌면 나와 같을까<br/>저 별은 내 마음과 같을까<br/>하늘에서 본 나도<br/>널 비추고 있을까 이렇게<br/>작은 별도 밝게 빛날까<br/>나도 밝은 별이 될거야<br/>
"
3358,미안 (Sorry) (Feat. 소음),젠 (ZEN)젠 (ZEN),미안 (Sorry) – WITH PIANO,111,<dd>2019.08.16</dd>,"미안 너무 잘해주지 말걸<br/>결국 이렇게 헤어질걸<br/>더 아프게 널 밀어내 볼걸<br/>너 상처받게 날 미워하게<br/>미안 너무 좋아하지 말걸<br/>한걸음 더 뒤에서 있을걸<br/>나도 모르게 맘 열어줬나 봐<br/>너 들어오게 익숙해지게<br/>미안 마지막까지 네게 했던 말<br/>지난 시간들 모두 실순 거처럼<br/>아프게 더 아프게<br/>뒤 뒤돌아서는 게<br/>내가 할 수 있는<br/>널 위한 마지막 사랑이야<br/>미안 차갑게 외면할걸<br/>단 한 번 돌아보지 않을 걸<br/>더 나쁘게 널 떠나버릴걸<br/>너 눈물 나게 날 원망하게<br/>미안 마지막까지 네게 했던 말<br/>지난 시간들 모두 실순 거처럼<br/>아프게 더 아프게<br/>뒤 뒤돌아서는 게<br/>내가 할 수 있는<br/>널 위한 마지막<br/>가지 말라고<br/>떠나지 말라고<br/>사랑한다고<br/>너밖에 없다고<br/>마음속으로 수도 없이 네게 했던 말<br/>결국 너에게 건넨 마지막 한마디<br/>미안<br/>미안<br/>미안<br/>미안<br/>
"
3359,"Crush (Feat. 유지원, 황다영)",Do.TDo.T,짧은대본 Part.1 (웹드라마),29,<dd>2019.08.16</dd>,"굳이 노력하지 않아도<br/>자연스레 다가올 그런 사랑<br/>애써 진심을 전하지 않아도<br/>내 마음을 알아주는 그런 사랑 <br/>그저 꿈에서만 이뤄지는<br/>허황된 바람인줄로만 알았을 때 <br/>기다릴수록 멀어져 가는 <br/>순간의 설렘뿐 이라고 느낄 때 <br/>우연히 별처럼 내게 전해주었던 <br/>장미 한송이처럼 <br/>우연이 모여 운명이 되려는게 보였어 <br/>너만 보면 난 사랑에 빠진 물고기처럼 <br/>너의 매력에 빠져 들어 <br/>헤어 나올 수 없었어 <br/>아무리 귀를 기울여봐도<br/>들리지 않는 네 목소리<br/>한참을 들여다 보아도<br/>보일리가 없는 너의 맘<br/>가만히 눈을 마주치고선<br/>아무 말 없이 말을 건네던 널 본 순간 <br/>급히 내게서 눈을 돌리며<br/>뒤돌아서서 걸어가던 그 순간 <br/>우연히 별처럼 내게 전해주었던 <br/>장미 한송이처럼<br/>우연이 모여 운명이 되려는게 보였어<br/>너만 보면 난 사랑에 빠진 주인공처럼<br/>너의 진심이 들려오기를 <br/>매일 기다리고 있어<br/>
"
3360,마치 전부였던 것처럼 (Vocal By 서정은),오하오하,마치 전부였던 것처럼,24,<dd>2019.08.16</dd>,"너 떠난 뒤에도<br/>내 요즘은 그대로야<br/>예전처럼 바쁘게 살아 나름<br/>여전해 너가 알던 나야<br/>그럼에도 가끔<br/>내 마음이 조금 이상해<br/>무슨 일을 하든지 나에겐<br/>아무 의미 없고 또 한숨이<br/>하루하루의<br/>모든 것이 다르게 느껴져<br/>달라졌던 게<br/>너 아니면 아무것도 없는데<br/>나에게 마치 전부였던 것처럼<br/>네가 계속 생각나는 나야<br/>내 모든 순간들에<br/>너 없는 순간은 없었어<br/>어딜 가든 너가 생각이 나<br/>내 옆에 항상 있어줬잖아<br/>하루하루의<br/>모든 것이 다르게 느껴져<br/>달라졌던 게<br/>너 아니면 아무것도 없는데<br/>나에게 마치 전부였던 것처럼<br/>네가 계속 생각나고<br/>점점 그리워져 나<br/>너 없이는<br/>이 하루가 무슨 소용이 있어<br/>나에게는<br/>너 하나가 나의 전부였는데<br/>나에게 마치 영원할 줄 알았던<br/>네가 소중했던 걸<br/>이제야 깨닫나 봐<br/>미안<br/>
"
3361,Return,르우르우,두번째이야기,12,<dd>2019.08.16</dd>,"넌 참 예뻤다 그 웃음이<br/>그 미소가 내겐 정말<br/>소중했다 네 눈빛이<br/>네 손길이 내겐<br/>다시 돌아가 네 손을<br/>잡을 수만 있다면<br/>다시 돌아가 그 미솔<br/>볼 수만 있다면<br/>I wanna go back go back<br/>너에게로 달려가고 싶어<br/>I wanna go back go back<br/>내눈에 널 다시 담고싶어<br/>다시 돌아가 우리가<br/>마주할 수 있다면<br/>다시 돌아가 그때로 다시 돌아가<br/>I wanna go back go back<br/>너에게로 달려가고 싶어<br/>I wanna go back go back<br/>내눈에 널 다시 담고싶어<br/>멈춰줘 머물러줘<br/>나에게 네 모습을 보여줘<br/>I wanna go back go back<br/>내눈에 널 다시 담고싶어<br/>I wanna go back go back<br/>너에게로 다시<br/>
"
3362,너 없이,노승호노승호,Without You,10,<dd>2019.08.16</dd>,"예감했었어<br/>오늘쯤엔 듣게 될 거라고<br/>짐작은 했어<br/>요즘 들어 좀 달랐으니까<br/>이미 끝이 난 얘기니까<br/>돌릴 수 없는 맘이니까<br/>그 어떤 말도 할 수 없지만<br/>너 없이 혼자 있는 내가<br/>너 없이 웃고 있던 내가<br/>더 이상 기억에도 없는<br/>매일을 지내 왔는데<br/>너 없이 뭘 어떻게 살아<br/>너 없이 어떻게 내가<br/>아무 일 없던 듯이 살아<br/>너를 지워 낼 수나 있을까<br/>이상하게도<br/>네 앞에선 울 수도 없어서<br/>그냥 보냈어<br/>붙잡으면 더 싫어질까 봐<br/>이미 넌 답을 냈으니까<br/>내 맘은 필요없으니까<br/>이해하는 척 널 보냈지만<br/>너 없이 혼자 있는 내가<br/>너 없이 웃고 있던 내가<br/>더 이상 기억에도 없는<br/>매일을 지내 왔는데<br/>너 없이 뭘 어떻게 살아<br/>너 없이 어떻게 내가<br/>아무 일 없던 듯이 살아<br/>너를 지워 낼 수도 없어<br/>네가 행복하길 바란댔지만<br/>잘 지내라 말했었지만<br/>너 없이 혼자 있는 시간<br/>너 없이 널 부르는 습관<br/>이 이상 아플 수도 없게<br/>매일을 버텨 내는데<br/>너 없이 아픈 그 만큼만<br/>내가 없는 너 역시 아파했으면<br/>사실은 바랐어<br/>
"
3363,제자리걸음,김범규김범규,제자리걸음,5,<dd>2019.08.16</dd>,"헤어지면<br/>그냥 그런 건 줄만 알았는데<br/>남들 다 하은 그런 뻔한 얘기니까<br/>자고 나면<br/>그냥 잊혀지는 줄 알았는데<br/>스쳐 지난 그저 모르는 사람처럼<br/>하루란 스물네 번의 쳇바퀼 돌아<br/>이렇게 추억 속에서 멀어지지 못해<br/>달아나려 애를 써도<br/>이미 기억 속에 갇혀버렸어<br/>뻔했었던 얘긴 그저 그렇질 않았고<br/>잊혀지기엔 그리울 시간이 많더라<br/>하루란 스물네 번의 쳇바퀼 돌아<br/>이렇게 추억 속에서 멀어지지 못해<br/>달아나려 애를 써도<br/>이미 기억 속에 갇혀버렸어<br/>하루 지나면 다시 어제가 됐고<br/>똑같은 하루가 반복되면서<br/>멀어지질 못하고<br/>그 자리에 멈춰있어<br/>하루란 스물네 번의 쳇바퀼 돌아<br/>이렇게 추억 속에서 멀어지지 못해<br/>달아나려 애를 써도<br/>이미 기억 속에 갇혀버렸어<br/>
"
3364,끝 (Feat. 양다원),그래스 (Grass)그래스 (Grass),끝,59,<dd>2019.08.16</dd>,"이제서야 끝이 보이는 우리<br/>몰랐었어 이런 게 끝인지<br/>늦었어 되돌리기엔<br/>너무나 멀리 와버린 우리<br/>흔들리는 너의 입술이 보여<br/>아무렇지 않은 척해도<br/>서로 괜찮았던 척해왔잖아<br/>이제 그만해<br/>끝을 앞둔 채 서 있잖아<br/>의미 없는 시간 반복하고<br/>넌 내게 이별이란 슬픈 말을 꺼내<br/>이제 실감이 날 것 만 같아<br/>무표정한 네 모습이 모든 걸 말해<br/>애써 노력해봐도 우린<br/>끝을 향해 가고 상처만 늘어가<br/>우리 약속했던 말들 가슴에 담아<br/>이제 추억 속에 고이 간직하겠지<br/>추억이라는 조각들이<br/>내 맘을 아프게 더 상처 낼까 봐<br/>쓸어내려 노력해도<br/>흘러간 기억으로만<br/>남기는 게 좋아 보여<br/>하루하루 무뎌지는 감정에<br/>태연한 척 지내보지만<br/>내 삶에 스며들어버린 너의 습관들<br/>떼어내지 못해 힘들어<br/>한참 정리하고 지워내 봐도<br/>선명해져만 가 자꾸 생각이 나<br/>연락을 해볼까 생각해도<br/>작은 상처 하나하나가 떠밀려와<br/>애써 노력해봐도 우린<br/>끝을 향해 가고 상처만 늘어가<br/>우리 약속했던 말들 가슴에 담아<br/>이제 추억 속에 고이 간직하겠지<br/>추억이라는 조각들이<br/>내 맘을 아프게 더 상처 낼까 봐<br/>쓸어내려 노력해도<br/>흘러간 기억으로만<br/>남기는 게 좋아 보여<br/>마치 어제 일어난 일처럼<br/>또렷하게 그려져 힘이 안 나서<br/>난 너란 우주에서 한<br/>유영을 끝내보려 해<br/>참 아프겠지 또 후회가 되겠지만<br/>널 놓을게 보낼게<br/>마음에서 흘러나가는<br/>아픈 추억만큼 새살이 돋아날 거야<br/>우리 행복했던 날들 멀리 떨쳐내<br/>아팠던 만큼 더 많이 강해지겠지<br/>슬프지 않은 헤어짐이<br/>있을 거라 믿어온 내가 바보야<br/>함께 해온 오랜 시간 지켜온<br/>우리 사랑을<br/>기억 저편으로 보낼 거야<br/>
"
3365,나의 노래,SondiaSondia,악마가 너의 이름을 부를 때 OST Part 5,"4,041",<dd>2019.08.15</dd>,"생각의 부스러길<br/>발끝에 모아본다<br/>손톱이 길었을까<br/>하나도 줍지 못해<br/>하늘에 노란 풍선<br/>불을 켜 앉아보래<br/>뜻밖의 여행에서<br/>친구를 만난 걸까<br/>내 이름을 말해줄까<br/>내 나이를 알려줄까<br/>어리다 모른다 안 된다<br/>철없는 애가 아냐<br/>내 마음을 들려줄까<br/>내 얘기를 들려줄까<br/>슬퍼도 웃어도 아파도<br/>행복해 난 나대로<br/>잘 알지도 못하면서<br/>잘 안다고 말들 하지<br/>계단을 오르려다<br/>몇 갠가 세어봤어<br/>열여덟 번째 계단<br/>난 그만 멈춰 섰지<br/>입술이 더듬대듯<br/>무언갈 찾은 걸까<br/>유일한 나만의 것<br/>내 것이 있다는 걸<br/>이 노래를 불러줄게<br/>나의 노랠 불러줄게<br/>수십번 수백번<br/>수천번 눈물로 외운 노래<br/>나의 노랠 들려줄게<br/>내 마음을 들려줄게<br/>이 노랜 마음이 켜져야<br/>들리는 나의 노래<br/>자 내 맘을 두드려봐<br/>자 네 맘도 켜질테니<br/>my song<br/>내 이름을 말해줄까<br/>내 나이를 알려줄까<br/>어리다 모른다 안 된다<br/>철없는 애가 아냐<br/>내 마음을 들려줄까<br/>내 얘기를 들려줄까<br/>슬퍼도 웃어도 아파도<br/>행복해 난 나대로<br/>자 내 맘을 두드려봐<br/>자 내 맘이 들릴테니<br/>my song<br/>
"
3366,둘이만 (Feat. 김영서),런치박스(lunCHbox)런치박스(lunCHbox),둘이만,173,<dd>2019.08.15</dd>,"가볍게 스친 손끝이 좋아<br/>아무렇게 걷은 셔츠가 좋아<br/>굳게 입술을 다물 때<br/>살짝 웃을 때<br/>Oh 난 기분이 좋아<br/>두루루 루뚜 두루루 루뚜 두루와<br/>두루루 루뚜 두루루 루뚜 두루와<br/>아무래도 빠져버린 것 같아<br/>네 생각에 자꾸 웃음이 나와<br/>하루가 짧아 오늘은 Good Bye<br/>내일 또 봐요<br/>걸을 때 옆모습이 참 좋아<br/>얘기할 때 낮은 목소리가 좋아<br/>몰래 네 얼굴을 볼 때<br/>눈이 마주칠 때<br/>Oh 난 어쩌면 좋아<br/>두루루 루뚜 두루루 루뚜 두루와<br/>두루루 루뚜 두루루 루뚜 두루와<br/>아무래도 빠져버린 것 같아<br/>네 생각에 자꾸 웃음이 나와<br/>하루가 짧아 오늘은 Good Bye<br/>내일 또 봐요<br/>계속 너만 봐<br/>여기저기 이제는 안 봐<br/>둘이만 단둘이만<br/>우리 만나 두루 뚜뚜뚜<br/>계속 나만 봐<br/>여기저기 이제 그만 봐<br/>둘이만 단둘이만<br/>두루루 루뚜 두루루 루뚜 두루와<br/>두루루 루뚜 두루루 루뚜 두루와<br/>아무래도 빠져버린 것 같아<br/>네 생각에 자꾸 웃음이 나와<br/>하루가 짧아 오늘은 Good Bye<br/>내일 또 봐요<br/>계속 너만 봐<br/>여기저기 이제는 안 봐<br/>둘이만 단둘이만<br/>우리 만나 두루 뚜뚜뚜<br/>계속 나만 봐<br/>여기저기 이제 그만 봐<br/>둘이만 단둘이만<br/>내일 또 봐요<br/>
"
3367,행복해지고 싶다면,너와너와,행복해지고 싶다면,120,<dd>2019.08.15</dd>,"좋아하는 노래를 들어도<br/>행복해지지가 않아<br/>행복해지는 방법을 알려줘<br/>맛있는 걸 먹어도<br/>기분이 들뜨지가 않아<br/>기분이 up 되는 방법을 알려줘<br/>모든 게 재미없고<br/>모든 것에 무관심<br/>내가 나에게 제일 무관심해<br/>힘이 든다고 인정해버리면<br/>무너져버릴 것 같아서<br/>행복해지고 싶다면<br/>신발을 신고 밖으로 나가<br/>숨이 끝까지 찰 만큼<br/>달려봐<br/>내가 살아 있다고 느낄 거야<br/>인기 많은 영화를 봐도<br/>나에겐 별 감동이 없어<br/>눈물 콧물 흘리던 과거의 난<br/>어디로 가버린 걸까<br/>모든 감정에 솔직하던<br/>그때의 그 시절의 나는<br/>불안한 미래<br/>외면하고 싶은 내일을<br/>지금 똑바로 봐<br/>도망가고 싶어진대도<br/>텅 빈 방안에 너 혼자<br/>아파하지 마<br/>행복해지고 싶다면<br/>신발을 신고 밖으로 나가<br/>숨이 끝까지 찰 만큼<br/>달려봐<br/>내가 살아 있다고 느낄 거야<br/>느낄 거야<br/>
"
3368,널 사랑하고 있어,지애 (JIAE)지애 (JIAE),널 사랑하고 있어,179,<dd>2019.08.15</dd>,"잊어보려해<br/>지워보려해<br/>그때의 우리<br/>되돌려 기억을 멈춰<br/>너무 좋았던 우리<br/>너무 아팠던 우리<br/>괜찮아질까<br/>미안하다며<br/>다 괜찮다며<br/>그때의 우리<br/>되돌려 기억을 멈춰<br/>조금만 사랑했다면<br/>이 아픔도 내게 없겠지<br/>내게 사랑한다 말하던<br/>수 많은 밤들과<br/>날 꼭 안아주던<br/>그 모습 아직 남아<br/>다시 돌아온다면 흔들릴까봐<br/>애써 외면하지만<br/>널 사랑하고 있어<br/>시간이 더 흐르면<br/>다 잊혀질까봐<br/>자꾸 꺼내 보는<br/>사진 속의 우리<br/>이렇게 널 보내지 못한<br/>함께 했던 기억이<br/>흩어질까<br/>너와 걷던 길<br/>우연히 마주칠까봐<br/>괜히 또 다시<br/>나 혼자 서성이곤 해<br/>널 마주치게 된다면<br/>다시 우리가 사랑할 수 있을까<br/>내게 사랑한다 말하던<br/>수 많은 밤들과<br/>날 꼭 안아주던<br/>그 모습 아직 남아<br/>다시 돌아온다면 흔들릴까봐<br/>애써 외면하지만<br/>널 사랑하고 있어<br/>시간이 더 흐르면<br/>다 잊혀질까봐<br/>자꾸 꺼내 보는<br/>사진 속의 우리<br/>이렇게 널 보내지 못한<br/>함께 했던 기억이<br/>흩어질까<br/>어쩌면 내가 너를<br/>그리워 하나봐<br/>사랑했던 만큼<br/>점점 아프고 미칠 것 같아<br/>니 모습 다 흐려지면<br/>다시 또 행복해질까<br/>잊지 못할 걸 알아<br/>시간이 더 흐르면<br/>다 잊혀질까봐<br/>자꾸 꺼내 보는<br/>사진 속의 우리<br/>이렇게 널 보내지 못한<br/>함께 했던 기억이<br/>흩어질까<br/>두려워<br/>
"
3369,전 여자친구,NeD (네드)NeD (네드),전 여자친구,"1,313",<dd>2019.08.14</dd>,"매일 훔쳐보는 네 인스타그램<br/>그 속에 웃고 있는 너의 어젠<br/>나 없이 여전히 예쁘더라<br/>술에 취해 네게 전활 걸어<br/>화를 내며 왜 변한 거냐고<br/>그럴 용기도 없어 난<br/>널 사랑해<br/>sun rise moon rise<br/>sun rise moon rise<br/>넌 아직 내 여자친구<br/>네가 없는<br/>나의 하룬<br/>죽을 만큼 아파<br/>네가 좋아하던 식당 앞에<br/>너와 자주 가던 작은 카페의<br/>강아진 여전히 예쁘더라<br/>잘 나가는 너의 새 남자친구<br/>화려하고 비싼 생일 선물<br/>그 앞에 더 작아져 난<br/>널 사랑해<br/>sun rise moon rise<br/>sun rise moon rise<br/>넌 아직 내 여자친구<br/>네가 없는<br/>나의 하룬<br/>죽을 만큼 아파<br/>또 한 번의 해와<br/>또 한 번의 달이 떠올라<br/>꽃이 폈다 지고 눈이 와도<br/>바보 같은 난 또 너만 찾아<br/>sun rise moon rise<br/>sun rise and moon rise<br/>네가 너무 보고 싶어<br/>미친 것 같아<br/>이제 더는<br/>넌 내 곁에 없는데<br/>sun rise moon rise<br/>
"
3370,얼마나 좋을까 (feat. 파니니브런치),케이플라워 (K. Flower)케이플라워 (K. Flower),얼마나 좋을까,161,<dd>2019.08.14</dd>,"언제부터 그렇게 잘생겼을까 <br/>저멀리서 너를 바라보다가 <br/>어쩌다 너와 눈이 마주칠때면 <br/>난 어쩔줄 모르고 <br/>언젠가 우리도 특별해질까 <br/>혼자서 멍하니 널 생각하다가 <br/>갑자기 네가 먼저 내게 말을 걸면 <br/>깜짝 놀라 아무말 못해 <br/>얼마나 좋을까 매일 아침 눈을 뜨면 <br/>제일먼저 보이는 너의 얼굴 <br/>상상만해도 너무 설레여 <br/>괜히 혼자 얼굴빨개지고 <br/>얼마나 좋을까 매일 너의 손을 잡고 <br/>어디든 돌아다닌다면 <br/>그건 아마 구름위를 걷는 <br/>그런 기분일거야 <br/>얼마나 좋을까 <br/>저기에 있던 너랑 마주칠것같은데 <br/>머릿속으로는 분명 괜찮았는데 <br/>어색한 입모양 이상한 걸음까지 <br/>창피한데 설레는 이 기분 <br/>내가 니옆에서면 어떤 모습일까 <br/>혼자서 멍하니 우릴 그려보다 <br/>조금씩 네가 먼저 내게 다가오면 <br/>눈앞이 캄캄해져 아무 생각이안나 <br/>얼마나 좋을까 매일 아침 눈을 뜨면 <br/>제일먼저 보이는 너의 얼굴 <br/>상상만해도 너무 설레여 <br/>괜히 혼자 얼굴빨개지고 <br/>얼마나 좋을까 매일 너의 손을 잡고 <br/>어디든 돌아다닌다면 <br/>그건 아마 구름위를 걷는 <br/>그런 기분일거야 <br/>얼마나 좋을까 <br/>항상 뒤에서 널 바라보면서<br/>꿈꿔오던일들 모두 이뤄지길<br/>얼마나 좋을까 매일 아침 눈을 뜨면<br/>제일먼저 보이는 너의 얼굴<br/>상상만해도 너무 설레여<br/>괜히 혼자 얼굴빨개지고<br/>얼마나 좋을까 매일 너의 손을 잡고<br/>어디든 돌아다닌다면<br/>그건 아마 구름위를 걷는<br/>그런 기분일거야<br/>얼마나 좋을까<br/>
"
3371,내가 혼자 착각했나 보다 (Feat. 허니애플),어반폴리어반폴리,내가 혼자 착각했나 보다,190,<dd>2019.08.14</dd>,"어제 눈 뜨자마자<br/>너와 연락하면서<br/>하루 종일 아무 얘기<br/>많이 했는데<br/>아침부터 지금까지<br/>하루 종일 기다려도<br/>아무 연락도 없는 너<br/>몇 번이나 다시 읽어봐<br/>어제 우리가 나눈 이야기<br/>분명 썸인 것 같았는데<br/>다시 보니 아닌 것 같기도 하네<br/>내가 혼자 착각했나 보다<br/>넌 그냥 친절하게 대했을 뿐<br/>아무것도 아닌데<br/>맘을 비워내려 해도 안돼<br/>너를 기다려<br/>하루 종일 맘이 왔다 갔다 해<br/>너 때문에<br/>네가 좋아하는 것도<br/>내가 싫어하는 것도<br/>마치 오래된 사이처럼<br/>잘 맞았는데<br/>지금 자는 것도 바쁜 것도<br/>아닌 것 같은데<br/>이렇게 헷갈리게 하는 거 싫은데<br/>몇 번이나 다시 읽어봐<br/>어제 우리가 나눈 이야기<br/>분명 썸인 것 같았는데<br/>다시 보니 아닌 것 같기도 하네<br/>내가 혼자 착각했나 보다<br/>넌 그냥 친절하게 대했을 뿐<br/>아무것도 아닌데<br/>맘을 비워내려 해도 안돼<br/>너를 기다려<br/>하루 종일 맘이 왔다 갔다 해<br/>너 때문에<br/>있잖아 자꾸만 안 그러려고 해도<br/>널 생각만 하면<br/>내 가슴은 왜 뛰는 걸까<br/>내가 혼자 착각했나 보다<br/>넌 그냥 친절하게 대했을 뿐<br/>아무것도 아닌데<br/>맘을 비워내려 해도 안돼<br/>너를 기다려<br/>하루 종일 맘이 왔다 갔다 해<br/>너 때문에<br/>너 때문에<br/>
"
3372,강한 사랑,김태훈김태훈,강한 사랑,67,<dd>2019.08.14</dd>,"이별보다 더 아픈 게 있어<br/>슬퍼하지 않는 네 모습<br/>후회 없이 모두 주고 간다던 너의 말<br/>받기만 하던 사랑 끝나면<br/>이내 입이 막혀 벙어리가 되나봐<br/>그리워서 죽게 되나봐<br/>다시 널 오라 못하는<br/>죄 같은 내 사랑 때문에<br/>이대로 수많은 날이 지나고<br/>어쩌면 널 볼 수 없겠지<br/>너 나를 봐 눈물이 흘러도<br/>그대가 없어도 아무 말 못하고<br/>두고 봐 널 다시 갖게 되는 날<br/>그때는 영원히 널 위해<br/>강한 사랑 네 품에 안겨줄 거야<br/>두고두고 갚을게 빚진 사랑<br/>받기만 하던 사랑 끝나면<br/>이내 입이 막혀 벙어리가 되나봐<br/>그리워서 죽게 되나봐<br/>다시 널 오라 못하는<br/>죄 같은 내 사랑 때문에<br/>이대로 수많은 날이 지나고<br/>어쩌면 널 볼 수 없겠지<br/>너 나를 봐 눈물이 흘러도<br/>그대가 없어도 아무 말 못하고<br/>두고 봐 널 다시 갖게 되는 날<br/>그때는 영원히 널 위해<br/>강한 사랑 네 품에 안겨줄 거야<br/>두고두고 갚을게 빚진 사랑<br/>기억해줘 나 이미 다시 태어나<br/>너를 기다리지 기꺼이<br/>
"
3373,Traffic Light,MaediMaedi,Traffic Light,34,<dd>2019.08.14</dd>,"기다림은 너무 길어<br/>open된 시간이 짧은것같아<br/>마냥 기다리기엔<br/>조금 어색한것같아<br/>주머니에 손을 넣어보기도<br/>짝다리를 짚어보기도 했어<br/>하지만 여전히 그녀는 <br/>Red Light<br/>또 애가타게 하는 너의 재주에<br/>발을 뒤로 빼보려해도<br/>다시 돌아가기엔 아쉬움이 남아<br/>She is like a traffic light<br/>내가 다가서면 넌<br/>기다렸단듯이 깜박거려<br/>She is like a traffic light<br/>겨우 맞춰 걸어가면<br/>다시 한번만 더 기다려 달래<br/>마주 보고있는 지금도 난<br/>의심이 되잖아<br/>무슨 생각 하는지 내게<br/>눈빛으로 말해봐<br/>이어폰을 살짝 만져보기도<br/>플레이리스트를 돌아보기도 했어<br/>하지만 여전히 그녀는 <br/>Red Light<br/>또 나른하게 하는 너의 눈빛에<br/>마음을 주지 않으려 해도<br/>다시 되돌리기엔 아쉬움이 남아<br/>She is like a traffic light<br/>내가 다가서면 넌<br/>기다렸단듯이 깜박거려<br/>She is like a traffic light<br/>겨우 맞춰 걸어가면<br/>다시 한번만 더 기다려 달래<br/>She is like a traffic light<br/>내가 다가서면 넌<br/>기다렸단듯이 깜박거려<br/>She is like a traffic light<br/>겨우 맞춰 걸어가면<br/>다시 한번만 더 기다려 달래<br/>
"
3374,소나기 그리고 너,이수정이수정,소나기 그리고 너,23,<dd>2019.08.14</dd>,"무더운 여름 날 소나기처럼<br/>너는 내게 다가와<br/>젖은 내 맘속을 헤메이다<br/>시간이 흘러 사라져 버린걸까<br/>헝클어진 내 머릴 만져주는<br/>따스한 너의 손길<br/>내게 익숙해지기도 전에<br/>바람에 날려 흩어져 버렸을까<br/>언제부턴가 우리 함께한<br/>추억이라 새겼던 시간속에<br/>이젠 여기 나 홀로 남아<br/>떠나가 버린 널 기다려<br/>길을 잃었다면 날 찾아와<br/>변함없이 나 이곳에 남아<br/>시간이 지날수록 더 짙어져가는<br/>보이지 않는 널 기다려<br/>언제부턴가 우리 함께한<br/>추억이라 새겼던 시간속에<br/>이젠 여기 나 홀로남아<br/>떠나가 버린 널 기다려<br/>길을 잃었다면 날 찾아와<br/>변함없이 나 이곳에 남아<br/>시간이 지날수록 더 짙어져가는<br/>보이지 않는 널 기다려<br/>아무리 잊으려 해봐도 지워지지 않는<br/>아직도 내 맘에 선명한<br/>너의 모습들을<br/>되돌릴 수 있다면<br/>우리 함께 했던 그날<br/>그 계절의 너를 다시 볼 수 있을까<br/>무더운 여름날 소나기처럼<br/>너는 내게 다가와<br/>젖은 내 맘속을 헤메이다<br/>시간이 흘러 사라져 버린걸까<br/>
"
3375,마지막 한마디,김준혁김준혁,너로 인해 시작하는 이야기 - '봄 그리고 여름',5,<dd>2019.08.14</dd>,"우리의 끝 많은 걸 생각했어<br/>이미 마음속으로 준비한 이별이야<br/>해주고 싶은 말 많이 생각했었어<br/>하지만 미안해 한마디에<br/>내 마음은 모두 놓쳐버렸어<br/>멋지게 모든 걸 말하고 싶었는데<br/>너에게 줄 수 있는 건 없었어<br/>마지막까지도<br/>사랑했던 우리 그 모습<br/>영원히 간직하자고 말하고 싶었어<br/>우리가 살아가는 동안<br/>힘이 들거나 아플 때면<br/>우리의 행복한 모습을 기억하자고<br/>그날의 끝 모든 걸 후회했어<br/>이미 끝이란 건 다 알아 이제 와서<br/>해주고 싶은 말 많이 남아 있어도<br/>억지로 삼켜내 체하고는 해<br/>우리가 처음 마주했을 때<br/>마지막 서로가 뒤돌아 걸어가도<br/>인연이 우리를 원안에 가둔다면<br/>언젠가는 또 마주하겠지<br/>사랑했던 우리 그 모습<br/>영원히 간직하자고 말하고 싶었어<br/>우리가 살아가는 동안<br/>힘이 들거나 아플 때면<br/>우리의 행복한 모습을 기억하자고<br/>네게 줄 수 있는 건 사랑밖에 없어서<br/>아무리 생각을 해봐도 사랑해<br/>이 한마디 뿐인가 봐<br/>어쩌면 많은 말보다<br/>전해주고 싶은 한마디<br/>사랑했던 우리 그 모습<br/>영원히 간직한다고 말하고 싶었어<br/>네가 없이 살아가는<br/>난 힘이 들거나 아플 거라<br/>우리의 행복한 모습을<br/>잊지 못한다고<br/>
"
3376,아픈 말,시슬리시슬리,아픈 말,1,<dd>2019.08.14</dd>,"사랑한거 뿐인데 웃어준거 뿐인데<br/>니 옆에 있으려 했던 것 뿐인데<br/>나만 따라오라 했잖아<br/>나만 믿으라고 했잖아<br/>넌 왜 아픈말로 날 대한거니<br/>그렇게 말하지 않아도 됐을텐데<br/>너의 아픈말이 내겐<br/>얼마나 큰 아픔으로 남아있는지<br/>울지않으려 해도 그냥 눈물이 흘러<br/>눈물을 참으려면<br/>가슴이 아파<br/>그런 나에게 이런 아픈 말을 왜 한거니<br/>사랑하지 않는다는 너의 잔인한 말이<br/>내 귀에 아직 맴돌아<br/>너한테 말했던거 보다<br/>훨씬 더 힘들고 아팠어<br/>아픈 말 때문에 말이 아플수도<br/>있다는거 알게 됬지<br/>평범한 행복이라 말하는 행복<br/>내겐 너무나 큰 사치일지 몰라<br/>오늘의 눈물은 언젠가<br/>행복이 되서 돌아오겠지<br/>울지 않으려 하지만<br/>아픈 말이 울게 만들어<br/>너도 이렇게 아팠니<br/>너도 이렇게 힘들었니<br/>참아보려 하지만 그게 잘 안되<br/>가슴이 아파<br/>너의 웃는 모습을 보고싶어<br/>날 지켜주는 너의 모습도<br/>사랑해 하고싶은 말이야<br/>아픈 말까지도<br/>사랑해<br/>
"
3377,하늘밤,락강락강,하늘밤,3,<dd>2019.08.14</dd>,"오래된 얘기 속에<br/>멈춘 일기장에<br/>빛바랜 사진 안에<br/>남겨놓은 기억<br/>먼지 쌓인 온도<br/>무뎌져 버린 마음<br/>새까만 하늘 아래<br/>하얀 파도 부서지던<br/>낡고 좁은 나무그네 향기<br/>새까만 두 눈에서<br/>하얀 눈물 내쉬었던<br/>너의 낮은 흐느낌을 기다린 무릎<br/>더 이상 슬프진 않아<br/>이제는 아무렇지가 않아<br/>만남 사랑 이별<br/>아무것도 없었던 나에겐<br/>새하얀 눈꽃보다<br/>푸른 달빛보다<br/>빛나던 너의 기쁨<br/>내 안에 두 눈에 되돌려 보아도<br/>보이지가 않는 걸<br/>Oh 새하얀 하늘조차<br/>푸른 바다조차<br/>닿지 못했던 입술<br/>아픈 진심을 간직한 노랜<br/>어느새 사랑으로 바꼈죠<br/>말없이 불러봐도 항상 밝게 웃어주던<br/>정든 너의 숨소리가 떠나간 그 밤<br/>더 이상 슬프진 않아<br/>이제는 아무렇지가 않아<br/>설렘 용기 믿음<br/>아무것도 없었던 나에겐<br/>새하얀 눈꽃보다<br/>푸른 달빛보다<br/>빛나던 너의 기쁨<br/>내 안에 두 눈에 되돌려 보아도<br/>보이지가 않는 걸<br/>Oh 새하얀 하늘조차<br/>푸른 바다조차<br/>닿지 못했던 입술<br/>아픈 진심을 간직한 노랜<br/>어느새 사랑으로<br/>널 사랑했던 시간<br/>사랑하는 시간<br/>흐르지 않는 시간<br/>같은 자리에 남겨진 우리<br/>남이 되어 버린 채 그렇게 살겠죠<br/>
"
3378,소녀상의 눈물 (위안부피해자 헌정곡) (With 서연),블리스데이블리스데이,특별하지 않은 노래 Part 2,17,<dd>2019.08.14</dd>,"잊으라면 넌 잊고 살 수 있니 <br/>그렇게도 쉽게 말 할 수 있니 <br/>바보같은 난 너를 믿었어<br/>인정하고 용서 빌거라고<br/>세월속에 내 몸은 늙어가도<br/>잊지못할 그 날의 흔적만은<br/>선명해져 가 꼭 어제일처럼<br/>하지만 넌 이미 지난 얘기<br/>언제까지 비겁할거니 <br/>언제까지 속인 채 살아갈거니 <br/>조금씩 잊혀지는 숨겨진 비극<br/>상처뿐인 나의 청춘을<br/>덮으려고 할수록 더 커질거야<br/>눈가리고 아웅하는 뻔한 거짓말<br/>잊혀지길 바라니 그것만 원하니 <br/>이젠 너무 늦었어<br/>언제까지 비겁할거니 <br/>언제까지 속인 채 살아갈거니 <br/>조금씩 잊혀지는 숨겨진 비극<br/>상처뿐인 나의 청춘을<br/>덮으려고 할수록 더 커질거야<br/>눈가리고 아웅하는 뻔한 거짓말<br/>잊혀지길 바라니 그것만 원하니 <br/>이젠 너무 늦었어<br/>지우려고만 애쓰는 니가 더는<br/>정말 용서가 안돼 <br/>잊을 수 가 있을까 <br/>견뎌 낼 수 있을까 <br/>눈을 감는 순간까지 듣고 싶은 말<br/>기다리고 있나 봐 난 기대하나 봐<br/>니가 저지른 모든 걸 <br/>이제 그만 말해 줘<br/>
"
3379,습한 계절 (Feat. Ja:n),신채현신채현,습한 계절,123,<dd>2019.08.14</dd>,"먹구름 지나간다<br/>오늘 하루도 지나간다<br/>하늘이 개어 온다<br/>어제 하루는 잊혀진다<br/>잊혀지기 두려워<br/>온 힘을 다해 반짝이는 너를<br/>다시 한 번 더 불러 본다<br/>아쉬운 기분만 남아 땅만 차다<br/>무거운 발걸음을 내딛어본다<br/>이런 공기엔<br/>어떤 밤하늘이<br/>찬란히 빛나던<br/>그 별들은 어디로 갔나<br/>이런 계절엔<br/>어떤 목소리가<br/>깊은 잠에 빠진<br/>날 일어나게 하나<br/>눈을 감은 채<br/>너를 그려본다<br/>가만히 바라본다<br/>시간은 흩어진다<br/>이대로 흘러가다<br/>멈춰버리면 정말 그걸로 좋을까<br/>이런 공기엔<br/>어떤 밤하늘이<br/>찬란히 빛나던<br/>그 별들은 어디로 갔나<br/>이런 계절엔<br/>어떤 목소리가<br/>깊은 잠에 빠진<br/>날 일어나게 하나<br/>이런 계절엔 후 후 후<br/>이런 계절엔 후 후<br/>날 일어나게 하나<br/>습한 계절이<br/>나를 지나간다<br/>오롯이 빛나던<br/>그땔 기억하며<br/>
"
3380,무엇으로 다시,이세훈이세훈,무엇으로 다시,14,<dd>2019.08.14</dd>,"7월 20일 새벽 1시쯤 됐을까<br/>난 너에게 사랑을 묻고<br/>잠깐 생각이 필요하다는<br/>너의 말에 난 가슴을 졸이다<br/>날 좋아한다는 말에 난<br/>세상을 다 가진 기분<br/>모든 기억들은 추억이 되어<br/>아직도 날 그때에 너에게로<br/>무엇으로 우린 이렇게 된 걸까<br/>무엇으로 다시 되돌릴 수 있을까<br/>모든 기억들은 추억이 되어<br/>아직도 날 그때에 너에게로<br/>무엇으로 우린 이렇게 된 걸까<br/>무엇으로 다시 되돌릴 수 있을까<br/>
"
3381,그대였으면 좋겠어,구본웅 (Ku Bon Woong)구본웅 (Ku Bon Woong),그대였으면 좋겠어,0,<dd>2019.08.14</dd>,"우리 언젠가<br/>만난적 있나요<br/>얼굴이 낯익어<br/>한번쯤 본것 같아요<br/>그대의 옆모습이<br/>너무나 눈부셔<br/>또다시 만남을<br/>준비한다면<br/>그대였으면 좋겠어<br/>에헤 헤야 에헤 헤야<br/>우리 어디서<br/>스쳐지난적 있나요<br/>말투가 익숙해<br/>오랜된 인연 같아요<br/>그대의 옆모습이<br/>너무나 눈부셔<br/>또다시 만남을<br/>준비한다면<br/>그대였으면 좋겠어<br/>에헤 헤야 에헤 헤야<br/>그대의 옆모습이<br/>너무나 눈부셔<br/>또다시 만남을<br/>시작한다면<br/>그대였으면 좋겠어<br/>그대의 옆모습이<br/>너무나 눈부셔<br/>또다시 만남을<br/>시작한다면<br/>그대였으면 좋겠어<br/>그대였으면 좋겠어<br/>
"
3382,내 맘이 그래요,김이지김이지,웰컴2라이프 OST Part.2,741,<dd>2019.08.13</dd>,"언제부터 나도 몰래<br/>네 생각에 내 하루가 두근두근<br/>가까이 다가와 내 맘이 떨려오지만<br/>I’m in love so missing you<br/>Only you<br/>아닌 척 그래요<br/>내 시선이 어느새 그댈 그려요<br/>따뜻했던 그대 미소를<br/>설레요 내 맘이 그래요 이렇게<br/>아닌 척 내 맘 감춰봐도<br/>그대에게 난 떨려요<br/>매일 난 기다려 그대가 내 곁에<br/>햇살 가득 다가오길<br/>I’m so in love with you<br/>I’m in love so missing you<br/>Only you<br/>나 그댈 생각해요<br/>언제라도 그대는 내게 다가와<br/>한결같은 나의 곁으로<br/>이제는 매일 낮 매일 밤 언제나<br/>그대는 나의 손잡아요<br/>세상 어디 있더라도<br/>믿어요 그대는 빛으로 다가와<br/>포근하게 안아줘요<br/>이젠 내가 그대를 사랑해요<br/>I’m so in love with you<br/>그댈 사랑해요<br/>이렇게 소중한 그대가<br/>이제는 아프지 마요<br/>I’m so in love with you<br/>그대가 내 맘을 누구보다 알아줘요<br/>세상 누구보다 그 누가 뭐라해도<br/>I’m so in love with you<br/>I’m so in love with you<br/>
"
3383,i hate you,소래소래,i hate you,573,<dd>2019.08.13</dd>,"넌 나의 구석구석을 다 알아<br/>어릴 적 남겨진 상처를 알잖아<br/>비가 내리던 밤<br/>난 평범함에 목말라 있었어<br/>넌 그런 편이 다루기 쉬웠니<br/>상처를 할퀴어놓은 그게 너야<br/>i hate you<br/>넌 끝내 사랑받지 못할 거야<br/>i hate you<br/>네 말에 네가 상처 입을 거야<br/>i hate you <br/>끝없는 슬픔 속에<br/>스스로 무너지게 기도할게<br/>i hate you<br/>넌 끝내 네 얘긴 줄 모를 거야<br/>i hate you<br/>네 말에 휘둘리던 나를 지워<br/>i hate you i hate you<br/>사라져줘<br/>기억 저편 아래 감춰진 아픔을<br/>너는 마음대로 끄집어 냈잖아<br/>빛을 잃었던 난<br/>나는 너무 쉽게 네 얘길 믿었어<br/>너는 성의 없게 그걸 또 들켰어<br/>너 같은 걸 만났던 나를 탓했어<br/>하나도 슬프지 않아<br/>i hate you<br/>넌 끝내 사랑받지 못할 거야<br/>i hate you<br/>네 말에 네가 상처 입을 거야<br/>i hate you <br/>끝없는 슬픔 속에<br/>스스로 무너지게 기도할게<br/>i hate you<br/>넌 끝내 네 얘긴 줄 모를 거야<br/>i hate you<br/>네 말에 휘둘리던 나를 지워<br/>i hate you i hate you<br/>사라져줘<br/>
"
3384,사랑이 아니면,한여유한여유,사랑이 아니면,120,<dd>2019.08.13</dd>,"이토록 뜨거운 마음이<br/>사랑이 아니면 무엇인가요<br/>이렇게 간절한 마음이<br/>사랑이 아니면 대체 무언가요<br/>그저 바라만 보아도 벅차는 마음이<br/>사랑이 아니면 대체 무엇인가요<br/>졸아버린 마음과 달아오르는 볼<br/>그 안에 당신을 향한<br/>내 마음이 있어요<br/>저물어가는 하루의<br/>하늘의 경계 없는 색들처럼<br/>그댈 그만큼 사랑해요<br/>빛바랜 오랜 세월의<br/>책들에 흘러 담긴 시간만큼<br/>그댈 그만큼 사랑해요<br/>떨려오는 호흡과 느려지는 시선<br/>그 안에 당신을 향한<br/>내 마음이 있어요<br/>저물어가는 하루의<br/>하늘의 경계 없는 색들처럼<br/>그댈 그만큼 사랑해요<br/>바다에 비춰 부서진<br/>햇빛의 반짝이는 두께만큼<br/>그댈 그만큼 사랑해요<br/>
"
3385,Don`t Make Me,Ronel (로넬)Ronel (로넬),Don`t Make Me,215,<dd>2019.08.13</dd>,"Hey<br/>Don't make me believe it<br/>This is nothing<br/>Don’t you see me in the mist<br/>Don't say that words<br/>I won't let it happen<br/>Don't make me believe it<br/>Hey<br/>Don't take me to that place<br/>That is awful<br/>I have nothing to explain anymore<br/>You better choose the other<br/>More than bright things<br/>Do you understand me<br/>'cause I saw you<br/>When they didn’t stand in here<br/>with me<br/>You laid down in my rain and cried<br/>Saw you<br/>When they didn’t tell me<br/>in this way<br/>You laid down in my rain and cried<br/>Hey<br/>Don't make me feel this rain<br/>Oh that's enough<br/>Don’t you see me in this gray<br/>Even if you wanna take care of me<br/>You can't come over<br/>Do you understand me<br/>'cause I saw you<br/>When they didn’t stand in here<br/>with me<br/>You laid down in my rain and cried<br/>I saw you<br/>When they didn’t tell me<br/>in this way<br/>You laid down in my rain and cried<br/>That's all I can<br/>My heart always bleeds ooh<br/>We can't make flowers bloom<br/>Can't make me feel free<br/>It doesn't matter what you say<br/>Don't wait for me my dear<br/>'cause I saw you<br/>When they didn’t stand in here<br/>with me<br/>You laid down in my rain and cried<br/>I saw you<br/>When they didn’t tell me<br/>in this way<br/>You laid down in my rain and cried<br/>
"
3386,집에 가기 싫어 (Feat. 프론),젤리프로젝트젤리프로젝트,집에 가기 싫어,19,<dd>2019.08.13</dd>,"아직도 너에게<br/>할 말이 많은데<br/>시간은 왜 이리<br/>급하게 가는지<br/>날이 점점 어두워졌죠<br/>또 집에 가야 할 시간<br/>빠르게 다가왔어<br/>오늘 날 좀 잡아 줘요<br/>집에 가기 싫은데<br/>같이 있고 싶어서 난<br/>핑계라도 델까 봐<br/>밤을 새워 놀아도<br/>모자랄 것 만 같아<br/>시간을 돌려놓고 싶어<br/>너를 만나면<br/>가끔 시계를<br/>몰래 훔쳐보다<br/>아쉬워하곤 해<br/>오 분만 더 있다 갈까요<br/>아니면 1시간만 더<br/>같이 있어줄래요<br/>오늘 날 좀 잡아 줘요<br/>집에 가기 싫은데<br/>같이 있고 싶어서 난<br/>핑계라도 델까 봐<br/>밤을 새워 놀아도<br/>모자랄 것 만 같아<br/>시간을 돌려놓고 싶어<br/>네가 있는 하루는 참 짧고<br/>네가 없는 하룬 너무 길게 느껴져<br/>혼자 있을 땐<br/>너를 그리며<br/>지루함을 달래<br/>그래도 여전히<br/>너무 시간이 안가<br/>오늘 약속 잡지 마요<br/>집에 가지 않을 거야<br/>같이 있고 싶어서 난<br/>엄마한테 거짓말<br/>밤을 새워 놀아도<br/>모자랄 것 만 같아<br/>시간을 멈춰놓고 싶어<br/>
"
3387,사랑하고파 오늘부터,몽당연필몽당연필,사랑하고파 오늘부터,2,<dd>2019.08.13</dd>,"아직 할 말이 더 남았어<br/>그때는 아닌 줄 알았어<br/>아니라고 날 속였는지도<br/>지금은 달라졌어<br/>싫지 않아 너의 목소리<br/>싫지 않은 너의 눈빛이<br/>너무 좋아졌어 난<br/>왜일까 그때와 달라진 것 하나<br/>없는 너<br/>내가 반한 걸까나<br/>사랑하고파 오늘부터<br/>물론 너만 괜찮다면 말이야<br/>미안하지만 우리 그냥<br/>시작해야겠어<br/>오늘부터 1일이라고<br/>볼수록 더 매력적인 너<br/>그때는 보이지 않았어<br/>아니라고 날 속였는지도<br/>지금은 달라졌어<br/>싫지 않아 너의 목소리<br/>싫지 않은 너의 눈빛이<br/>너무 좋아졌어 난<br/>왜일까 그때와 달라진 것 하나<br/>없는 너<br/>내가 반한 걸까나<br/>사랑하고파 오늘부터<br/>물론 너만 괜찮다면 말이야<br/>미안하지만 우리 그냥<br/>시작해야겠어<br/>오늘부터 1일이라고<br/>사랑해도 될까요 우리<br/>그대 너만 괜찮다면 말이죠<br/>미안하지만 우리 그냥<br/>시작해야겠어<br/>오늘부터 1일이라고<br/>
"
3388,UUU (Feat. Cheddar),UAZUAZ,UUU,7,<dd>2019.08.13</dd>,"언제부턴가 널 바라볼 때마다 <br/>웃음이 나는 이윤 뭘까 <br/>우연히라도 널 마주칠까 하는<br/>행복한 상상 가득<br/>너도 나와 같은 맘일까 <br/>아니면 그저 욕심일까<br/>그래도 나 한번 기대해 보고 싶어<br/>오늘과 달라진 내일을<br/>하루 종일<br/>You you you<br/>온통 너의 생각으로 가득 차<br/>정신이 없어<br/>할 일을 잊기도 해 난<br/>너의 얼굴을 떠올리다 보면<br/>벌써 하루가 끝나<br/>오늘도 너를 기다려 난<br/>언제 올지도 모르는 너를<br/>우연히라도 널 마주칠까 하는<br/>행복한 상상 가득<br/>너도 나와 같은 맘일까 <br/>아니면 그저 욕심일까<br/>그래도 나 한번 기대해 보고 싶어<br/>우리 함께 보내는 날을<br/>하루 종일<br/>You you you<br/>온통 너의 생각으로 가득 차<br/>정신이 없어<br/>할 일을 잊기도 해 난<br/>너의 얼굴을 떠올리다 보면<br/>벌써 하루가 끝나<br/>순간 내 앞에 나타나<br/>내게 말을 건네는<br/>한마디 너무 설레서<br/>놀란 표정 웃음 하나 없이 당황한<br/>내 모습 어떻게 몰라<br/>나는 지금<br/>You You You<br/>온통 네 생각만 하다가 Oh<br/>진짜 너를 봤어<br/>할 말을 잊었어 또다시<br/>너의 얼굴을 마주친 이 순간<br/>내가 꿈을 꾸는 걸까<br/>
"
3389,가끔은,김연대 (블런트)김연대 (블런트),모두 다 쿵따리 OST Part.4,12,<dd>2019.08.13</dd>,"한 번쯤은 아무 생각<br/>없이 걸어봐<br/>그러다 보면 갑자기<br/>웃음이 날 거야<br/>걱정과 불안함은<br/>널 어쩌지 못해<br/>그냥 아무 생각<br/>없이 비워봐<br/>어쩌면 이게 답일지 몰라<br/>때론 멈춰도 돼<br/>때론 나만을 봐<br/>지친 하루 끝난 자리<br/>가만히 내 맘 들여다봐<br/>이렇게 정말로 괜찮은<br/>내가 있어<br/>한 번쯤은 아무 생각<br/>없이 떠나봐<br/>그러다 보면 머리가<br/>다 맑아질 거야<br/>걱정과 불안함은<br/>널 어쩌지 못해<br/>그냥 있는 그대로<br/>받아들여봐<br/>어쩌면 이게 인생일지 몰라<br/>때론 멈춰도 돼<br/>때론 나만을 봐<br/>지친 하루 끝난 자리<br/>가만히 내 맘 들여다봐<br/>이렇게 정말로 괜찮은<br/>내가 있어<br/>때론 멈춰도 돼<br/>때론 나만을 봐<br/>지친 하루 끝난 자리<br/>가만히 내 맘 들여다봐<br/>이렇게 정말로 괜찮은<br/>내가 있어<br/>우우 우 우우 우<br/>우우 우우우 우우 우<br/>
"
3390,함께니까,이준이준,함께니까,6,<dd>2019.08.13</dd>,"그래 그때 우린<br/>무엇이 두려웠던 걸까<br/>갑작스레 건넨 존댓말이 낯설고<br/>또 설레었을까<br/>감히 내가 영원을 약속할 수 있을까<br/>조심스레 전한 말<br/>고단함과 두려움이 너와 함께라면<br/>저녁 그림자처럼 사라져<br/>그대 아닌 그대 하루는<br/>어떻게 보냈을까<br/>누군가의 아내로 또 엄마로<br/>간절하게 기도했겠지<br/>불안한 내일을 두려워하지 않을래<br/>우리는 함께니까<br/>마주 앉아 마저 못한 아이들의 얘기<br/>나누는 이 밤을 난 감사해<br/>항상 말로 다 담지 못해서<br/>그래도 내 맘 알아줄 거 같아서<br/>사랑해서 기도할 수 있어서<br/>더 나은 내일을 꿈꿔 보려 해<br/>그래 고맙고 감사해<br/>불안한 내일을 두려워하지 않을래<br/>우리는 함께니까<br/>고단함과 두려움이 너와 함께라면<br/>저녁 그림자처럼 사라져<br/>오늘보다 내일 더 사랑해<br/>
"
3391,별을 바라보고 싶다,엔뭉크 (N.Munkh)엔뭉크 (N.Munkh),별을 바라보고 싶다,9,<dd>2019.08.13</dd>,"비 맞으면서 뛰어다니던<br/>추억을 담은 거리<br/>함께 놀면서 웃고 자랐던<br/>형제 같은 친구들<br/>사랑으로 가득 키워줬던 부모님<br/>희망으로 바라보는 동생들<br/>모두에게서 내가 떠나왔지<br/>그래 나는 혼자 떠나왔지<br/>힘들었지만 하루하루<br/>나는 열심히 노력했어 미래를 위해<br/>그리웠지만 하늘에 쏟아진 별을<br/>바라보고 싶었어<br/>하지만 여긴 보이지 않아<br/>꿈을 위한 노력 큰 형의 책임<br/>나를 여기 살게 해준 이유죠<br/>매일 걱정하며 전화하는 어머님<br/>너무 보고 싶죠<br/>힘들었지만 하루하루<br/>나는 열심히 노력했어 미래를 위해<br/>그리웠지만 하늘에 쏟아진 별을<br/>바라보고 싶었어<br/>하지만 여긴 보이지 않아<br/>다시 돌아가고 싶지만<br/>이미 오랜 시간 지나고<br/>지나친 모든 것들이<br/>너무 익숙해졌네<br/>하지만 언젠가 돌아 가겠지<br/>별이 쏟아진 내 고향으로<br/>힘들었지만 하루하루<br/>나는 열심히 노력했어 미래를 위해<br/>그리웠지만 하늘에 쏟아진 별을<br/>바라보고 싶었어<br/>하지만 여긴 보이지 않아<br/>여긴 보이지 않아<br/>
"
3392,안녕,폴킴폴킴,호텔 델루나 OST Part.10,"157,138",<dd>2019.08.12</dd>,"안녕 이라는 말을해<br/>짧은 시간을 뒤로 한채로<br/>여전히 아프겠지만<br/>하룻밤 자고 나면 사라지는 꿈처럼<br/>너를 oh 잊게될까 두려워져<br/>무심히 널 떠올리게 되면<br/>불안해지는 맘 어떻게 해야하니<br/>안녕 이제는 안녕<br/>이 말 도저히 할 수가 없어<br/>너로 가득찬 내 마음<br/>겨우 내가 할 수 있는 일<br/>너를 사랑하는 거<br/>다시 널 만날 수 있길<br/>아주 오래 전부터 정해진 연일지도 <br/>너밖에 모를 내가 되었던 그때가 <br/>두려워져 널 안고 있으면<br/>자꾸 욕심이나 어쩔 수 없는걸<br/>안녕 이제는 안녕<br/>이 말 도저히 할 수가 없어<br/>너로 가득찬 내 마음<br/>겨우 내가 할 수 있는 일<br/>너를 사랑하는 거<br/>다시 널 만날 수 있길<br/>굳게 닫힌 저 문이 열리면<br/>그때는 널 다시 볼 수 있을까<br/>잠시 스치듯 만나<br/>운명처럼 날 꽃 피우게 해<br/>매일 널 꿈꾸겠지만<br/>가득 채울 그리움만큼<br/>바라는 건 단 하나<br/>계속 내 곁에 있어줘<br/>
"
3393,내가 없는 너의 사진,김경민 (위아영)김경민 (위아영),내가 없는 너의 사진,"1,321",<dd>2019.08.12</dd>,"기억하고 있는 건<br/>너를 만나고 꿈꿔왔던 시간<br/>그 사진 속 너와 내가<br/>다시 돌아올 꿈을 꾸게 해<br/>예쁘게 웃는 네가 그리워서<br/>내 품에 담은 너의 사진 꺼내면<br/>다시 울 까봐<br/>하지 못한 말이 너무 많은데<br/>너의 사진 속에 내가 없는 게<br/>믿을 수가 없어서 날 그려보아도<br/>고요한 외로움만 내게 가득해<br/>예쁘게 웃는 네가 그리워서<br/>내 품에 담은 너의 사진 꺼내면<br/>다시 울 까봐<br/>하지 못한 말이 너무 많은데<br/>너의 사진 속에 내가 없는 게<br/>믿을 수가 없어서 날 그려보아도<br/>고요한 외로움만 내게 가득해<br/>기억하길 바랄게 우리가 있던 시간<br/>
"
3394,네가 있으면 좋겠어,빌리어코스티빌리어코스티,열여덟의 순간 OST Part.3,"3,376",<dd>2019.08.12</dd>,"오늘은 있지 이런 일이 있었어<br/>시시콜콜한 말들을 늘어 놓아<br/>넌 그냥 웃으며<br/>내 편이 돼주고 내 손을 꼭 잡아줘<br/>네 생각에 온통 난<br/>내일만 또 기다려<br/>나의 많은 날 속에<br/>네가 있으면 좋겠어<br/>별 것 아닌 하루 같아도<br/>내 마음을 다독여주며<br/>괜찮다고 말해주는 네가<br/>나는 정말로 필요한 걸<br/>가만히 너를 기다리고 있을 때<br/>어디선가 나타나 내 손을 잡으면<br/>난 그저 웃을게<br/>이 순간 모든 게 멈춘 듯이 다가와<br/>선물 같은 장면이 지금 내 앞에 있어<br/>나의 많은 날 속에<br/>네가 있으면 좋겠어<br/>별 것 아닌 하루 같아도<br/>내 마음을 다독여주며<br/>괜찮다고 말해주는 네가<br/>나는 정말로 필요한 걸<br/>하루의 끝이 아쉽지 않을 만큼<br/>고마운 너라고 오늘 말할게 워<br/>나의 많은 날 속에<br/>네가 있으면 좋겠어<br/>별 것 아닌 하루 같아도<br/>내 마음을 다독여주며<br/>괜찮다고 말해주는 네가<br/>나는 정말로 필요한 걸<br/>나는 정말로 필요한 걸<br/>
"
3395,Stay With Me (Feat. 박준호 (PULLIK)),김남주 (에이핑크)김남주 (에이핑크),너의 노래를 들려줘 OST Part.1,"1,058",<dd>2019.08.12</dd>,"Stay with me <br/>네 목소리가 들려<br/>불안했던 날도 이젠 모두 사라져<br/>순간의 꿈이 아니기를<br/>I’m in love I’m in love<br/>네가 있어 다행이야<br/>What u need <br/>고장난 건 아닌데 uh<br/>몇 년 후에 불안정할 그게 왜 넌<br/>조바심에 그냥 골라버린 뭐든<br/>더 난 빨리 걷는 게 내 버릇<br/>How to love 또 당해 oh<br/>난 아직 꿈에 살 듯 붕 떠있는 내 몸<br/>또 갔던 곳을 가도 뭔가 다른 느낌도<br/>별로 생각 없었다가 <br/>깊게 빠진 날 더 make<br/>난 워낙에 생각이 많아서<br/>그랬고 문제는 빨리 넘기자고 다음<br/>난 원해 너의 다음 말을<br/>넌 더 늘어놔 많이<br/>내 말을 가로채서<br/>확 뒤집힌 나의 머리<br/>다시 원했던 Pride<br/>나 땜에 엎어진 그 실수<br/>허나 지금은 자꾸<br/>말이 더듬어지기에 <br/>nah uh yeah<br/>Stay with me <br/>네 목소리가 들려<br/>불안했던 날도 이젠 모두 사라져<br/>순간의 꿈이 아니기를<br/>I’m in love I’m in love<br/>네가 있어 다행이야<br/>날 뻔한듯이 가늠해 넌<br/>허나 진짜 아냐<br/>미친듯이 크게 말해 babe uh<br/>난 내일도 만날 준비 돼있어 eh oh<br/>너무 식상한 건 빼고 다시 <br/>Look in the mirror<br/>또 아직 거기엔 <br/>너의 잔상이 still<br/>다음 너의 반응이 <br/>냉담해서 bleed<br/>그 날 왜 그랬는지는 아직도 <br/>don't know<br/>Baby nah nah Baby nah nah<br/>일단은 핑계 둘러대고<br/>다시 걸어 I just wanna<br/>난 아직 거기 있고 <br/>Don't you worry about yeah<br/>부족한 게 있었다면 편히 말해 yeah<br/>넌 항상 불리할 때 말을 돌려버려도<br/>다 이해할게 oh stop<br/>일단 우리 관계부터 정리하고 talk<br/>Stay with me <br/>니 목소리가 들려<br/>불안했던 날도 이젠 모두 사라져<br/>순간의 꿈이 아니기를<br/>I’m in love I’m in love<br/>네가 있어 다행이야<br/>지금 이대로 Oh 나와 같이 함께해요<br/>어느새 자라난 설레는 마음을 고백할게<br/>내 곁에 머물러요<br/>Stay with me <br/>네 목소리가 들려<br/>불안했던 날도 이젠 모두 사라져<br/>순간의 꿈이 아니기를<br/>I’m in love I’m in love<br/>네가 있어 다행이야<br/>
"
3396,Baby Million Miles (with Pianist 이수빈),호란호란,Baby Million Miles (with Pianist 이수빈) - The Piano Project no.2,279,<dd>2019.08.12</dd>,"Love the colors of you<br/>The distant feelings so true<br/>Lazy summer window<br/>Brings your song to me baby<br/>Love the things that you do<br/>Ways you make me sound too<br/>Though I’m never with you<br/>I know you’re there for me baby<br/>And every time I play the song <br/>I know you’re there<br/>you’re everywhere<br/>wherever<br/>So each and every time <br/>I sing I think of you<br/>The ways that you<br/>Complete me<br/>So hear me now <br/>this song is just for you babe<br/>It’s funny how you <br/>move me with your touch<br/>Although I know <br/>we’ll never be together<br/>Somewhere between the lines<br/>I hide some little signs<br/>see I can see you<br/>though we’re a million <br/>miles apart<br/>I wish that I could tell you <br/>that it’s only you<br/>it’s always you<br/>When I say you<br/>But only do I meet you <br/>in my secret dreams<br/>And by all means<br/>I leave you<br/>So hear me now <br/>this song is just for you babe<br/>And then somehow <br/>you’ll get to understand<br/>The feelings <br/>I’m bold enough to hide<br/>Somewhere between the lines<br/>With just some little signs<br/>My baby Million Miles<br/>
"
3397,Would you,일레인일레인,로봇이 아닙니다 OST Part.3,841,<dd>2019.08.12</dd>,"나의 작은 방 속에서<br/>난 내가 될 수 있어<br/>대답을 기다리는 네 눈빛도 없고<br/>같은 맘을 바라는 네 맘이 내게<br/>어떤 무게일지 난 어떤 기분일지<br/>would you think of that<br/>would you think of me<br/>what’d you think about me<br/>I just wanna be myself<br/>생각해줄래<br/>너와 같은 날<br/>그대로 바라봐줘<br/>난 내가 되고 싶은걸<br/>가득 찬 나의 모습을<br/>또 그려 보곤 해<br/>간절히 바라면 나 널 알 수 있을까<br/>네가 따뜻해질수록 차가워지는 난<br/>어디서부터 잘못 된 건지<br/>would you think of that<br/>would you think of me<br/>what’d you think about me<br/>I just wanna be myself<br/>생각해줄래<br/>너와 같은 날<br/>그대로 바라봐줘<br/>난 내가 되고 싶은걸<br/>warmer warmer you feel<br/>colder colder I feel<br/>warmer warmer you feel<br/>colder colder I feel<br/>warmer warmer you feel<br/>colder colder I feel<br/>warmer warmer you feel<br/>colder colder<br/>나의 작은 방 속에서<br/>난 내가 될 수 있어<br/>대답을 기다리는 네 눈빛도 없고<br/>
"
3398,한걸음 두걸음,팀팀,Project 10,266,<dd>2019.08.12</dd>,"그때 우리 사랑은<br/>한때 우리 추억은<br/>나를 나를 살게한 전부 였는데<br/>지금 우리 이별은<br/>내 모든걸 무너지게 해<br/>너만 사랑한 나란 사람을<br/>이렇게 아프게 하니<br/>나는 살아도 사는게 아냐<br/>너없는 하루는 의미가 없어<br/>얼마나 아프고 아파야<br/>너를 사랑한 시간이 잊혀질까<br/>다시 태어나 너를 만나도<br/>너와 함께하고 싶어<br/>한걸음 두걸음<br/>너를 만나러 가는길이야<br/>지금 지금 난 말야<br/>널 보낸걸 후회하나봐<br/>너만 보았던 너만 알았던<br/>너밖에 몰랐던 바보<br/>날 사랑했다며<br/>아주 멀리로 도망쳐봐도<br/>온종일 눈감고 참아 보아도<br/>내게서 여전히 따듯한<br/>너를 잡으려 애쓰는 내가 싫어<br/>나의 모든걸 지우는 동안<br/>느린 그리움이 오면<br/>한걸음 두걸음<br/>다시 내게로 걸어오면 돼<br/>우리 함께한 시간이 많아서<br/>한번에 다 지울 수 없나봐<br/>나는 살아도 사는게 아냐<br/>너없는 하루는 의미가 없어<br/>얼마나 아프고 아파야<br/>너를 사랑한 시간이 다 잊혀질까<br/>다시 또 태어나 너를 만나도<br/>너와 함께하고 싶어<br/>한걸음 두걸음<br/>너를 만나러 가는길이야<br/>
"
3399,모든 게 내 얘기 같아,메일 (Mail)메일 (Mail),모든 게 내 얘기 같아,829,<dd>2019.08.12</dd>,"모든 게 내 얘기 같아<br/>매일 너와 즐겨 듣던 노래가<br/>그땐 좋았었는데 슬픈 이별 노래도<br/>너와 함께라면 난<br/>미칠 것 같던 어제도<br/>여전히 달라지지 않던 오늘도<br/>아닌데 난 아닌데 너는 멀어지잖아<br/>나는 아무것도 할 수 없는데<br/>매일 듣고 싶은 너의 목소리<br/>오늘도 습관처럼 나는<br/>아무렇지 않게 하루를 보내<br/>친구를 만나도 슬픈 영화를 봐도<br/>모두 다 내 얘기 같아<br/>네가 곁에 없다는 게<br/>생각도 못한 일이 왜 내게 왔을까<br/>아는데 다 아는데 이젠 내 얘기란 걸<br/>행복했던 날 다 거짓이었니<br/>매일 듣고 싶은 너의 목소리<br/>오늘도 습관처럼 나는<br/>아무렇지 않게 하루를 보내<br/>말하고 싶은데 말해 주고 싶은데 난<br/>아무것도 할 수 없잖아<br/>행복했던 노래 가사까지도<br/>나쁜 추억이 돼버렸어 모든 게 난<br/>이젠 듣지 못할 너의 목소리<br/>아직도 믿어지지 않아<br/>숨 쉬지도 못해 미칠 것 같아<br/>친구를 만나도 슬픈 영화를 봐도<br/>모두 다 내 얘기 같아<br/>
"
3400,톡톡,NFBNFB,The Artist Diary Project Part.14,41,<dd>2019.08.12</dd>,"시간이 이제 다가오네요<br/>그대 만날 날 상상만 했는데<br/>가끔씩 아냐 사실 매일<br/>머릿속에 그날을 꿈꿔보곤 했죠<br/>톡톡 어깨 치며<br/>talk talk <br/>말해줄래<br/>너도 내가 보고 싶었었다고<br/>쿵쿵 가슴 뛰는<br/>쿵쿵 소리 날까<br/>우리 이제 시작인 거야<br/>저 멀리 그대가 보여요<br/>걸어서 갈까 아니 뛰어 가볼까<br/>거울에 비친 내 모습<br/>다행이야 맘에 들어 오늘 같은 날<br/>one step <br/>다가가면<br/>two steps <br/>다가올래<br/>이날을 너도 기다렸었다고<br/>쿵쿵 나도 몰래<br/>쿵쿵 떨려오네<br/>우리 이제 시작인 거야<br/>꿈은 아닐까<br/>Feeling like I'm walking on a cloud<br/>우리 함께 걷는 거야<br/>나는 네가 좋아<br/>살짝 말해 줄까<br/>너도 나와 같은 마음일까<br/>쿵쿵 느껴지니<br/>쿵쿵 내 마음이<br/>우리 이제 시작인 거야<br/>우리 이제 시작인 거야<br/>
"
