4151,압구정 로데오,데니스데니스,압구정 로데오,60,<dd>2019.06.21</dd>,"자주 오던 압구정 그 길 <br/>우리 마주쳐 좋았던 그 길 <br/>생각나요 로데오 거리 워 <br/>걷다 보니 로데오 거리 <br/>우리 마주쳐 좋았던 그 길 <br/>어떡하죠 <br/>하루 종일 두 눈에 고여있는 <br/>너를 쏟아낼 수도 없잖아<br/>넌 나를 떠나갔잖아 <br/>넌 내 맘 갖고 가버렸잖아 <br/>내가 널 사랑해도 <br/>이미 끝난 사이야이야 <br/>근데 압구정 로데오 <br/>여기만 오면 너가 생각나 <br/>그게 슬퍼 <br/>걷다 보니 로데오거리 <br/>우리 마주쳐 좋았던 그 길 <br/>어떡하죠 <br/>하루 종일 두 눈에 고여있는<br/>너를 쏟아낼 수도 없잖아<br/>넌 나를 떠나갔잖아<br/>넌 내 맘 갖고 가버렸잖아<br/>내가 널 사랑해도<br/>이미 끝난 사이야이야<br/>근데 압구정 로데오<br/>여기만 오면 너가 생각나<br/>그게 슬퍼<br/>함께 했던 시간을<br/>모두 기억에서 비워낸데도<br/>처음부터 없던 일로<br/>되돌릴 수 있을까<br/>널 떠올릴 때마다 계속 아파오겠지<br/>그래도 잊어보려 해<br/>넌 나를 떠나갔잖아<br/>넌 내 맘 갖고 가버렸잖아<br/>내가 널 사랑해도<br/>이미 끝난 사이야이야<br/>근데 압구정 로데오<br/>여기만 오면 너가 생각나<br/>그게 슬퍼<br/>
"
4152,어른이된 어른아이,재현재현,어른이된 어른아이,72,<dd>2019.06.21</dd>,"하늘을 만질 수 있을 줄 알았지<br/>언젠가 저 만치까지 커져 있겠지<br/>내일은 또 무슨 일이 일어나겠지<br/>꿈을 꾸며 잠에 들었지<br/>자라나지 않는 길을<br/>바라보는게 아쉬워<br/>내일이 오는게<br/>무서워진 건 언제쯤 일까<br/>맘속에 고장 난 나침반 바늘은 돌고<br/>아무렇지 않은 척을 하며<br/>어른이 된 어른이 어른 아이를 보며<br/>어른이 되 버렸지 어른 아이는 숨고<br/>이제 다 커버린 어른아이<br/>거울 앞에 있는 낯선 어른이<br/>자라나지 않는 길을<br/>바라보는게 아쉬워<br/>내일이 오는게<br/>무서워진 건 언제쯤 일까<br/>맘속에 고장 난 나침반 바늘은 돌고<br/>아무렇지 않은 척을 하며<br/>어른이 된 어른이 어른 아이를 보며<br/>어른이 되 버렸지 어른 아이는 숨고<br/>이제 다 커버린 어른아이<br/>거울 앞에 있는 낯선 어른이<br/>어른이 된 어른이<br/>어른이 되 버렸지<br/>이제 다 커버린 어른아이<br/>거울 앞에 있는 낯선 어른이<br/>
"
4153,내가 행복하길 바래,Saint 408Saint 408,Opus 2,9,<dd>2019.06.21</dd>,"그날 밤이었네<br/>모든 사실들이 왜<br/>내 가슴 속에 비집고 들어와 숨막히게<br/><br/>눈물이 흐르네<br/>힘없이 기운체<br/>강한 내 몸이 버티질 못하네 정말 이게<br/><br/>사실인건가<br/>Listen this my life,<br/>seems like, please stop it anymore<br/>I hope that it is a lie oh<br/><br/>믿기질 않았지 escape from this 상황에서<br/>i'm so sick, 휘슬<br/>잠시 셔야겠어 so i'm not<br/>i'm lost<br/><br/>내가 정말 원하는건<br/>내가 행복하길 바래<br/><br/>내가 정말 원하는건<br/>내가 행복하길 바래<br/><br/>좀더<br/>좀더<br/>so on, I want<br/>좀더<br/>좀더 yeah<br/><br/>상처 받은 내 맘을 누가 위로<br/>계속 마주하는 이 벽들 yeah<br/>아마 여긴 미로에 <br/>잠들지 못해 또 오늘 이 밤도<br/>어쩌지도 못한채로<br/><br/>눈물이 계속 흐르네<br/>감정이 북받친채<br/>찾아오는 이 소리와 History가<br/>don't believe (in) god<br/>I know enjoy it<br/>I know endure it no no no oh<br/><br/>내가 정말 원하는건<br/>내가 행복하길 바래 no no no no <br/><br/>내가 정말 원하는건<br/>내가 행복하길 바래<br/>좀더<br/>좀더<br/>so on, I want<br/>좀더<br/>좀더 yeah
					"
4154,많이많이많이 사랑해,윤서람윤서람,cobalt blue,8,<dd>2019.06.21</dd>,"다가와 여기 내 곁에 한번 앉아볼래<br/>아까 날 보던 눈빛 한번 더 지어줄래<br/>그저 눈을 뜨고 날 보는 것뿐인데<br/>알 수 없는 뭔가가 있어<br/>아무 말없이 그저 바라만 봐도<br/>크게 소리치는 것보다 크게 들려<br/>너의 눈동자 속의 날 본 것뿐인데<br/>넌 날 많이 사랑하나 봐<br/>네 생각속의 난 어떤 사람일 까<br/>넌 나에 대해 얼마만큼 알고 있을 까<br/>궁금해도 나 다 알 수 없지만<br/>네 작은 미소 그걸로 충분해<br/>널 많이 많이 많이 사랑해<br/>네 생각속의 난 어떤 사람일 까<br/>넌 나에 대해 얼마만큼 알고 있을 까<br/>궁금해도 나 다 알 수 없지만<br/>네 작은 미소 그걸로 충분해<br/>널 많이 많이 많이 사랑해<br/>늘 말은 내가 더 많이 하는데<br/>오 난 항상 너에게 끌려가게 돼<br/>마치 마법같은<br/>너의 그 작은 한마디 한마디<br/>오 날 어떻게 그렇게<br/>이리저리 움직여<br/>네 생각속의 난 어떤 사람일 까<br/>내 생각속의 너처럼 아름다울 까<br/>궁금해도 나 다 알 수 없지만<br/>네 작은 미소 그걸로 충분해<br/>널 많이 많이 많이 사랑해<br/>
"
4155,함께하던 계절이 돌아올 때면 (Vocal 함선화),이월화이월화,함께하던 계절이 돌아올 때면,24,<dd>2019.06.21</dd>,"그럴 리 없겠지만<br/>그댄 내 생각쯤 할까<br/>그대 생각에도<br/>아무렇지 않은 걸 보니<br/>그대는 나에게<br/>지나가는 계절 중 하나였나봐요<br/>또 하나의 계절이 지나가네요<br/>지나가는 계절에 그대 기억도<br/>하나씩 잊혀지네요<br/>문득 든 그대 생각이<br/>잠 못 들게 하지만<br/>그댈 잊어야겠죠<br/>또 하나의 계절이 지나가네요<br/>지나가는 계절에 그대 기억도<br/>하나씩 잊혀지네요<br/>그대에게 많은 걸 바라지는 않아요<br/>그저 한 번쯤 내 생각 해주길<br/>또 하나의 추억이 잊혀지네요<br/>함께하던 계절이 돌아올 때면<br/>완전히 그댈 잊겠죠<br/>
"
4156,지금도 보고 싶은데,하늘하늘,지금도 보고 싶은데,3,<dd>2019.06.21</dd>,"가볍게 넘겨버린 너의 모든 말들이<br/>지금에서야 생각나고 후회돼<br/>그리워서 네가 너의 눈물조차도<br/>닦아주지 못했던 내가<br/>지금도 보고 싶은데 그럴 수 없잖아<br/>이젠 볼 수 없잖아<br/>너에겐 모든 게 다 상처였단 게<br/>내 맘에 남아 그러지 말걸 내가<br/>그리워서 네가 너의 눈물조차도<br/>닦아주지 못했던 내가<br/>지금도 보고 싶은데 그럴 수 없잖아<br/>이젠 볼 수 없잖아<br/>
"
4157,무구무구,시슬리시슬리,무구무구,3,<dd>2019.06.21</dd>,"귀여운 너의 미소 무구무구<br/>장난끼 많은 모습 무구무구<br/>그냥 웃음이 나와 자꾸만 자꾸만<br/>너의 모습만 보고 있어도<br/>무슨 말을 했는지도 기억 나진 않지만<br/>그냥 니가<br/>사랑스러워<br/>날 항상 웃게 만들지<br/>널 보면 세상 근심 걱정<br/>모두 다 사라지지<br/>그게 바로 너야<br/>하얀 이가 보이는 너<br/>근육일까 건강한 팔<br/>안아주고 네 어깨에 기댈때면<br/>든든하게 다가오는 너란 사람<br/>내 마음을 환하게 만들지<br/>너를 믿게 해주지<br/>귀여운 너의 미소 무구무구<br/>장난끼 많은 모습 무구무구<br/>그냥 웃음이 나와 자꾸만<br/>자꾸만<br/>너란 이름 불러보는 내 입술엔<br/>웃음 가득<br/>참고 있던 보조개가 양볼에 가득<br/>바람도 귀엽게 살랑살랑<br/>살랑살랑<br/>햇살도 따뜻하게 반짝반짝<br/>반짝반짝<br/>언제까지나 내 곁에 있어주길 바래<br/>그렇게 되고 싶어<br/>오늘도 이루어 져라<br/>무구무구<br/>
"
4158,날 봐 (Feat. 서영찬 (Tuba Ver.)),FM43FM43,날 봐 (Tuba Ver.),10,<dd>2019.06.21</dd>,가사가 없습니다
4159,날 봐 (Feat. 이요셉 (Piano Ver.)),FM43FM43,날 봐 (Piano Ver.),10,<dd>2019.06.21</dd>,가사가 없습니다
4160,아직도 난,세디 (Sedi)세디 (Sedi),아직도 난,64,<dd>2019.06.21</dd>,"짧았던 시간속을<br/>혼자 걸어가<br/>잊었던 그 감정들이<br/>다시 깨어나<br/>같은 사랑인줄<br/>그렇게 믿었는데<br/>멀어지는 널 알면서도<br/>스쳐간 설렘의 끝<br/>길었던 나의 마음을<br/>매일 기억속에 살았던 나<br/>언제쯤 널 보낼수있을까<br/>제발<br/>추운 계절 만난 짧은 사랑에<br/>계절이 떠나가도<br/>나는 그대로인데<br/>너무 보고싶어<br/>너에게 가고싶어<br/>다시 날 안아줘<br/>하루 단 하루만<br/>그때의 널 볼수있다면<br/>안되겠지<br/>눈물 나 너의 모습<br/>떠오를때면<br/>생각나 함께 하자던<br/>너의 속삭임<br/>같은 마음인줄<br/>그렇게 속았는데<br/>멀어지는 널 외면했어<br/>지나간 시간의 너<br/>멈춰진 나의 추억을<br/>아직 내맘속에 가둬둔 널<br/>언제쯤 널 보낼 수 있을까<br/>제발<br/>추운 계절 만난 짧은 사랑에<br/>계절이 떠나가도<br/>나는 그대로인데<br/>너무 보고싶어<br/>너에게 가고싶어<br/>다시 날 안아줘<br/>하루 단 하루만<br/>그때의 널 볼수있다면<br/>떠나간 시간 더 멀어질수록<br/>더욱 선명해 니 목소리 또 향기가<br/>왜 내게 잘해줬는데<br/>잊지도 못하게 해<br/>마음아 이제 그만<br/>추운 계절 만난 짧은 사랑에<br/>계절이 떠나가도<br/>나는 그대로인데<br/>너무 보고싶어<br/>너에게 가고싶어<br/>다시 날 안아줘<br/>하루 단 하루만<br/>그때의 널 볼수있다면<br/>아직도 난<br/>
"
4161,텅 빈 그대 마음만,김은주김은주,텅 빈 그대 마음만,35,<dd>2019.06.21</dd>,"그렇게 슬픈 눈으로<br/>네가 나를 바라볼 때<br/>다 알면서도 나는 알면서도<br/>차마 안녕이라 말할 수 없었네<br/>떠나가는 사랑은<br/>붙잡을 수 없다는 걸<br/>다 알면서도 나는 알면서도<br/>이렇게라도<br/>우리가 버텨낼 수 있기를<br/>바라고 또 바랬어<br/>그 말 우리 사랑이 멈추던<br/>그 말 우리 시간이 멈추던<br/>그 말 다시 말할 수가 없어서<br/>텅 빈 그대 마음만 바라보네<br/>떠나가는 사랑은<br/>붙잡을 수 없다는 걸<br/>다 알면서도 나는 알면서도<br/>이렇게라도<br/>우리가 버텨낼 수 있기를<br/>바라고 또 바랬어<br/>그 말 우리 사랑이 멈추던<br/>그 말 우리 시간이 멈추던<br/>그 말 다시 말할 수가 없어서<br/>텅 빈 그대 마음만 바라보네<br/>지난 사랑은 온기가 없어서<br/>떠난 그대 맘 붙잡을 수 없어서<br/>가지 말란 그 말은 못 하고<br/>텅 빈 그대 마음만 바라보네<br/>그 말 우리 사랑이 멈추던<br/>그 말 우리 시간이 멈추던<br/>그 말 다시 말할 수가 없어서<br/>텅 빈 그대 마음만 바라보네<br/>
"
4162,익숙해진다,편태원편태원,익숙해진다,23,<dd>2019.06.21</dd>,"술로 지새우던 밤<br/>눈물이 마르지 않던 날<br/>그 날들이 이제 어색해지고<br/>자주 듣던 이별노래가<br/>내 얘긴듯 했던 날<br/>그날들도 희미해져만 간다<br/>니가 없는 시간<br/>니가 없는 공간<br/>너 없는 하루가 점점 익숙해진다<br/>다시 만날 수 있을까<br/>다 잊을 수 있을까<br/>넌 어디서 뭘 할까<br/>지내던 난데<br/>더 이상 아프지 않고<br/>다시 웃을수 있고<br/>날 위한 오늘을 보내고 있다<br/>항상 함께했던 것<br/>언제나 둘이서 먹던 밥<br/>그 모든게 이제 어색해지고<br/>내 맘을 가득 채운 허전함<br/>이제 혼자란 사실도<br/>점점 익숙해져 간다<br/>다시 만날 수 있을까<br/>다 잊을 수 있을까<br/>넌 어디서 뭘 할까<br/>지내던 난데<br/>더 이상 아프지 않고<br/>다시 웃을수 있고<br/>날 위한 오늘을 보내고 있다<br/>견뎌낼수 없을것만 같았던<br/>다신 오지 않을것같던<br/>평범한 하루하루가 온다<br/>다시 만나지 말자<br/>모두 잊어버리자<br/>니가 어디서 어떻게 지내던<br/>괜찮으니까 이젠<br/>더 이상 미련은 없고<br/>다시 행복할수 있고<br/>오늘 완전히 널 지우려 한다<br/>
"
4163,그날의 우리,혁민혁민,혁민 1ST mini album,62,<dd>2019.06.21</dd>,"행복했어 너의 품에 안겨서<br/>잠들던 수많은 밤이<br/>나를 깨우던 너의 목소리가<br/>아직도 눈을 감으면 드릴 것만 같아<br/>행복했어 너에 품에 안겨서 꿈꾸던<br/>수많은 밤이<br/>나를 감싸던 너의 그 미소가<br/>아직 죽을 만큼 그리운 이 밤<br/>내게 달려가고픈밤<br/>미치도록 사랑한 그 추억 하나로<br/>이렇게 또 하룰 견뎌내는 내가 미워<br/>미치도록 사랑한 그 사람 하나가<br/>이렇게 날 아프게 할 가시가 될 줄<br/>몰랐어 그땐 정말<br/>행복했어 너와 함께한 시간<br/>그렇게 좋았던 날들이<br/>내가 힘들 때 곁에 있어준 너 그때<br/>조금만 더 잘했더라면<br/>넌 떠나지 않았을까<br/>미치도록 사랑한 그 추억 하나로<br/>이렇게 또 하룰 견뎌내는 내가 미워<br/>미치도록 사랑한 그 사람 하나가<br/>이렇게 날 아프게 할 가시가 될 줄<br/>몰랐어 난 몰랐어<br/>하루 또 하루 기다려봐도<br/>너란 기억은 선명해질뿐이야<br/>애써 한 걸음 또한 걸음 멀어져봐도<br/>너는 내게 지워지질 않아<br/>미치도록 사랑한 그 추억 하나로<br/>이렇게 또 하룰 견뎌내는 내가 미워<br/>미치도록 사랑한 그 사람 하나가<br/>이렇게 날 아프게 할 가시가 될 줄<br/>몰랐어 그땐 정말<br/>
"
4164,우리가 만난 이유 (Feat. Yoon Jung Eun),우주대통령우주대통령,우리가 만난 이유,6,<dd>2019.06.21</dd>,가사가 없습니다
4165,건강하게 잘 지내요,코케코케,건강하게 잘 지내요,8,<dd>2019.06.21</dd>,"사실은 아빠가 내 자전거<br/>팔아버린 거 알아요<br/>사실은 아빠는 여행을 간 게<br/>아니란 것도 알아요<br/>어쩌면 아빠는<br/>진짜 아빠가 아닐 수도 있겠네<br/>그동안 고생했어요<br/>난 혼자서도 살아갈 수 있을 거예요<br/>어젯밤 난 흰둥이를<br/>멀리 보내줬어요<br/>근데 날 좋아하지 않는 거죠<br/>우우우 우우우 우 우우우우우<br/>우우우 우우우 우 우우<br/>난 기다리지 않을 거예요<br/>근데요 나 진짜로 몇 살이에요<br/>엄마는 진짜<br/>엄마는 뭐하던 사람이에요<br/>괜찮아요 세상에 고아가<br/>어디 나 한 사람뿐인가요<br/>그동안 고마웠어요<br/>괜찮아요 힘을 내요<br/>어깨를 톡톡 두드려 주고 싶네요<br/>다 알아요 힘을 내요<br/>술은 조금 줄여주는 게 좋아요<br/>괜찮아요 괜찮아요<br/>우우우 우우우 우 우우우우우<br/>우우우 우우우 우 우우<br/>건강하게 잘 지내요<br/>자전거는 내가 다시 살 거예요<br/>건강하게 잘 지내요<br/>
"
4166,진심은 여기에 있다,이서영이서영,Roar of the mountain,20,<dd>2019.06.21</dd>,"물음이 없는 세상<br/>정답만을 들이밀고<br/>희망만 존재하는<br/>허무는 쓸모 없다 여기는 세상<br/>갈피 잃은 대화들과<br/>무엇도 담겨있지 않는 포옹<br/>온 힘을 다하지 않아도<br/>사랑을 말할 수 있는 곳<br/>이 거짓 세계서<br/>진심을<br/>찾고 싶어<br/>내 앞에 먼저 있길 원해<br/>모두 함께<br/>몸부림칠 순 없을까<br/>사랑을 찾아서<br/>물음이 없는 세상<br/>정답만을 들이밀고<br/>희망만 존재하는<br/>허무는 쓸모 없다 여기는 세상<br/>
"
4167,포장마차,황인욱황인욱,포장마차,"119,637",<dd>2019.06.20</dd>,"그대와 자주 가던 그 술집에<br/>혼자 널 생각하며 소주 한잔해<br/>그대가 좋아하던 김치찌개를<br/>가만히 바라보다 눈물 한잔해<br/>그 사람 왔었나요<br/>아니 소식이라도<br/>그녀에게 전해줘요<br/>늘 지금처럼 기다린다고<br/>포장마차 그때 그 자리에서<br/>네가 있던 그곳에 서서<br/>날 사랑한다 말했잖아<br/>영원할 거라고 말했잖아<br/>포장마차 그때 그 자리에서<br/>돌아오라는 말을 다시<br/>되뇌이고 되뇌어도<br/>네가 돌아오지 않을 걸 알잖아<br/>그 사람 왔었다면<br/>혹시 혼자였나요<br/>그녀에게 전해줘요<br/>나 그때처럼 기다린다고<br/>포장마차 그때 그 자리에서<br/>네가 있던 그곳에 서서<br/>날 사랑한다 말했잖아<br/>영원할 거라고 말했잖아<br/>포장마차 그때 그 자리에서<br/>돌아오라는 말을 다시<br/>되뇌이고 되뇌어도<br/>네가 돌아오지 않을 걸 알잖아<br/>다 잊으려고 노력해봐도<br/>그게 잘 안되나봐<br/>습관처럼 아니 예전처럼 우리<br/>두 번 다시 돌아갈 수 없나요<br/>내가 싫은 건가요<br/>날 사랑한다 말했잖아<br/>영원할 거라고 말했잖아<br/>포장마차 그때 그 자리에서<br/>네가 있던 그곳에 서서<br/>날 사랑한다 말했잖아<br/>영원할 거라고 말했잖아<br/>그댈 다시 부르고 또 불러도<br/>아무 말 없는 너를 다시<br/>되뇌이고 되뇌어도<br/>네가 돌아오지 않을 걸 알잖아<br/>
"
4168,자꾸만 설레는 밤,"감성소년, 정해일감성소년, 정해일",자꾸만 설레는 밤,"1,415",<dd>2019.06.20</dd>,"나도 모르게 참 어렵단 말이야<br/>너에게 다가가는 거<br/>핑곌 찾아 물어봐야 할까<br/>요즘 고민이 많아<br/>표정 말투 다<br/>담고 있단 말이야<br/>조금만 더 기다려 줘<br/>어제부터 연습한 인사말이<br/>서툴러 못 건네잖아<br/>자꾸만 설레는 밤<br/>이런 내 마음을 난 어떡하나요<br/>온종일 너 하나 땜에 힘든 나의 맘<br/>매일 너를 그리는 이 마음<br/>설명이 안돼 이런 감정 말이야<br/>지금 넌 어떤 생각 해<br/>핑곌 찾아 연락을 해볼까<br/>요즘 고민이 많아<br/>밤은 깊어져 잠들까 하는데<br/>자꾸 너가 떠올라<br/>보고 싶다 답답한 내 맘에 더<br/>종일 입술만 깨물어<br/>자꾸만 설레는 밤<br/>이런 내 마음을 난 어떡하나요<br/>온종일 너 하나 땜에 힘든 나의 맘<br/>내일은 날 봐줄까요<br/>자꾸만 다가가는 맘<br/>괜히 널 잃을까 불안해지는 밤<br/>오늘도 너의 뒤에서<br/>겨우 삼킨 말<br/>너를 사랑한단 말<br/>이젠 다 말하려 해<br/>눈 딱 감고 용기 내 표현하려고<br/>매일 밤 널 생각한 많은 시간도<br/>사랑인 걸 알게 됐잖아<br/>궁금해 너의 모든 게<br/>내 하루하루가 다 너로 가득 차<br/>매일 밤 너와 사랑을 말하고 싶어<br/>별빛 가득한 지금 이 밤<br/>
"
4169,The End,정인정인,자백 OST,153,<dd>2019.06.20</dd>,"손으로 하늘을 가려도<br/>감출 수 없는 진실 속에<br/>나는 목말라<br/>어두운 시간 속에 갇혀서<br/>이젠 숨을 쉬고 싶어<br/>아무 말 하고 싶지 않아<br/>거짓뿐인 웃음도 싫어<br/>거울 속에서 갇힌 나를 찾고 싶어<br/>이젠 모두 끝낼 게<br/>This is the end<br/>This is the end<br/>감춰진 숨겨진 세상 속<br/>진실을 찾아서<br/>This is the end<br/>This is the end<br/>무섭게 변하는 내 모습<br/>나 돌아가고 싶어<br/>to the end<br/>The end<br/>The end<br/>절망 끝에 나의 목소리<br/>굳어진 표정 속의 향기<br/>나도 모르게 변해가는 내가 싫어져<br/>모두 끝내고 싶어<br/>This is the end<br/>This is the end<br/>감춰진 숨겨진 세상 속<br/>진실을 찾아서<br/>This is the end<br/>This is the end<br/>무섭게 변하는 내 모습<br/>나 돌아가고 싶어<br/>to the end<br/>절망 뒤에 숨겨진<br/>환희 뒤에 감춰진<br/>얼룩지고 지친 내 맘<br/>This is the end<br/>This is the end<br/>감춰진 숨겨진 세상 속<br/>진실을 찾아서<br/>This is the end<br/>This is the end<br/>무섭게 변하는 내 모습<br/>나 돌아가고 싶어<br/>to the end<br/>The end<br/>The end<br/>
"
4170,때때로,301호301호,때때로,131,<dd>2019.06.20</dd>,"선선한 바람 불어올 때<br/>이맘때쯤 그때 생각이 나<br/>맑게 게인 하늘 보며<br/>매번 똑같이 돌아오는 계절인데도<br/>익숙하지만 낯설게도 느껴지는 건<br/>그땐 내 옆에서 이 계절을 함께<br/>보내준 너가 없어서<br/>sometimes i think about<br/>sometimes i think about you<br/>그때의 온도도 비슷한 풍경도<br/>모두 돌아왔지만<br/>sometimes i think about<br/>sometimes i think about you<br/>함께 따뜻했던 우리는<br/>계절의 흐름 속에 묻혀버렸네<br/>길었던 하루 지나갈 때<br/>너는 무슨 생각을 하는지<br/>그저 다시 또 돌아온 계절일 뿐이라고<br/>생각하는지<br/>sometimes i think about<br/>sometimes i think about you<br/>그때의 온도도 비슷한 풍경도<br/>모두 돌아왔지만<br/>sometimes i think about<br/>sometimes i think about you<br/>함께 따뜻했던 우리는<br/>계절의 흐름 속에 묻혀버렸네<br/>소중했던 기억이라는 걸 알지만<br/>어떨 땐 날 괴롭히는<br/>우리 기억들이 그 추억들이<br/>바람과 함께 흩날려가길<br/>sometimes i think about<br/>sometimes i think about you<br/>그때의 온도도 비슷한 풍경도<br/>모두 돌아왔지만<br/>sometimes i think about<br/>sometimes i think about you<br/>함께 따뜻했던 우리는<br/>계절의 흐름 속에 묻혀버렸네<br/>
"
4171,No More Time,6월의 어린왕자6월의 어린왕자,No More Time,8,<dd>2019.06.20</dd>,"더 이상 시간이 없어<br/>이제 함께 생각해요<br/>우리의 미래를 그려요<br/>다시한번 시작해<br/>입으로는 매일 에너지 절약<br/>일상에선 편리함만 찾을 뿐<br/>우리 무관심과 이기심속에<br/>점점 더 숨이 막혀가는 지구를 봐요<br/>아껴쓰고 나눠쓰자 말하며<br/>오늘도 무심히 쓰고있는 종이컵<br/>우리 생활들이 만들어낸 온실가스<br/>하루하루 다르게 말라가는 지구<br/>기다릴 시간은 없어<br/>이것만은 기억해요<br/>맑은하늘 푸른 숲은<br/>우리 것이 아님을<br/>바꿔쓰고 다시쓰자 말하며<br/>마음껏 쓰다가 버려지는 자원들<br/>우리 아이들이 걱정없이 자랄 수 있게<br/>지나쳐온 일상을 이제는 바꿔요<br/>더 이상 시간이 없어<br/>이제 함께 생각해요<br/>우리의 미래를 그려요<br/>다시 한번 시작해<br/>늘 변함없이 우리들을 감싸는<br/>고마운 공기를 느껴봐요<br/>이제 모두가 지켜줘요<br/>아름다운 빌려쓰는 지구<br/>기다릴 시간은 없어<br/>이것만은 기억해요<br/>맑은하늘 푸른 숲은<br/>우리 것이 아님을<br/>더 이상 시간이 없어<br/>이제 함께 생각해요<br/>우리의 미래를 그려요<br/>다시한번 시작해<br/>다시 한번 시작해 <br/>내일의 꿈을 생각해<br/>
"
4172,Green,정윤정윤,Green,31,<dd>2019.06.20</dd>,"I like the broad leaf-colored fields<br/>I like the trees standing <br/>close together<br/>Their deep greenness blinds me<br/>Their deep greenness blinds me<br/>Greeting me in her natural form<br/>It feels like there is a saintly <br/>fairy living inside<br/>She greets me the same way <br/>each time<br/>I wonder what she wants to <br/>test me on<br/>I like the stand-still winds<br/>I like the unnamed wild flowers<br/>Even the white cat <br/>that came out of nowhere<br/>Greeting me in her natural form<br/>It feels like there is a saintly <br/>fairy living inside<br/>She greets me the same way <br/>each time<br/>I wonder what she wants to <br/>test me on<br/>I just want to lay down <br/>and endlessly reminisce<br/>The things I love <br/>The things I love<br/>The greenness that I love <br/>The greenness that I love<br/>The greenness that I love <br/>The greenness that I love<br/>I like the broad leaf-colored fields<br/>
"
4173,OST (Original Story Of My Track),MINMIN,OST (Original Story Of My Track),6,<dd>2019.06.20</dd>,"누구도 궁금하지 않고<br/>나조차 알아주지 못한<br/>My story My music<br/>여행길에 들려주려해<br/>뭐하나 쉽게 얻은적 없는<br/>내 하루를 미워했고<br/>사랑도 내겐 꿈마저 내겐<br/>어렵기만 했었지<br/>I wanna go with my story<br/>난 자유로운 걸리버<br/>난 바람 같은 멜로디<br/>I wanna go with my music<br/>난 후회 없이 떠날래<br/>난 용기 내어 걸을래<br/>날 향한 열린 귀와<br/>자유로운 마음만 필요할뿐이야<br/>또 아이스티 한잔<br/>함께 걸어 주겠니<br/>내 여행길에<br/>I wanna go<br/>I wanna go<br/>그 누가 내게 뭐라고 해도<br/>걱정하지마 I don’t care<br/>폭풍우 만나 길을 잃어도<br/>다시 또 일어날래<br/>I wanna go with my story<br/>난 자유로운 걸리버<br/>난 바람 같은 멜로디<br/>I wanna go with my music<br/>난 후회 없이 떠날래<br/>난 용기 내어 걸을래<br/>날 향한 열린 귀와<br/>자유로운 마음만 필요할뿐이야<br/>또 아이스티 한잔<br/>함께 걸어 주겠니<br/>내 여행길에<br/>I wanna go<br/>I wanna go<br/>
"
4174,날 봐 (Feat. 손승용 (Horn Ver.)),FM43FM43,날 봐 (Horn Ver.),11,<dd>2019.06.20</dd>,가사가 없습니다
4175,날 봐 (Feat. 박준규 (Flugelhorn Ver.)),FM43FM43,날 봐 (Flugelhorn Ver.),8,<dd>2019.06.20</dd>,가사가 없습니다
4176,그대 나의 사랑아,제이콥권 (Jacob Kwon)제이콥권 (Jacob Kwon),2019 안아주세요 프로젝트,4,<dd>2019.06.20</dd>,"그대 내게 와 꽃이 되었지<br/>혼자 있는 게 익숙했던 내게<br/>매일 지나온 그 길 위에<br/>꽃 내음 가득한 새 노래<br/>무거운 태양이 기울 때면<br/>떠오르는 유일한 한 사람<br/>슬픔으로 놓친 하루를<br/>사랑으로 채워 나가네<br/>나눌 수 없는 소중한 이름<br/>멈출 수 없는 그 사랑<br/>영화같은 추억은<br/>작은 날개로 네 눈 위에 앉고<br/>뺏길 수 없는 소중한 너를<br/>안아주는 그 바람<br/>그대 나의 사람아<br/>별이 되어 함께해줘요<br/>눈물로 얼룩진 내 하루를<br/>환한 미소로 감싸 주던 널<br/>매일 밤 듣고 싶은 한 마디<br/>오늘 나와 결혼해 줄래<br/>단 하나의 소중한 추억<br/>놓을 수 없는 그 사랑<br/>바람들아 전하라<br/>나의 전부가 되어준 너 만을<br/>바꿀 수 없는 소중한 너를<br/>지켜주는 그 사람<br/>그대 나의 사랑아<br/>꽃이 되어 함께 걸어요<br/>끊을 수 없는 소중한 너를<br/>지켜보는 그 사람<br/>그대 나의 사랑아<br/>별이 되어 함께 걸어요<br/>사랑으로 안아주세요<br/>유일한 반이 되어 주세요<br/>
"
4177,습기,이요한이요한,습기,60,<dd>2019.06.20</dd>,"이틀째 내리는 비에<br/>내 방 안에 가득한 습한 공기<br/>비 내리는 날이 좋다던 넌<br/>이 기분이 뭐가 그리 좋은 건지<br/>창문 너머 보이는<br/>너와 함께한 추억들은<br/>빗물에 다 씻겨 흘러가고<br/>책상 위에 놓여진 우리의 흔적들은<br/>습기로 다 눅눅해졌네<br/>넌 오늘도 행복하겠지<br/>같이 우산을 쓰던 니가 보였거든<br/>그날까지도 잊지 못했던 내가 미워서<br/>오늘은 널 지워보려 해<br/>창문 너머 보이는<br/>너와 함께한 추억들은<br/>빗물에 다 씻겨 흘러가고<br/>책상 위에 놓여진 우리의 흔적들은<br/>습기로 다 눅눅해졌네<br/>넌 오늘도 행복하겠지<br/>같이 우산을 쓰던 니가 보였거든<br/>그날까지도 잊지 못했던<br/>내가 미워서<br/>오늘은 널 지워보려 해<br/>
"
4178,아픈꿈,최광민최광민,아픈꿈,16,<dd>2019.06.20</dd>,"나의 꿈을 향해 가는 길은<br/>쉽진않았어<br/>꿈을 이뤄가면 마냥 좋을 줄만알았어<br/>가끔 들려오는 사람들의 작은비난이<br/>꿈을 바라보는 내 앞을 가리고있었어<br/>그냥 해본말이라며 넌 웃겠지<br/>천천히 어두워지는 나를 넌<br/>알고있을까<br/>꿈을 이뤄도 나의 꿈은<br/>상처투성인거야<br/>무대 위로가는 길들이 날카로운<br/>가시밭같아<br/>괜찮은척 하고있는 나를 볼때면<br/>아픈꿈을 숨기며 살고있는<br/>바보일지도 몰라<br/>어두운 길 속에서 길을 잃었어<br/>더이상 걸어가는게 너무 두려웠었어<br/>조금씩 천천히 앞으로 걷다보니<br/>빛을 찾아 꿈의 길끝까지 와버린거야<br/>꿈을 이뤄도 나의 꿈은<br/>상처투성인거야<br/>무대 위로가는 길들이<br/>날카로운 가시밭같아<br/>괜찮은척 하고있는 나를 볼때면<br/>이 꿈이 나에게 정말<br/>아픈꿈일지도 몰라<br/>힘들었잖아 결국 넌 이겨냈잖아<br/>그까짓 상처따위 참아가며<br/>난 무대위에 서있지만<br/>상처는 아직 지워 지지않는걸<br/>꿈을 이뤄도 난 상처뿐일걸<br/>꿈을 이뤄도 나의 꿈은<br/>상처투성인거야<br/>무대 위에 있는 지금도<br/>아직까지 아프다<br/>괜찮은 척 하며 우는 나를 볼때면<br/>내가 걸어왓던 길끝은 고칠수없는<br/>아픈꿈인것같아<br/>
"
4179,삶의 반쪽을 잃어버린후,구본웅 (Ku Bon Woong)구본웅 (Ku Bon Woong),삶의 반쪽을 잃어버린후,0,<dd>2019.06.20</dd>,"아침에 눈을 떳을때<br/>니가 없다는 사실에 나는<br/>괴롭고 우울하기도<br/>그냥 좀 담담해<br/>오늘이 내게 축복해<br/>내 삶에 반쪽을 잃어 버린후<br/>비참해 지금 내 모습<br/>아무것도 할수 없는 나는<br/>온 종일 헤메이다가<br/>네 집 앞 골목길<br/>오늘이 나에게 축복해<br/>내 삶에 반쪽을 잃어 버린후<br/>오늘이 내게 축복해<br/>내 삶에 반쪽을 잃어 버린후<br/>라라 라라라<br/>라라<br/>라라 라라<br/>라라라 라라 라라라<br/>라라 라라 라라<br/>
"
4180,uneasy,서로민드서로민드,uneasy,56,<dd>2019.06.20</dd>,"잠들지 않는 밤과<br/>깨고 싶지 않은 그 아침 사이에<br/>머물고 싶어<br/>조용하게 울리는 소리마저<br/>때론 내게 다 버겁게만 느껴지니까<br/>아무것도 없는 날과<br/>그렇지 않은 시간이<br/>모두 다 행복하면 좋겠어<br/>결국 다시 제자리인 기분은<br/>생각보다 많이 더 아팠던 것 같아<br/>때론 모든 게 다 어색해서<br/>자꾸 헤매나 봐<br/>날 억눌러온 마음들은<br/>날 타고 흐르지<br/>하늘은 무슨 색일까<br/>내가 꿈꾼 것과는 매일같이 달라서<br/>도망치고 싶어질 때가 많아<br/>자꾸 작은 내가 돼<br/>어쩌면 너도 같을까<br/>하얀 세상을 만들어서<br/>네게 다 안겨 주고 싶은 욕심이<br/>늘 많았었던 것 같은데 난<br/>바라는 이상을 찾아서<br/>달려가고 싶은데<br/>조금 용기가 부족한 것 같아<br/>때론 모든 게 다 어색해서<br/>자꾸 헤매나 봐<br/>날 억눌러온 마음들은<br/>날 타고 흐르지<br/>하늘은 무슨 색일까<br/>내가 꿈꾼 것과는 매일같이 달라서<br/>도망치고 싶어질 때가 많아<br/>자꾸 작은 내가 돼<br/>어쩌면 너도 나와 같을까<br/>하얀 세상을 만들어서<br/>네게 다 안겨 주고 싶은 욕심이<br/>늘 많았었던 것 같은데 난<br/>바라는 이상을 찾아서<br/>달려가고 싶은데<br/>두려움이 자꾸 많아져<br/>하늘은 무슨 색일까<br/>내가 꿈꾼 것과는 매일같이 달라서<br/>도망치고 싶어질 때가 많아<br/>자꾸 작은 내가 돼<br/>어쩌면 너도 나와 같을까<br/>하얀 세상을 만들어서<br/>네게 다 안겨 주고 싶은 욕심이<br/>늘 많았었던 것 같은데 난<br/>바라는 이상을 찾아서<br/>달려가고 싶은데<br/>조금 용기가 부족한 것 같아<br/>
"
4181,스물한살 그때,정민정민,소확행 (Nearby),708,<dd>2019.06.19</dd>,"오랜만에 찾아와 본 너의 집 앞 골목<br/>모든 게 다 변했다고 생각했는데<br/>널 바래다주던 길이 짧게만 느끼던<br/>아쉬워서 손 못 놓고 인사가 싫었던<br/>그때의 우리가 생각이 날 때면<br/>애꿎은 하늘만 보다가<br/>아직 나는 사랑이 서툴고<br/>아직까지 세상을 모르죠<br/>어른이 되면 나아질 거라 믿었죠<br/>아픔 상처들이 무뎌져서<br/>아픈 기억들이<br/>고맙게 생각이 나더라<br/>스물한 살 그때의 너와 나<br/>우리 아픈 계절들이 잊혀져 갈 때쯤<br/>넌 어떻게 지내는지 궁금해졌었지<br/>그때의 그 밤이 생각이 날 때면<br/>가끔씩 눈 감아 보곤 해<br/>아직 나는 사랑이 서툴고<br/>아직까지 세상을 모르죠<br/>어른이 되면 나아질 거라 믿었죠<br/>아픔 상처들이 무뎌져서<br/>아픈 기억들이<br/>고맙게 생각이 나더라<br/>스물한 살 그때 우리<br/>시간이 지나면<br/>우린 더 선명해지겠지<br/>너무 아프고 어렸었던 그때 너와 나<br/>아픔 상처들이 무뎌져서<br/>아픈 기억들이<br/>고맙게 생각이 나더라<br/>스물한 살 그때의 너와 나<br/>
"
4182,어느 새(디깅클럽서울 Ver.),백예린백예린,온스테이지 디깅클럽서울 THEME 01,"11,885",<dd>2019.06.19</dd>,"어느새 내 나이도 희미해져 버리고<br/>이제는 그리움도 지워져 버려<br/>어느새 목마른 가슴을<br/>모두 잃어버린<br/>무뎌진 그런 사람이<br/>나는 되어만 가네 어느새<br/>시간은 사랑하는 사람마저 빼앗아<br/>나를 상심하게 만들었지만 어느새<br/>이제는 가슴 시린 그런 기억조차도<br/>모두 깨끗하게 잊어버린<br/>무뎌진 사람이 되가네 어느새<br/>어느새 목마른 가슴을<br/>모두 잃어버린 나<br/>무뎌진 그런 사람이<br/>나는 되어만 가네 어느새<br/>시간은 사랑하는 사람마저 빼앗아<br/>나를 상심하게 만들었지만 어느새<br/>이제는 가슴 시린 그런 기억조차도<br/>모두 깨끗하게 잊어버린<br/>무뎌진 사람이 되가네 어느새<br/>
"
4183,Stay,오왠 (O.WHEN)오왠 (O.WHEN),"단, 하나의 사랑 OST Part.5","2,039",<dd>2019.06.19</dd>,"꿈 속 어디 선 듯<br/>널 본 것만 같아 음<br/>점점 커져만 가 너라는 작은 세상<br/>두 눈을 감아도 널 느낄 수 있어 음<br/>이대로 영원히 깨지 않았으면<br/>With you<br/>Woo Woo Just Stay<br/>내게 머물러 줘 I'm here<br/>Woo Woo I'll Stay<br/>지금처럼만 늘 Just You & I<br/>매일 숨을 쉬듯 널 바라보는 게 좋아<br/>너와 함께라면<br/>이 세상 어디든 Just like heaven<br/>음<br/>Woo Woo Just Stay<br/>내 곁에 있어 줘 I'm here<br/>Woo Woo I'll Stay<br/>네 곁에 있을게 Always Oh<br/>Woo Woo Just Stay<br/>내게 머물러 줘 I'm here<br/>Woo Woo I'll Stay<br/>지금처럼만 늘 Just You & I<br/>
"
4184,좋아 좋아져,오시영오시영,좋아 좋아져,340,<dd>2019.06.19</dd>,"하나부터 니가 좋아 좋아져<br/>첫눈에 니가 좋아좋아져 정말<br/>바라만 봐도 좋은 사람<br/>니가 웃을때 좋아<br/>설레임이 가득하죠 love<br/>가벼워진 내 발걸음 love<br/>눈만 뜨면 너를 찾게 돼<br/>두근두근 두근두근<br/>운명처럼 만난거죠 love<br/>또 다른 나라 믿어요<br/>그대 손길 닿을 때 떨려요<br/>날아갈 듯 좋아요<br/>하나부터 니가 좋아 좋아져<br/>첫눈에 니가 좋아 좋아져 정말<br/>바라만 봐도 좋은 사람<br/>니가 웃을때 좋아<br/>날보는 눈빛이 좋아 좋아져<br/>어쩌면 이렇게도 니가 좋니<br/>너의 곁에서만 있고싶어<br/>널 좋아하니까<br/>설레임이 가득하죠 love<br/>가벼워진 내 발걸음 love<br/>눈만 뜨면 너를 찾게돼<br/>두근두근 두근두근<br/>운명처럼 만난거죠 love<br/>또 다른 나라 믿어요<br/>그대 손길 닿을 때 떨려요<br/>날아갈 듯 좋아요<br/>하나부터 니가 좋아 좋아져<br/>첫눈에 니가 좋아 좋아져 정말<br/>바라만 봐도 좋은 사람<br/>니가 웃을때 좋아<br/>날보는 눈빛이 좋아 좋아져<br/>어쩌면 이렇게도 니가 좋니<br/>너의 곁에서만 있고싶어<br/>널 좋아하니까<br/>그대도 같은거죠<br/>나와 같은 마음 알아요 알아요<br/>바라보면 그 마음 알수있죠<br/>하나부터 니가 좋아 좋아져<br/>첫눈에 니가 좋아 좋아져 정말<br/>바라만 봐도 좋은 사람<br/>니가 웃을때 좋아<br/>날보는 눈빛이 좋아 좋아져<br/>어쩌면 이렇게도 니가 좋니<br/>너의 곁에서만 있고싶어<br/>널 좋아하니까<br/>
"
4185,얼마나 아팠을까,Fil (필)Fil (필),얼마나 아팠을까,340,<dd>2019.06.19</dd>,"아무 말 없이 떠나간 너는<br/>얼마나 아팠을까 얼마나 슬펐을까<br/>버린다는 게 더 힘든 거잖아<br/>얼마나 아팠을까 날 떠난다는 게<br/>한동안 니가 너무 미워서<br/>아무것도 할 수 없었는데<br/>이제 살 것 같아서<br/>아니 살아야만해서<br/>너 없는 하루가 익숙해져만 가<br/>니가 나의 전부였고<br/>죽을 만큼 사랑했는데<br/>니가 잊혀져가<br/>한동안 니가 너무 그리워<br/>매일 술에 취해 울었는데<br/>이제 살 것 같아서<br/>아니 살아야만해서<br/>너 없는 하루가 또 살아져만 가<br/>니가 나의 전부였고<br/>누구보다 사랑했는데<br/>점점 잊혀져가<br/>이렇게 내가 너를 조금씩<br/>잊어간다는 게 너무 슬퍼져<br/>이제 살 것 같아서<br/>아니 살아야만해서<br/>아니 날 떠나간 니가 너무 미워서<br/>나의 전부였던 너를<br/>누구보다 사랑한 너를<br/>잊은 척 한 거야<br/>
"
4186,들리나요,010010,들리나요,59,<dd>2019.06.19</dd>,"그대 무릎에서 웃던 어린 내가<br/>어른이 되었죠 보이나요<br/>이젠 울지 않고 뭐든 이겨내는<br/>사람이 되었죠 보이나요<br/>알아요 행복하게<br/>날 보던 당신의 눈<br/>그 기억이 나를 이렇게<br/>살아가게 하고 있죠<br/>그렇게 시간이 많이 흘렀어요<br/>제법 혼자인게 익숙하죠<br/>그대도 거기서 잘 있을거라<br/>아무 걱정없이 믿을게요<br/>알아요 행복하게<br/>날 보던 당신의 눈<br/>그 기억이 나를 이렇게<br/>살아가게 하고 있죠<br/>알아요 어딨는지<br/>그래서 괜찮아요<br/>다시 보게 되면 그땐<br/>내가 미소 짓게 할게요<br/>들리나요 내 목소리<br/>이 노래가 그대에게 닿기를<br/>알아요 내게 하려<br/>했었던 그 말들을<br/>다시 보게 되면 그때는<br/>내가 더 먼저 할게요<br/>사랑해요<br/>
"
4187,괜찮은가요,박종원박종원,괜찮은가요,1,<dd>2019.06.19</dd>,"괜찮은건지<br/>잘지내는지<br/>모든게 걱정이돼<br/>처음이라서<br/>모든것들이<br/>서투른 나였었어<br/>그런 날보며<br/>지쳤었나봐<br/>바보같던 나라서<br/>괜찮은 가요 그댄<br/>아직도 난 너무 아파요<br/>사랑을 잊는다는게<br/>사람을 잊는다는게<br/>쉽지가 않아서<br/>혹시 그대도 나와 같다면<br/>그대도 나와 같다면<br/>늦지않게 돌아와<br/>함께할 시간<br/>함께꿀 꿈도<br/>많을줄 알았는데<br/>해주지 못한<br/>많은것 들이<br/>지금도 후회가 돼<br/>이젠 더이상<br/>스칠 일조차<br/>없는 걸 알고있어<br/>괜찮은 가요 그댄<br/>여전히 난 너무 아파요<br/>사랑을 잊는다는게<br/>사람을 잊는다는게<br/>쉽지가 않아서<br/>혹시 그대도 나와 같다면<br/>그대도 나와 같다면<br/>웃던 니 모습도 울던 네 모습도<br/>잊혀지지가 않았어<br/>혹시나 듣고있다면<br/>혹여나 듣게된다면<br/>다시 올 순 없니<br/>거기서 기다릴테니<br/>늦더라도 돌아와<br/>
"
4188,그립고 그립다,유재연유재연,First Single Album [그립고 그립다],17,<dd>2019.06.19</dd>,"멍하니 또 한참을 서 있다<br/>초점 없는 두 눈속 가득차 umm<br/>끝없이 펼쳐진 흔적들<br/>어느센가 나를 끌어당겨<br/>거짓말 수백번 되뇌어 봐도 넌 왜<br/>선명한지 더 그립고 그리운 너 umm<br/>멈추고 파도 돌아서 다시 또 네게 <br/>우리의 시간 둘만의 기억들이 umm<br/>내 맘속 박혀 그립다 <br/>네가 난 점점 선명해져<br/>어디선가 들리는 목소리<br/>날 부르는 너인것만 같아 umm<br/>그칠줄 모르는 이 비에<br/>어느센가 깊게 잠기곤해<br/>거짓말 수백번 되뇌어 봐도 넌 왜<br/>선명한지 더 그립고 그리운 너 umm<br/>멈추고 파도 돌아서 다시 또 네게 <br/>우리의 시간 둘만의 기억들이 umm<br/>내 맘속 박혀 그립다 <br/>네가 난 점점 선명해져<br/>
"
4189,노을 따라 퇴근길,두난두난,노을 따라 퇴근길,3,<dd>2019.06.19</dd>,"해질무렵 일을 모두 마감하고<br/>내 차에 올라타<br/>땀에 흠뻑 젖은<br/>등을 편히 기대고<br/>집에 가는 도로를 향해<br/>핸들을 틀어<br/>붉어진 저 노을을 따라가니<br/>수 많은 차들이 길 위에 서있어<br/>꽉 막힌 아스팔트 위에<br/>내 오늘 하루를 이렇게<br/>침묵하며 마치네<br/>빽빽히 들어찬 높은 건물들<br/>그안에 모래알 같은 내가 있어<br/>창문에서 불들이 하나씩 켜져가<br/>밤을 맞이하기 위해서<br/>깜빡깜빡 거리는<br/>초록불의 신호등<br/>그뒤 붉은 석양이<br/>훤히 퍼져<br/>반짝 반짝 거리는<br/>노을 옆의 별들이<br/>태양 바로 옆에서<br/>환히 빛나<br/>따닥따닥 서있는<br/>도로위에 차들이<br/>빨간색 빛을 뿌리고<br/>길게 퍼져<br/>째깍 째깍 거리는<br/>손목 시계 소리가<br/>노을 빛을 내리고<br/>이 밤을 불러와<br/>해가 지기 전이라<br/>하늘은 너무나 붉어<br/>저녁은 무얼로 먹을까<br/>기억을 천천히 불러<br/>이 많은 차들의<br/>바퀴가 서서히 굴러가<br/>그렇게 서둘렀던<br/>아침과는 다르게<br/>밤의 별을 기다리며<br/>사람들은 느긋해<br/>경적소리 하나가 없는<br/>아주 고요한 퇴근 길<br/>생각에 잠겨 인도를<br/>뚜벅뚜벅 걸어가는 사람들<br/>모두 다 각자의 내일을 위해<br/>오늘 하루 저녁시간을<br/>소중하게 보내 그러면<br/>아주 시원하고 조용한<br/>밤이 높이 다가오네<br/>깜빡깜빡 거리는<br/>초록불의 신호등<br/>그뒤 붉은 석양이<br/>훤히 퍼져<br/>반짝 반짝 거리는<br/>노을 옆의 별들이<br/>태양 바로 옆에서<br/>환히 빛나<br/>따닥따닥 서있는<br/>도로위에 차들이<br/>빨간색 빛을 뿌리고<br/>길게 퍼져<br/>째깍 째깍 거리는<br/>손목 시계 소리가<br/>노을 빛을 내리고<br/>이 밤을 불러와<br/>마음이 이리 허전해도<br/>길게도 뻗은 도로를 보며<br/>새로운 기분에 휩싸여<br/>오늘은 이렇게 지나가지만<br/>내일은 신비로운<br/>일이 있을 것이라며<br/>
"
4190,날 봐 (Feat. 최재문 (Trombone Ver.)),FM43FM43,날 봐 (Trombone Ver.),12,<dd>2019.06.19</dd>,가사가 없습니다
4191,날 봐 (Feat. 장효석 (Melodion Ver.)),FM43FM43,날 봐 (Melodion Ver.),9,<dd>2019.06.19</dd>,가사가 없습니다
4192,난 너를,비가 내리는 밤비가 내리는 밤,난 너를,1,<dd>2019.06.19</dd>,"내겐 너뿐이야<br/>라고 내게 말하던<br/>그대가 이렇게 모질단 걸<br/>이제야 난 느껴요<br/>이미 나는 그대의 품 안이<br/>익숙해져 버린 바보가 됐는데<br/>나는 자신이 없어요<br/>그대 없는 삶이라는 건<br/>보고 싶어요 그 어떤 걸 해도<br/>내 맘을 당신이 알까요<br/>이미 나는 그대의 품 안이<br/>익숙해져 버린 바보가 됐는데<br/>나는 자신이 없어요<br/>그대 없는 삶이라는 건<br/>보고 싶어요 그 어떤 걸 해도<br/>내 맘을 당신이 알까요<br/>
"
4193,스쳐지나간 우리의 봄날들,엘러퀀스엘러퀀스,#Eq.1,20,<dd>2019.06.19</dd>,"하나둘씩<br/>떨어지는 벚꽃 잎들 바라보니<br/>스쳐 지나간 우리의 봄날들이<br/>유난히 눈앞에 아른거리네요<br/>여기 있을게요<br/>다시 돌아올 수 있게 나 여기서<br/>기다릴 테니까<br/>내게서 떠나지 마요<br/>날 보며 웃어주던 너의<br/>마음까지 떠나가네요<br/>나 이렇게 홀로 남겨진 채로<br/>애꿎은 미련만 탓하며<br/>모든 아픔 다 무뎌질 테니<br/>내 곁에 있어줘요<br/>정말 괜찮아요<br/>수많은 울음을 삼키고 삼키며<br/>기억만이라도 남겨둘 테니<br/>내게서 떠나지 마요<br/>날 보며 웃어주던 너의<br/>마음까지 떠나가네요<br/>나 이렇게 홀로 남겨진 채로<br/>애꿎은 미련만 탓하며<br/>모든 아픔 다 무뎌질 테니<br/>내 곁에 있어줘요<br/>돌아와 준다면 다 괜찮아요<br/>
"
4194,그랬다면,하늘하늘,그랬다면,3,<dd>2019.06.19</dd>,"사랑한다는 말 한마디가 어려워서<br/>고맙다는 그 말 한마디가 어려워서<br/>마음껏 표현하고 사랑했다면<br/>지금도 우린 행복했을 텐데<br/>내가 그 한마디를 아끼지 않았다면<br/>우린 좋았을 텐데 그랬을 텐데<br/>미안하다는 말 한마디가 어려워서<br/>보고 싶다는 말 한마디가 어려워서<br/>마음껏 표현하고 사랑했다면<br/>지금도 우린 행복했을 텐데<br/>내가 그 한마디를 아끼지 않았다면<br/>우린 좋았을 텐데 그랬을 텐데<br/>
"
4195,그러면 돼,그려준그려준,그러면 돼,61,<dd>2019.06.19</dd>,"햇살이 눈부신 날<br/>오늘 난<br/>멋지게 꾸며 입고선<br/>예전부터 감춰온 얘기를<br/>오늘 꺼내보려 해<br/>난 너만 있으면 돼<br/>넌 모르겠지만<br/>난 너만 있으면 돼<br/>작은 하나까지도<br/>내겐 소중하단 걸 말이야<br/>항상 꿈에 나온 너<br/>오늘 넌<br/>그때만큼 아름답고<br/>매일매일 연습한 이 고백을<br/>지금 말하려고 해<br/>난 너만 있으면 돼<br/>넌 모르겠지만<br/>난 너만 있으면 돼<br/>작은 하나까지도<br/>내겐 소중하단 걸 말이야<br/>난 너만 볼 수 있다면 좋아<br/>난 너만 옆에 있다면 좋아<br/>넌 내 곁에만 있어주면 돼<br/>
"
4196,mind (feat. 감성돔),ONZONZ,mind,2,<dd>2019.06.19</dd>,"붉게 물든 노을빛에 얼굴을 담그다<br/>떠올 려진 작은 추억<br/>내 마음에 상처를<br/>하나 지워지지 않은 네 표정까지<br/>언젠간 흐려져도<br/>던져진것 같은 버려진 내 마음<br/>이대로 둘거야 영원히<br/>어<br/>밤에 피던 그 꽃들이 아침엔 스러져<br/>억지 손짓 매만져도<br/>차가운 넌 떠나네<br/>하나 지워지지 않은 네 표정까지<br/>언젠간 흐려져도<br/>던져진것 같은 버려진 내 마음<br/>이대로 둘거야 영원히<br/>어<br/>어<br/>하나 지워지지 않은 네 표정까지<br/>언젠간 흐려져도<br/>던져진것 같은 버려진 내 마음<br/>이대로 둘거야 영원히<br/>상처 안고 걸어가는 피로한 발자욱<br/>돌아 볼까도 해봤지만<br/>그 끝에 니가 있어<br/>
"
4197,사근사근,직이 (zike)직이 (zike),착한이별,0,<dd>2019.06.19</dd>,"달콤달달 했었는데 네가<br/>변한것도 무리는 아니지<br/>항상 네 눈에서는<br/>꿀이 뚝뚝 떨어져서<br/>절대 울진 않을 거라<br/>생각을 했었는데<br/>언젠가부터 네 눈에서도<br/>눈물이 비쳤어<br/>내 잘못인걸 누굴 원망하고<br/>누굴 탓하겠어<br/>사랑만으로는 안되는 것이<br/>있다는걸 알았어<br/>이유야 어찌됐든<br/>행복하게 해주지 못했어<br/>꽃길만 걷게 해주겠다고<br/>다짐했었는데<br/>달달했던날도 투덜거리던 날도<br/>한땐 행복이었지<br/>웃고 있다 해도<br/>그게 꼭 기쁜건 아니고<br/>눈물이 나도 꼭 슬픈 것은 아니야<br/>서로사랑 했었는데<br/>점점 이상해지는 사이지<br/>감당하지도 못하면서<br/>사랑할 수 있을줄 알았어<br/>아무것도 해준게 없는데<br/>괜찮을거라 생각했어<br/>우리사이 갭이 벌어지는걸<br/>느끼고 있었어<br/>머리는 쿨한데 불안한 속맘은<br/>숨길수가 없네<br/>사랑했던 기억은 흐릿 한데도<br/>잊혀지지 않아<br/>이유야 어찌됐든<br/>행복하게 해주지 못했어<br/>꽃길만 걷게 해주겠다고<br/>다짐했었는데<br/>달달했던 날도 투덜거리던<br/>날도 한땐 행복이었지<br/>웃고 있다 해도 그게 기쁜건 아니고<br/>눈물이 나도 슬픈 것은 아니야<br/>네가 했던 그 말 기억해<br/>I remember you said that<br/>미움반 사랑반 미운정 고운정 다잊고<br/>내 가슴속에 있는 넌 행복하길 바랄게<br/>
"
4198,강,dahindahin,강,16,<dd>2019.06.19</dd>,"주인 없는 나룻배<br/>뭉게구름 떠다니고<br/>길 잃은 나뭇잎<br/>뻐꾸기 한 마리 날아가네<br/>매일 그 곁에 앉아 노래했어<br/>바람의 노래에 내 목소릴 얹으며<br/>높이 날 순 없을 것 같다 말했어<br/>하지만 더 멀리<br/>헤엄치길 원하는 세상<br/>난 그저 흐르고 싶어 이 강물처럼<br/>내게 부딪혀오는 무거운<br/>아픈 맘을 모두 품고서<br/>잔잔히 흐르는 이 강물처럼<br/>난 그저 흐르고 싶어 이 강물처럼<br/>내게 부딪혀오는 날카로운<br/>기억들을 모두 품고서<br/>잔잔히 흐르는 이 강물처럼<br/>제발 나를 되돌려줘<br/>뭍에 나와 숨가쁜 내 모습을 좀 봐<br/>난 그저 흐르고 싶어 이 강물처럼<br/>내게 부딪혀오는 날카로운<br/>기억들을 모두 품고서<br/>잔잔히 흐르는 이 강물처럼<br/>어른거린다 사라져간다<br/>보이지 않는다<br/>여전히 투명한 강물에<br/>이제 나는 없다<br/>
"
4199,그럼 좋겠어 (With 성인창),르미에르미에,그럼 좋겠어,45,<dd>2019.06.19</dd>,"말 못해 너에게<br/>바보처럼 울고만 있는데<br/>말 못해 너에게<br/>나의 맘 아무짝에 쓸모도 없잖아<br/>너의 이별위로 할 때 마다<br/>너의 그 사람이 아니고서야<br/>내가 뭘 하겠어<br/>그럼 좋겠어 내 앞에 니가<br/>딴사람 품에 안겨서 행복하게<br/>그럼 좋겠어 그런 널 바라보다가<br/>내가 지쳤으면 좋겠어<br/>너의 이별위로 할 때 마다<br/>너의 그 사람이 아니고서야<br/>내가 뭘 하겠어<br/>그럼 좋겠어 내 앞에 니가<br/>딴사람 품에 안겨서 행복하게<br/>그럼 좋겠어 그런 널 바라보다가<br/>내가 지쳤으면 좋겠어<br/>내가 지쳤으면 좋겠어<br/>
"
4200,랄랄라맨의 고백,랄랄라맨 (LALALA - MAN)랄랄라맨 (LALALA - MAN),랄랄라맨의 고백,3,<dd>2019.06.19</dd>,"사랑하는 그대<br/>예쁜 마음 담아<br/>지금 이 노래를<br/>불러 드릴게요<br/>차가왔었던 내 맘 깊은 곳을<br/>환한 빛으로 물들인 너<br/>고운 미소에 담겨있던 수줍은 맘<br/>그건 바로 사랑이 되었지 사랑이야<br/>사랑하는 그대<br/>예쁜 마음 담아<br/>지금 이 노래를<br/>불러 드릴게요<br/>아름다운 당신 곁에<br/>고이 잠이 들고<br/>언제 어디서나 우리<br/>항상 함께 해요<br/>저기 저만치 망설이던 내게<br/>손을 흔들며 반겨준 너<br/>낯선 인사를 주고받던 설레던 맘<br/>그건 바로 행복이 되었지 행복이야<br/>사랑하는 그대<br/>예쁜 마음 담아<br/>지금 이 노래를<br/>불러 드릴게요<br/>아름다운 당신 곁에<br/>고이 잠이 들고<br/>언제 어디서나 우리<br/>항상 함께 해요<br/>몰래 적은 마음<br/>이 노래로 남아<br/>몹시 서툴 지만<br/>불러 보고 있죠<br/>지금 잡은 당신 손을<br/>놓지 않을래요<br/>세상 끝날까지 우리<br/>떨어지지 마요<br/>
"
