1901,보통날의 기적 (Feat. 폴킴),스텔라장 (Stella Jang)스텔라장 (Stella Jang),보통날의 기적 (Feat. 폴킴),"14,112",<dd>2019.11.08</dd>,"I’m waiting for a miracle<br/>내 보통뿐인 나날에<br/>Oh would you be my miracle<br/>난 너에게 늘 감사해<br/>저물어 가는 해는<br/>약속을 하지 않아요<br/>오늘이 지나가도<br/>날 잊지 않길 바라요<br/>You<br/>You<br/>I’m waiting for a miracle<br/>내 보통뿐인 나날에<br/>Oh let me be your miracle<br/>난 이미 너를 자랑해<br/>저물어 가는 해는<br/>약속을 하지 않아요<br/>오늘이 지나가도<br/>내 손을 놓지 말아요<br/>You<br/>You<br/>I’m waiting for a miracle<br/>내 보통뿐인 나날에<br/>Oh would you be my miracle<br/>난 이미 너를 사랑해<br/>저물어 가는 해는<br/>약속을 하지 않아요<br/>오늘이 지나가도<br/>그대 나와 함께 가요<br/>You<br/>그대는 나의<br/>그대는 나의<br/>You<br/>기적이죠<br/>기적이죠<br/>영원을 닮은 기다림 끝에<br/>나를 찾아온 그대<br/>일어나지 않을 것만 같았던<br/>기적<br/>You’ll always be my miracle<br/>Lalala<br/>보통날이 아름다운 건<br/>그대란 기적 때문이죠<br/>내 하루를 밝혀주는 건<br/>그대란 이름의 빛이죠<br/>You’ll always be my miracle<br/>You’ll always be my miracle<br/>난 이미 그대를 자랑해<br/>난 이미 그대를 사랑해<br/>그댄 내 보통날의 기적이죠<br/>
"
1902,별이 된 너,변진섭변진섭,Dream Together,396,<dd>2019.11.08</dd>,"나 너를 처음 만난 날<br/>저녁노을은 지고<br/>별빛만이 우리를 따스하게 비췄지<br/>너의 눈엔 별빛이 내 눈엔 너의 미소<br/>우리는 서로에게 작은 설렘이였지<br/>오 그대여 나의 사랑아<br/>이젠 그댈 볼수없어요<br/>그리운 너의 모습 이제 어디로<br/>내 기억속에 남아있는 그 미소<br/>너를 사랑할땐 몰랐어<br/>이토록 힘든 시간들을<br/>그리워 그리워 눈물이 흘러<br/>그대여 닿을 수 없는 별이 된 사람<br/>슬픈 별로 남겨진 사랑<br/>우리가 걸었던 길에<br/>피어있던 그 꽃들<br/>그 아픔을 잊은 듯 여전히 향기로워<br/>너의 품에 사랑을 나의 품엔 행복을<br/>우리둘은 서로가 깊은 꿈을 꾸었지<br/>오 그대여 나의 사랑아<br/>이젠 그댈 볼수없어요<br/>사진 속 웃고있는 너의 모습을<br/>바라보는 나의 눈엔 눈물이<br/>너를 사랑할땐 몰랐어<br/>이토록 힘든 시간들을<br/>그리워 그리워 눈물이 흘러<br/>그대여 닿을 수 없는 별이 된 사람<br/>슬픈 별로 남겨진 사랑<br/>그대여 닿을 수 없는 별이 된 사람<br/>슬픈 별로 남겨진 사랑<br/>슬픈 별로 남겨진 사랑<br/>
"
1903,얼마나 다행이었니,임소정임소정,Day and Night,338,<dd>2019.11.08</dd>,"어느새 달라진 말투<br/>차가운 공기만 날 맴돌아<br/>넌 내가 예민한 것 같대<br/>그런가 보다 했는데<br/>점점 뜸해진 연락<br/>넌 날 피하나 봐<br/>요즘 바쁘다는 핑계들로<br/>그러다 알게 된 거야<br/>너의 진심을<br/>외로워 잠시 기댔다고<br/>얼마나 다행이었니<br/>얼마나 기다려 왔니<br/>사소한 오해와 다툼<br/>이별의 단서들<br/>숨이 닿던 날 밤<br/>나를 허물던 네 눈빛<br/>진심이었는데<br/>그게 쉬웠나 봐 너에겐<br/>무심한 너의 표정<br/>무너지는 내 맘<br/>예감이 틀리길 바랬는데<br/>이제야 알게 된 거야<br/>너의 진심을<br/>무료해 곁을 빌렸다고<br/>얼마나 다행이었니<br/>얼마나 기다려 왔니<br/>사소한 오해와 다툼<br/>이별의 단서들<br/>숨이 닿던 날 밤<br/>나를 허물던 네 눈빛<br/>진심이었는데<br/>그게 쉬웠나 봐 너에겐<br/>부디 너 같은 사람 만나 아프라고<br/>너를 욕하고 큰소리쳐도 부족할 텐데<br/>전부 내 탓인 것만 같아 이 모든 게<br/>아무 말 못 하고<br/>혼자 우는 내가 미워져<br/>얼마나 다행이었니<br/>얼마나 기다려왔니<br/>사소한 오해와 다툼<br/>이별의 단서들<br/>모른 척 지날걸<br/>우릴 밀치던 그 달빛<br/>사랑이었는데<br/>부담이었나 봐 모든 게<br/>
"
1904,고향의 봄,이소은이소은,고향의 봄,169,<dd>2019.11.08</dd>,"나의 살던 고향은 꽃 피는 산골<br/>복숭아꽃 살구꽃 아기 진달래<br/>울긋불긋 꽃대궐 차리인 동네<br/>그 속에서 놀던 때가 그립습니다<br/>꽃동네 새동네 나의 옛 고향<br/>파란 들 남쪽에서 바람이 불면<br/>냇가에 수양버들 춤추는 동네<br/>그 속에서 놀던 때가 그립습니다<br/>그 속에서 놀던 때가 그립습니다<br/>
"
1905,몇 발자국의 보폭이어야 너를 다시 만날 수가 있는 걸까,빨간의자빨간의자,몇 발자국의 보폭이어야 너를 다시 만날 수가 있는 걸까,288,<dd>2019.11.08</dd>,"해가 저물고 널 만나게 되면<br/>마음 깊이 새겨 놓은<br/>말들을 하고 싶어<br/>수놓은 밤하늘 별을<br/>보곤 해 너는 알까<br/>네 이름만 흥얼거리는 날 모를 거야<br/>참 버거웠던 맘 먼저 다가가기에<br/>두려움 앞선 내 손을 잡아줘<br/>날 바라보는 다정한 눈빛<br/>얼마나 볼 수 있는지 몰라<br/>내일도 모레도 그 훗날에도<br/>나를 좋아해주기를 바랄 뿐이야<br/>너와 걷던 길을 떠올릴 때면<br/>마음 한구석이 왜 이리도 아픈지<br/>잠들지 못하는<br/>새벽이 되고 너는 알까<br/>네 생각에 잠기는<br/>이 밤을 모를 거야<br/>참 버거웠던 맘 먼저 다가가기에<br/>두려움이 앞선 내 손을 잡아줘<br/>날 바라보는 다정한 눈빛<br/>얼마나 볼 수 있는지 몰라<br/>내일도 모레도 그 훗날에도<br/>나를 좋아해주기를 바랄 뿐이야<br/>혹시 내가 곁에 없어도<br/>잊지 않고 기억해줄래<br/>내일도 모레도 그 훗날에도<br/>나를 좋아해 주기를 바랄 뿐이야<br/>몇 발자국의 보폭이어야 할까<br/>너를 다시 만날 수가 있는 걸까<br/>
"
1906,Memories,이은아이은아,Memories,75,<dd>2019.11.08</dd>,"아무런 말 하지 않아도 난 괜찮아<br/>미안한 마음 두 눈 가득 고여서 이젠 알아<br/>무슨 말을 꺼내야 할지 모르지만 <br/>우리의 처음 꿈만 같던 그때를 기억해줘<br/>차가운 바람 손끝에 닿은 <br/>서로의 온기 따스한 마음과<br/>짧았던 하루 망설이던 안녕까지<br/>그 모든 게 아름다웠다고<br/>마음에 내린 빗방울 <br/>살며시 가려주던 따스한 품과<br/>닫혀있던 날 두드리던 네 목소리<br/>그 모든 게 아름다웠다고<br/>
"
1907,진심,헤이데이 (HEYDAY)헤이데이 (HEYDAY),진심,65,<dd>2019.11.08</dd>,"사실은 네게 할 말이 있었어 <br/>내 맘 속 깊이 담아뒀었던 말들<br/>내 모습에 가려져서 솔직해지지 못했어<br/>한 때 네가 했던 말 있지 <br/>내가 언제나 빛나고 있단 말들<br/>그 땐 나는 왜 몰랐을까 <br/>네가 남겨둔 너의 마음<br/>아직도 한참을 생각해<br/>네가 왜 그런 말을 내게 해 왔던 걸까<br/>내가 빛나서 아니 네가 날 빛나게 해서<br/>사실은 내가 의심이 많아서<br/>너를 그대로 못 봤는지도 몰라<br/>그런 너를 다시 보게 된 건<br/>기억 속 남은 너의 온기<br/>아직도 한참을 생각해<br/>네가 왜 그런 말을 내게 해 왔던 걸까<br/>내가 빛나서 아닌 <br/>날 있는 그대로 바라봐줘서<br/>다시금 그날을 기억해<br/>네가 왜 나를 그런 눈으로 바라본지 <br/>되새겨보면 다시 느낄 수 있을까봐<br/>너의 존재를 <br/>이제야 알겠어 너의 진심 <br/>
"
1908,가을동화 (Autumn Fairy Tale),기훈 (KIHUN)기훈 (KIHUN),가을동화 (Autumn Fairy Tale),52,<dd>2019.11.08</dd>,"기다립니다<br/>벤치에 앉아 낙엽과 함께<br/>흘러갑니다<br/>강물과 함께 이 시간도<br/>가을의 끝에 선 우리<br/>끝은 동화같겠죠<br/>그대 날 잊어준다면<br/>잔혹한 동화는 아닐꺼예요<br/>그대가 날 이해한다면<br/>이 시간이 모두 추억이겠죠<br/>가을은 깊어만 가는데<br/>우리의 사랑은 끝이 없나요<br/>낙엽이 떨어져 가듯이<br/>우리의 사랑도 잊어주세요<br/>또 다른 가을엔 우리<br/>다른 사랑하겠죠<br/>새로운 꽃이 피듯이<br/>우리에게도 봄이 오겠죠<br/>그대도 날 이해한다면<br/>이 시간이 모두 거름이겠죠<br/>가을은 깊어만 가는데<br/>우리의 사랑은 끝이 없나요<br/>낙엽이 떨어져 가듯이<br/>우리의 사랑도 잊어주세요<br/>이제 그만 붙잡아<br/>우린 아닌거잖아<br/>서로에게 힘이 안된다는 걸<br/>차라리 좋은 사람만나<br/>행복해야돼<br/>언젠가 너도 이해할꺼야<br/>가을은 깊어만 가는데<br/>우리의 사랑은 왜 끝이 없나요<br/>낙엽이 떨어져 가듯이<br/>우리의 사랑도 잊어주세요<br/>
"
1909,"Good Night (Feat. 다해, 신원종)",김민지김민지,Dear. 03737,1,<dd>2019.11.08</dd>,"홀로 침대에 누워 같이 있던 자리에<br/>혼자 잠이 들어<br/>홀로 침대에 누워 같이 듣던 노래를<br/>나혼자 듣고 있어<br/>Good night<br/>전화조차 하지 못한 밤이지만<br/>너의 목소릴 듣고 싶은 밤<br/>Good night<br/>나혼자 힘들어하는 밤이지만<br/>잠 못드는 밤<br/>Good night<br/>나 없이도 잘 지낼 너이기에<br/>Good bye<br/>잡을 틈조차 안 준 널 보내줄게<br/>홀로 침대에 누워 같이 보던 영화에<br/>혼자 눈물 흘려<br/>홀로 침대에 누워 같이 찍은 사진을<br/>나 혼자 보고 있어<br/>Good night<br/>전화조차 하지 못한 밤이지만<br/>너의 목소릴 듣고 싶은 밤<br/>Good night<br/>나혼자 힘들어하는 밤이지만<br/>잠 못드는 밤<br/>Good night<br/>나 없이도 잘 지낼 너이기에<br/>Good bye<br/>잡을 틈조차 안 준 널 보내줄게<br/>너와 헤어진 이후로<br/>단 한 번도 후회하지 않은 적 없다고<br/>Good night<br/>전화조차 하지 못한 밤이지만<br/>너의 목소릴 듣고 싶은 밤<br/>Good night<br/>나혼자 힘들어하는 밤이지만<br/>잠 못드는 밤<br/>Good night<br/>나 없이도 잘 지낼 너이기에<br/>Good bye<br/>잡을 틈조차 안 준 널 보내줄게<br/>
"
1910,그림 속 나의 사랑,실버 테이블 (Silver Table)실버 테이블 (Silver Table),YEARNING,1,<dd>2019.11.08</dd>,"그런 슬픈 표정 속에 <br/>너의 눈물 흐른 만큼 나는 <br/>수없이 많은 밤을 <br/>기다림에 이끌려 살았네<br/>소리 없이 나의 앞에 <br/>다가와준 너의 안에 쌓인 <br/>이제는 희미해진 <br/>나의 사랑을 느끼고 싶어<br/>나의 어둠을 모두 가려줄 사람 <br/>너와 함께 있고 싶어<br/>내게로 올 널 그리며 <br/>살아가는 나의모습 잊고 싶어 <br/>기억속의 내 꿈처럼 <br/>나의 사랑을 네게 말하고 싶어 <br/>내게로 올 널 그리며<br/>살아가는 나의모습 잊고 싶어<br/>기억속의 내 꿈처럼<br/>나의 사랑을 네게 말하고 싶어<br/>
"
1911,소중한 너의 꿈을 위해,시슬리시슬리,소중한 너의 꿈을 위해,1,<dd>2019.11.08</dd>,"소중한 건 쉽게 가질 수 없죠<br/>내 꿈도 그렇게<br/>시련이 날 아프게 해도<br/>날 지켜 봐요 이뤄 낼 거예요<br/>훗날 내 모습 후회 하지 않게<br/>그날을 생각하며<br/>달려가봐요<br/>그러면 끝이 언젠가 보일거예요<br/>어제보다 나은 오늘을 위해<br/>오늘보다 나은 내일을 위해<br/>어제보다 나은 오늘을 위해<br/>오늘보다 나은 내일을 위해<br/>사랑한다면<br/>기다려줘요<br/>꿈을 생각하며<br/>이루어 가요<br/>나에게 용기를 줘요<br/>그날은 당신에게 있으니까<br/>지쳐 쓰러져 넘어져 있다 해도<br/>세상으로<br/>넌 다시 나가<br/>그 누가 알아 주지 않는 데도<br/>일어나 걸을 수 있어<br/>어제보다 나은 오늘을 위해<br/>오늘보다 나은 내일을 위해<br/>어제보다 나은 오늘을 위해<br/>오늘보다 나은 내일을 위해<br/>넌 너의 길을 가면되<br/>평범한 삶을 살기엔 넌<br/>특별한 사람이야<br/>어디서든 네가 눈에 띄어<br/>어제보다 나은 오늘을 위해<br/>오늘보다 나은 내일을 위해<br/>어제보다 나은 오늘을 위해<br/>오늘보다 나은 내일을 위해<br/>소중한 너의 꿈을 위해<br/>소중한 너의 꿈을 위해<br/>내가 너의 뒤에 서 있을께<br/>소중한 너의 꿈을 위해<br/>
"
1912,멍청하게,비가 내리는 밤비가 내리는 밤,멍청하게,3,<dd>2019.11.08</dd>,"널 그만 놓아주려고<br/>생각하는 걸 멈췄어<br/>더 선명해지는 걸<br/>아직도 나만 혼자<br/>아픈 것 같아<br/>너는 잘 지내는지<br/>저 멀리 웃는 널 봐<br/>너처럼 웃을 순 없을까<br/>난 또 울고 있는데<br/>착각이었었나 봐<br/>나처럼 너도 힘들다고<br/>나만 그랬나 봐<br/>멍청하게 가만히 서서<br/>쳐다봤어<br/>넌 날 모르는 사람처럼<br/>눈도 안 마주쳤어<br/>사랑마저 나 혼자 했구나<br/>그냥 너에겐 재미였는지도<br/>널 위해 울던 내가 무색하게<br/>너처럼 웃을 수 있을까<br/>나도 웃고 싶은데<br/>착각이었었나 봐<br/>나처럼 너도 힘들다고<br/>나만 그랬나 봐<br/>멍청하게 가만히 서서<br/>쳐다봤어<br/>넌 날 모르는 사람처럼<br/>눈도 안 마주쳤어<br/>사랑마저 나 혼자 했구나<br/>그냥 너에겐 재미였는지도<br/>농담거리 삼아<br/>날 꺼내어 웃겠지<br/>지나가는 사람들 속에<br/>우두커니 혼자가 됐어<br/>나만 멈 춘 것 같아<br/>사랑마저 나 혼자 했구나<br/>그냥 너에겐 재미였는지도<br/>널 위해 울던 내가 무색하게<br/>
"
1913,오늘을 묻지 못한다,이민아이민아,오늘을 묻지 못한다,64,<dd>2019.11.08</dd>,"이별을 말한 어제가 가고<br/>너가 없는 오늘<br/>이별 후 첫날이 흘러가<br/>머리 질끈 묶고<br/>차라리 잘된일이라고<br/>혼자 라면에 맥주를 마셔<br/>같이 보기로 한 개봉작이 생각나<br/>같이 가기로 한 여행지가 어디지<br/>나 혼자 어쩌라고 맡겨두라 해놓고<br/>아무것도 못하고 있어<br/>모닝콜 없는 아침과<br/>아무 말 없는 카톡이<br/>너와의 이별을 말한다<br/>출근은 잘 했는지<br/>점심은 먹었는지<br/>오늘을 묻지 못한다<br/>너와 함께 했던 좋은 일만 생각나<br/>너를 좋아했던 내 진심이 떠올라<br/>너도 나처럼 울며 보내진 않겠지만<br/>내 생각은 좀 해줄래<br/>만약에 우리<br/>그날에 우리 그럴 수 밖에 없었을까<br/>어쩌면 우리<br/>그날에 우리<br/>그럴 수 밖에 없었을꺼야<br/>퇴근콜 없는 저녁과<br/>아무 말 없는 카톡이<br/>너와의 이별을 말한다<br/>집에는 잘 갔는지<br/>저녁은 먹었는지<br/>오늘을 묻지 못한다<br/>안녕이란 인사조차<br/>하지도 못한 너에게<br/>너와의 이별을 말한다<br/>오늘이 별거라고<br/>이별이 별거라고<br/>내맘을 묻지 못한다<br/>
"
1914,Balloon,로와로와,Balloon,136,<dd>2019.11.08</dd>,"우연히 만난 거리라던가<br/>그 사실에 하루를 맡기고<br/>네 눈을 마주친 순간<br/>난 너를 닮아가<br/>어린아이 때처럼<br/>기다리지 못하는<br/>달콤한 말 같아<br/>내 맘 빈틈에 살랑<br/>살짝 내려앉은 곳에 음<br/>저 하늘에 나 그대를<br/>새겨 놓을 거예요<br/>하나뿐인 나의 이름을<br/>불러준다면<br/>기다림 속에 변해가는<br/>누군간 말을 아껴가고<br/>언제쯤 나는 확실히<br/>전할 수 있을까<br/>어제 오늘 내일도<br/>똑같은 하루인데<br/>다른 것을 기대해<br/>내 맘 붕 뜬 곳 하나<br/>내려가지를 못하네 음<br/>저 하늘에 나 그대를<br/>새겨 놓을 거예요<br/>하나뿐인 나의 이름을<br/>불러준다면<br/>
"
1915,열 (Fever) (Feat. 홍현기),a Flos (어프로스)a Flos (어프로스),열 (Fever),30,<dd>2019.11.08</dd>,"우연히 길거리에서 너를 마주치면<br/>그 순간이 내 하루의<br/>전부가 돼버려<br/>힘겨워 그저 지켜보기엔<br/>아무 의미 없는<br/>나를 향한 너의 손짓 하나조차도<br/>잊으려고 애써보고<br/>널 외면해봐도<br/>눈치 없는 내 마음은<br/>더 뜨거워져만 가네<br/>뒤돌아 멀어져 가는 니 모습<br/>그것 하나마저도 못 보게 될까 봐<br/>두려워 한걸음 더 다가가는 게<br/>억지로 삼켜 너를 좋아한다는 말을<br/>너에게만 바보 같은<br/>날 원망해봐도<br/>눈치 없는 내 마음은<br/>널 사랑하려고 하네<br/>뒤돌아 멀어져 가는 니 모습<br/>그것 하나마저도 못 보게 될까 봐<br/>두려워 한걸음 더 다가가는 게<br/>억지로 삼켜 너를 좋아한다는 말을<br/>모든 게 내 뜻대로 안돼<br/>널 품에 안으면<br/>내 가슴속의 열이 가라앉을까<br/>조금씩 사라져가는 니 향기<br/>그것 하나마저도 사랑하게 됐어<br/>두려워 한걸음 더 다가가는 게<br/>억지로 삼켜 너를 사랑한다는 말을<br/>
"
1916,눈을 감으면,이서영이서영,사랑에 관한 것,18,<dd>2019.11.08</dd>,"눈을 감으면<br/>어지러워요<br/>또 눈을 뜨면 보이는<br/>그대 미워요<br/>눈을 감고 열을 세어볼래요<br/>다 세고 나면 다른 생각 떠오를까요<br/>알 수 없는 마음에<br/>울렁거려요<br/>눈물이 나요<br/>알 수 없는 그대 마음<br/>알 수 없는 그대 표정<br/>눈물이 나요<br/>멈추질 않아요<br/>날 둘러싼 것들에<br/>막을 내리고 싶어<br/>눈을 감아보았는데<br/>감자마자 그리워져요<br/>
"
1917,상념 (Vocal 정예지),유병익유병익,Page5 상념,41,<dd>2019.11.08</dd>,"이제는 떠난 그대<br/>다시 내게 돌아온대도<br/>이미 그때로<br/>돌아갈 수 없음을 알기에<br/>다시는 그대 같은<br/>사랑할 수 없단 생각이<br/>가을바람에 밀려와<br/>내 머리를 감싸네<br/>영원히 사랑한다 말하고는<br/>무심히 떠나간 그댈<br/>잊어야만 하기에<br/>더 잊지 못하게 돼버렸네<br/>차라리 처음부터<br/>사랑하지 않았었다면<br/>지금처럼 이렇게까지<br/>깊이 아프진 않을 텐데<br/>영원히 사랑한다 말하고는<br/>무심히 떠나간 그댈<br/>잊어야만 하기에<br/>더 잊지 못하게 돼버렸네<br/>차라리 처음부터<br/>사랑하지 않았었다면<br/>지금처럼 이렇게까지<br/>깊이 아프진 않을 텐데<br/>공허한 침묵 속에<br/>은은하게 울려 퍼지는<br/>째깍째깍 시계 소리가<br/>시간을 돌리면<br/>빛바랜 낙엽만을 떨구는<br/>저 나무들처럼<br/>그댈 추억하는 내 눈도<br/>눈물만을 떨구네<br/>
"
1918,이마저도 잊어야 할 시간,해준해준,이마저도 잊어야 할 시간,45,<dd>2019.11.08</dd>,"날 보며 우는 너의 모습들을<br/>볼 수 없어 눈을 감아요<br/>준비해 온 이별이라해도<br/>서로에게는 부담일 테니<br/>받아들이며 헤어져야만 해요<br/>우리 사랑이 아름다운 대로<br/>보고프면 보고픈 대로<br/>남은 길을걸어가야 하죠<br/>지난밤들은 끝맺음으로<br/>가슴 깊이 아려오는<br/>어떠한 이유라 해도 우리<br/>흐를 시간들 속에<br/>머무르지 않기로<br/>이마저도 잊어야 할 시간 임을<br/>남은 길을걸어가야 하죠<br/>오늘 밤에는<br/>그대가 없는 꿈 이기를 바라며<br/>가슴 깊이 아려오는<br/>어떠한 이유라 해도 우리<br/>흐를 시간들 속에<br/>머무르지 않기로<br/>이마저도 잊어야 할 시간 임을 난<br/>가슴 깊이아려오는<br/>어떠한 이유라 해도 우리<br/>맞이할 날은 마저<br/>행복하길 바라요<br/>이마저도 잊어야 할 시간 임을<br/>
"
1919,언제쯤이면(prod.redbox),김인영김인영,언제쯤이면(prod.redbox),25,<dd>2019.11.08</dd>,"수많은 날들에 다가온 네모습이 <br/>너무 아름다웠어<br/>한순간도 놓치고 싶지 않아<br/>하나하나 모든것까지 정말<br/>언제쯤이면 널 잊을까 <br/>언제쯤이면 나 또 다시<br/>너를 사랑했던 것만큼 <br/>다시 사랑하게 될까 언제쯤이면<br/>흩어진 날들에 가려져 <br/>더는 보이지 않아 아름답던 모습도<br/>한순간도 놓치고 싶지않던 <br/>하나하나 모든것까지 다<br/>난 언제쯤이면<br/>언제쯤이면 널 잊을까 <br/>언제쯤이면 나 또다시<br/>너를 사랑했던 것만큼 <br/>다시 사랑하게될까 언제쯤이면<br/>또다시 너를 그려보고 있어 미안해<br/>평범하게 사랑하고 <br/>평범함에 행복했었던 날<br/>너를 사랑하지 않아 <br/>너를 사랑하고 있어 난<br/>지쳐가고있어 또다시 <br/>너를 사랑하기전에 그때로<br/>언제쯤이면 널 잊을까<br/>언젠가는 다시<br/>언제쯤이면 나 또다시<br/>너를 사랑했던 것만큼 <br/>다시 사랑할수 있을까 제발<br/>
"
1920,늦은 밤 너의 집 앞 골목길에서,노을노을,늦은 밤 너의 집 앞 골목길에서,"130,071",<dd>2019.11.07</dd>,"오래되었어 그때 너의 웃음<br/>너의 목소리 잊혀진거 같아<br/>시간의 위로 그 말의 의미를 이젠 알아<br/>아픈 니 얘기도 적당히 할 수 있어<br/>그런데 이게 뭐랄까 난 난 술 한잔하면서<br/>괜찮은 듯 얘기하며 널 털어냈는데<br/>집으로 돌아오면서 <br/>한 번 더 떠오른 기억에<br/>걸음을 멈춰 서서 이렇게 울고 있어 <br/>자연스럽게 발걸음을 돌려<br/>나 바래다주던 익숙한 길을 가<br/>밤이 깊어져서 아무것도 보이지 않아도<br/>손을 흔들면서 인사하던 널 봤어 <br/>그런데 이게 뭐랄까 난 난 술 한잔하면서<br/>괜찮은 듯 얘기하며 널 털어냈는데<br/>집으로 돌아오면서 <br/>한 번 더 떠오른 기억에<br/>걸음을 멈춰 서서 이렇게 울고 있어<br/>아무도 없어서 참 다행이야<br/>나 이렇게 편안히 너를 부를 수 있는 걸<br/>외로운 위로겠지만 <br/>그래서 이젠 뭘 할까 난 난 널 생각했어도<br/>괜찮은 듯 얘기하며 다 지워냈는데<br/>집으로 돌아오면서 <br/>한 번 더 떠오른 추억에<br/>걸음을 멈춰 서서 또다시 울고 있어<br/>
"
1921,"나는 나, 이제는 나를 더 사랑하고 싶어",김윤희김윤희,"나는 나, 이제는 나를 더 사랑하고 싶어","2,366",<dd>2019.11.07</dd>,"나는 왜 이 모양일까<br/>왜 이것 밖에 안될까<br/>가끔 내가 내가<br/>보기 싫어질 때가 있어<br/>나 같은 건 뭐가 될까<br/>어른이 되기는 할까<br/>키만 자꾸자꾸 큰다고<br/>다 어른인 걸까<br/>온통<br/>나를 향한 걱정들<br/>나를 향한 비난들<br/>나를 향한 자책들<br/>내가 날 믿지 않아<br/>항상<br/>사랑받고 싶어서<br/>미움받기 싫어서<br/>날 숨겨왔었지<br/>나는 나 이젠 말야<br/>그저 나는 나는 나일뿐이야<br/>이대로 괜찮다고<br/>아무 문제없다고<br/>이제는 나를 더 사랑하고 싶어<br/>더 이상 나를 잃지 않도록<br/>마음은 울고 있는데<br/>겉으론 웃고 있는 게<br/>이런 내가 내가 미워서<br/>또 입술을 깨물어<br/>모두들 나만 보니까<br/>내가 희망이라니까<br/>언제부터 내가 아닌 누군가의 나였어<br/>정말<br/>하루하루 지나면<br/>하나하나 나을까<br/>시간마저 나에겐<br/>약이 돼주지 못해<br/>결국<br/>내가 나를 싫어한<br/>내가 나를 미워한 내 잘못인가봐<br/>나는 나 이젠 말야<br/>그저 나는 나는 나일뿐이야<br/>이대로 괜찮다고<br/>아무 문제없다고<br/>이제는 나를 더 사랑하고 싶어<br/>꿈을 꿔 짙은 어둠 속에서<br/>별처럼 반짝이고 있을 날 찾아<br/>더 이상 울지않아<br/>이제 나는 나를 위한 나야 나<br/>나답게 피어나서<br/>나만의 노래를 부르고 싶어<br/>나는 나<br/>그저 나는 나는 나일뿐이야<br/>이대로 충분하다고<br/>나를 끌어안으며<br/>이제는 나를 더 사랑하고 있어<br/>더 이상 나를 잃지 않도록<br/>
"
1922,눈물 2019,"차쿤, 민영 (Brave Girls)차쿤, 민영 (Brave Girls)",눈물 2019,439,<dd>2019.11.07</dd>,"지나갈 거라고 다 잊혀질 거라고<br/>시간 지나가면 또 언제 그랬냔 듯<br/>혼잣말을 해 난 또 괜찮을 거라고<br/>흔해 빠진 이별일 뿐이라고<br/>애써 내 맘을 달래봐도<br/>난 왜 또 왜 널 왜<br/>모든 걸 다 줄 수 있을 만큼<br/>하나도 아깝지 않을<br/>널 잃고 나니까<br/>내 맘이 말을 해<br/>너를 데려오래<br/>난 여기 그대로인데<br/>이렇게 아픈데 나 왜<br/>눈물이 나<br/>눈물이 나<br/>자꾸만 나<br/>스쳐 흐르는 노래 가사에도<br/>눈물이 나<br/>눈물이 나<br/>괜찮은 척 해봤자<br/>내 맘이 내 맘과 같지 않아서 난<br/>이 눈물 내 눈물 또 눈물<br/>이 눈물 내 눈물 또 눈물<br/>이 눈물 내 눈물 또 눈물<br/>이 눈물 내 눈물 또 눈물<br/>나 너를 보내고 한 순간이라도<br/>널 원망하거나<br/>미워한 적 없었는데<br/>요즘 따라 내 맘이<br/>왜 이럴까 넌 이미<br/>내 모습 다 잊고 지낼 네 모습이<br/>가끔 미워지나 봐<br/>난 왜 또 왜 널 왜<br/>모든 걸 다 줄 수 있을 만큼<br/>하나도 아깝지 않을<br/>널 잃고 나니까<br/>내 맘이 말을 해<br/>너를 데려오래<br/>난 여기 그대로인데<br/>이렇게 아픈데 나 왜<br/>눈물이 나<br/>눈물이 나<br/>자꾸만 나<br/>스쳐 흐르는 노래 가사에도<br/>눈물이 나<br/>눈물이 나<br/>괜찮은 척 해봤자<br/>내 맘이 내 맘과 같지 않아서 난<br/>이 눈물 내 눈물 또 눈물<br/>이 눈물 내 눈물 또 눈물<br/>이 눈물 내 눈물 또 눈물<br/>이 눈물 내 눈물 또 눈물<br/>
"
1923,끝나지 않을 이야기,Stray Kids (스트레이 키즈)Stray Kids (스트레이 키즈),어쩌다 발견한 하루 OST Part.7,"7,826",<dd>2019.11.07</dd>,"기억해 우리 처음 만난 날<br/>수줍던 미소와 쏟아지던 햇살을<br/>눈빛만 보아도 나는 알 수 있었어<br/>우리는 하난 걸 우리는 하난 걸<br/>네가 나란 걸<br/>네가 웃을 때나 힘들 때나<br/>항상 지켜줄게 너를 위해<br/>시간마저 거슬러서<br/>네 앞에 나타날게<br/>I believe I believe<br/>세상이 바뀌어도<br/>변치 않아 약속해 줄래<br/>이 아름다운 곳에서<br/>널 사랑했던 모든 기억은<br/>끝나지 않을 이야기가 되어<br/>빛날 거야<br/>Never say goodbye<br/>너와 난 하나니까<br/>같은 꿈 속을 함께 거닐 테니까<br/>지금 이대로 넌 내 곁에서<br/>웃어주기로 해요<br/>내일 보다 멀리 영원보다 오래<br/>사랑해 널<br/>걱정에 잠 못 들던 새벽엔<br/>너를 보며 저 하늘에 다짐했지<br/>저기 너무나 머나먼 나의 꿈까지<br/>두 손 놓지 않기로 해<br/>잠시 길을 잃어 혹시 외로워져도<br/>작은 숨결 나의 목소릴 들어줘<br/>날 부르면 어디라도<br/>널 찾아갈 테니까<br/>난 울지 않기로 했어<br/>폭풍 같은 하루에서<br/>더 따뜻하게 너를 안으며<br/>지켜주기로 했어<br/>네가 내게 준 사랑이 남아<br/>난 그나마 살아갈 힘이 생겨<br/>You don’t cry 안녕은<br/>다시 만날 때만 Never cry<br/>우리가 만든 얘긴 이렇게 남아서<br/>끝없는 날을 아름답게 만들 거야<br/>찬란한 꿈을 꾸며 살고파 언제나<br/>네 안에서 영원토록<br/>Never say goodbye<br/>너와 난 하나니까<br/>같은 꿈 속을 함께 거닐 테니까<br/>지금 이대로 넌 내 곁에서<br/>웃어주기로 해요<br/>내일 보다 멀리 영원보다 오래<br/>사랑해 널<br/>사랑해 란 말 조금은<br/>뻔할지 모르는 말이지만<br/>절대 아낄 수 없어<br/>세상 무엇보다 너를 아끼니까<br/>너만의 내일 너만의 내일<br/>너만을 위한 내일을 기다리며<br/>하루 종일 끝나지 않을<br/>이야기를 만들어 결말은 제목처럼<br/>지금 이대로 넌 내 곁에서<br/>웃어주기로 해요<br/>내일 보다 멀리 영원보다<br/>오래 My love<br/>Never say goodbye<br/>너와 난 하나니까<br/>같은 꿈 속을 함께 거닐 테니까<br/>지금 이대로 넌 내 곁에서<br/>웃어주기로 해요<br/>내일 보다 멀리 영원보다 오래<br/>사랑해 널<br/>
"
1924,모르는 게 많았어요,"015B, 윤종신015B, 윤종신",The Legacy 06,"1,535",<dd>2019.11.07</dd>,"지금만큼<br/>나 그때 알고 있었더라면<br/>그렇게 바보같이<br/>굴진 않았을 텐데<br/>웃음 나곤 하죠<br/>참 어렸죠<br/>모르는 게 너무나 많았죠<br/>그녀가 늦을 때마다<br/>그저 화만 냈었죠<br/>내게 예쁜 모습 보이려<br/>꾸미다가 늦는 단건 몰랐죠<br/>그녀가 많이 보고 싶네요<br/>심한 말도 많이 했고<br/>울린 적도 많았죠<br/>사랑한다는 그 핑계만으로<br/>구속도 했었죠<br/>그녀를 마지막 본건<br/>기억나진 않아도<br/>너무 고맙죠<br/>나 같은 남자 만나준 그녀<br/>못됐었죠<br/>후회되는 일이 참 많아요<br/>그렇게 습관처럼<br/>헤어지잔 말을 자주<br/>해선 안되는데<br/>싸웠었죠<br/>지는 게 왜 그리 싫었는지<br/>상처를 많이 줬었죠<br/>하늘에 계신 분은<br/>여잘 울린 횟수를<br/>다 기억하고 계신다는데<br/>난 아마 많이 야단맞겠죠<br/>난 그녀가 천사였다<br/>생각하진 않아요<br/>샘도 많았고<br/>전화도 잘 끊는<br/>투정쟁이였죠<br/>그렇지만 그 모든 건<br/>못난 내게 사랑을<br/>확인하고픈 마음이란 걸<br/>나중에서야 알았죠<br/>
"
1925,겨울이 오면,김필김필,동백꽃 필 무렵 (KBS2 수목드라마) OST - Part.8,"10,969",<dd>2019.11.07</dd>,"찬 바람이 불어오면 <br/>들려오는 너의 목소리<br/>단잠을 깨우며 <br/>내린 눈꽃처럼 아름다워<br/>단 한순간이라 해도 <br/>너만의 시간 속에 <br/>들어갈 수만 있기를<br/>널 보며 꿈꾸던 <br/>사랑이 시작되기를 나 기도해<br/>가을이 오면 생각나는 한 사람<br/>붉은 낙엽처럼 세상을 물들이는<br/>아닌 척해봐도 태연한 척해봐도<br/>수줍은 널 보면 사랑인 걸 알 수 있어<br/>너만이 내 사랑<br/>투명한 바람결에도 <br/>난 항상 너를 그려 <br/>널 볼 수만 있다면 <br/>수많은 별처럼 <br/>널 향해 흘러간대도 괜찮은데<br/>겨울이 오면 생각나는 한 사람<br/>하얀 꿈결처럼 세상을 물들이는<br/>아닌 척해봐도 태연한 척해봐도<br/>눈부신 널 보면 사랑인 걸 알 수 있어<br/>너만이 내 사랑<br/>이 바람에 나를 태워 날려 보내면 <br/>너의 곁을 내게 내줄래<br/>겨울이 오면 시작될 우리 사랑<br/>곁에만 있어도 세상이 변해가는<br/>아닌 척해봐도 태연한 척해봐도<br/>눈부신 널 보면 사랑인 걸 알 수 있어<br/>너만이 내 사랑 너만이 내 사랑<br/>너만이 내 사랑<br/>
"
1926,그때로 돌아갈 순 없니 (feat. 리디아),케이플라워 (K. Flower)케이플라워 (K. Flower),그때로 돌아갈 순 없니,130,<dd>2019.11.07</dd>,"흔한 위로라도 내겐 필요해요<br/>괜찮아질거라는 말<br/>시간이 약이라는 말<br/>아직 실감이 안나 편하기도 해<br/>그러다 니가 보고싶어져<br/>정말 우리 헤어져야 하니<br/>그래야만 하니 다 다 내 잘못 같아<br/>미안해 미안해 미안함 투성이<br/>우리 다시 좋았었던<br/>그때로 돌아갈 순 없니<br/>그때 왜 그랬지 가끔 생각해요<br/>좀 더 나 잘했더라면<br/>그러면 어땠을까요<br/>자꾸 후회가 돼요 미련만 남아<br/>언제면 내가 편해질까요<br/>정말 우리 헤어져야 하니<br/>그래야만 하니 다 다 내 잘못 같아<br/>미안해 미안해 미안함 투성이<br/>우리 다시 좋았었던<br/>그때로 돌아갈 순 없니<br/>아직 잘 몰라서 그래<br/>어떻게 해야할지를 몰라서<br/>정말 우리 헤어져야 하니<br/>그래야만 하니 다 다 내 잘못 같아<br/>미안해 미안해 미안함 투성이<br/>우리 다시 좋았었던<br/>그때로 돌아갈 순 없니<br/>
"
1927,"너와의 마지막 십분, 거리를 두고 걸었어",필름사운드필름사운드,Film Sound vol1. 너와나,102,<dd>2019.11.07</dd>,"이젠 나도 꿈에서 깨고 싶어<br/>어제의 기억이 멈췄음 해<br/>예고 없이 찾아오는 <br/>너의 그 차가웠던 눈빛<br/>다가서려 하면 점점 멀어지는<br/>너의 오른손을 내 편으로 잡아봐도<br/>나의 손을 놓고 어둠 속에 날 두고<br/>너는 마지막을 말하려 해 나의 입을 막고<br/>너와의 마지막 십분<br/>거리를 두고 걸었어<br/>점점 더 차갑게 무너져 내릴까 봐<br/>우리 나란히 뜨겁던<br/>서로를 당겨왔던 거릴<br/>이젠 조금씩 밀어내려 해<br/>우리 헤어지자<br/>다가서려 하면 점점 멀어지는<br/>너의 오른손을 내편으로 잡아봐도<br/>나의 손을 놓고 어둠 속에 날 두고<br/>너는 마지막을 말하려 해 나의 입을 막고<br/>너와의 마지막 십분<br/>거리를 두고 걸었어<br/>점점 더 차갑게 무너져 내릴까 봐<br/>우리 나란히 뜨겁던<br/>서로를 당겨왔던 거릴<br/>이젠 조금씩 밀어내려 해<br/>우리 헤어지자<br/>
"
1928,언젠가 우리,조규찬조규찬,언젠가 우리,123,<dd>2019.11.07</dd>,"구름처럼 흘러간<br/>너무도 짧았던<br/>함께했던 시간<br/>이제 저물어가요<br/>처음 그 순간<br/>서로를 향하던 눈빛<br/>이제는 그 모두를<br/>추억에 담으려 해요<br/>이제 시작이겠죠<br/>꿈을 향한 나의 길<br/>작은 발걸음으로<br/>먼 길을 떠나요<br/>이별을 향해 우린<br/>만남을 말하죠<br/>그 순간의 기쁨<br/>그리며 나아가죠<br/>언젠가 우리<br/>또 만날 날이 있겠죠<br/>행복한 모습으로<br/>마주할 날을 그려요<br/>함께 한 순간들을<br/>소중히 간직할게요<br/>
"
1929,10분전,건호건호,10분전,98,<dd>2019.11.07</dd>,"10분 남았어 널 만나러 가는 길<br/>햇살마저 달콤해 나에겐<br/>밤새 뒤척이며 우리를 그려 보다가<br/>한숨도 못 잔 건 비밀이야<br/>어떤 옷을 입으면<br/>네게 더 멋있어 보일까<br/>Oh you Oh you<br/>어떤 말을 너에게<br/>먼저 꺼내야 되는 걸까<br/>뭘 해도 어색한<br/>내가 바보 같아<br/>Oh girl<br/>생각만 해도 너무 좋은 걸<br/>머릿속엔 너만 Only you<br/>너를 만나면<br/>난 눈이 부셔 아름다워서<br/>심장이 터지기 10분 전<br/>10분 남았어 널 만나러 가는 길<br/>길가에 꽃들도 춤을 추고<br/>매일 들었던 달콤한 사랑 노래가<br/>이제는 너와 나의 노래야<br/>어떤 옷을 입어도<br/>내 눈엔 넌 천사 같아<br/>Oh you Oh you<br/>어떤 말을 해도<br/>넌 환하게 웃어주니까<br/>마주할 때마다 떨려 미치겠어<br/>Oh girl<br/>생각만 해도 너무 좋은 걸<br/>머릿속엔 너만 Only you<br/>너를 만나면<br/>난 눈이 부셔 아름다워서<br/>심장이 터지기 10분 전<br/>You You Yeah<br/>네 맘에 들어가고 싶어<br/>You You Yeah<br/>이젠 이런 나를 받아줘<br/>Girl 너와 함께 있는 게 좋은 걸<br/>선물 같은 그 말<br/>Loving you<br/>손을 잡으면<br/>그대로 녹아 버릴 것 같아<br/>사랑을 말하기 10분 전<br/>
"
1930,이대론 못 보내,OYEON (오연)OYEON (오연),달리는 조사관 OST Part.9,91,<dd>2019.11.07</dd>,"기억나니 우리의 반짝이던 그 날들<br/>그때로 다시 돌아가고 싶어<br/>희미해진 우리의 사랑 그 끝에 <br/>아직 난 너를 기다려<br/>지우지 못한 사진 속에 널 보면 <br/>당장이라도 널 안고 싶은데<br/>이대론 못 보내 이렇게 끝내긴 싫어 <br/>우리는 남들과 달랐었잖아<br/>이렇게 모든 게 끝나버린다는 게 <br/>믿어지질 않아 헤어지기 싫어<br/>아쉬워서 너를 놓을 수가 없어 <br/>이렇게 헤매이잖아<br/>서로만 보던 아름답던 두 사람 <br/>이젠 없어질 기억인 거니<br/>이대론 못 보내 이렇게 끝내긴 싫어 <br/>우리는 남들과 달랐었잖아<br/>이렇게 모든 게 끝나버린다는 게 <br/>믿어지질 않아 헤어지기 싫어<br/>오랜 시간을 너와 나 함께했어 <br/>어떻게 갑자기 널 잊겠니<br/>사랑 했었는데 그렇게 좋았었는데 <br/>남은 건 눈물과 한숨뿐이잖아<br/>사랑을 했다면 그게 진심이라면 <br/>한 번만 내게로 돌아와 주겠니<br/>
"
1931,하고싶은 말,정상 (JUNG SANG)정상 (JUNG SANG),하고싶은 말,94,<dd>2019.11.07</dd>,"만약에<br/>마지막 순간에<br/>그 말을<br/>꺼내지 않았더라면<br/>나를 봐줄까<br/>넌 어땠을까<br/>나는 아직 또 널<br/>놓지도 못하고<br/>술에 취해 눈을 감아도<br/>네 모습이 떠오르잖아<br/>예쁜 너의 얼굴<br/>너의 목소리도<br/>어떻게 잊을 수가 있어<br/>아직도 널 사랑하는데<br/>아직 못한 말들이 많아서<br/>미안해<br/>모질게 뱉은 말<br/>너에게<br/>상처만 남았더라도<br/>널 행복하게<br/>널 울지 않게<br/>너와 했던 약속<br/>지켜주고 싶어<br/>술에 취해 눈을 감아도<br/>네 모습이 떠오르잖아<br/>예쁜 너의 얼굴<br/>너의 목소리도<br/>어떻게 잊을 수가 있어<br/>아직도 널 사랑하는데<br/>아직 못한 말들이 많아서<br/>널 바라볼 수 밖에 없지만<br/>너와 함께 했던 곳을 찾아가<br/>네가 올 거 같아서<br/>술에 취해 눈을 감아도<br/>네 모습이 떠오르잖아<br/>예쁜 너의 얼굴<br/>행동 하나까지<br/>어떻게 잊을 수가 있어<br/>아직도 널 사랑하는데<br/>아직 못한 말들이 많아서<br/>
"
1932,너 때문에,더 브릿지 (The Bridge)더 브릿지 (The Bridge),너 때문에,58,<dd>2019.11.07</dd>,"잘지내라는 한마디<br/>웃으며 너에게 하지못한말<br/>그렇게 널 보내고<br/>시간이 지나고나서<br/>다른사람 만나게되면 잊혀지겠지<br/><br/>니가 없는하루는<br/>아무 의미없는<br/>세상이라서<br/>견딜수가없어요<br/><br/>너때문에 사랑을알아서<br/>다른사람만나도<br/>자꾸 니 모습이떠오르자나<br/>우리 함께 걸었던 거리에서<br/>우연처럼 다시 마주치길<br/>생각해봐요<br/>다시 우리 기억을 맴돌죠<br/><br/>그만 하자는 너의말<br/>나는 아무말도 할수 없었어<br/>그렇게 널 보내고<br/>시간이 지나고나서<br/>다른사람 만나게되면 잊혀지겠지<br/><br/>니가 없는하루는<br/>아무 의미없는<br/>세상이라서<br/>견딜수가없어요<br/><br/>너때문에 사랑을알아서<br/>다른사람만나도<br/>자꾸 니 모습이떠오르자나<br/>우리 함께 걸었던 거리에서<br/>우연처럼 다시 마주치길<br/>생각해봐요<br/>다시 우리 기억을 맴돌죠<br/><br/>사실알고있었어<br/>우린 모두 끝났다는거<br/>우리 다시 만날순 없겠지<br/><br/>너때문에 사랑을알아서<br/>다른사람만나도<br/>자꾸 니 모습이떠오르자나<br/>우리 함께 걸었던 거리에서<br/>우연처럼 다시 마주치길<br/>생각해봐요<br/>다시 우리 기억을 맴돌죠
					"
1933,매일밤 그리는 너의 향기(Feat.김태현)(Prod by 박용운),고등라이브고등라이브,매일밤 그리는 너의 향기,57,<dd>2019.11.07</dd>,"옅은 바람냄새 속 안에<br/>그대 향기들이 불어온다<br/>매일밤<br/>함께 걷던 길을 떠올려 보면<br/>너가 내게로 올것만 같아<br/>말해줘<br/>너도 그렇다고<br/>나는널<br/>너무나 그리워 한단말이야<br/>그땐 내가 알지 못한<br/>너의 꽃 향기가 나에게 불어와<br/>그리 웠던 나의<br/>참예뻣던 너란 사랑<br/>아직도 난<br/>너를그리구나<br/>우연히<br/>널 마주친다면<br/>난 너에게 어떤 말들을 건네야 할까<br/>그때 내가 알지 못한<br/>너의 꽃 향기가 나에게 불어와<br/>그리 웠던 나의<br/>참예뻣던 너란 사랑<br/>아직도 난<br/>너를그리구나 어리석은 나야<br/>아무렇지 않을 거라고 매일<br/>되새기던 내가<br/>너무 바보 같아서<br/>시간을 되돌리고 싶어<br/>혼자 남겨진 내가 너무 슬퍼<br/>이 계절이 지나가면<br/>하나 둘 사라질 너의 목소리도 <br/>보고싶었다며 잡아주던<br/>니 손길도 볼수없어<br/>나는 널 기다린다<br/>
"
1934,너는 내가 될 수 없어 (feat.양인선),김성은김성은,너는 내가 될 수 없어,9,<dd>2019.11.07</dd>,"너는 내가 아냐<br/>너는 내가 될 수 없어<br/>너는 나를 몰라<br/>너는 내 삶을 알 수 없어<br/>힘들어 하는 나를 보며<br/>위로해주고 싶단 너의 말<br/>아파하는 나를 보며<br/>아픔을 이해한다는 너의말<br/>너는 내가 될 수 없어<br/>너는 내가 될 수 없어<br/>딱 잘라 말할게<br/>다시한번 말할게<br/>너는 내가 될 수 없어<br/>힘들하는 나에게<br/>힘이 되어주고 싶다며<br/>아파하는 나를보며<br/>위로를 해주고 싶다며<br/>내 이야기를 귀기울여 들어줘<br/>마음속 내 외침을<br/>please just listen to me<br/>please just listen to me<br/>있는 그대로의 날<br/>받아줬으면 해<br/>이대로의 내 모습을<br/>look at me the way i am<br/>look at me the way i am<br/>너는 내가 아냐<br/>너는 내가 아냐<br/>너는 내가 될 수 없어<br/>너는 내가 될 수 없어<br/>너는 내가 될 수 없어<br/>
"
1935,야래향 (YE LAI XIANG),주현미주현미,세상에서 제일 예쁜 내 딸 (KBS 2TV 주말드라마) Special OST,30,<dd>2019.11.07</dd>,"꿈처럼 아름답던 날<br/>그날에 날 담아보네<br/>언제나 내 맘속에 그림처럼<br/>숨 쉬는 꽃잎의 향기 같아<br/>언젠가 잊혀지겠지<br/>그런 게 인생인 거야<br/>아련한 기억 속에 묻어둔 시처럼<br/>자꾸만 흐려지네<br/>Ye Lai Xiang 바람에 실려<br/>Ye Lai Xiang 꽃잎에 담아<br/>아아아 닿을 수 있겠지<br/>꿈결 같던 그때로<br/>가만히 뒤돌아보니<br/>우리가 걷던 그 길엔<br/>꽃잎은 피고 지고 계절은<br/>또 바뀌고 내 모습도 바뀌었네<br/>되돌아 갈 순 없겠지<br/>그런 게 인생인 거야<br/>지금 난 행복하네 꿈꿔오던 향기가<br/>내 앞에 춤을 추네<br/>Ye Lai Xiang 바람에 실려<br/>Ye Lai Xiang 꽃잎에 담아<br/>아아아 닿을 수 있겠지<br/>꿈결 같던 그때로<br/>Ye Lai Xiang<br/>Ye Lai Xiang<br/>Ye Lai Xiang<br/>
"
1936,I was,도아 (DOA)도아 (DOA),I was,8,<dd>2019.11.07</dd>,"아무 말도 없이 마주 앉아서<br/>우리의 이야기 그 모든 걸 놓으려 해<br/>사랑이 뭐 그리 대단하다고<br/>어차피 끝날 거 왜 붙잡고 매달리니<br/>I was beautiful to you<br/>Always 내 모습 간직해줘<br/>I was everything to you<br/>너의 전부였던 나를 꼭 기억해줘<br/>뒤돌아가는 널 다신 못 보지만<br/>어딘가 남아있을 너와 나의 흔적들<br/>마지막 이 순간 붙잡으려 해도<br/>어차피 우리는 다른 길로 갈 뿐이야<br/>I was beautiful to you<br/>Always 내 모습 간직해줘<br/>I was everything to you<br/>너의 전부였던 나를 꼭 기억해줘<br/>뜨겁게 흘러내리는 나의 눈물 훔치며<br/>마지막 고백을 해<br/>I loved you loved you loved you<br/>Always<br/>I was beautiful to you<br/>Always 내 모습 간직해줘<br/>I was everything to you<br/>너의 전부였던 나를 꼭 기억해줘<br/>
"
1937,오늘이 지나고 나면,이가현 (HAENI)이가현 (HAENI),오늘이 지나고 나면,64,<dd>2019.11.07</dd>,"요즘 나는 왜 이럴까<br/>우리는 함께 있어도 외로운 걸<br/>넌 나와 약속을 잊은 것 같아<br/>미안하다 그 말뿐인 거야<br/>우리 같이 나눴던 말들<br/>둘만의 다짐도<br/>이젠 모두 여기까지인 거야<br/>오늘이 지나고 나면<br/>우리는 남이 되겠지<br/>조금은 아프겠지<br/>괜찮아질 거라고<br/>시간이 지나고 나서<br/>추억을 되돌아보면<br/>함께했던 날들 모두<br/>좋은 기억 으로 남아있길<br/>내가 잘못 생각하는 걸까 <br/>어떻게 내가 이렇게 된 거야<br/>우리 같이 나눴던 말들<br/>둘만의 다짐도<br/>이젠 모두 여기까지인 거야<br/>오늘이 지나고 나면<br/>우리는 남이 되겠지<br/>조금은 아프겠지<br/>괜찮아질 거라고<br/>시간이 지나고 나서<br/>추억을 되돌아보면<br/>함께했던 날들 모두<br/>좋은 기억으로 남아있길<br/>우린 너무 다르고<br/>서로 상처만 줬어<br/>같이 지낸 시간이<br/>행복하고 슬펐어<br/>가슴이 아픈데<br/>오늘이 지나고 나면<br/>우리는 남이 되겠지<br/>조금은 아프겠지<br/>괜찮아질 거라고<br/>시간이 지나고 나서<br/>추억을 되돌아보면<br/>지나왔던 날들 모두<br/>좋은 기억으로 남아있길<br/>
"
1938,문득 (Feat. 별린),박서영박서영,문득,56,<dd>2019.11.07</dd>,"문득 그대 생각이 나요<br/>여기 불어오는 바람 때문이겠죠<br/>바람 따라 스치는 꽃잎 따라<br/>그대가 내게 찾아오네요<br/>여기 흔들리는 꽃잎에<br/>내가 왜 이리도 흔들리는 걸까요<br/>나 그대와 함께한 그 시간이<br/>점점 더 선명해져만 가요<br/>환한 미소 그대 모습 떠올라<br/>함께 걷던 이 거리 그대가 남아있죠<br/>흐르는 세월 따라 다 흩어져 간대도<br/>그대 내게 찾아왔으면<br/>여기 부는 바람에 문득문득<br/>이제 다 지난 일이라고<br/>애써 나를 수없이 타일러 봐도<br/>바람 따라 스치는 꽃잎 따라<br/>다시 그대 생각이 나네요<br/>바람 따라 그대 모습 떠올라<br/>함께 걷던 이 거리 그대가 남아있죠<br/>흐르는 세월 따라 다 흩어져 간대도<br/>그대 내게 찾아왔으면<br/>여기 부는 바람을 따라<br/>나 그대를 만나 행복했었다고<br/>꼭 그대에게 전해주고 싶어<br/>바람 따라 그대 모습 떠올라<br/>함께 걷던 이 거리 그대가 남아있죠<br/>흐르는 세월 따라 다 흩어져 간대도<br/>그대 내게 찾아왔으면<br/>여기 부는 바람에 문득문득<br/>
"
1939,널 기다리는 길모퉁이,청현청현,널 기다리며,0,<dd>2019.11.07</dd>,"비좁고 질척대는 골목길<br/>빛바랜 가로등 비추는 길 모퉁이<br/>낡은 슬래트 지붕<br/>처마 밑에 함께 놀던<br/>니가 언젠가 속삭여 준<br/>좋아한다는 말은<br/>짖궂은 장난으로 기어이<br/>널 울려 놓곤 뒤돌아 미안해 하다가<br/>주머니속 깊이 감추어 둔<br/>빛나는 구슬과 사탕 하나<br/>내밀던 내 손 잡고<br/>깔깔대던 너의 웃음소리가<br/>내 맘에 별빛되어<br/>긴긴 밤이나 겨울에도<br/>숱한 인연이나 이별에도<br/>식지도 않고 켜 있었지<br/>얼마나 오랜 시간 먼 곳에 서 있었나<br/>우리가 서로를 보지 않은지<br/>우리가 서로를 떠나 보낸지<br/>우리가 서로를 묻지 않은지<br/>얼마나 오랜 시간<br/>서로를 그리워했는지<br/>우리가 서로 손을 잡지 않은지<br/>얼마나 오랜 시간<br/>서로를 그리며 살아 왔는지<br/>널 기다리는 길모퉁이에 서서<br/>
"
1940,그런 사랑일까,바란바란,그런 사랑일까,1,<dd>2019.11.07</dd>,"그런 눈으로 보지마<br/>한껏 기대 가득한 두 눈빛에<br/>내 맘은 또 어질어질<br/>제자리만 맴돌고 있어<br/>겨우 한발 멀어졌는데<br/>한발 성큼 내게 다가오는 너어어<br/>나 이런 네맘 받을 수 없는거<br/>너도 알고있잖아<br/>기다리지마 나 이럼 안되는데<br/>가고싶잖아 우리는 안되는데<br/>그저 우린 살짝쿵 스쳐지나갈<br/>그런 바람일뿐이야<br/>그런 눈으로 보지마<br/>가장 행복해하는 네 눈빛에<br/>내 맘은 또 사르르르<br/>녹아 흔들리는 것만 같아<br/>겨우 한발 멀어졌는데<br/>한발 성큼 내게 다가오는 너어어<br/>나 이런 네맘 받을 수 없는거<br/>너도 알고있잖아<br/>기다리지마 나 이럼 안되는데<br/>가고싶잖아 우리는 안되는데<br/>그저 우린 살짝쿵 스쳐지나갈<br/>그런 바람일뿐일까<br/>오늘은 왜 울리지않는걸까<br/>기다린걸 보니<br/>아무래도 니 연락오길<br/>기다리고 있는게 다 맞는거잖아<br/>기다리지마 내가 너에게 갈게<br/>가고 있어 나 우리는 만날텐데<br/>그저 우린 불어온 바람을<br/>따라 이젠 망설이지 않아<br/>기다리지마 너에게 갈게<br/>가고 있어 나 우리는 만날텐데<br/>그저 우린 불어온 바람을<br/>따라 이젠 망설이지 않아<br/>
"
1941,아직까지,이일주이일주,SERIES : 6,25,<dd>2019.11.07</dd>,"잘 지냈나요 그동안에<br/>난 이제 다 잊어가네요 슬며시<br/>많이 아프진 않았겠죠<br/>그대는 냉정하니<br/>많이 미워했었다고요<br/>요즘에 가끔씩은<br/>혼자 여행도 가요 멀리<br/>스쳤던 모든 순간들과 헤어졌는데<br/>사실 난 그곳에 멈춰 그대를 못 놔요<br/>내게 낯설었던 이별 그 속에서<br/>나의 하루가 지나가길 꼭 버텼지만<br/>그리워 그때 너가 차갑게<br/>등 돌린 냉정한 순간마저<br/>아직도 아픈 시간 속에 살아<br/>지금도 가끔씩은<br/>그때로 돌아가요 나 혼자<br/>언젠가 그대와 헤어질까요<br/>아직 난 그곳에 멈춰 그대를 못 놔요<br/>내게 낯설었던 이별 그 속에서<br/>나의 하루가 지나가길 꼭 버텼지만<br/>그리워 그때 너가 차갑게<br/>등 돌린 냉정한 순간마저<br/>아직도 아픈 시간 속에 살아<br/>
"
1942,내 안의 그대,이필호이필호,내 안의 그대,40,<dd>2019.11.07</dd>,"아무 기댈 곳 하나 없어<br/>무엇도 보이지 않던 날<br/>불안함에 익숙해 <br/>행복한 삶은 늘 뒤에<br/>그 날에 내 안에 그댄<br/>따뜻한 봄날의 바람이 돼<br/>늘 뒤에 있기만 했던 <br/>행복한 삶을 <br/>꿈꾸게 해 준 그대란 사람<br/>이젠 나에게로 멈춰진 채 <br/>그대로<br/>우리 사랑 안에 <br/>서로 있는 모습 그대로<br/>그 사랑에 우리 이제 <br/>발을 맞춰요<br/>I believe in You for me<br/>그 날에 내 안에 그댄<br/>따뜻한 봄날의 바람이 돼<br/>늘 뒤에 있기만 했던 <br/>행복한 삶을 <br/>꿈꾸게 해 준 그대란 사람<br/>이젠 나에게로 멈춰진 채 <br/>그대로<br/>우리 사랑 안에 <br/>서로 있는 모습 그대로<br/>그 사랑에 우리 이제 <br/>발을 맞춰요<br/>I believe in You for me<br/>긴 시간 비워져만 가는 <br/>맘을 채우려 했죠<br/>하지만 무엇도 채워지지 않아<br/>우리의 시간들로 비어있던 <br/>맘은 채워져<br/>나의 길 비춰지네<br/>이젠 나에게로 멈춰진 채 <br/>그대로<br/>우리 사랑 안에 <br/>서로 있는 모습 그대로<br/>그 사랑에 우리 이제 <br/>발을 맞춰요<br/>I believe in You for me<br/>I believe in You for me<br/>
"
1943,자양동 굴다리,연희다방연희다방,자양동 굴다리,18,<dd>2019.11.07</dd>,"연탄집 계단 앞에<br/>쪼그려 앉아 그댈<br/>기다려봐도 안 되죠<br/>눈웃음을 치는 게<br/>아직 학생 이란 게<br/>막둥이로 곱게 자란 게<br/>맘에 안 드신댔죠<br/>가을바람은 차갑죠<br/>공중전화 앞에서<br/>수화기에 밤새 입김을 불며<br/>밤을 지샜죠<br/>나는 이렇게 힘든데<br/>그댄 그저 그런가요<br/>내가 간절히 원하는 만큼<br/>그대 같은가요<br/>골목 끝 가게 앞에<br/>밤새 앉아 부었죠<br/>그댄 가만히 날 보았죠<br/>아름다운 그대가<br/>겨우 입을 열었죠<br/>나 없인 죽을 것 같다고<br/>그걸로 됐죠<br/>가을바람은 차갑죠<br/>공중전화 앞에서<br/>수화기에 밤새 입김을 불며<br/>밤을 지샜죠<br/>나는 이렇게 힘든데<br/>그댄 그저 그런가요<br/>내가 간절히 원하는 만큼<br/>그대 같은가요<br/>언젠가는 딸 아이에게<br/>웃으며 얘기하겠죠<br/>엄마 아빤 이토록 서로를<br/>사랑했다고<br/>나는 이렇게 뜨거운데<br/>그댄 그저 그런가요<br/>내가 간절히 원하는 만큼<br/>그대 같은가요<br/>
"
1944,기분 좋아,김달김달,기분 좋아,16,<dd>2019.11.07</dd>,"어제보다 눈이 맑아 <br/>잠은 푹 깊게 잔 듯해<br/>알람보다 조금 먼저 <br/>눈을 떴다니 내가 기특해<br/>별로 고민 없이 걸쳐 입은 옷도 <br/>오늘따라 맘에 들어<br/>아 집에서 나서기 전엔 <br/>꼭 엄마랑 인사해<br/>매일 내 안부를 물어주는 <br/>친구의 다정한 말과<br/>반갑게 인사를 받아주신 <br/>기사님의 여유가<br/>이 지루하던 아침을 아름답게 만들어<br/>baby 너 너 너에게도 선물해줄게<br/>나 오늘 기분 좋아<br/>우후후후후 우후후<br/>나 오늘 기분 좋아<br/>우후후후후 예<br/>나 오늘 기분 좋아<br/>우후후후후 우후후<br/>나 오늘 기분 좋아<br/>우후후후후<br/>나 오늘 기분 좋아<br/>신이 나는 노랠 불러 <br/>이미 맘속으로 춤추네 <br/>dance that way<br/>걸음은 여유롭게 <br/>Oh right it's green light yeah<br/>카페 간판 지하철까지 <br/>다 파랑 파랑 파랑<br/>이쯤 되면 눈치채줘 <br/>나는 파란색을 좋아해<br/>늘 지나치던 가게 이모님의 <br/>가벼운 칭찬과<br/>눈 마주치면 해맑게 웃던 <br/>어린이의 미소가<br/>이 어지러운 세상을 단순하게 만들어<br/>baby 너 너 너에게도 선물해줄게<br/>나 오늘 기분 좋아<br/>우후후후후 우후후<br/>나 오늘 기분 좋아<br/>우후후후후 예<br/>나 오늘 기분 좋아<br/>우후후후후 우후후<br/>나 오늘 기분 좋아<br/>우후후후후<br/>나 오늘 기분 좋아<br/>퍽 웃을 일 없어 힘에 겨운 그대여<br/>잠깐 눈을 감고 손은 내게 줘<br/>더 없이 행복한 곳으로 가는 <br/>상상을 하자<br/>이제 크게 나를 따라 불러 셋 둘 하나<br/>나 오늘 기분 좋아<br/>우후후후후 우후후<br/>나 오늘 기분 좋아<br/>우후후후후 예<br/>나 오늘 기분 좋아<br/>우후후후후 우후후<br/>나 오늘 기분 좋아<br/>우후후후후<br/>나 오늘 기분 좋아<br/>
"
1945,Full moon,종민쓰종민쓰,Full moon,4,<dd>2019.11.07</dd>,"그 밤 내 맘을<br/>네게 다 말해주려 그랬지<br/>그 밤 내 맘을<br/>네게 다 말해주려 그랬어<br/>그 밤의 아름답던 별빛<br/>그보다 반짝이던 그때의 너에게<br/>그 밤 내 맘을<br/>네게 다 말해주려 그랬지<br/>그 밤 내 맘을<br/>네게 다 말해주려 그랬어<br/>별빛이 예쁘다며 전화를 해볼까<br/>달빛이 예쁘다며 전화를 해볼까<br/>너무 커지기 전에<br/>감당할 수도 없게<br/>혹시 내 맘 몰라줘도<br/>농담이라고 우길 수 있게<br/>이 밤 깊어지기 전에<br/>말할 기회도 없게<br/>널 보면 떨리는 나를<br/>저 달은 이미 알 것 같은데<br/>너를 향한 내가<br/>너에게는 부담일까<br/>어쩜 우리 다 똑같은 맘일지도<br/>아름다운 이 밤<br/>너에게 말해볼까<br/>길어진 그림자가<br/>포근히 포개지길<br/>
"
1946,기억의 흔적,제인제이제인제이,기억의 흔적,11,<dd>2019.11.07</dd>,"잠에서 깬 침대위에 멍하니 누워있어<br/>어제와 다를 바 없는<br/>하루의 시작인데<br/>허전함에 눈을감아<br/>니가 없는 세상에서<br/>오늘을 어떻게 버터야할지<br/>난 모르겠어<br/>miss you I need you<br/>지운줄 알았던 우리들의 추억이<br/>다시 떠오르고 난 널 기다려<br/>want you I love you<br/>사랑했던 순간마다 깊어새겨지는<br/>너의 흔적들<br/>무거운 몸을 일으키며<br/>창문을 바라보니<br/>너없는 내 세상은<br/>두려울 만큼 똑같기만해<br/>니가 닿은 내 물건에<br/>그리움이 묻어있어<br/>가슴에 담아둔 널 향한<br/>울림만 날 흔들어<br/>miss you I need you<br/>지운줄 알았던 우리들의 추억이<br/>다시 떠오르고 난 널 기다려<br/>want you I love you<br/>사랑했던 순간마다 깊어새겨지는<br/>너의 흔적들<br/>시간을 돌려 그때 그 자리로<br/>우리의 흩어진 기억의 조각이<br/>다시 우릴 찌른 다해도 괜찮아<br/>굳어진 심장 다시 뛸수있게<br/>우리들이 머물던 그때로 돌아가<br/>cause we should be together<br/>miss you I need you<br/>지운줄 알았던 우리들의 추억이<br/>다시 떠오르고 난 널 기다려<br/>want you I love you<br/>사랑했던 순간마다 깊어새겨지는<br/>너의 흔적들<br/>
"
1947,축제,멜로망스멜로망스,축제,"16,149",<dd>2019.11.06</dd>,"모든 막이 내리고<br/>축제가 끝나도<br/>그대의 마음 안엔<br/>언제나 빛으로 남아있길<br/>우리 처음 만났었던 순간<br/>풋풋했던 서로의 모습들<br/>웃음이 터져 나오고<br/>참을 수조차 없는<br/>즐거움이 전부였었죠<br/>우리만의 축제가<br/>시작되려는 날엔<br/>아름다운 동화가<br/>눈앞에서 써지고 있었죠<br/>우리 막이 내리고<br/>축제가 끝나도<br/>그대의 마음속엔<br/>우리의 위로들이<br/>끝나지 않을 음악<br/>소리가 되어서<br/>언제나 그대 옆에<br/>빛으로 남아있기를 바래요<br/>별의별 시간들로<br/>밤 위에 새겨 놀 때면<br/>별 보다 빛나곤 했었죠<br/>우리만의 축제가<br/>시작되려는 날엔<br/>서로를 위한 선물을<br/>가득 준비해 놓고 있었죠 oh<br/>우리 막이 내리고<br/>축제가 끝나도<br/>그대의 마음속엔<br/>우리의 위로들이<br/>끝나지 않을 음악<br/>소리가 되어서<br/>언제나 그대 옆에<br/>빛으로 남아있기를 바래요<br/>당신을 위한 기도는 계속될 거예요<br/>우리는 웃으면서<br/>손을 흔들기로 해요 oh<br/>또 새로운 시작은<br/>언제나 우리를<br/>설레게 하겠지만<br/>서로가 선물 같던 그 시간이<br/>다가올 내일의<br/>슬픔을 견디게<br/>도와줄 시간으로<br/>그대의 옆에 남기를 바래요<br/>빛으로 남아있기를 바래요<br/>
"
1948,5월의 밤,Zion.TZion.T,5월의 밤,"34,003",<dd>2019.11.06</dd>,"5월의 밤 기억해요 <br/>우리 처음 만난 밤 그 자리<br/>안녕하세요 처음 봬요<br/>그러니까 반갑네요<br/>우린 잘 웃지도 않았어<br/>딱히 할 말도 없었어 <br/>그때부터였어<br/>사랑한다 그 말은<br/>아름답다 그 말은<br/>쉽게 꺼낼 수 없죠<br/>나 알고 있죠<br/>그래서 어려웠죠<br/>사랑은 쉽게 찾아오지 않아요<br/>그렇게 쉽게 얘기하면 안 돼요 <br/>그대 날 떠나가려 하는 순간에<br/>난 붙잡지 않아요 단지 이렇게 말해요<br/>좀 더 다퉜더라면<br/>부딪혔다면<br/>우린 아직 설렐까요<br/>괜한 말을 해<br/>진작 느꼈어야 했어<br/>그대 세 번째 손가락<br/>위로 옮겨진 반지를 보고<br/>변하지 않기로 그렇게 서로 바랐으면서<br/>변하지 않아서 이렇게 지루해져 버렸죠 <br/>어떻게 했더라도<br/>우린 지금일까요<br/>모든 게 말장난 같아요<br/>사랑은 쉽게 찾아오지 않아요<br/>그렇게 쉽게 얘기하면 안 돼요 <br/>그대 날 떠나가려 하는 순간에<br/>난 붙잡지 않아요 단지 이렇게 말해요<br/>이렇게 말해요<br/>진심이 아니었다고 말해요<br/>그게 제일 어렵겠지만<br/>나도 잘 안다고<br/>누가 나만큼 알까요<br/>지난 일처럼 말하지 마요<br/>사랑은 쉽게 찾아오지 않아요<br/>그렇게 쉽게 얘기하면 안 돼요 <br/>그대 날 떠나가려 하는 순간에<br/>난 붙잡지 않아요 단지 이렇게 말해요<br/>
"
1949,그 무렵,김나영김나영,동백꽃 필 무렵 (KBS2 수목드라마) OST - Part.7,"11,169",<dd>2019.11.06</dd>,"그 무렵일 거예요<br/>그대라는 꽃이 핀 건<br/>차가운 바람 속에서<br/>따뜻하게 감싸주던 그때<br/>아팠던 기억들마저<br/>그대 곁에선 쉬나 봐<br/>날 웃게 한 사람<br/>날 안아준 사람<br/>그대 뿐이니까<br/>우리 그래도 될까요<br/>마음이 가는 대로 가도 될까요<br/>서로가 서로인 게 좋아서<br/>꿈인 것 같아서<br/>자꾸만 바라보곤 하죠<br/>그댈 만나기 위해서<br/>참 오랜 시간 견딘 것 같아<br/>이젠 내가 그대에게 힘이 돼줄게요<br/>그대 내게 그런 것처럼<br/>참 솔직한 표정부터<br/>어수룩한 말투까지<br/>그대 모든 것이 좋아지는 것은<br/>사랑인가 봐요<br/>우리 그래도 될까요<br/>마음이 가는 대로 가도 될까요<br/>서로가 서로인 게 좋아서<br/>꿈인 것 같아서<br/>자꾸만 바라보곤 하죠<br/>그댈 만나기 위해서<br/>참 오랜 시간 견딘 것 같아<br/>이젠 내가 그대에게 힘이 돼줄게요<br/>그대의 곁에서<br/>내게 다가온 날부터<br/>내 마음 가득 채워진 그날부터<br/>이제 내 맘 숨길 수가 없죠<br/>이 생에 단 한 번<br/>다시 없을 사랑인 거죠<br/>그댈 만난 그 이후로<br/>모든 계절의 꽃이 피는 걸 난 느껴요<br/>우리 둘의 맘이 흐드러진<br/>그 길 위를 걷는 그 무렵<br/>
"
1950,나 혼자 (Alone),김동준김동준,"스물아홉, 그 즈음에","6,902",<dd>2019.11.06</dd>,"이 세상 널 아는 수많은 사람 중<br/>스쳐지나는 아무도 아닌 사람<br/>무슨 말을 해도 웃어야만 하는<br/>나는 너에게 착하기만 한 사람<br/>네가 날 돌아보지 않더라도<br/>널 바라보는 걸 모른다 해도<br/>내 맘이 너에게로 가니까<br/>나 혼자 널 사랑하고 이별하고<br/>혼자 널 기다리고 보내주고<br/>너만 다시 찾게 되는 난<br/>너 모르게 또 울다<br/>널 미워하고 원망해도<br/>차마 널 포기 못해서<br/>혼자 웃다 또 혼자 운다<br/>난 고작 눈인사가 전부라도<br/>별 의미 없는 대화가 다라도<br/>그걸로 나는 충분하니까<br/>나 혼자 널 사랑하고 이별하고<br/>혼자 널 기다리고 보내주고<br/>너만 다시 찾게 되는 난<br/>너 모르게 또 울다<br/>널 미워하고 원망해도<br/>차마 널 포기 못해서<br/>혼자 웃다 또 혼자 운다<br/>미치도록 사랑한 넌 나의 처음이자<br/>넌 나의 전부야<br/>너는 왜 이런 날 몰라<br/>나 혼자 널 사랑한 걸 후회하고<br/>혼자 널 미치도록 원망하다<br/>결국 너로 돌아가는 나 여전히 나만<br/>혼자 널 사랑하고 사랑하고<br/>혼자 널 기다리고 기다려도<br/>네가 웃으면 혼자라도 좋아<br/>
"
