3101,언제부터 우리,최하람최하람,언제부터 우리,16,<dd>2019.09.03</dd>,"하루 끝에 있어 지친 내가<br/>지난 일들이 차가운 온기로 남아<br/>나를 숨 쉬게 한 공기 들이<br/>이젠 달라졌어<br/>언제부터 우리 이렇게 된 걸까<br/>시간은 하염없이 흘러도<br/>내가 숨 쉬던 세상이 아닌 것 같아<br/>홀로 그때 그 자리에 남아<br/>아직 서성거려<br/>여전히 느껴지는 너의 흔적들<br/>그 표정 그 얼굴<br/>그 눈빛 그 미소까지<br/>빠르게 녹아버린 우리 사랑 이젠<br/>담을 수 없나<br/>돌아오라고 소리쳐봐도 미안해<br/>널 붙잡을 게 돌아와<br/>그 말 한마디를 하지 못한<br/>내가 바보였어<br/>언제부터 우리 이렇게 된 걸까<br/>우리<br/>어두운 밤하늘을 밝히는 별들처럼<br/>내 품에 안겨 울고 웃던 너의 모습<br/>잡을 수 없나<br/>돌아오라고 소리쳐봐도 미안해<br/>널 불잡을게 돌아와<br/>너를 그리워하면 할수록<br/>네가 미워졌어<br/>밤새 지새우던 그날 밤에도<br/>사랑해 널 사랑해<br/>이 말 하지 못해 가슴이 아파<br/>혼자 아프게 널 두지 않을게<br/>돌아오라고 소리쳐봐도 괜찮아<br/>널 다신 놓지 않을게<br/>홀로 그때 그 자리에 남아<br/>아직 서성거려<br/>언제부터 우리 이렇게 된 걸까<br/>
"
3102,일과,류동현류동현,일과,37,<dd>2019.09.03</dd>,"오늘도 조금은 힘겨웠던 하루<br/>집으로 돌아가는 길 멀고<br/>한숨 쉬어보며 멈춰 선 거리엔<br/>나만 빼고 모두 여유로운 모습들<br/>많이 힘들었지 그렇게 <br/>날 바라봐 주면<br/>왈칵 쏟아질 것 같아 <br/>많이 지쳤구나 그렇게 <br/>날 토닥여주면 그냥 기대버릴 것 같아 <br/>오늘도 걸려온 익숙한 목소리에<br/>웃으며 오늘을 나눠보고 <br/>해낼 거란 너의 따뜻한 토닥임에<br/>또다시 버텨낼 수 있는 힘을 얻는 걸<br/>많이 힘들었지 그렇게 <br/>날 바라봐 주면<br/>왈칵 쏟아질 것 같아 <br/>많이 지쳤구나 그렇게 <br/>날 토닥여주면 그냥 기대버릴 거 같아 <br/>오늘 같이 무거웠던 하루 끝엔<br/>너무 작아져 버린 내 모습이 안쓰럽지만<br/>이런 오늘도 결국 지나가니까<br/>많이 힘들었지 그렇게 <br/>날 바라봐 주면<br/>왈칵 쏟아질 것 같아 <br/>많이 지쳤구나 그렇게 <br/>날 토닥여주면 그냥 기대버릴 것 같아<br/>
"
3103,비 오는 날 나에게만 우산이,"JE.ON (제온), 김동기JE.ON (제온), 김동기",SERIES : 5,85,<dd>2019.09.03</dd>,"비가 오는 거리를 또<br/>보고 있으면 너에게<br/>우산 없었던 날 그때<br/>함께 쓸 수 있겠냐고<br/>물어보던 너의 말에<br/>내 자리를 열어줘<br/>우연히 나의 공간 안에 들어와<br/>어떻게 생각할까 날<br/>빗 소리는 날 위해<br/>배경음악이 되어<br/>평범한 날 가려주는데<br/>우산 안으로 좀 더 가까이<br/>내 곁에 붙어 있어줘<br/>네가 물에 닿지 않게<br/>더 기울여줄게<br/>나의 왼쪽 어깨가 젖는 건<br/>계산된 마음이지만<br/>너는 알 수 없는 마음인 거야<br/>어느새 나의 마음 안에 들어와<br/>어떻게 바라볼까 널<br/>빗 소리는 날 위해 배경음악이 되어<br/>소심한 날 가려주는데<br/>우산 안으로 좀 더 가까이<br/>내 곁에 붙어 있어줘<br/>네가 물에 닿지 않게 더 기울여줄게<br/>나의 왼쪽 어깨가 젖는 건<br/>계산된 마음이지만<br/>너는 알 수 없는 마음인 거야<br/>비 오는 날에 나만 우산이<br/>있어도 괜찮아 항상<br/>네가 물에 닿지 않게 더 기울여줄게<br/>나의 왼쪽 어깨가 젖는 걸<br/>네가 본다면 그때쯤이면<br/>내 마음을 알아주겠지<br/>
"
3104,지금처럼만,동욱 에스동욱 에스,비밀,4,<dd>2019.09.03</dd>,"지금 내 옆에서 미소짓는 너를<br/>바라보는 내 맘을 아니<br/>품에 한번 꼭 안아보고 싶어<br/>그저 마음뿐 이지만<br/>이런 맘 너에게 전할 수 없어<br/>넌 이런날 알아서도 안되지만<br/>난 맘이 아파 아프지만<br/>나 혼자만 간직할게<br/>너에게 전할 수 없지만<br/>이렇게라도 너를 볼 수 있는게<br/>난 좋아 지금처럼만 넌 그냥 웃어줘<br/>정말 미안해 몰래 너를 좋아해서<br/>넌 이런 날 어떻게 생각할런지<br/>난 맘이 아파 아프지만<br/>나 혼자만 간직할게<br/>너에게 전할 수 없지만<br/>이렇게라도 너를 볼 수 있는게<br/>난 좋아 지금처럼만 이대로<br/>널 곁에 두고싶어 이런 생각하는 날<br/>이해 할 수가 없어<br/>조금씩 지워볼께 어차피<br/>너는 나만의 생각속에<br/>사랑일 뿐 이니까<br/>더는 바랄게 없어<br/>난 지금처럼만 넌 그냥 웃어줘<br/>
"
3105,"사랑, 그 숨 막히던 순간",에피톤 프로젝트에피톤 프로젝트,"사랑, 그 숨 막히던 순간 : 연습장","7,230",<dd>2019.09.02</dd>,"우리 여기까진가 봐<br/>어쩔 수 없나 봐<br/>돌이킬 수 없는 그 끝에<br/>내가 있지 그리고 네가 있지<br/>아무 말 없어도<br/>난 모든 걸 알고 있었지<br/>사랑 그 숨 막히던 순간<br/>모든 게 너였지<br/>내 생활에선 나를 잊었지<br/>모든 게 그렇게 타버리고<br/>또 나를 잊었지<br/>잃어버린 너를 정리하려<br/>가끔 나 거리에 서서<br/>너와 비슷한 뒷모습에 이내<br/>주저앉고 말지<br/>아직 남아 있나 봐<br/>미련하게도<br/>여전히 난 너를<br/>아직도 난 너를<br/>사랑 그 숨 막히던 순간<br/>모든 게 너였지<br/>내 생활에선 나를 잊었지<br/>모든 게 그렇게 타버리고<br/>또 나를 잊었지<br/>잃어버린 너를 정리하려<br/>가끔 나 거리에 서서<br/>너와 비슷한 뒷모습에 이내<br/>주저앉고 말지<br/>아직 남아 있나 봐<br/>미련하게도<br/>여전히 난 너를<br/>아직도 난 너를<br/>사랑 그 숨 막히던 순간<br/>모든 게 너였지<br/>내 생활에선 나를 잊었지<br/>모든 게 그렇게 타버리고<br/>또 나를 잊었지<br/>잃어버린 너를 정리하려<br/>사랑 그 숨 막히던 순간<br/>모든 게 너였지<br/>내 생활에선 나를 잊었지<br/>모든 게 그렇게 타버리고<br/>또 나를 잊었지<br/>잃어버린 너를 정리하려<br/>
"
3106,Cry (Feat. SARAH),김연지김연지,너의 노래를 들려줘 OST Part.4,661,<dd>2019.09.02</dd>,"잊을 수가 없어서 I cry <br/>거짓말이라도 나 I try<br/>왜 아직도 여기서 너를 찾는지 <br/>오지 않을 너를 보며<br/>So I try<br/>You and I <br/>네가 없는 하루에는 나도 없는데<br/>잊지 못할 사람이란 것도 아는데<br/>Tell me what should doin’ it now <br/>거짓말이라도 해줘<br/>다 되돌릴 수 있다고 <br/>스치듯 잠깐이라도 널<br/>부를 수만 있다면<br/>I found myself <br/>but I’m still losing myself<br/>다시 내게 올 수 있을까 <br/>잊을 수가 없어서 I cry<br/>거짓말이라도 나 I try<br/>왜 아직도 여기서 너를 찾는지 <br/>오지 않을 너를 보며<br/>So I try<br/>You and I <br/>지나가는 고통이라고 <br/>다시 나를 달래고<br/>지금 아픔도 끝이 있다며 <br/>참아보려 해도 <br/>더 깊어져 가는 이 마음과<br/>커져만 가는 슬픔뿐<br/>갖기도 전에 다 부서져버린<br/>이미 조각난 꿈<br/>스치듯이 잠깐이라도 널<br/>부를 수만 있다면<br/>I found myself <br/>but I’m still losing myself<br/>다시 내게 올 수 있을까 <br/>잊을 수가 없어서 I cry<br/>거짓말이라도 나 I try<br/>왜 아직도 여기서 너를 찾는지 <br/>오지 않을 너를 보며<br/>So I try<br/>You and I <br/>독하게 너를 다 지워도<br/>다시 나타날까 <br/>돌리기엔 늦어버려<br/>상처도 커질까<br/>더 달라질 수 없다는 건 <br/>끝이 아님 어딜까<br/>넌 점점 더 멀어져가겠지<br/>Oh what should doing it now<br/>거짓말이라도 해줘<br/>이제와 더는 소용없다 해도 <br/>just fake it never get down <br/>또 네가 아닌 사람과<br/>네가 아닌 이 공간<br/>I never going without your love<br/>잊을 수가 없어서 I cry<br/>거짓말이라도 나 I try<br/>
"
3107,차라리 널 몰랐었다면,현수현수,차라리 널 몰랐었다면,"1,313",<dd>2019.09.02</dd>,"모두 지우고 싶어<br/>우리 사랑한 기억 행복했었던 날들<br/>너에게 묻고 싶어졌어<br/>내겐 네 기억만 남아서<br/>잊고 싶어 널 마주칠 때면<br/>아닌 척 감추는 웃음만 늘어가<br/>네가 했던 말<br/>나 밖에 모른 단 그 말 기억하니<br/>너 때문에 후회하며 살아<br/>차라리 널 몰랐었다면<br/>이렇게 매일 힘들 것도 없을 텐데<br/>그땐 우리 참 좋았지<br/>자주 걷던 그 거리 자주 가던 카페도<br/>모든 게 다 꿈만 같아졌어<br/>내겐 네 기억만 남아서<br/>잊고 싶어 널 마주칠 때면<br/>아닌 척 감추는 웃음만 늘어가<br/>네가 했던 말<br/>나 밖에 모른 단 그 말 기억하니<br/>너 때문에 후회하며 살아<br/>차라리 널 몰랐었다면<br/>이렇게 매일 힘들 것도 없을 텐데<br/>하루 종일 너만 생각하던<br/>버릇이 좀 남아서 더 힘든 가봐<br/>너에게 남은 기억들을<br/>이제는 다 지우고 싶어<br/>못 잊겠어 널 아직까지도<br/>난 너에게 돌아가고 싶은 것 같아<br/>나만 이렇게 아직도<br/>나만 이렇게 힘든 거니<br/>너 때문에 아파하며 살아<br/>차라리 널 몰랐었다면<br/>이렇게 매일 힘들 것도 없을 텐데<br/>
"
3108,안녕,"셀리아 킴 (주영스트), 손정수셀리아 킴 (주영스트), 손정수",안녕,276,<dd>2019.09.02</dd>,"그댄 아무것도 모르고 있겠죠<br/>내 생각에 웃음 짓고 있겠죠<br/>아무래도 나쁜 사람이 되는 건<br/>그대보단 내가 더 어울리겠네요<br/>나 그댈 사랑하지 않아요<br/>사랑한다고 달라지는 건 없잖아요<br/>이렇게 사랑해줄 수<br/>있는 사람 없겠죠<br/>미안해요 이런 사람이라서<br/>제발 그런 표정 짓지는 말아 줘요<br/>우리의 잘못이라 생각하지 않아요<br/>그댄 왜 나를 걱정하나요<br/>혼자 남을 나를 왜 걱정해요<br/>그댄 나를 사랑하고 있네요<br/>날 보는 눈빛이 말해주잖아요<br/>또다시 이런 사랑받으며<br/>살 수 있을까요<br/>미안해요 이런 사람이라서<br/>아니 이런 착한 사람을<br/>나를 사랑했단 이유로 상처만 줬네요<br/>이제 그만 떠나요<br/>날 사랑하지 마요<br/>이제 우린 정말 끝인 걸요<br/>정말 미안해요<br/>내가 미안해요<br/>이런 모습으로 보내면 안 됐는데<br/>잘 지내주세요<br/>이제 마지막이죠<br/>마지막이죠<br/>정말 마지막이죠<br/>마지막이죠<br/>안녕 사랑했던 사람아<br/>안녕 사랑했던 사람아<br/>안녕 사랑했던 사람아<br/>
"
3109,짝사랑이여도 좋아,구본웅 (Ku Bon Woong)구본웅 (Ku Bon Woong),짝사랑이여도 좋아,0,<dd>2019.09.02</dd>,"바다를 보라 <br/>해가 지는 저 하늘 <br/>내 마음 비추는<br/>붉은 색 사랑 <br/>파도가 칠때 마다 <br/>너의 목소리 들려와 <br/>조금 슬픈얘기 간직한 <br/>짝사랑이여도 좋아 <br/>사람을 보라 <br/>늙어가는 우리는 <br/>존재란 의미는 <br/>너와 나 사랑 <br/>파도가 칠때 마다 <br/>너의 목소리 들려와 <br/>조금 슬픈얘기 간직한 <br/>짝사랑이여도 좋아 <br/>파도가 칠때 마다 <br/>너의 목소리 들려와 <br/>조금 슬픈얘기 간직한 <br/>짝사랑이여도 좋아 <br/>
"
3110,벌써 가을,PD 블루PD 블루,벌써 가을,4,<dd>2019.09.02</dd>,"벌써 가을이라니 벌써 안녕이라니<br/>어떤말로도 나를<br/>위로 할 수는 없잖아<br/>이젠 끝이 보이고 결국 가을도 가고<br/>아무말도 하지마 그냥 날 놓아줘<br/>우리 이젠 서로 정말 모르는 사이<br/>친구 사이 우정 사인<br/>그런건 1도 없어<br/>나도 널 모르고 너도 날 모르는 거야<br/>미련스레 놓지 못하는 추억  다 지워<br/>가을에 만났으니 이렇게 가을에 떠나<br/>니가 알던 남자 이미 세상엔 없어<br/>널 아끼고 감싸주던 그 남자는 없어<br/>정말이야 거짓말 아냐<br/>이젠 내 말을 믿어<br/>더 이상 아무것도 해줄 것이 없는 나<br/>고개를 들면 진심 들킬것만 같아서<br/>무거운 발걸음<br/>한 걸음 한 걸음 옮기며<br/>니가 정말 좋은 사람<br/>만나길 진심 기도해<br/>안녕 정말 안녕<br/>이 노래가 끝날때 즈음에는<br/>이미 멀리 멀리 떠나있겠지<br/>이렇게 마지막 인사를<br/>건내야할 수 밖에 없는<br/>나를 용서해<br/>벌써 가을이라니 벌써 안녕이라니<br/>어떤말로도 나를<br/>위로 할 수는 없잖아<br/>이젠 끝이 보이고 결국 가을도 가고<br/>아무말도 하지마 그냥 날 놓아줘<br/>다신 마주치지 말자<br/>다신 슬퍼하지 말자<br/>좋은사람 만나서 그저 날 보내줘<br/>
"
3111,Hint,바란바란,Hint,3,<dd>2019.09.02</dd>,"요즘 내 맘은 말이야<br/>그저 그렇고 텅 빈듯해<br/>아무래도<br/>네가 날 떠난 후부터<br/>그랬던 것만 같은데 으음<br/>먼저 연락할까<br/>너도 나 같을까<br/>조심스러운 내 맘<br/>너도 그럴까 봐<br/>용기 내 살짝 내 맘보이면<br/>또다시 우리는<br/>Maybe fall in love<br/>서툴고 또 어리숙해 보여도<br/>내 맘을 보여 줄 방법 뭘까<br/>전활 걸어볼까<br/>아니야 널 찾아갈까<br/>반가워는 할까 살짝 난 겁이 나<br/>고민 또 고민하는 내 마음<br/>어떻게 표현하면 좋아 보일까<br/>누가 좀 내게 힌트를 줘요<br/>내 맘 너로 가득 채울 수 있게<br/>긴 시간이 지나도<br/>내 맘은 멈춰 있는 듯해<br/>아마도 난<br/>여전히 네 연락 하나<br/>기다리고만 있는 걸까 으음<br/>먼저 연락할까<br/>너도 나 같을까<br/>조심스러운 내 맘<br/>너도 그럴까 봐<br/>용기 내 살짝 내 맘 보여주면<br/>또다시 우리는<br/>maybe fall in love<br/>뻔하고 또 흔한 방법이라도<br/>네 맘을 잡을 방법은 뭘까<br/>문잘 보내볼까<br/>내 소식 조금 흘려볼까<br/>반가워는 할까 살짝 난 겁이 나<br/>고민 또 고민하는 내 마음<br/>어떻게 표현하면 좋아 보일까<br/>누가 좀 내게 힌트를 줘요<br/>다시 내 맘 너로 가득 채우는 방법을<br/>
"
3112,Deep (Feat. elppa),UAZUAZ,Deep,3,<dd>2019.09.02</dd>,"When I first saw your deep eyes<br/>시간이 멈춘 것 같이<br/>네게 집중했어<br/>시선이 너에게로<br/>향하는 날 멈출 수 없어<br/>순간 너로 가득 차<br/>너와 있을 땐<br/>I feel like I’m dreaming<br/>너의 옆에 자릴 잡고<br/>눈을 감으면 <br/>It feel like I went to space<br/>I’m so lucky to have met you<br/>너무 좋아서<br/>여전히 내 시간은 너로 가득<br/>오늘도 이 밤을<br/>너와 함께 Trip in<br/>떠나고 싶어<br/>어디든지 가자<br/>언제든지 나를 향해<br/>웃음 주는 너는 참<br/>행복한 사람이야<br/>밝은 빛이 나는 사람이야<br/>정말 다행이야<br/>너를 만나<br/>진짜 행복해<br/>다 너로 인해서<br/>너와 있을 땐<br/>I feel like I’m dreaming<br/>너의 옆에 자릴 잡고<br/>눈을 감으면 <br/>It feel like I went to space<br/>I’m so lucky to have met you<br/>너무 좋아서<br/>여전히 내 시간은 너로 가득<br/>오늘도 이 밤을<br/>너와 함께 Trip in<br/>떠나고 싶어<br/>어디든지 가자<br/>언제든지 나를 향해<br/>웃음 주는 너는 참<br/>행복한 사람이야<br/>밝은 빛이 나는 사람이야<br/>정말 다행이야<br/>너를 만나<br/>진짜 행복해<br/>다 너로 인해서<br/>
"
3113,약도 없대,6월애6월애,약도 없대,10,<dd>2019.09.02</dd>,"여기 봐 내 맘을 봐<br/>떨리고 있잖아 내 맘<br/>부끄럽게 자꾸 웃어<br/>아무 생각 안나게 해<br/>널 보면 자꾸 웃어<br/>바보가 된 거 같이 말야<br/>이런 날 책임져줘<br/>이건 약도 없단 말야<br/>내 맘이 니가 좋대<br/>정말 너무 너무 좋아서<br/>너와 함께 있는 순간이<br/>모두 설레여서<br/>정말 어쩔 줄을 모르겠대 <br/>여기 봐 내 맘을 봐<br/>떨리고 있잖아 내 맘<br/>싱그럽게 자꾸 웃어<br/>머리 속에 너만 남게<br/>널 보면 자꾸 웃어<br/>바보가 된 거 같이 말야<br/>이런 날 책임져줘<br/>이건 약도 없단 말야<br/>내 맘이 니가 좋대<br/>정말 너무 너무 좋아서<br/>너와 함께 있는 순간이<br/>모두 설레여서<br/>정말 어쩔 줄을 모르겠대 <br/>한시도 너에게서<br/>눈을 뗄 수가 없단 말야<br/>내 맘이 그게 좋대<br/>정말 너무 너무 좋대<br/>너와 함께 하는 모든 게<br/>너무 설레여서<br/>이제 어쩔 줄을 모르겠대<br/>
"
3114,푸릇,박한영박한영,일기02,21,<dd>2019.09.02</dd>,"하품을 하는 늘어진 구름<br/>쉴 새 없이 뛰어다니는 아이들과<br/>굴러가는 돌멩이를 잡으려 하는<br/>점박이 고양이가 있는 곳<br/>아찔하게 눈 부신 햇살<br/>소리 없이 커져가는 초록빛 지붕<br/>그림자가 길어지는 것 도 모른 채<br/>낮잠은 저녁잠이 되어가는 오후<br/>늦어진 노을 분홍빛 하늘<br/>잠에서 깬 구름들은 놀라 달아나고<br/>일찌감치 떠 있었던 샛별을 따라<br/>익숙한 향기를 향하면<br/>하나 둘 씩 켜지는 가로등<br/>어디선가 들려오는 풀벌레 소리<br/>나도 함께 노래하고 싶어<br/>푸르던 그 날을 꿈꿀래<br/>
"
3115,Rooftop Party,SOOM (이수민)SOOM (이수민),Rooftop Party,66,<dd>2019.09.02</dd>,"조용히 날 비추는 달빛은 <br/>한마디 말없이 날 위로해<br/>끝나지 않을 것 같은 이 외로움은 <br/>언젠가 웃으며 말하겠지<br/>어떻게 해야 돼 난 이렇게 <br/>외로운 듯 외롭지 않은데<br/>날 바라보는 시선이 전혀 <br/>부담스럽지도 않은데 넌 왜<br/>어떻게 해야 돼 나 끝없는 <br/>생각에 잠길 때면<br/>어느새 달이 떠있네<br/>Rooftop Party on my own<br/>아침이 오기 전에 <br/>나 혼자 이 밤을 건너갈게<br/>Dancing in the moonlight <br/>내 멋대로 마음이 가는 대로 <br/>난 이렇게 춤출래<br/>유난히 불안한 내 눈빛은<br/>불편한 네 시선에 깊어져가<br/>끝나지 않을 것 같은 이 고민들은<br/>언젠가 웃으며 말하겠지<br/>어떻게 해야 돼 난 이렇게 <br/>외로운 듯 외롭지 않은데<br/>날 바라보는 시선이 전혀 <br/>부담스럽지도 않은데 넌 왜<br/>어떻게 해야 돼 나 끝없는 <br/>생각에 잠길 때면<br/>어느새 달이 떠있네<br/>Rooftop party on my own<br/>아침이 오기 전에 <br/>나 혼자 이 밤을 건너갈게<br/>Dancing in the moonlight <br/>내 멋대로 마음이 가는 대로 <br/>난 이렇게 춤출래<br/>반쪽이 난 달에 네 차가운 말투에 나<br/>위태로워 불면 지려 해<br/>어떻게 해야 할지 모르지만 <br/>어느새 달이 떠있네<br/>Rooftop Party on my own<br/>아침이 오기 전에 <br/>나 혼자 이 밤을 건너갈게<br/>Dancing in the moonlight <br/>내 멋대로 마음이 가는 대로 <br/>난 이렇게 춤출래<br/>
"
3116,몸은 괜찮니,김상철김상철,몸은 괜찮니,6,<dd>2019.09.02</dd>,"몸은 괜찮니 괜스레 신경이 쓰여<br/>어제도 우리 웃으며 만났었잖아<br/>몸은 괜찮니 열나고 기침 나오니<br/>병원 가야지 그래야 빨리 낫잖아<br/>무슨 일 있는거 아니지<br/>혼자서 우는거 아니지<br/>나 땜에 그런거 아니지<br/>내가 니 말 잘 안들어서<br/>아프면 안돼 니가 많이 아프면<br/>내가 아무것도 할 수 없잖니<br/>아프면 안돼 니가 많이 아프면<br/>내가 아무것도 할 수 없잖니<br/>무슨 일 있는거 아니지<br/>혼자서 우는거 아니지<br/>나 땜에 그런거 아니지<br/>내가 니 말 잘 안들어서<br/>아프면 안돼 니가 많이 아프면<br/>내가 아무것도 할 수 없잖니<br/>아프면 안돼 니가 많이 아프면<br/>내가 아무것도 할 수 없잖니<br/>아프면 안돼 니가 많이 아프면<br/>내가 아무것도 할 수 없잖니<br/>제발 아프지 않았음 좋겠어<br/>내가 더 아픈거 너도 알잖니<br/>
"
3117,이불,n번째 프로젝트n번째 프로젝트,이불,35,<dd>2019.09.02</dd>,"일어나야 하는데<br/>준비해야하는데<br/>밥도 먹어야되고<br/>너도 만나기로 한 날<br/>오늘은 나 절대로<br/>안늦기로 했는데<br/>너는 보고싶은데<br/>진짜 보고싶은데<br/>한들한들 불어오는 시원한 바람<br/>나른하게 쏟아지는 한줌의 햇살이<br/>오늘은 나 늦지않게 가려했는데<br/>그냥 니가 내 옆으로 왔으면 좋겠다<br/>저 멀리 니가 보여<br/>괜시리 웃음이 나<br/>이렇게 또<br/>말하지 않아도 나를 보고<br/>내게로 와<br/>살며시 두손 잡을래<br/>몰래<br/>한들한들 불어오는 시원한 바람<br/>나른하게 쏟아지는 한줌의 햇살이<br/>오늘은 나 늦지않게 가려했는데<br/>그냥 니가 내 옆으로 왔으면 좋겠다<br/>한들한들 불어오는 시원한 바람<br/>나른하게 쏟아지는 한줌의 햇살이<br/>오늘은 나 늦지않게 가려했는데<br/>그냥 니가 내 옆으로 왔으면 좋겠다<br/>
"
3118,별똥별,채원준채원준,별똥별,38,<dd>2019.09.02</dd>,"그대 향한 그리움은 별이 되는데<br/>저 하늘에 반짝이는 별이 되는데<br/>그대 향한 그리움은 보이지 않아서<br/>그대의 사랑은 너무 빛나고 있네<br/>내 적은 사랑은 어두운 밤 하늘<br/>길을 잃고 별이 되지 못한 채<br/>안타까운 눈물만 흐르네<br/>그대여 나 그대에게<br/>다가설 수 없어 오 그대여<br/>별똥처럼 그대 곁 스쳐간 데도<br/>캄캄한 밤 하늘에<br/>함께했던 그대 흔적도<br/>이제는 남기지 못할 그대이기에<br/>내 적은 사랑은 어두운 밤 하늘<br/>길을 잃고 별이 되지 못한 채<br/>안타까운 눈물만 흐르네<br/>그대여 나 그대에게<br/>다가설 수 없어 오 그대여<br/>새벽처럼 차가운 이별인 것을<br/>캄캄한 밤 하늘에<br/>함께했던 우리 흔적도<br/>이제는 남기지 못할 기억이기에<br/>그대가 반짝이는 저 넓은<br/>은하수에서 함께이고 싶은데<br/>나 또한 별이 되어<br/>너에게 갈 수 있다면<br/>그대 향한 그리움은 별이 되는데<br/>저 하늘에 반짝이는 별이 되었네<br/>
"
3119,세상에게,미루미루,Ode to the world,7,<dd>2019.09.02</dd>,"나의 바램만큼 다정할 순 없나요<br/>언제부턴가는 정말 자신이 없네<br/>하루에 대하여 마음에 대하여<br/>어제 꿈을 놓은 친구와<br/>오늘 먹은 밥의 의미에 대하여<br/>나의 사랑만큼 따뜻할 순 없나요<br/>언제부턴가는 내가 제일 차갑네<br/>무뎌짐에 대하여 강해짐에 대하여<br/>울 수 있는 품을 그리다<br/>결국 울지 못한 밤들에 대하여<br/>언제부터 나는 이런 식의 슬픔을<br/>괜찮아 라는 말로써 슬퍼했나<br/>괜찮은 괜찮은 사람들이 가득하네<br/>가난한 젊음과 가난한 마음과<br/>항상 괜찮은 니가 오늘 흘린 눈물과<br/>나에 대하여<br/>
"
3120,"뫼비우스 (Feat. 진효, 138)",ONZONZ,뫼비우스,1,<dd>2019.09.02</dd>,"사랑받는 느낌<br/>널 처음만났을때 딱 그뿐이야<br/>내게익숙해졌는지이제<br/>넌완전변했어<br/>예전과달라<br/>어어어어<br/>어어어어<br/>어어어어<br/>어어어어<br/>예똑같은방식의똑같은다툼<br/>꼭같은포인트의똑같은갈굼<br/>서로다름을이해하려는노력들마저<br/>번번히만들어물거품<br/>그저뻔뻔하게늘어놓는<br/>얄팍한너의투정은<br/>결국들어보면네입장들<br/>지배불리기바쁜김정은<br/>내맘은같아니가변했어<br/>처음처럼나를아껴줘<br/>조심스럽던너의손길도<br/>이젠그리워너무그리워<br/>어어어어어어어어어어<br/>어어어어어<br/>이젠그리워너무그리워<br/>일방의관계그런관계라는말이란게 <br/>아니 대체가능은해<br/>도대체매사에어떻게<br/>모든문제는다나야가능은해<br/>남이라곤눈꼽만치도생각도않는데<br/>사랑이 가능은해<br/>눈엔자기밖에안보이는데<br/>여기까진어떻게온거야맨<br/>투정이라생각마<br/>참많이참고기다렸어<br/>더이상은못참아나도지쳐<br/>예전과달라<br/>어어어어어어<br/>어어어어어어<br/>어어어어어어<br/>어어어어어어<br/>사랑받는느낌널처음만났을때<br/>딱그뿐이야<br/>내게익숙해졌는지<br/>이제넌완전변했어<br/>예전과달라<br/>어어어어<br/>예전과달라<br/>어어어어<br/>예전과달라<br/>어어어어<br/>예전과달라<br/>어어어어<br/>예전과달라<br/>
"
3121,나 혼자 (Alone) (Vocal. 고동),FM43FM43,나 혼자 (Alone),4,<dd>2019.09.02</dd>,"혼자 있는 시간에<br/>내가 그댈 생각하는<br/>마음이 들 때면<br/>너무 슬프겠지<br/>벨소리가 들려와<br/>시간이 너무 늦었는데<br/>Ah 내 맘은 그댈 생각하네<br/>그렇게 떠날 땐<br/>그대 내게<br/>혼자 있으라 해놓고<br/>그대의 문자 전화도<br/>이젠 싫어졌어<br/>차단할게<br/>같이 있는 시간에<br/>다른 사람 생각하는 마음<br/>들킨다면 너무 슬프겠지<br/>벨소리가 들려와<br/>시간이 너무 늦었는데<br/>Ah 내 맘은 다른 생각하네<br/>떠날 땐 그렇게<br/>그대 내게<br/>혼자 있으라 해놓고<br/>그대의 문자 전화도<br/>이젠 싫어졌어<br/>차단할게<br/>떠날 땐 그렇게<br/>그대 내게<br/>혼자 있으라 해놓고<br/>그대의 문자 전화도<br/>이젠 싫어졌어<br/>차단할게<br/>
"
3122,Twilight,손석민손석민,"2019 Fall - Twilight, the End of Day",4,<dd>2019.09.02</dd>,"뜨거운 햇빛이 어울리지 않고<br/>달빛아래 모두가 은은하게 비추고<br/>더웠던 주말이 언제였는지<br/>시원한 공기가 다가와<br/>어딘지 모르게 허전한 마음에<br/>올려다본 하늘은 안아주고 싶어<br/>저물어가는 햇빛 사이로<br/>보이는 그림자 하나만<br/>혼자만 슬픈 듯 감싸주고 싶어<br/>왜 혼자인건지 나와 함께 하자고<br/>남김없이 쏟아주던<br/>따사로운 햇빛도<br/>이제 지친 듯 구름 사이로 내려가고<br/>언제 사랑했었냐는 듯이<br/>외로워 하는 사람들<br/>어딘지 모르게 아쉬운 마음을<br/>바람이 안아주는 것 같아<br/>저물어가는 햇빛 사이로<br/>보이는 그림자 하나만<br/>혼자만 슬픈 듯 감싸주고 싶어<br/>왜 혼자인건지 나와 함께 하자고<br/>사라지는 햇빛 위로<br/>올라오는 달빛이<br/>내마음을 달래<br/>하지만 난 새로운 걸 받아드릴<br/>준비가 안 된듯 너를 쫓아<br/>저물어가는 햇빛 사이로<br/>보이는 그림자 하나만<br/>혼자만 슬픈 듯 감싸주고 싶어<br/>왜 혼자인건지 나와 함께 하자고<br/>
"
3123,뷰티풀데이,송은송은,아망 프로젝트 EP vol.4,4,<dd>2019.09.02</dd>,"내가 너를 좋아한다고<br/>티를 내고 다니나봐<br/>근데 너만 왜 모르니<br/>모른척 하고 있는거니<br/>씩씩거리며 너에게 다가가<br/>고백하려는 순간<br/>내 손을 잡으며 하는말<br/>사실 나<br/>It's a beautiful day<br/>니가 필요한거야<br/>내 맘에 요기 조기 숨어 있는<br/>너의 모습 하나 까지<br/>사랑 하고 싶어<br/>It's a beautiful day<br/>나와 함께하는거야<br/>내 맘에 요기 조기 숨기 고픈<br/>나의 작은 비밀 까지<br/>함께 하고 싶어<br/>It's a beautiful day<br/>내가 너를 좋아 한다고<br/>티를 내고 다니나봐<br/>그래 널 향한 내 맘은<br/>나에겐 그저 행복인걸<br/>내가 너에게 바라는 한가지<br/>나의 사랑 만큼만<br/>Just love me yeah<br/>나만 사랑해줘 영원히<br/>It's a beautiful day<br/>니가 필요한거야<br/>내 맘에 요기 조기 숨어 있는<br/>너의 모습 하나 까지<br/>사랑 하고 싶어<br/>It's a beautiful day<br/>나와 함께하는거야<br/>내 맘에 요기 조기 숨기 고픈<br/>나의 작은 비밀 까지<br/>함께 하고 싶어<br/>It's a beautiful day<br/>사탕같이 달콤해서<br/>너와 함께 하고 싶어<br/>It's a beautiful day<br/>니가 필요한거야<br/>내 맘에 요기 조기 숨어 있는<br/>너의 모습 하나 까지<br/>사랑 하고 싶어<br/>It's a beautiful day<br/>나와 함께하는거야<br/>내 맘에 요기 조기 숨기 고픈<br/>나의 작은 비밀 까지<br/>함께 하고 싶어<br/>It's a beautiful day<br/>
"
3124,다시 만날까 봐,V.O.SV.O.S,다시 만날까 봐,"60,475",<dd>2019.09.01</dd>,"인스타로 몰래 보는 너의 하루들<br/>누가 봐도 헤어진 티를 내<br/>팔로우 다 끊고서<br/>좋아요는 왜 눌렀니<br/>참 바보 같은 사람이야<br/>잘 먹지도 못하는 술은<br/>왜 매일 마시고<br/>늘 예쁜 얼굴 많이 야위었어<br/>혼자 있으면 나도 그래<br/>술이 없으면 못 자고<br/>많이 괴로워해<br/>이럴 거면 우리 미친 척하고<br/>다시 만날까 봐<br/>다시 시작할까 봐<br/>친구들 만나는 거<br/>그렇게 좋아하면서<br/>집에만 있니 더 우울하게<br/>혼자 있으면 나도 그래<br/>누구도 만나기 싫어<br/>숨고만 싶은데<br/>이럴 거면 우리 미친 척하고<br/>다시 만날까 봐<br/>다시 시작할까 봐<br/>못 잊을 거야<br/>너와 추억한 지난날들을<br/>난 아직까지도 너무나 선명해<br/>그렇게 선명한 만큼<br/>지키고픈 우리 기억들이<br/>잊혀지는 게 정말 많이 두려워<br/>혼자 있으면 나도 그래<br/>늘 혼자 센척했지만 많이 두려워해<br/>이럴 거면 우리 미친 척하고<br/>다시 만날까 봐<br/>다시 시작할까 봐<br/>우리 여기서 끝나면 안 돼<br/>
"
3125,거짓말처럼 사랑해서,한승희한승희,연애의 참견 시즌2 OST - Part.16,"1,523",<dd>2019.09.01</dd>,"나보다 중요한 일은 없다고<br/>괜찮다고 기다릴 수 있다고<br/>표현조차 않던 널 힘들게 만들고<br/>너의 눈물까지 익숙했던 나<br/>My love 널 사랑하고 싶은데<br/>다시 예전처럼 돌아가고 싶은데<br/>Good bye 잘 지내란 말도<br/>미안하단 인사도 거짓말이라 말해줘<br/>너보다 중요한 일이 생기고<br/>자꾸만 널 기다리게 만들고<br/>내색 않던 너에게 무심하게 굴던<br/>내 모습까지도 따스히 안아준<br/>My love 널 사랑하고 싶은데<br/>다시 예전처럼 돌아가고 싶은데<br/>Good bye 잘 지낸단 말도<br/>괜찮다는 인사도 거짓말이라고<br/>말하고 싶은데 말해주고 싶은데<br/>정말 너 없이 내가 살 수 있을까<br/>Good night 잘 자라는 인사도<br/>My love 그때처럼 말해주고 싶은데<br/>Good bye 이별을 말하는<br/>너를 기다릴게<br/>거짓말처럼 사랑해서<br/>
"
3126,약속하나,캔도 (CANDO)캔도 (CANDO),여름아 부탁해 OST Part.25,214,<dd>2019.09.01</dd>,"꼭 이것만은 기억해줘요<br/>내 가슴이 사랑하는 한 사람<br/>이어질 수 없는 운명을 알지만<br/>그 사람 그대입니다<br/>꼭 잊지 말고 기억해줘요<br/>엇갈리는 인연이 야속하지만<br/>숨죽여 몰래 지켜갈 단 하나의 약속<br/>그 사랑은 그대입니다<br/>사랑하지만 그대를 너무 사랑하지만<br/>멀리서 바라만 봐야 하는 내 사랑<br/>사랑하지만 가질 수 없는 사랑이지만<br/>멀리서라도 혼자서라도 지킬게<br/>우리 약속<br/>꼭 잊지 말고 기억해줘요<br/>엇갈리는 인연이 야속하지만<br/>숨죽여 몰래 지켜갈 단 하나의 약속<br/>그 사랑은 그대입니다<br/>사랑하지만 그대를 너무 사랑하지만<br/>멀리서 바라만 봐야 하는 내 사랑<br/>사랑하지만 가질 수 없는 사랑이지만<br/>멀리서라도 혼자서라도 지킬게<br/>사랑하지만 가질 수 없는 사랑이지만<br/>멀리서라도 혼자서라도 지킬게<br/>우리 사랑<br/>
"
3127,그대에게 띄우는 편지,데이브레이크 (DAYBREAK)데이브레이크 (DAYBREAK),[Vol.30] 유희열의 스케치북 10주년 프로젝트 : 열네 번째 목소리 `유스케 X 데이브레이크`,789,<dd>2019.08.31</dd>,"이렇게 우린 멀리 있지만<br/>그대의 모습 그릴 수 있어<br/>저 밤하늘에 우연히 그대의 모습이<br/>내 마음을 적시고 멀리 사라져<br/>나 그대와 함께 있을 때<br/>난 알 수 없었지<br/>무엇이 내게 소중한 것인지<br/>언제나 그대와 있을 땐<br/>난 깨닫지 못했지<br/>내 삶의 의미를<br/>나 그대와 함께 있을 때<br/>난 알 수 없었지<br/>무엇이 내게 소중한 것인지<br/>언제나 그대와 있을 땐<br/>난 깨닫지 못했지<br/>내 삶의 의미를<br/>이렇게 멀리서 바라보면<br/>모든 걸 이해할 것만 같아<br/>나 그대 위해 모든 걸<br/>다 바칠 수 있어<br/>오늘 밤도 두 손 모아 기도해<br/>오늘 밤도 두 손 모아 기도해<br/>기도해<br/>기도해<br/>
"
3128,소주 한 잔,허각허각,불후의 명곡 – 전설을 노래하다 (가슴을 울리는 뜨거운 사랑 이야기 임창정),"1,765",<dd>2019.08.31</dd>,"술이 한 잔 생각나는 밤<br/>같이 있는 것 같아요<br/>그 좋았던 시절들<br/>이젠 모두 한숨만 되네요<br/>떠나는 그대 얼굴이<br/>혹시 울지나 않을까<br/>나 먼저 돌아섰죠<br/>그때부터 그리워요<br/>사람이 변하는 걸요<br/>다시 전보다 그댈 원해요<br/>이렇게 취할 때면<br/>꺼져버린 전화를 붙잡고<br/>여보세요 나야 거기 잘 지내니<br/>여보세요 왜 말 안 하니<br/>울고 있니 내가 오랜만이라서<br/>사랑하는 사람이라서<br/>그대 소중한 마음 밀쳐낸<br/>이기적인 그때의 나에게<br/>그대를 다시 불러오라고<br/>미친 듯이 외쳤어<br/>사람이 변하는 걸요<br/>다시 전보다 그댈 원해요<br/>이렇게 취할 때면<br/>바뀌어버린 전화번호 누르고<br/>여보세요 나야 거기 잘 지내니<br/>오랜만이야 내 사랑아<br/>그대를 다시 불러오라고<br/>미친 듯이 울었어<br/>미친 듯이<br/>여보세요 나야 정말 미안해<br/>이기적인 그때의 나에게<br/>그대를 다시 불러오라고<br/>미친 듯이 외쳤어<br/>미친 듯이 외쳤어<br/>여보세요 나야 거기 잘 지내니<br/>오랜만이야 내 사랑아<br/>그대를 다시 불러오라고<br/>미친 듯이<br/>외쳤어<br/>
"
3129,잊혀진다는 것,한올한올,한올 x 착플리 프로젝트 VOL.5,"1,291",<dd>2019.08.31</dd>,"그대여 나는 오늘도<br/>그대 생각에 잠 못 이루죠<br/>그대라는 시간에 갇혀 길을 헤매죠<br/>그래요 나는 아직도<br/>기억 저 편에 남아있죠<br/>잊혀진다는 두려움에<br/>계속 서성이고 있어요<br/>그대여 그대는 나를<br/>나를 생각할까요<br/>바람 불어와 마음을 흔들면<br/>그럴때면 생각이 날까요<br/>오 그대는 나의 하늘에<br/>가장 밝은 별이 된거죠<br/>어두운 밤 나의 마음에<br/>계속 빛나는 기억으로 남아<br/>그대여 그대는 나를<br/>나를 생각할까요<br/>바람 불어와 마음을 흔들면<br/>그럴때면 생각이 날까요<br/>그대는 나의 마음에<br/>가장 짙은 말이 된거죠<br/>고요한 밤 나의 마음에<br/>계속 맴도는 이름으로 남아<br/>
"
3130,님아,"윤민수(바이브), 송가인, 치타 (CHEETAH)윤민수(바이브), 송가인, 치타 (CHEETAH)",더 콜 2 (The Call 2) 네 번째 프로젝트,"12,328",<dd>2019.08.31</dd>,"사랑 사랑 그리운 님아 <br/>언제쯤 그대 오시려나 <br/>나를 두고 떠나간 님아 <br/>내 마음 아시려나<br/>Bom Diggy Bom <br/>Diggy Diggy Bom Bom <br/>Bom Diggy Bom <br/>Diggy Diggy Bom Bom <br/>Bom Diggy Bom <br/>Diggy Diggy Bom Bom <br/>Bom Diggy Bom <br/>Diggy Diggy Bom Bom <br/>사랑 사랑 사랑 사랑 내 사랑이야 <br/>사랑 사랑 사랑 사랑 내 사랑이로다 <br/>사랑 사랑 사랑 사랑 내 사랑이야 <br/>사랑 사랑 사랑 사랑 내 사랑이로다 <br/>이리 오너라 게 누구 없느냐 <br/>기다리다 지친 내 맘 둘 곳이 없구나 <br/>시원한 것 좀 어서 내어 오거라 <br/>내 님 찾아 바삐 움직여 허기지구나 <br/>내게 다시 돌아온다 하던 <br/>님은 어딘데 <br/>기척 없이 온데간데없이 숨었네 <br/>채워도 채워지지 않는 맘 알아주게 <br/>여기 날 달래줄 이 누구 없소 <br/>님아 정녕 나를 두고 <br/>떠나신다면 행복하진 마오 <br/>님아 정녕 나를 두고 <br/>떠나신대도 사랑하진 마오 <br/>멀어지지마 멀어지지마 <br/>멀어지지마 <br/>너무 사랑하오 그리운 내 님아<br/>사랑 사랑 사랑 사랑 내 사랑이야<br/>사랑 사랑 사랑 사랑 내 사랑이로다<br/>사랑 사랑 사랑 사랑 내 사랑이야<br/>사랑 사랑 사랑 사랑 내 사랑이로다<br/>님 없는 이 마음은 닳고 닳아<br/>갈 곳을 잃었어매일<br/>달아달아 하며 그대를 빌었어<br/>이게 놀이라면 응할텐데<br/>허나 나는 더는 그대를 찾아<br/>헤맬 맘도 없어<br/>님아 다른 이를 그대 품에 안느니<br/>님아 사랑 따위는 모르고 사시오<br/>님아 난 언제나 이 자리에 있으니<br/>이제 당신이 한번<br/>날 애타게 찾아보시오<br/>혼자인 밤들이 밤들이 외로웠고<br/>난 남들이 말려도 기다렸소<br/>내 맘들을 맘대로 흔들었던<br/>그 날들이 날들이 그리웠소<br/>님아 정녕 나를 두고<br/>떠나신다면 행복하진 마오<br/>님아 정녕 나를 두고<br/>떠나신대도 사랑하진 마오<br/>멀어지지마 멀어지지마<br/>멀어지지마<br/>너무 사랑하오 그리운 내 님아<br/>사랑 사랑 사랑 사랑 내 사랑이야<br/>사랑 사랑 사랑 사랑 내 사랑이로다<br/>사랑 사랑 사랑 사랑 내 사랑이야<br/>사랑 사랑 사랑 사랑 내 사랑이로다<br/>내 사랑 이로다<br/>내 사랑 이로다<br/>내 사랑 이로다<br/>이리 오너라 앞태를 앞태를 보자<br/>이리 오너라 내 사랑이로다<br/>이리 오너라 앞태를 앞태를 보자<br/>이리 오너라 내 사랑이로다<br/>사랑 사랑 사랑 사랑 내 사랑이야<br/>님아<br/>사랑 사랑 사랑 사랑 내 사랑이로다<br/>님아<br/>사랑 사랑 사랑 사랑 내 사랑이야<br/>사랑 사랑 사랑 사랑 내 사랑이로다<br/>내 사랑 이로다<br/>내 사랑 이로다<br/>내 사랑 이로다<br/>님아<br/>사랑 사랑 그리운 님아<br/>언제쯤 그대 오시려나<br/>바람처럼 떠나간 님아<br/>이 아픈 사랑 이 슬픈사랑<br/>내 님은 아시려나<br/>
"
3131,Done For Me,펀치 (Punch)펀치 (Punch),호텔 델루나 OST,"3,334",<dd>2019.08.31</dd>,"지울게 너에게 남겨줬던<br/>추억까지도<br/>바랄게 너와의 기억도 남지 못하게<br/>더는 다가갈 수 없어 네게<br/>이런 마음이 너무 두려워<br/>너의 기억 모두 가져가 줘<br/>다 지워줘<br/>done for me<br/>깨끗이 지워질 수 있을까<br/>널 벗어날 수 있을까<br/>사랑했던 기억도<br/>다 비워낼 수 있을까<br/>더 이뤄질 수는 없어<br/>난 다가갈 수 없어<br/>미친 듯이 뛰어가<br/>너 없는 곳에 가<br/>사랑은 갔고 남겨진<br/>추억들은 아팠고<br/>네가 내게 남겨줬던 기억은<br/>가시가 됐고<br/>다 사라졌으면 해<br/>모두 지워졌으면 해<br/>나 쉴 수 있게 널<br/>떠날게 가질 수 없는<br/>너란 걸 알고 있어<br/>보낼게 너와의 기억 모두 다 버릴게<br/>더는 다가갈 수 없어 네게<br/>이런 마음이 너무 두려워<br/>너의 기억 모두 가져가 줘<br/>다 지워줘<br/>done for me<br/>나의 기억에서 떠나가줘<br/>너의 추억들도 가져가 줘<br/>지워줘 너의 그리움까지도<br/>그리워도 그립지는 않게<br/>모든 순간들을 잊어볼게 다 잊을게<br/>너의 작은 흔적까지도<br/>지울게 너에게 남겨줬던<br/>추억까지도<br/>바랄게 너와의 기억도 남지 못하게<br/>더는 다가갈 수 없어 네게<br/>이런 마음이 너무 두려워<br/>너의 기억 모두 가져가 줘<br/>다 지워줘<br/>done for me<br/>너를 떠날 수밖에<br/>멀어질 수밖에 없으니까<br/>이런 나를 제발 용서해줘<br/>언젠가는 우리 다시 만날 수 있기를<br/>done for me<br/>done for me<br/>
"
3132,멀리멀리,케잌 (CAKE)케잌 (CAKE),멀리멀리,108,<dd>2019.08.31</dd>,"떠나간다 내 사랑 멀리멀리<br/>잡지도 못 할 만큼 차갑게<br/>떨어진다 내 눈물<br/>널 사랑한 만큼<br/>이젠 널 다시 찾지 않을래<br/>너 역시 찾지 않을 거잖아<br/>우린 항상 그렇게 반대였으니<br/>앞만 보고 걸어가겠지<br/>모든 게 낯설어지겠지<br/>네가 없는 나의 날들이<br/>그렇게 익숙해지겠지<br/>떠나간다 내 사랑 멀리멀리<br/>잡지도 못 할 만큼 차갑게<br/>떨어진다 내 눈물<br/>널 사랑한 만큼<br/>너와 영원할 것 같던 그 시간들<br/>너와 행복했던 날들 참 그립다<br/>모든 게 낯설어지겠지<br/>네가 없는 나의 날들이<br/>그렇게 익숙해지겠지<br/>떠나간다 내 사랑 멀리멀리<br/>잡지도 못 할 만큼 차갑게<br/>떨어진다 내 눈물<br/>널 사랑한 만큼<br/>떠나간다 내 사랑<br/>떨어진다 내 눈물<br/>그립다 <br/>떠나간다 내 사랑<br/>
"
3133,문득 생각이 나,이성경X이루리이성경X이루리,문득 생각이 나,557,<dd>2019.08.31</dd>,"언제부턴가 난 네가 생각나<br/>아무렇지도 않았었는데<br/>네가 좋아하는 것도<br/>싫은 게 뭔지도<br/>점점 궁금해져<br/>의미 없이 지나쳐간 말들도<br/>괜히 되새겨보고 있어<br/>밥은 잘 먹고 있는지 궁금해<br/>괜히<br/>괜히 생각이 나<br/>노을이 저물어 가는 길<br/>붉게 물들어 가는 하늘<br/>내 옆에 네가 있으면 참 좋겠다<br/>문득 생각이 나<br/>집으로 돌아가는 길<br/>문득 저 멀리서 들려오는<br/>너의 목소리에 난 깜짝 놀랐어<br/>돌아봐도 될까<br/>말을 걸어도 될까<br/>고민만 하다가<br/>어떤 말을 할지 준비하고서<br/>용기 내서 뒤돌아보니<br/>어느새 너는 가버리고<br/>괜히<br/>괜히 마음만 아파<br/>노을이 저물어 가는 길<br/>붉게 물들어 가는 하늘<br/>내 옆에 네가 있으면 참 좋겠다<br/>문득 생각이 나<br/>보랏빛 하늘이 멈춘 길<br/>짙게 드리워지는 하늘<br/>내 옆에 네가 있으면 참 좋겠다<br/>문득 생각이 나<br/>네가 생각나<br/>
"
3134,헤어지자,어쿠스틱 콜라보어쿠스틱 콜라보,헤어지자,"5,539",<dd>2019.08.30</dd>,"되돌려보고 싶었어<br/>몇 번이나 나는<br/>너를 사랑했기에<br/>돌아갈 수도 없는<br/>그때 그 마음이 될 순 없어<br/>너에게 말할래 말할게<br/>손을 잡아도 널 안아봐도<br/>아무것도 느껴지는 게 없고<br/>더 노력해봐도<br/>너와 나는 점점 멀어지잖아<br/>니가 없었던 시간으로<br/>나를 돌려놓고 싶어서<br/>우리 여기까지만 하자<br/>소리 내 울고 싶었어<br/>몇 번이나 나는<br/>너무 아팠었기에<br/>무너져가는 나를<br/>더는 모르는 척 할 순 없어<br/>너에게 말할래 말할게<br/>널 바라봐도 기대어봐도<br/>아무것도 느껴지는 게 없고<br/>더 노력해봐도<br/>너와 나는 점점 멀어지잖아<br/>니가 없었던 시간으로<br/>나를 돌려놓고 싶어서<br/>우리 여기까지만<br/>손을 잡아도 널 안아봐도<br/>아무것도 느껴지는 게 없고<br/>더 노력해봐도<br/>너와 나는 점점 멀어지잖아<br/>니가 없었던 시간으로<br/>나를 돌려놓고 싶어서<br/>우리 여기까지만<br/>우리 여기까지만<br/>우리 여기까지만 하자<br/>
"
3135,당신 참 좋은 사람이에요 (Vocal 노르웨이 숲),피아노의 숲피아노의 숲,PHOTO ALBUM [SHINE],301,<dd>2019.08.30</dd>,"뜬눈으로 밤을 지샌 적 있죠<br/>마음이 아파 울고 싶은 날도<br/>모든 게 하기 싫을 때도<br/>어려울 때에도<br/>내겐 아무도 없는 것만 같았죠<br/>이별의 아픔보다 지금의 내 모습이<br/>작게만 느껴지는 오늘이에요<br/>괜찮아요 이젠 걱정하지 말아요<br/>당신 참 좋은 사람이에요<br/>오늘 하루도 수고 많았어요<br/>괜찮아요 다 괜찮을 거예요<br/>힘들면 참지 말아요 괜찮아질 때까지<br/>실컷 울어도 돼요<br/>내가 옆에 있어 줄게요<br/>내일 하루도 아프지 말아요<br/>괜찮아요 다 괜찮을 거예요<br/>힘들면 참지 말아요 괜찮아질 때까지<br/>실컷 울어도 돼요<br/>내가 옆에 있어 줄게<br/>내겐 참 좋은 사람이에요<br/>아프지 마요 나도 맘이 아파요<br/>오늘은 울지 말아요 얘길 들어줄게요<br/>그대 안아줄게요 오늘도 수고했어요<br/>좋은 꿈 꾸길 바라요<br/>
"
3136,헤어지고 돌아오는 길,더 라임더 라임,헤어지고 돌아오는 길,468,<dd>2019.08.30</dd>,"헤어지고 돌아오는 길<br/>아무 소리조차 들리지도 않는 듯 해<br/>무언가에 홀린 듯이 그냥 걸어<br/>머리 속이 전혀 정리가 안돼<br/>실감 안나 눈물도 안 나온다<br/>다 거짓 같아 이게 다 진짜니<br/>우리 헤어졌니 진짜 그런거니<br/>이제 못 보는지<br/>모든 게 나 믿어지지 않아<br/>방에 들어와 앉아서<br/>멍하니 앉아서 난<br/>이제야 눈물이 흘러내려<br/>잠이 안 와 무언가 억울해서<br/>내 잘못이니 이렇게 된 이유<br/>우리 헤어졌니 진짜 그런거니<br/>이제 못 보는지<br/>모든 게 나 믿어지지 않아<br/>방에 들어와 앉아서<br/>멍하니 앉아서 난<br/>이제야 눈물이 흘러내려<br/>점점 더 실감나<br/>이별이 아프고 아파와서<br/>더 이상 난 견딜 수 없어<br/>너와 헤어지고 하루도 안지나<br/>니가 보고 싶어<br/>점점 더 미칠 듯이 널 찾아<br/>헤어진 오늘 이 밤에 넌 어때 괜찮아<br/>아무일도 아닌 듯 넌 괜찮니<br/>
"
3137,수척,하진우하진우,수척,141,<dd>2019.08.30</dd>,"좋았었던 우리 처음 그때처럼<br/>다시 한번 사랑할 수 없나요<br/>순간 헤어지고 잊혀지는<br/>초라해진 사랑<br/>이유도 몰라 물어보지도 못했잖아<br/>거울속의 내 모습 많이 수척해졌죠<br/>이젠 웃지도 않아요<br/>아무런 의미가 없어졌잖아<br/>그대없는 나는 이렇게밖에 안되죠<br/>돌아보면 좋은 기억들만 남아<br/>나를 자꾸 미소짓게 만들어<br/>다시 현실속에 돌아오면<br/>눈물나게하죠<br/>이렇게 살아 잠시도 편하지 않잖아<br/>거울속의 내 모습 많이 수척해졌죠<br/>이젠 웃지도 않아요<br/>아무런 의미가 없어졌잖아<br/>그대없는 나는 이렇게밖에 안되죠<br/>눈을 감으면 귓가에 들리는 듯해<br/>나를 보면 웃었던<br/>그대 미소 느껴지는것같아<br/>내일되면 조금은 내 맘 괜찮아질까<br/>잠도 오지도 않는데<br/>나에겐 넌 정말 전부였잖아 알잖아요<br/>나를 잘알면서도 그랬죠<br/>
"
3138,바다 (Feat. 성구),천둥천둥,바다,90,<dd>2019.08.30</dd>,"요즘도 힘들어 보여<br/>거울 속 내가 안쓰럽죠<br/>이렇게 또 그리움에 하루를 보내면<br/>어쩌면 잊혀질까<br/>기대도 해보고 크게 웃어도 보고<br/>괜히 막 화도 내보고<br/>그럴수록 점점 더 선명해져만 가<br/>너의 그 기억들이<br/>내 눈물이 모여 바다가 되면<br/>그땐 전부 잊혀질까<br/>언제 일진 몰라도 기다릴게<br/>죽도록 널 잊고 싶어 이젠<br/>나도 이젠<br/>기대도 해보고 크게 웃어도 보고<br/>괜히 막 화도 내보고<br/>그럴수록 점점 더 선명해져만 가<br/>너의 그 기억들이<br/>내 눈물이 모여 바다가 되면<br/>그땐 뒤돌아봐줄까<br/>언제 일진 몰라도 기다릴게<br/>죽도록 널 보고 싶어 이젠<br/>메일 난 눈물을 흘려<br/>그리움에 미칠 것 같아<br/>메일 난 널 위해서 죽어가나 봐<br/>이젠 하루도 너 없인 살 수가 없는데<br/>돌아와 줬으면 난 좋겠어<br/>내 눈물이 모여 바다가 되면<br/>그땐 내게 돌아와 줄까<br/>언제 일진 몰라도 기다릴게<br/>죽도록 널 안고 싶어<br/>
"
3139,부탁이야,김기태김기태,태양의 계절 OST Part.8,77,<dd>2019.08.30</dd>,"가슴에 숨겨둔 그 사랑<br/>지킬 수 없었던 그 약속<br/>언젠가 꼭 돌아온다고<br/>못 다한 사랑하자고<br/>누구라도 사랑할 수 있지만 <br/>그 사랑이 그대일 수 없잖아<br/>일생동안 눈물로 지새운다면 <br/>한번쯤 내게 와줄까 <br/>사랑했지만 너만을 사랑했지만<br/>슬픈 운명은 너를 뺏어가<br/>내게서 멀어지지 마 떠나지마<br/>아직도 너를 기다려 돌아와 <br/>누구라도 사랑할 수 있지만 <br/>그 사랑이 그대일 수 없잖아<br/>일생동안 눈물로 지새운다면 <br/>한번쯤 내게 와줄까 <br/>사랑했지만 너만을 사랑했지만<br/>슬픈 운명은 너를 뺏어가<br/>내게서 멀어지지 마 떠나지마<br/>아직도 너를 기다려 돌아와 <br/>부탁이야 더 이상 멀어지지 마<br/>니가 없으면 나도 없잖아 <br/>이렇게 아파하는 날 떠나지마 <br/>가지 마 제발 가지 마 돌아와 <br/>
"
3140,니가 없는 날,서효빈서효빈,Nostalgia,121,<dd>2019.08.30</dd>,"조금은 변한 것 같아<br/>혼자인 시간이 많이 익숙해졌어<br/>네가 없는 동안<br/>이젠 무색해져버린 그때의 마음을 <br/>놓아야만 하는 걸<br/>잘 알고 있지만<br/>난 아직 너의 생각에 <br/>한동안 힘들 것만 같아<br/>네가 떠난 후에도 난 <br/>이렇게 멈춰 서있었는데<br/>불안한 나의 마음을 <br/>따듯하게 안아주던 너 <br/>이렇게 또 혼자서 <br/>너를 그리는 긴 하루를 보내<br/>이런 내 마음 아는지 <br/>지금의 나처럼 아프진 않는지 <br/>너무 늦었지만<br/>난 아직 너의 생각에 <br/>한동안 힘들 것만 같아<br/>네가 떠난 후에도 난 <br/>이렇게 멈춰 서있었는데<br/>그리운 나의 마음을 <br/>이젠 잊어야만 하는데<br/>이렇게 또 혼자서 <br/>너를 그리는 긴 하루를 보내<br/>너를 그리는 긴 하루를 보내<br/>
"
3141,아직 난,더 카더 카,I Still,11,<dd>2019.08.30</dd>,"너를 보내고 하룰 견디고<br/>다시 또 찾아온 하룰 참아내고<br/>담담히 떠나는 너를 잊으려 해도<br/>지울 수가 없어<br/>좋아하는데 사랑하는데<br/>아직 난 너를 보낼 자신 없는데<br/>냉정히 돌아선 너의 뒷모습만<br/>잡을 수가 없어<br/>차라리 눈물을 쏟아내면<br/>조금은 괜찮아질까<br/>지나갈 거라 말하고 나면<br/>정말 지나갈까<br/>차갑게 비라도 내려주면<br/>이맘도 차가워질까<br/>너 돌아설 때 잡았더라면<br/>우린 달라질까<br/>너를 보내고 하룰 견디고<br/>다시 또 찾아온 하룰 참아내고<br/>담담히 떠나는 너를 잊으려 해도<br/>지울 수가 없어<br/>좋아하는데 사랑하는데<br/>아직 난 너를 보낼 자신 없는데<br/>냉정히 돌아선 너의 뒷모습만<br/>잡을 수가 없어<br/>얼마나 아프고 아파야 하는지<br/>너무 깊게 베인 이별의 상처가<br/>아물지 않아 낫지 않아<br/>점점 커져만 가<br/>너를 보내고 하룰 견디고<br/>다시 또 찾아온 하룰 참아내고<br/>너 없이 살아갈 나를 달래려 해도<br/>대신할게 없어<br/>좋아하는데 사랑하는데<br/>아직 난 너를 보낼 자신 없는데<br/>담담히 지내는 너의 모습 앞에<br/>나설 수도 없어<br/>
"
3142,처음부터 우린 없던 것처럼,김한재김한재,카페 비러스윗사운드 8월 순간,10,<dd>2019.08.30</dd>,"그대 나를 잊고서<br/>아무렇지도 않게<br/>살아가고 있겠죠<br/>처음부터 우린 없던 것처럼<br/>사랑이라는 말을<br/>운명이라는 말을<br/>이젠 믿지 않아요<br/>그댈 마지막으로<br/>그대도 가끔 내 생각하나요<br/>그럴 때면 눈물 흘리나요<br/>보고 싶을 때 볼 수가 없는 게<br/>너무도 힘든 일이네요<br/>그때는 당연 했었는데<br/>무뎌 진다는 말이<br/>흐려진다는 말이<br/>내겐 맞지 않아요<br/>오히려 난 선명해지죠<br/>그대도 가끔 내 생각하나요<br/>그럴 때면 눈물 흘리나요<br/>보고 싶을 때 볼 수가 없는 게<br/>너무도 힘든 일이네요<br/>그때는 당연 했었는데<br/>내가 보고 싶을 때<br/>내가 그리워질 때<br/>부디 찾아와줘요<br/>나 기다릴 테니<br/>
"
3143,별의 목소리,강수연강수연,별의 목소리,24,<dd>2019.08.30</dd>,"들려주고 싶어 멀리 닿지 않아도<br/>닫혀진 어둠속에서 홀로남아<br/>빛나고 있었던<br/>작은 별의 이야기 <br/>가슴속에 고요하게<br/>고개를 들어도 빛이 보이지않아<br/>걸어도 끝이 보이질 않아<br/>모두 잃어버린 채<br/>주저 앉아 있었던<br/>나를 찾은 별 하나<br/>눈을 감으면 선명해져요<br/>아주 작은 소리로 나를 불러주는<br/>찬란히 빛나는 별의 목소리<br/>내 곁에 항상 우<br/>지켜주었던 고마운 사람 <br/>마주잡은 손의 온기로<br/>모두 녹아들어 <br/>별이 되네요 노랗게 물든 그 빛으로 <br/>하얗게 마음이 얼어붙어버려도<br/>세상의 벽에 걸려 넘어질때도<br/>저 하루의 끝에서<br/>마냥 기다려주는<br/>나의 작은 별 하나 <br/>눈을 감으면 선명해져요<br/>아주 작은 소리로 나를 불러주는<br/>찬란히 빛나는 별의 목소리<br/>변함없이<br/>멈출줄 몰랐던 내 눈물도 말라가요<br/>달이지면 내일엔 괜찮을거에요<br/>눈을 감으면 <br/>선명해져요<br/>아주 작은 소리로 나를 불러주는<br/>찬란히 빛나는 별의 목소리<br/>바로 그대죠<br/>혼자가 아닐 수 있게<br/>나를 지켜준 <br/>그대 목소리<br/>마주잡은 손의 온기로<br/>모두 녹아들어<br/>별이 되네요 노랗게 물든 그 빛으로<br/>빛으로 <br/>
"
3144,여행,MIND ROOM (마인드룸)MIND ROOM (마인드룸),여행,33,<dd>2019.08.30</dd>,"반복되는 일상속에 지쳐갈 때면<br/>우리 함께했던 그 여행을 떠올리곤 해<br/>그 싱그러운 햇살속에 따스한 공기<br/>어딜 가든지 늘 미소가 피어올랐지<br/>모든 걸 다 잊고 떠날래 너와 나<br/>그냥 뭐 어때<br/>가벼운 마음은 우릴 자유롭게 해<br/>저 구름들처럼<br/>너와 함께라면 어디든 나는 좋아<br/>기다렸던 맛집도 추억 속의 그 길도<br/>시간이 이대로 멈췄으면 좋겠어<br/>지금 이 순간들을 다 담아둘거야<br/>녹음 짙은 공원을 너와 걷고 있어<br/>종일 걸어도 우린 피곤 한지를 몰라<br/>곧 있으면 우린 해변에 누워 있겠지<br/>느낌있는 음악과 찬 맥주도 OK<br/>눈부신 태양도 투명한 하늘도<br/>뜨겁게 반기고<br/>시원한 파도가 우릴 간지럽히네<br/>같이 춤추자고<br/>너와 함께라면 어디든 나는 좋아<br/>붉은 석양 아래도 화려한 야경들도<br/>시간이 이대로 멈췄으면 좋겠어<br/>지금 이 순간들을 다 담아둘거야<br/>너와 함께라서 더 빛나는 하루야<br/>언젠간 오늘을 또 기억하겠지<br/>비록 우린 아쉽게 돌아가겠지만<br/>결국 그 일상마저 긴 여행일거야<br/>
"
3145,지워질게 (Leaving) (Feat. 송광식),젠 (ZEN)젠 (ZEN),지워질게 (Leaving) – WITH PIANO,113,<dd>2019.08.30</dd>,"눈물 맺힌 걸 다 알면서도<br/>모른 척 안아주지 않았어<br/>날 원하는 걸 다 알면서도<br/>한 걸음 다가서지 않았어<br/>네 공간에 내 자린 없으니<br/>네 곁에 있으면 한없이 불안해<br/>너의 꿈을 이해할 수 없으니<br/>아프지만 너를 포기하려 해<br/>내가 해줄 수 있는 건 이별뿐<br/>널 위한 마지막 배려는<br/>차가운 외면밖에 없어<br/>네 세상에 내 흔적이<br/>조금이라도 남지 않도록<br/>지워질게<br/>울고 있을 걸 다 알면서도<br/>일부러 난 괜찮다고 했어<br/>날 기다릴 걸 다 알면서도<br/>한 번을 연락하지 않았어<br/>힘들겠지만 모든 걸 잊기를<br/>우리 추억이 시간 낭비였길<br/>최선을 다해 날 더 미워해줘<br/>그렇게라도 잘 지내줘야 해<br/>내가 해줄 수 있는 건 이별뿐<br/>널 위한 마지막 배려는<br/>차가운 외면밖에 없어<br/>네 세상에 내 흔적이<br/>조금이라도 남지 않도록<br/>지워질게<br/>뒤돌아서는 게 사랑이야<br/>널 상처 주는 게 사랑이야<br/>그 누구보다<br/>나쁜 남자로 각인되줄게<br/>네가 원 없이 원망할 수 있게<br/>내가 해줄 수 있는 건 이별뿐<br/>널 위한 마지막 배려는<br/>차가운 외면밖에 없어<br/>네 세상에 내 흔적이<br/>조금이라도 남지 않도록<br/>지워질게<br/>그냥 지워<br/>
"
3146,You&Me,버킷밴드버킷밴드,You&Me,3,<dd>2019.08.30</dd>,"you 그댈 비추는 등대야<br/>미래를 밝게 비추는 <br/>you and me <br/>평생 함께할 우리에 미래들 <br/>me 아리따운 츄 러블리 <br/>나의 마음 속 찾아와<br/>4년동안 인생반전 시작됐죠 <br/>사랑해 <br/>you 행복 바이러스<br/>me 언제나 함 께 있 을 께 <br/>손을 잡고 너와 내가 함께해 요 우리<br/>you 평생 나의 연인<br/>me 그대 뒤를 난 지킬 께 요 항상 내가<br/>손을 잡고 첫 출 발 <br/>you and me love you<br/>you 그댈 비추는 등대야<br/>미래를 밝게 비추는 <br/>you and me <br/>평생 함께할 우리의 미래들<br/>me 아리따운 츄 러블리 <br/>나의마음 속 찾아와<br/>4년동안 인생반전 시작됐죠 <br/>사 랑 해 <br/>you 행복 바이러스<br/>me 언제나 함 께 있 을 께 손을 잡고 <br/>너와 내가 함께해 요 우리<br/>you 평생 나의 연인<br/>me 그대뒤를 난 지킬 께 요 항상 내가<br/>손을잡고 첫 출 발 <br/>you and me love you<br/>때로는 힘 들겠 지 만 대화로 풀 어요<br/>you and me love you 출 발 <br/>you 행복 바이러스<br/>me 언제나 함 께 있 을 께 손을 잡고 <br/>너와 내가 함께해 요 우리<br/>you 평생 나의 연인<br/>me 그대뒤를 난 지킬 께 요 항상 우리<br/>손을잡고 첫 출 발 <br/>you and me love you<br/>
"
3147,Be Well (Vocal by D'tour),정근솔정근솔,Be Well,25,<dd>2019.08.30</dd>,"혼자라는 생각 속에 잠긴 채<br/>낯선 풍경 위에 새겨 넣은 그리움<br/>사랑하는 사람들을 가슴 깊이 품고<br/>나 홀로 떠난 돛단배<br/>꿈이란 지도하나 잡은 채<br/>다른 하늘 물들이는 노을 보면서<br/>내 마음 한 켠<br/>그대의 자리를 오늘도 쓸어요<br/>나는 잘 지내고 있어요<br/>그대도 별 일 없나요<br/>떨어지는 태양에게 편지 전해 주면<br/>내 생각 그대를 비출까<br/>아무런 이유 없이 한숨이 나올 땐<br/>그대의 안부 듣고 싶어요<br/>언젠가 우리 다시 만날 그 날 까지<br/>잘 지내 주세요<br/>가끔 숨이 차오를 때도<br/>흐르는 시간이 아까워<br/>정신 없이 달려가다 잠시 멈춰 서면<br/>그대의 기도가 들리죠<br/>아무런 이유 없이 눈물이 나올 땐<br/>그대의 얼굴 보고 싶어요<br/>언젠가 우리 다시 만날 그 날 까지<br/>잘 지내 주세요<br/>아무런 이유 없이 마음이 아플 땐<br/>그대의 품이 너무 그립죠<br/>언젠가 우리 다시 만날 그 날 까지<br/>잘 지내 주세요<br/>곧 돌아 갈게요<br/>
"
3148,미안하다,진파랑진파랑,미안하다,3,<dd>2019.08.30</dd>,"처음 만난 그 날에<br/>수줍었던 미소가<br/>가슴속에 넘쳐서<br/>지켜주고 싶은데<br/>부족한 게 많아서<br/>걱정부터 앞선다<br/>사랑하나 가지고<br/>시작했던 나인데<br/>하루하루 갈 수록<br/>사랑한다 말하고<br/>너를 보며 웃어도<br/>미안함만 커 진 다<br/>잠든 너를 보며<br/>뒤척인다 내가<br/>힘들었지<br/>미안하다<br/>나도 몰래 나온<br/>한숨 섞인 그 말<br/>사랑한다<br/>미안하다<br/>고단했던 하루를<br/>웃음으로 감출 땐<br/>속이 많이 상했어<br/>수줍었던 미소가<br/>한숨으로 바뀔까<br/>조급함이 앞선다<br/>사랑하나 가지고<br/>함께 해준 너인데<br/>하루하루 갈 수록<br/>사랑한다 웃으며<br/>내 가슴에 안길 땐<br/>미안함만 커 진 다<br/>잠든 너를 보며<br/>뒤척인다 내가<br/>힘들었지<br/>미안하다<br/>나도 몰래 나온<br/>한숨 섞인 그 말<br/>사랑한다<br/>미안하다<br/>내일이란 꿈을<br/>꾸게 된다 매일<br/>미안함에<br/>고마움에<br/>하나뿐인 사랑<br/>지켜갈게 내가<br/>미안하고<br/>감사해서<br/>
"
3149,불러본다,우용 (WOOYONG)우용 (WOOYONG),불러본다,34,<dd>2019.08.30</dd>,"보이지 않는 어둠 속에<br/>쓰라린 나의 기억 속에<br/>숨겨왔던 네가 흘러<br/>거짓말처럼 너와 내겐<br/>다시 한번 그런 시간이<br/>한 번만 더 주어지면<br/>좋았던 그때가 돌아올는지<br/>아니면 올 수 없는지<br/>하루종일 나는 추억 속의 너를 찾고<br/>이렇게 불러본다<br/>아무 일 없단 듯이<br/>답답한 마음 감추며<br/>그때의 나를 후회한다<br/>아프게 밀려온다<br/>아무렇지 않았는데<br/>터질듯한 내 가슴을<br/>손으로나마 가려본다<br/>어쩌면 그때가 돌아올는지<br/>혹시나 그댄 끝인지<br/>그렇게 또 나는<br/>기억 속의 너를 잡고<br/>이렇게 불러본다<br/>아무 일 없단 듯이<br/>답답한 마음 감추며<br/>그때의 나를 후회한다<br/>아프게 밀려온다<br/>아무렇지 않았는데<br/>터질듯한 내 가슴을<br/>손으로나마 가려본다<br/>어떤 후회도<br/>그 어떤 말로도<br/>널 다시 붙잡을 수가 없어<br/>이렇게 불러본다<br/>아무 일 없단 듯이<br/>답답한 마음 감추며<br/>그때의 나를 후회한다<br/>아프게 밀려온다<br/>아무렇지 않았는데<br/>터질듯한 내 가슴을<br/>손으로나마 가려본다<br/>
"
3150,왜.. (Feat. J.KING),성호성호,왜..,27,<dd>2019.08.30</dd>,"난 날 믿을수 없어 난 상처만 남겠지<br/>뭘 하려 해도 나는 가시만 밟게돼<br/>어두워 앞은 숨도 안셔져<br/>눈물이 나서 그런 것 같아<br/>아무 생각들도 나지 않아<br/>내가 뭔데 웃을 수 없는지<br/>내가 그리 슬퍼야 됐는지<br/>슬픔에 잠들어 있기가 싫어<br/>이제는 제발 날 그냥 좀 놓아줘<br/>난 울지도 웃지도 못하겠어 이제<br/>눈물이 멈춘 건지 숨이 멈춘 건지<br/>힘이 안 들어와 나를 버리고 싶어<br/>무엇 때문인지 나도 모르겠어<br/>이젠 힘들고 싶지 않아<br/>내가 뭔데 웃을 수 없는지<br/>내가 그리 슬퍼야 됐는지<br/>슬픔에 잠들어 있기가 싫어<br/>이제는 제발 날 그냥 좀 놓아줘<br/>Good Bye Good Bye<br/>Good Bye Good Bye<br/>슬픔에 잠들어 있기가 싫어<br/>이제는 제발 날 그냥 좀 놓아줘<br/>
"
