5251,겨울,시즘(SIjm)시즘(SIjm),겨울,25,<dd>2019.04.19</dd>,"온기가 익숙해 질 때 즈음<br/>차가운 밤 공기가<br/>사라져갈 때 즈음<br/>바람은 오로라를 넘기고<br/>냉기는 다시 긴 꿈을 꾸겠죠<br/>코트는 한동안 빛볼 일 없겠지만<br/>내맘은 아직도 싸늘히 머무네요<br/>우리의 계절은<br/>다시 봄이 올 수는 없겠죠<br/>바람은 더 이상 호 불지 않지만<br/>따뜻한 온기도 느낄 수 있지만<br/>좀 처럼 익숙해 지지 않는 우리의<br/>흔적을 그만 지우고 싶어요<br/>너에게 오늘은 꽃 피는 날이지만<br/>나에겐 여전히 차가운 오늘이죠<br/>우리의 계절은<br/>다시 봄이 올 수는 없겠죠<br/>바람은 더 이상 호 불지 않지만<br/>따뜻한 온기도 느낄 수 있지만<br/>좀 처럼 익숙해 지지 않는 우리의<br/>흔적을 그만 지우고 싶어요<br/>우리의 추억들이<br/>점점 더 낡아져만 가고<br/>내가 이 겨울의 끝에서 다시<br/>널 볼 수 있을까<br/>바람은 더 이상 호 불지 않지만<br/>바람은 더 이상 호 불지 않지만<br/>따뜻한 온기도 느낄 수 있지만<br/>좀 처럼 익숙해 지지 않는 우리의<br/>흔적을 그만 지우고 싶어요<br/>
"
5252,공기가 부족해,정다혜정다혜,공기가 부족해,10,<dd>2019.04.19</dd>,"공기가 부족해 숨을 쉴 수가 없어<br/>공기가 부족해 눈을 뜰 수가 없어<br/>공기가 부족해 힘을 줄 수가 없어<br/>공기가 부족해<br/>모든게 불가능하게 느껴져<br/>있는 그대로 바라보지도 못해<br/>힘내라는 말을 들어도<br/>이상하게 비꼬는 것만 같아<br/>아침에 일어나 하루를 사는 것도<br/>침대에서 눈을 떠 밖을 보는 것도<br/>아무 것도 못해 나<br/>I’m short of breath<br/>I feel like I’m blind<br/>공기가 부족해 숨을 쉴 수가 없어<br/>공기가 부족해 눈을 뜰 수가 없어<br/>공기가 부족해 힘을 줄 수가 없어<br/>공기가 부족해 난<br/>모든게 불가능하게 느껴져<br/>있는 그대로 바라보지도 못해<br/>힘내라는 말을 들어도<br/>이상하게 비꼬는 것만 같아<br/>아침에 일어나 하루를 사는 것도<br/>침대에서 눈을 떠 밖을 보는 것도<br/>아무 것도 못해 나<br/>I’m short of breath<br/>I feel like I’m drowning<br/>I’m drowning<br/>불가능하게 느껴져<br/>아무 것도 못해 나<br/>힘을 잃어가<br/>
"
5253,나의 이야기,마인드마인드,나의 이야기,2,<dd>2019.04.19</dd>,"사랑하며 행복했어요<br/>그대가 떠나가기 전까지<br/>왜 날 밀어냈나요 사랑한다고<br/>그대 말했잖아요 나에게<br/>그댈 믿었던 내 모습 초라해서<br/>매일 밤 눈물 속에 잠들어요<br/>이별인 거죠 우리는 끝인 거죠<br/>아직까지도 나는 믿지 못해요<br/>부탁할게요 돌아와 주세요<br/>한 번만 나의 얘길 들어주세요<br/>그래도 안된다면 날 떠나시면 돼요<br/>미련한 나를 생각해줘요<br/>너무 행복한 추억들이<br/>내 마음속 깊이 자리하고<br/>그댈 지우지 못해<br/>내 맘 언제나 방황하고 있어요<br/>그대 미워요 내 맘을 찢어놓고<br/>어디서 뭘 하는지 알고 싶어<br/>잘못한 것도 없어서 미안하다고<br/>말할 게 없어 나는 어떡할까요<br/>부탁할게요 돌아와 주세요<br/>한 번만 나의 얘길 들어주세요<br/>그래도 안된다면 날 떠나시면 돼요<br/>미련한 나를 생각해줘요<br/>부탁할게요 돌아와 주세요<br/>한 번만 나의 얘길 들어주세요<br/>그래도 안된다면 날 떠나시면 돼요<br/>미련한 나를 생각해줘요<br/>미련한 나를 생각해줘요<br/>
"
5254,해바라기 (Sunflower) (Feat. 재즈 피아니스트 이지영),젠 (ZEN)젠 (ZEN),해바라기 (Sunflower) - WITH PIANO,122,<dd>2019.04.19</dd>,"새하얀 빛에 이끌려 눈 떠보니<br/>나만의 태양이 타오르고 있네요<br/>뜨거운 햇살에 난 어지럽지만<br/>자꾸만 그대를 바라보게 되네요<br/>왜 이제서야 그대 내게 왔나요<br/>얼마나 애타게 그댈 기다렸는지<br/>아무것도 난 할 수가 없는 걸요<br/>어느새 내 마음 빛으로 가득해요<br/>그대 단 하나만 바라보는 해바라기<br/>변치 않는 사랑 다 보여 줄게요<br/>Oh dear my love<br/>그대만 위해서<br/>모든 걸 주는 그런 사람<br/>그 마음 하나로 세상이 찬란한걸요<br/>햇살 따듯한 날 만개한 내 사랑<br/>그토록 기다려왔던 순간이니까<br/>이대로 둘만의 세상 속에서 나<br/>Forever with you<br/>그대 단 하나만 바라보는 해바라기<br/>변치 않는 사랑 다 보여 줄게요<br/>Oh dear my love<br/>그대만 위해서<br/>모든 걸 주는 그런 사람<br/>그 마음 하나로 세상이 찬란한걸요<br/>아무 말 하지 않아도 괜찮아요<br/>지금 그대로만 나만 비춰주세요<br/>세상에 물들은 그대의 그 빛깔에<br/>오늘 하루도 난 그대만 찾게 돼요<br/>
"
5255,동화 같은 이야기,송찬양송찬양,동화 같은 이야기,20,<dd>2019.04.19</dd>,"아주 먼 옛날 얘기<br/>낡고 해진 이야기<br/>한 공주님과 이상한 남자의<br/>사랑 이야기<br/>남부러울 게 없던 공주님<br/>그 삶이 지루했네<br/>어느 날 나타나 속삭이네<br/>신비로운 사나이<br/>아름다운 목소리로<br/>노래를 불러주면<br/>시간은 멈추고 숨이 가빠<br/>그 남자만 보이더래요<br/>라라라라<br/>라라라라<br/>라라라라라라 라 라<br/>위험한 사랑 이야기<br/>마법에 빠진 왕자님<br/>나쁜 악당을 무찌르고<br/>어여쁜 공주님 구해내는<br/>이야기 아니에요<br/>말도 안 되는 꿈을 꾸는<br/>이상한 사나이와<br/>아름다운 공주님이 만나<br/>서로<br/>사랑에 빠졌더래요<br/>라라라라<br/>라라라라<br/>라라라라라라 라 라<br/>기묘한 사랑 이야기<br/>
"
5256,나에 그대여,서동윤서동윤,나에 그대여,29,<dd>2019.04.19</dd>,"나의 오늘이 어제와 같지 않음은<br/>나의 오늘엔 그대가 있기에<br/>하루를 살아도 그대라면<br/>천년을 산대도 그대 없이<br/>나에 그대여<br/>내 꿈인 그대여<br/>나에 그대여<br/>나에 그대여<br/>나에 그대여<br/>나에 그대여<br/>바뀌지 않을 거란 반복되는 상황에<br/>조금씩 늘 지쳐만 가던 너<br/>뒤돌아 후회만 하는<br/>나에 그대여<br/>나의 오늘이 어제와 같지 않음은<br/>나의 오늘엔 그대가 없기에<br/>
"
5257,어떤 마음,밤라드(BAMLAD)밤라드(BAMLAD),어떤 마음,45,<dd>2019.04.19</dd>,"어두운 이 마음을 가슴 깊이 숨긴 채<br/>잘했다 속삭이며 위로해<br/>내일도 같겠지 오늘 했던 만큼만<br/>잠에 들어 보려 눈을 감으면<br/>어떤 마음 어떤 이름 속에 들어있나<br/>그 안에서 살다보니<br/>이제 너무 힘겨워<br/>어떤 마음 어떤 이름 속에 들어있나<br/>그 안에서 살다보니<br/>이제 너무 힘겨워<br/>그 안에서 살다보니<br/>이제 너무 두려워<br/>
"
5258,눈물이 흐른다. (영건 OST),박서랑박서랑,영건 (Young Guns) OST,48,<dd>2019.04.19</dd>,"눈물이 흐른다 가슴이 아프다<br/>마음이 저민다 지쳐 잠이 든다<br/>비가 내린다 생각에 잠긴다<br/>슬픔에 젖는다 눈을 감아 본다<br/>사랑 사랑 때문에 사랑 하기 때문에<br/>다시 내 눈앞에 아련한<br/>너의 눈물 흘리는 모습이<br/>자꾸 내 생각들을 더 힘들게 하네<br/>눈물이 흐른다 가슴이 아프다<br/>마음이 저민다 지쳐 잠이 든다<br/>비가 내린다 생각에 잠긴다<br/>슬픔에 젖는 다 눈을 감아 본다<br/>사랑 사랑 때문에 사랑 하기 때문에<br/>다시 내 눈앞에 아련한<br/>너의 눈물 흘리는 모습<br/>자꾸 내 생각들을 더 힘들게 하네<br/>눈물이 흐른다 가슴이 아프다<br/>마음이 저민다 지쳐 잠이 든다<br/>비가 내린다 생각에 잠긴다<br/>슬픔에 젖는다 눈을 감아 본다<br/>사랑 때문에 사랑 때문에<br/>그 사람 때문에<br/>사랑 때문에<br/>
"
5259,Holding u,소울네오 (Soulneo)소울네오 (Soulneo),Holding u,11,<dd>2019.04.19</dd>,"늘 멀어<br/>지기만 하더니<br/>하늘도 무심해<br/>그날이 왔어 우린<br/>네가 없이 살아가는 것이 비참해<br/>남을 밟고 올라서야 하는 세상에<br/>이런 삶 속에서 얻는건 뭘까 um um<br/>holding u<br/>Touch the One You Love<br/>Oh holding u<br/>Touch the One You Love<br/>내 손을 잡고 안아 위로해줘<br/>예에에 예에<br/>더 멀어 지네<br/>가야할 길<br/>돌아서서 다시 생각 하네<br/>그동안 고마워 um 예에<br/>널 보내고 나서 깨닳은것 하나는<br/>열심히 더 살아가야 한다는 거야<br/>내가 살아가는 것을<br/>봐주길 바래 예에<br/>holding u<br/>Touch the One You Love<br/>holding u<br/>Touch the One You Love<br/>내 손을 잡고 안아 위로해줘<br/>예에 예에<br/>holding u<br/>Touch the One You Love<br/>holding u<br/>Touch the One You Love<br/>holding my hand so hand so<br/>tight we flew yeah e e<br/>ah ah ah ah<br/>holding u Touch One you love<br/>holding u Touch love<br/>holding u Touch One you love<br/>holding u Touch<br/>holding my hand so hand so<br/>tight we flew yeah e e<br/>holding u<br/>Touch the One You Love<br/>Oh holding u<br/>Touch the One You Love<br/>holding my hand so hand so<br/>tight we flew yeah e e<br/>이 길은 내겐 버거워<br/>어떻게 살아야할까<br/>당신이 없는 이런 세상을요<br/>
"
5260,우리의 밤,남궁진영남궁진영,우리의 밤,62,<dd>2019.04.19</dd>,"까마득한 밤이 오면<br/>네 품에 난 안기고파<br/>어두운 밤들이 모여<br/>날 누르고 있어<br/>무거운 한숨이 담긴<br/>낮은 마음들마다<br/>어두운 구름들이<br/>스쳐 지나가길<br/>이 밤이 지나면<br/>잠들 수 있을까<br/>나의 꿈속에선<br/>별을 따라가고 있을까<br/>어제의 밤을 지나서<br/>이길 따라 라랄랄랄라<br/>우리의 밤을 따라서<br/>멈췄던 시간이 흘러가<br/>어제의 밤을 지나서<br/>이길 따라 라랄랄랄라<br/>우리의 밤을 따라서<br/>다시 시작된 너의 노래를<br/>불러봐<br/>이 밤이 지나면<br/>잠들 수 있을까<br/>나의 꿈속에선<br/>별을 따라가고 있을까<br/>이 밤이 지나면<br/>잠들 수 있을까<br/>나의 꿈속에선<br/>너를 따라가고 있을까<br/>어제의 밤을 지나서<br/>이길 따라 라랄랄랄라<br/>우리의 밤을 따라서<br/>멈췄던 시간이 흘러가<br/>어제의 밤을 지나서<br/>이길 따라 라랄랄랄라<br/>우리의 밤을 따라서<br/>다시 시작된 너의 노래를<br/>불러봐<br/>
"
5261,DDP (With 유림),구세일 (931)구세일 (931),DDP,34,<dd>2019.04.19</dd>,"포근한 오후<br/>흔들리는 꽃밭에서<br/>너를 처음 만날 때<br/>그 순간을 기억해<br/>함께 걷던 거리에 있던<br/>오래된 피아노<br/>서투른 솜씨로<br/>기대하는 너에게<br/>들려줬던 Misty<br/>그 날을 기억해<br/>너와 발을 맞추고<br/>서로를 바라보며<br/>함께 하는 이 곳<br/>내겐 너무 소중한걸 yeah<br/>너무 고마운걸<br/>우 우 우 우 우<br/>포근한 오후<br/>멀리서도 빛나던<br/>너의 모습에<br/>설렜던 내 맘을<br/>잊을 수 없는걸<br/>떨리는 내 손 꼭 부여잡고<br/>함께 걷던 거리에서<br/>수줍은 모습으로<br/>내게 들려주던<br/>감미로운 Misty<br/>아직도 생생한걸<br/>너와 발을 맞추고<br/>서로를 바라보며<br/>함께 하는 이 곳<br/>내겐 너무 소중한걸 yeah<br/>너무 고마운걸<br/>추억이 담긴 이 곳에서<br/>너와 발을 맞추고<br/>서로를 바라보며<br/>함께 하는 이 곳<br/>내겐 너무 소중한걸 yeah<br/>너무 고마운걸<br/>랄라 랄라<br/>랄랄라 랄라 라라라<br/>너무 고마운걸<br/>yeah yeah<br/>
"
5262,그대와 걸어요,리현 (Rehyun)리현 (Rehyun),그대와 걸어요,39,<dd>2019.04.19</dd>,"그대의 품 그대의 숨결에<br/>고요한 밤 잠이 들고 싶어요<br/>포근하게 나를 안아주며 위로하는<br/>걱정 마요 괜찮아요 모두 다<br/>새하얀 꽃잎이 날리는 어느 날<br/>그대의 모습을 하나하나 그려 봅니다<br/>차갑던 내 삶에 홀로 눈물 녹이던<br/>지난 날 이제 그대와 걸어요<br/>Um<br/>그댄 가요 정말 그대였나요<br/>매일 한결같던 꿈속의 온기가<br/>기억해요 내게 약속했던 그날을<br/>정말 그대가 내 곁에 와 있네요<br/>새하얀 꽃잎이 날리는 오늘의<br/>눈부신 그대를 하나하나 담아 봅니다<br/>차갑던 내 삶에 홀로 눈물 녹이던<br/>지난 날 이제 그대와 걸어요<br/>그대의 품 그대의 숨결에<br/>고요한 밤 잠이 들고 싶어요<br/>포근하게 나를 안아주며 위로하는<br/>걱정 마요 곁에 있어요 언제나<br/>
"
5263,떠나지마,김나무김나무,떠나지마,0,<dd>2019.04.19</dd>,"잘 잤냐고 묻는 나의 그 말에<br/>아무 대답도 하지 않는 너<br/>고마웠다고 잘 지내라며<br/>이 말만 하고서 날 떠나가는 너<br/>지나가는 사람 속에서<br/>스치듯 네 모습이 지나쳐 갈 때<br/>그리운 마음만은 어쩔 수 없나 봐<br/>제발 떠나지 마 나를<br/>네가 없는 하룬 너무 길어서<br/>제발 떠나지 마 나를<br/>네가 없는 하루는<br/>아무것도 할 수 없어<br/>떠나가는 너를 안았더라면<br/>다시 한 번만 잡았더라면<br/>네가 떠나간 하루하루가<br/>견딜 수가 없이 힘들어<br/>난 네가 그리워<br/>지나가는 사람 속에서<br/>스치듯 네 모습이 지나쳐 갈 때<br/>그리운 마음만은 어쩔 수 없나 봐<br/>제발 떠나지 마 나를<br/>네가 없는 하룬 너무 길어서<br/>제발 떠나지 마 나를<br/>네가 없는 하루는<br/>아무것도 할 수 없어<br/>제발 떠나지 마 나를<br/>네가 없는 하룬 너무 길어서<br/>제발 떠나지 마 나를<br/>네가 없는 하루는<br/>아무것도 할 수 없어<br/>
"
5264,A Love So Beautiful (Feat.여니),HAWAGONHAWAGON,A Love So Beautiful,14,<dd>2019.04.19</dd>,"서늘한 바람이 부는 길 위에<br/>그대와 나란히 서 있네<br/>이 계절은 다시 우리 앞에<br/>그 날의 기억을 데리고 와<br/>수줍게 손잡던 우리<br/>맞춰 걷던 발걸음<br/>함께 부르던 노래<br/>아직도 선명한 우리 모든 순간들<br/>나의 눈 나의 귀에 가득한 그대<br/>우리가 가는 그 곳은 사랑<br/>언제나 그대는 나의 그리움<br/>A Love So Beautiful<br/>익숙한 서로의 체온<br/>같은 곳에 머무는 시선<br/>함께 할수록 커지는 마음<br/>서로의 꿈이 되는 우리 모든 순간들<br/>나의 눈 나의 귀에 가득한 그대<br/>우리가 가는 그 곳은 사랑<br/>언제나 그대는 나의 그리움<br/>그대와 나의 마음이 길을 잃어도<br/>우리가 가는 그 곳은 사랑<br/>언제나 그대는 나의 그리움<br/>A Love So Beautiful<br/>
"
5265,나의 봄이여 (Feat. 김우식),Yellow LightsYellow Lights,나의 봄이여,12,<dd>2019.04.19</dd>,"옅어진 너와의 이별<br/>버거웠던 시간들과<br/>쌓였던 그리움도<br/>이젠 제법 익숙해져 괜찮아<br/>우리의 시간은 서로<br/>조금씩 어긋났나 봐<br/>같은 곳에서 우리는 다른 곳만 보고<br/>서롤 못 봤나 봐<br/>후횐 한 계절이 되고<br/>시간은 먼저 가 버렸고<br/>이제 늦게나마 맘에 틈이 생겨<br/>널 그릴 수 있어<br/>나의 봄이여 그 무겁던<br/>목련 꽃잎 떨어지던 그날<br/>우리 사랑도 졌었죠<br/>떠나간 건지 남겨진 건지<br/>아직 잘 모르겠지만<br/>이젠 헤어져요 그만 안녕<br/>햇살에 데워졌다가<br/>식어가는 돌멩이처럼<br/>우리 추억들도 이젠 따뜻하게<br/>내 가슴에 있죠<br/>나의 봄이여 그 무겁던<br/>목련 꽃잎 떨어지던 그날<br/>우리 사랑도 졌었죠<br/>떠나간 건지 남겨진 건지<br/>아직 잘 모르겠지만<br/>이젠 헤어져요 그만 안녕<br/>혹시 다시 또 봄이 찾아 온대도<br/>그때와 같은 봄 일순 없겠죠<br/>진 꽃은 미련이 없겠죠<br/>나의 봄이여 그 무겁던<br/>목련 꽃잎 떨어지던 그날<br/>우리 사랑도 졌었죠<br/>떠나간 건지 남겨진 건지<br/>아직 잘 모르겠지만<br/>이젠 헤어져요 그만 안녕<br/>
"
5266,나야,션앤제디 (SEAN n JEDDY)션앤제디 (SEAN n JEDDY),나야,37,<dd>2019.04.19</dd>,"저기 할말이 있어<br/>꼭 하고 싶었는데<br/>널 사랑할수록<br/>난 더 불행해졌어<br/>오늘 할말이 있어<br/>늘 하고 싶었는데<br/>네 눈을 볼때면<br/>난 더 불안해졌어<br/>내가 예민한걸까<br/>내가 부족한걸까<br/>이게 바로 나야<br/>나 자신조차 사랑 할 줄 모르는<br/>니가 그토록 사랑하던 나와는<br/>다른 불안한 나야 나야<br/>오늘 할말이 있어<br/>늘 하고 싶었는데<br/>네 눈을 볼때면<br/>난 더 불안해졌어<br/>내가 예민한걸까<br/>내가 부족한걸까<br/>이게 바로 나야<br/>나 자신조차 사랑 할 줄 모르는<br/>니가 그토록 사랑하던 나와는<br/>다른 불안한 나야 나야<br/>이런 난 안되니<br/>가끔은 네게 기대 쉬면 안되니<br/>자신없고 나약한 나는 안되니<br/>말할 용기도 없는 나야<br/>저기 할 말이 있어<br/>꼭 하고 싶었는데<br/>널 사랑 할 수록<br/>
"
5267,지금이 기회다 (Prod. by 신익수),이응진이응진,지금이 기회다,59,<dd>2019.04.19</dd>,"무르익어가는 술자리<br/>평소와는 다른 느낌에<br/>어제의 난 뭐 그리 급했는지<br/>덜컥 고백해 버리고<br/>버벅대던 나의 말투와<br/>비틀거리던 모습까지<br/>들켜버린 나의 진심을 전할 거야<br/>지금인 것 같아 너도 알잖아<br/>내가 많이 좋아하는 거<br/>네 주윌 맴돌았단 거<br/>숨겨왔던 나의 마음을<br/>어제의 실수로 망칠 순 없어 제발<br/>너의 전화번호를 누른다<br/>나와줄 수 있겠니<br/>네가 오는 지금 가장 솔직하게<br/>바로 지금이 기회다<br/>다시 시작되는 나의 고백<br/>알 수 없는 너의 표정과<br/>퉁명한듯한 웃음까지<br/>작아지는 내 목소리에 용기를 줘<br/>잘할 수 있도록 너도 알잖아<br/>내가 많이 좋아하는 거<br/>네 주윌 맴돌았단 거<br/>숨겨왔던 나의 마음을<br/>어제의 실수로 망칠 순 없어 제발<br/>너의 마음을 이제 묻는다<br/>받아줄 수 있겠니<br/>마주하는 지금 가장 솔직하게<br/>바로 지금이 기회다<br/>다시 시작되는 나의 고백<br/>준비했었던 말들과 아껴왔던 말<br/>모두 떠올려봐도<br/>새하얗게 변한 지도<br/>전부 잊어버린 지도<br/>왜 이러는지 모르겠어<br/>내가 바라왔던 너에게<br/>꿈꾸어왔던 순간이야<br/>망설이는 너의 마음을<br/>어서 빨리 대답해봐<br/>기다릴 수 없어 제발<br/>너만 많이 좋아할 거야<br/>믿어줄 수 있겠니<br/>떨려오는 지금 가장 솔직하게<br/>바로 지금이 기회다<br/>두 번 다시없을 나의 고백<br/>
"
5268,안아줄게요 (Feat. 조우진),RABBIT MEDICAL DRUGRABBIT MEDICAL DRUG,R:MD No.2,13,<dd>2019.04.19</dd>,"텅 빈 공간 언제나 홀로있어<br/>혼자가 아니라고 위로를 해<br/>그런 말을 듣고 싶은건 아냐<br/>텅 빈 공간 언제나 홀로였어<br/>내개로 와 줘<br/>나를 위로 해줘<br/>뻔한 말한마디 보다<br/>따듯하게 안아줘요<br/>캄캄한 밤 오늘도 홀로있어<br/>누구나 그렇다고 위로를 해<br/>그런 말을 듣고 싶은 건 아냐<br/>캄캄한 밤 오늘도 홀로였어<br/>내개로 와 줘<br/>나를 위로 해줘<br/>뻔한 말한마디 보다<br/>따듯하게 안아줘요<br/>꿈을 꿔 어둠속 밝은<br/>두 손을 꼭 잡은 채로<br/>혼자라 하지말아요<br/>힘들다고 말해줘요<br/>손 잡아줄게요 안아줄게요<br/>혼자라 하지말아요<br/>안아줄게요<br/>포근하게 누워<br/>내게 안겨 말해요<br/>따듯하게 안아줘요<br/>안아줄게요<br/>포근하게 누워<br/>내게 안겨 말해요<br/>따듯하게 안아줘요<br/>
"
5269,기다린다,제이즈 (J`z)제이즈 (J`z),기다린다,39,<dd>2019.04.19</dd>,"눈에 익은 이 거리를 걸을 때 마다<br/>순간순간 우리 함께 한 추억이 떠올라<br/>너와 자주 들리던 이 카페에 와선<br/>습관처럼 두 잔의 커피를 주문해<br/>기다린다 아무 일도 없었다는 듯이<br/>마주보며 앉아 눈 맞추기를<br/>헛된 희망임을 깨닫고 일어설때까지<br/>문을 나서는 그 순간 그게 후회가 돼<br/>쉽게 잊혀질 미련이 아니란 걸 깨달아<br/>뒤를 돌아본 내 눈에 먼저 보였던 건<br/>커피와 함께 사라지는 너의 흔적<br/>너라는 사람이 내게 남긴것들이<br/>옷에 묻은 커피 얼룩 처럼<br/>진하게 남아 있는데<br/>지워 지지 않는다는 것을 핑계로<br/>사실은 전혀 잊을 생각이 없는데<br/>기다린다 아무 일도 없었다는 듯이<br/>내 앞에 다시 같은 장면이<br/>펼쳐지기 만을 기다리다<br/>문을 나서는 그 순간 그게 후회가 돼<br/>쉽게 잊혀질 미련이 아니란 걸 깨달아<br/>뒤를 돌아본 내 눈에 먼저 보였던 건<br/>신기루 처럼 사라지는 너의 흔적<br/>그대라는 사람은 분명<br/>내게 많은 기회를 줬을텐데<br/>눈치 채지 못한 채<br/>모든것을 잃은 건 내 잘못 이라서<br/>문을 나서는 그 순간 그게 후회가 돼<br/>다신 돌아갈 수 없다는 게<br/>내 맘을 찢어놔<br/>뒤를 돌아본 내 눈에 먼저 보였던 건<br/>너라는 사람이 남긴 커피 한 잔과 기억<br/>
"
5270,우주선,정승환정승환,"안녕, 나의 우주","36,561",<dd>2019.04.18</dd>,"잠이 참 오지 않던 밤<br/>끝이 없을 걸 알지만<br/>나는 먼 여행을 시작했죠<br/>아무도 보이지 않고<br/>아무 향기도 없는 곳<br/>빛이 돼줘요<br/>아득히 꿈처럼 보이던<br/>수많은 추억이 스쳐 가네요<br/>익숙했던 궤도 밖으로<br/>까만 저편 너머로<br/>뒤돌지 않고 가다 보면<br/>언젠가 그댈 만날 수 있을까<br/>하고 싶은 말이 참 많은데<br/>가끔씩 외로울 때면<br/>소리 내 노랠 부르죠 음<br/>그대에게 닿길<br/>어쩌면 나의 이 여정은<br/>그대란 우주를 헤매는 걸지도<br/>익숙했던 궤도 밖으로<br/>까만 저편 너머로<br/>뒤돌지 않고 가다 보면<br/>언젠가 그댈 만날 수 있을까<br/>하고 싶은 말이 참 많은데<br/>멋대로 바뀌어 버린 계절과<br/>불안한 나의 그림자 속에<br/>오늘도 난 그댈 찾고 있죠<br/>아주 오랜 시간이 지나<br/>기억을 다 잃어도<br/>그댈 알아볼 수 있어<br/>나의 마음 깊숙이 새겨진<br/>그대 중력이 날 이끌면<br/>유성처럼 달려갈게요<br/>내 여행의 끝은 그대죠<br/>
"
5271,애기애기해,"최상엽, 조은애최상엽, 조은애",첫사랑은 처음이라서 OST Part.1,"1,234",<dd>2019.04.18</dd>,"오잉 롸<br/>이렇게 갑자기 훅 들어오면 읭<br/>어떡하면 좋아<br/>아무 생각 안나 도와줘요 제발<br/>매일 밤 조용히 꿈꾸던 <br/>나만의 사랑 왜<br/>하필이면 오늘<br/>아름다운 너를 만나게된거야<br/>심장이 떨려 온다는 건<br/>사랑에 빠진거야<br/>너만 보여 또 니 생각만 나<br/>막 애기애기해요<br/>반짝반짝해요 예뻐 좋아<br/>어질어질해요 이런 게 사랑 인가요<br/>또 두근두근 대요<br/>어쩔 수가 없어 지금 여기<br/>내 눈앞에 너는<br/>샤라라라라라라라랄라<br/>막 애기애기해요 막 애기애기해요<br/>막 애기애기해요 막 애기애기해요<br/>난 좋아<br/>오잉 롸<br/>이렇게 갑자기 훅 들어오면 읭<br/>어떡하면 좋아<br/>아무 생각 안나 도와줘요 제발<br/>매일 밤 조용히 꿈꾸던<br/>나만의 사랑 왜<br/>하필이면 지금 나타나서<br/>나를 괴롭히는거야<br/>심장이 떨려 온다는 건<br/>사랑에 빠진거야<br/>너만 보여 또 니 생각만 나<br/>막 애기애기해요<br/>반짝반짝해요 멋져 좋아<br/>어질어질해요 이런 게 사랑 인가요<br/>또 두근두근대요<br/>어쩔 수가 없어 지금 여기<br/>내 눈앞에 너는<br/>샤라라라라라라라랄라<br/>막 애기애기해요 막 애기애기해요<br/>막 애기애기해요 막 애기애기해요<br/>난 좋아<br/>오잉 롸<br/>이렇게 갑자기 훅 들어오면 읭<br/>어떡하면 좋아<br/>아무 생각 안나 도와줘요 제발<br/>
"
5272,태양에 녹여,이수 (엠씨 더 맥스)이수 (엠씨 더 맥스),닥터프리즈너 OST Part 4,"5,868",<dd>2019.04.18</dd>,"차가웠던 바람이 지나고<br/>움츠려 있었던<br/>작은 기억들이 또 피어오른다<br/>가냘퍼진 심장속에 새롭게 다가와<br/>희미했던 지난 꿈들을<br/>내 앞에 그린다<br/>무뎌진 내 눈물속의 뜨거운 떨림<br/>그 안에 맺힌 가여운 기억<br/>멀리 떠오른 눈 부신 태양에 녹아<br/>지난 상처들도<br/>그대 모든 아픔까지도<br/>또 다시 밝아 오는 날 미소를 지으려<br/>두려운 맘 붙잡고<br/>지난 기억으로 걷는다<br/>낡아버린 내 가슴에 새 살이 돋는지<br/>쓰라렸던 내 눈물들이<br/>날 위로해준다<br/>기나긴 어둠 가득한 길에 갇혀서<br/>잃어버린 내 시간을 본다<br/>멀리 떠오른 눈 부신 태양에 녹아<br/>지난 상처들도<br/>그대 모든 아픔까지도<br/>또 다시 밝아 오는 날 미소를 지으려<br/>두려운 맘 붙잡고<br/>지난 기억속으로 oh<br/>또 다른 상처가 내게 새겨지겠지만<br/>나 이제 무엇도 두렵지 않은 걸<br/>숨을 꾹 참아 견뎌냈던<br/>새로 떠오를 저 짙은 태양에 녹아<br/>날 아프게 했던<br/>모든 흔적 가득히 담아<br/>숨 죽인 진한 미소가 번지게 되기를<br/>내 앞의 그댈 보며<br/>다시 한번 내게 약속해<br/>온 몸을 저 태양에 녹여본다<br/>
"
5273,언젠가,한기란한기란,Letter project vol.2 `언젠가`,410,<dd>2019.04.18</dd>,"따뜻했던 너의 눈빛도<br/>내게만 주던 너의 다정함도<br/>안아줄 때 느껴지던 온기까지도<br/>난 이제서야 다 생각이나<br/>잊으려고 할 수록 점점 선명해져<br/>조금 더 솔직했더라면 <br/>우린 달라졌을까<br/>이제와 아무 소용 없는 이야기지만<br/>이제라도 말해본다<br/>언젠가 우리 다시 만나면<br/>그때는 우리 아파하지 말고<br/>좋은 기억으로 추억할 수 있게<br/>행복했던 기억들만 남겨 두자<br/>따뜻했던 너의 눈빛도<br/>내게만 주던 너의 다정함도<br/>지우려고 할수록 점점 선명해져<br/>이제라도 말해본다<br/>언젠가 우리 다시 만나면<br/>그때는 우리 슬퍼하지 말고<br/>좋은 기억으로 행복할 수 있게<br/>좋았었던 기억들만 남겨 두자<br/>너무 멀어진 우리 둘의 이야기<br/>모두 지워져 가겠지만<br/>지금이 아니면 할 수 없는 이야기<br/>너는 들을 수 없겠지만<br/>언젠가 우리 다시 만나면<br/>그때는 우리 후회하지 말고<br/>좋은 기억으로 웃을 수 있게<br/>사랑했던 기억들만 남겨 두자<br/>
"
5274,그때 우린,하동균하동균,그때 우린,"4,658",<dd>2019.04.18</dd>,"어느새 내 방에 가득<br/>어둠이 잔뜩 내려 앉으면<br/>너의 기억이<br/>몸부림 친다<br/>너의 기억에 오늘도 진다<br/>숨을 크게 내 쉰다<br/>너를 기억해 낸다<br/>그래 우린 참 예뻤구나<br/>그래 살아간다는 게<br/>그 얼마나 어려운지<br/>그때 우린 그 무거움을<br/>모른 척 했었나<br/>오 그때의 겁 없던 그날은<br/>아름다운 큰 선물이었다<br/>어느덧 내 맘은 없다<br/>오늘도 너는 여전히 곱다<br/>너의 기억이 나를 부른다<br/>너의 기억에 오늘도 진다<br/>그렇게 너를 반긴다<br/>너에게 말을 건넨다<br/>그래 우린 참 달랐구나<br/>그래 살아간다는 게<br/>그 얼마나 어려운지<br/>그때 우린 그 무거움을<br/>모른 척 했었나<br/>오 그때의 겁 없던 그날은<br/>아름다운 큰 선물이었다<br/>더 다른걸 원했었고<br/>더 많은걸 바래왔었던<br/>우리가 있었을까<br/>그래 살아간다는 게<br/>그 얼마나 어려운지<br/>그때 우린 그 무거움을<br/>모른 척 했었나<br/>오 그때의 겁 없던 그날은<br/>아름다운<br/>그런 사랑한다는 게<br/>그 얼마나 어려운지<br/>그때 우린 그 무거움을<br/>모른 척 했었나<br/>오 그때의 겁 없던 그날은<br/>아름다운 큰 선물이었다<br/>
"
5275,사랑일기 (feat. 박학기),유리상자유리상자,사랑일기,223,<dd>2019.04.18</dd>,"새벽 공기를 가르며 날으는<br/>새들의 날개 죽지 위에<br/>첫차를 타고 일터로 가는<br/>인부들의 힘센 팔뚝 위에<br/>광장을 차고 오르는<br/>비둘기들의 높은 노래 위에<br/>바람 속을 달려나가는<br/>저 아이들의 맑은 눈망울에<br/>사랑해요라고 쓴다<br/>사랑해요라고 쓴다<br/>피곤한 얼굴로 돌아오는<br/>나그네의 저 지친 어깨 위에<br/>시장 어귀의 엄마 품에서<br/>잠든 아가의 마른 이마 위에<br/>공원 길에서 돌아오시는<br/>내 아버지의 주름진 황혼 위에<br/>아무도 없는 땅에 홀로 서 있는<br/>친구의 굳센 미소 위에<br/>사랑해요라고 쓴다<br/>사랑해요라고 쓴다<br/>수 없이 밟고 지나는<br/>길에 자라는 민들레 잎사귀에<br/>가고 오지 않는 아름다움에<br/>이름을 부르는 사람들에게<br/>고향으로 돌아가는<br/>소녀의 겨울 밤차 유리창에도<br/>끝도 없이 흘러만 가는<br/>저 사람들의 고독한 뒷모습에<br/>사랑해요라고 쓴다<br/>사랑해요라고 쓴다<br/>사랑해요라고 쓴다<br/>사랑해요라고 쓴다<br/>
"
5276,내 곁에 있을래요,노현우노현우,내 곁에 있을래요,186,<dd>2019.04.18</dd>,"네 모습이 자꾸 아른거리네<br/>내 가슴 깊숙이 파고든 그대여<br/>나 그대를 사랑해도 되려는지<br/>고민만 하다가 혹여 널 놓칠까<br/>문득 다가서면 돌아서는 널 두고<br/>괜히 이러다간<br/>멀어질까 걱정되는데<br/>잠깐이나마 내게 보였던 그 마음을<br/>더는 감추지 마요<br/>너의 입맞춤이 닫혀 있던 내 마음을<br/>열어 놓고 달아날까 겁이 나요<br/>날 바라보던 네 순간들이<br/>더는 꿈이 아니게<br/>내 곁에 있을래요<br/>네가 웃으면 나도 따라 웃고<br/>네가 시무룩할 땐<br/>또 고민만 하다가<br/>이젠 내가 뭘<br/>좋아하는지도 잊은 채<br/>그대만 바라네요<br/>너의 입맞춤이 닫혀 있던 내 마음을<br/>열어 놓고 달아날까 겁이 나요<br/>날 바라보던 네 순간들이<br/>더는 꿈이 아니게<br/>내 곁에 있을래요<br/>더 미루지 말아요<br/>우리 더 미루지 마요<br/>너의 입맞춤이 닫혀 있던 내 마음을<br/>열어 놓고 달아날까 겁이 나요<br/>날 바라보던 네 순간들이<br/>더는 꿈이 아니게<br/>내 곁에 있을래요<br/>
"
5277,잊지마…,연규성연규성,빙의 OST Part.7,169,<dd>2019.04.18</dd>,"시간은 어느새 우리 둘 사이에<br/>닿을 수가 없는 강물을 만들고<br/>깊게 자란 믿음들은 서로의 가슴에<br/>잠시 묻어두기를<br/>when i find you<br/>그날까지<br/>우리 모든 것을 기억해야만 해<br/>다음 세상에 우리 만나면<br/>서로 알아볼 수 있도록 잊지마<br/>영원을 믿었던 우리 둘 사이는<br/>부서진 꿈처럼 흩어지지만<br/>깊게 자란 믿음들은 서로의 가슴에<br/>잠시 간직하기를<br/>when i find you<br/>그날까지<br/>우리 모든 것을 기억해야만 해<br/>다음 세상에 우리 만나면<br/>서로 알아볼 수 있도록<br/>못다 한 사랑 그 모두를<br/>줄 수 있는 시간까지<br/>when i find you<br/>그날까지<br/>우리 모든 것을 기억해야만 해<br/>다음 세상에 우리 만나면<br/>서로 알아볼 수 있도록 잊지마<br/>잊지마<br/>
"
5278,그게 아니라면,제이로 (J.ROH)제이로 (J.ROH),더 플래닛 스토리 (The Planet Story),5,<dd>2019.04.18</dd>,"그게 아니라면<br/>네가 웃는 게 웃는 게 아니라면<br/>곁에 있어도 좋은 게 아니라면<br/>거울 속 모습 네가 아니라면<br/>차가운 바람 지나가고<br/>바래진 꿈은 제자리에<br/>흔들리는 마음을 붙들고 여기에<br/>그게 아니라면<br/>차가운 바람 지나가고<br/>바래진 꿈은 제자리에<br/>비틀어진 너의 고백과<br/>한숨과 절망 속 어딘가로<br/>그게 아니라면<br/>네가 웃는 게 웃는 게<br/>그게 아니라면<br/>곁에 있어도 좋은 게<br/>그게 아니라면<br/>거울 속 모습 네가 아니라면<br/>네가 아니라면<br/>겁이 나겠지<br/>힘이 들겠지<br/>진짜 너를 만나는 게<br/>거울 속에 널<br/>사랑했을까<br/>그땐 미처 몰랐을까<br/>겁이 나겠지<br/>힘이 들겠지<br/>진짜 너를 만나는 게<br/>거울 속에 널<br/>사랑했을까<br/>그땐 미처 몰랐을까<br/>그게 아니라면<br/>그게 아니라면<br/>
"
5279,취한 그날,웬수웬수,취한 그날,60,<dd>2019.04.18</dd>,"오늘 그 거리를 걸어 봤어<br/>나는 추억바람을 함께 맞으며<br/>이 길 걸어다닌 행복한 모습들은<br/>어디에 어디에 있을까<br/>이별<br/>그 짧은 단어 하나에는<br/>너와 나의 모든 기억<br/>아련해질때<br/>우리 함께 해왔던<br/>서로 삶에 의미였던<br/>모습은 더 선명해져가<br/>수화기 넘어로 널 사랑해<br/>그렇게 말하던 너는 잊혀지고<br/>그 때로 다시 돌아 가기엔<br/>너무 멀리 온걸까<br/>이제는 말 할게<br/>나 솔직히 울다지쳐<br/>노래로 말 전할게<br/>우리 행복했었던<br/>그날이 난 그리워<br/>취하네<br/>내게 하나뿐인 너만은<br/>나의 마지막 일생을 나 바칠래<br/>우릴 괴롭혔던 수 없이 많은날들<br/>이제는 모두 잊고 다시<br/>사랑을 말했던 그 날처럼<br/>서로 웃고 행복하던 그 날로<br/>그 때로 다시 돌아가기엔<br/>너무 멀리 왔지만<br/>이제는 말 할게<br/>나 솔직히 울다지쳐<br/>노래로 말 전할게<br/>우리 함께했었던<br/>순간들이 떠올라<br/>나는 정말 바보야<br/>여기서 시작해<br/>나 기다려<br/>넌 그냥 오기만 하면돼<br/>우리 다시 만나는 그날<br/>오늘이길 바라고 서 있어<br/>
"
5280,너를 닮은 계절,하늘하늘,너를 닮은 계절,7,<dd>2019.04.18</dd>,"좋아한단 말 한마디<br/>아직도 못 했는데<br/>언제쯤엔 할 수 있나 기다리는데<br/>그대 옆엔 다른 사람이<br/>유난히도 힘이 드는 기다림은 oh<br/>지쳐가는 동시에 마음이 쓰려<br/>가슴이 시려 견딜 수 없어<br/>혼자 사랑하는 게 참 아프다<br/>아무것도 모르는 네가<br/>한 번 웃어주면<br/>잊혀지려 하다가도 다시 돌아와<br/>널 향한 끝없는 마음이<br/>너를 닮은 이 계절은 봄인가 봐 oh<br/>따뜻함과 동시에 품을 순 없어<br/>몰랐던 감정들이 찾아와<br/>혼자 사랑하는 게 참 아프다<br/>아무것도 모르는 네가<br/>한 번 웃어주면<br/>잊혀지려 하다가도 다시 돌아와<br/>널 향한 끝없는 마음이<br/>
"
5281,더 나은 길,노래 안 하는 사람노래 안 하는 사람,더 나은 길,1,<dd>2019.04.18</dd>,"그댈 사랑하지만 그 문제와는 달라요<br/>서운해 말아요<br/>한 번은 겪어야 할 문제일 뿐이야<br/>화내지 말아요<br/>부족한 것 없이 최선을 다했다고<br/>생각했는데 그대도 그렇죠<br/>서로 더 못한다 하면 이만할까요<br/>이대로는 힘들어지기만 <br/>하지 않을까요<br/>좀 더 솔직하게 서로를 더<br/>생각하면서<br/>그렇게만 맞춰가면 나을 거예요<br/>행복하고 싶어<br/>행복하게 해주고 싶어<br/>한 번만 처음같이 우리<br/>웃었으면 좋겠어<br/>부족한 것 없이 최선을 다했다고<br/>생각했는데 그대도 그렇죠<br/>서로 더 못한다 하면 이만할까요<br/>이대로는 힘들어지기만<br/>하지 않을까요<br/>좀 더 솔직하게 서로를 더<br/>생각하면서<br/>그렇게만 맞춰가면 나을 거예요<br/>행복하고 싶어<br/>행복하게 해주고 싶어<br/>한 번만 처음같이 우리<br/>웃었으면 좋겠어<br/>좀 더 솔직하게 서로를 더<br/>생각하면서<br/>그렇게만 맞춰가면 나을 거예요<br/>행복하고 싶어<br/>행복하게 해주고 싶어<br/>한 번만 처음같이 우리<br/>웃었으면 좋겠어<br/>
"
5282,사랑하는 제자에게,김주영김주영,소중한 나를 찾아 떠나는 여행,19,<dd>2019.04.18</dd>,"작은 디딤돌이 되고 싶은 한 사람<br/>조그만 힘이 되고 싶은 한사람<br/>너의 꿈을 위해 일어나거라<br/>너의 길은 분명히 있단다<br/>저는 할 수 없어요<br/>공부도 운동도 음악도 미술도<br/>잘하는게 하나도 없죠<br/>아무것도 하고 싶지 않아요<br/>너의 존재만으로도<br/>충분히 사랑 받아 마땅해<br/>성공보다 크기 때문이지<br/>끝까지 응원하고 기도할게<br/>무엇인가 부족함이 있기에<br/>우리는 움직일 수 있는거란다<br/>그 자리에서 너는 빛날거란다<br/>일어나 함께 가자<br/>이렇게 노력했는데<br/>아무것도 이루지 못했어요<br/>저는 할 수 없어요<br/>미안해요<br/>무엇인가 어려움이 있기에<br/>우리는 움직일 수 있는거란다<br/>그 자리에서 너는 빛날거란다<br/>일어나 함께 가자<br/>고마워 감사해요<br/>사랑한다 사랑해요<br/>우리 함께 일어나<br/>행복하자<br/>고마워 감사해요<br/>사랑한다 사랑해요<br/>우리 함께 일어나<br/>행복하자<br/>
"
5283,오월의 어느날,이봄이봄,오월의 어느 날,23,<dd>2019.04.18</dd>,"햇빛이 지고 달빛이 빛나면 <br/>어두운 밤에 바래다 주며 <br/>나눴던 수많은 이야기 들 중 <br/>그 약속이 생각나네 <br/>벚꽃이 지고 그 꽃이 필 때면 <br/>너를 만났던 그 소중했던 <br/>이제는 너무나 오래되 버린 <br/>그 약속이 생각나네<br/>오월의 어느 날 그 꽃이 피면 <br/>함께 걷자고 했었잖아 <br/>아카시아 꽃이 피는 오월에 <br/>함께 걷자고 했었잖아 <br/>오월의 어느 날 그 꽃이 피면 <br/>함께 걷자고 했었잖아 <br/>아카시아 꽃이 피는 오월에 <br/>함께 걷자고 했었잖아 <br/>오월의 어느 날 그 꽃이 피면 <br/>함께 걷자고 했었잖아 <br/>아카시아 꽃이 피는 오월에 <br/>함께 걷자고 했었잖아 <br/>오월의 어느 날 그 꽃이 피면 <br/>함께 걷자고 했었잖아 <br/>아카시아 꽃이 피는 오월에 <br/>함께 걷자고 했었잖아 <br/>오월의 그날이<br/>그 꽃이 피면<br/>올해도 왔구나<br/>소중했던<br/>아카시아 꽃이<br/>피는 오월에<br/>올해도 폈구나<br/>오월의 어느 날 그 꽃이 피면<br/>
"
5284,다함 3월 - 추운 봄,다함다함,다함 3월 - 추운 봄,11,<dd>2019.04.18</dd>,"유난히 춥던 겨울이 지나가고<br/>새하얗게 덮인 추억이 눈물흘려<br/>하늘마저 슬피울고선<br/>애꿎은 내 맘을 적신다<br/>괜찮을 것 만 같던 내 옆에 빈 자리가<br/>따스한 봄 바람 내음 맡다가<br/>흔적만 남은 추억이 참 찬란했던<br/>그 날의 햇살을 아직 기억하나봐<br/>그래 참 행복했었지 그땐<br/>긴 시간이 흘러 꽃 피는 봄이 오고<br/>또 다시 내 맘엔<br/>그리움이라는 꽃이 피네<br/>여전히 같은 향기 같은 온기가<br/>떠나기 싫은지 내 가슴에<br/>추억이란 나무에 똑같이 자라서<br/>괜스레 애꿎은 내 가슴이<br/>좀처럼 녹지도 못한 채<br/>여전히 춥기만한 봄에 살아서<br/>추억에 살아서 그대만 살아서<br/>여전히 같은 이름 같은 얼굴이<br/>보내기 싫은지 잊질 못해서<br/>지울 수가 없어서 가슴에 묻고서<br/>괜스레 애꿎은 그 이름만<br/>수 없이 목 놓아 불러도<br/>여전히 그대 없는 봄에 살아서<br/>추억에 살아서 나 혼자 살아서<br/>미안해<br/>
"
5285,다함 2월 - 욕심,다함다함,다함 2월 - 욕심,10,<dd>2019.04.18</dd>,"딱히 할 말 없지만 먼저 인사를 하고<br/>딱히 쓸 말 없지만 먼저 문자를 보내<br/>왜 왜 도대체 왜<br/>특별한 이유 없이 온종일 생각나<br/>보내려다 지우고 몇번을 반복하다<br/>되도 않는 억질 부려서라도<br/>그댈 놓치기 싫어서<br/>그게 욕심이었나봐요<br/>부담을 준 것 같아서<br/>두 번 다시는 없을 것 같은<br/>이 설레임 놓치기 싫어서<br/>용기를 내봤어요<br/>그대 내 맘과 같을까<br/>기도하면서 바래요<br/>이대로 끝이 아니길 바래요<br/>보내려다 지우고 몇번을 반복하다<br/>내 손을 떠난 마지막말에<br/>후회 또 후회만<br/>그게 욕심이었나봐요<br/>부담을 준 것 같아서<br/>두 번 다시는 없을 것 같은<br/>이 설레임 놓치기 싫어서<br/>용기를 내봤어요<br/>그대 내 맘과 같을까<br/>기도하면서 바래요<br/>이대로 끝이 아니길 바래요<br/>별다른 의미조차 없을 답장 하나에<br/>하루에도 몇번씩 숨이 막혀와<br/>단지 욕심이 아니기를<br/>부담이 되지 않기를<br/>두 번 다시는 만날 수 없는<br/>눈 부시도록 아름다운 그대<br/>용기를 내보아서 그댈 기다릴게요<br/>기도하면서 바래요<br/>언젠가는 날 봐주기를<br/>언젠가는 이 노래를<br/>웃으며 들려줄 수 있기를<br/>
"
5286,고마운 사람 (Vocal by 이소진),업라이트 (Upright)업라이트 (Upright),고마운 사람,64,<dd>2019.04.18</dd>,"비가 내리는 날엔 연락도 없이<br/>우산을 들고 기다리죠<br/>화창한 주말엔<br/>어김없이 꽃을 선물하죠<br/>이유 없이 너에게 투정 부려도<br/>언제나 웃으며 나를 받아주던<br/>너의 고마운 사랑을<br/>그땐 깨닫지 못 했었던 거야<br/>다시 붙잡고 싶었어<br/>널 찾고 싶었어<br/>미안한 마음에 너의 집 앞에<br/>다른 누구의 사람이 되어<br/>행복한 모습이었어<br/>쓸쓸한 바람이 내 몸을 감싸고<br/>흐르는 눈물이 달빛에 비추네<br/>떠난 시간을 가슴에 묻고<br/>내일을 살아야 하겠지<br/>다시 붙잡고 싶었어 널 찾고 싶었어<br/>미안한 마음에 너의 집 앞에<br/>다른 누구의 사람이 되어<br/>행복한 모습이었어<br/>계절이 변하고 내 맘도 변하면<br/>널 지우고 살아가겠지<br/>고마운 내사람<br/>이젠 안녕 행복해주세요<br/>
"
5287,위로 (누군가의 밤),HAENA (해나)HAENA (해나),위로,40,<dd>2019.04.18</dd>,"힘든 하루의 끝에 거울 속 내 모습에<br/>문득 고갤 들어 시간을 확인하곤<br/>지친 몸을 이끌어<br/>겨우 침대에 뉘고서<br/>내일은 괜찮아 질거야<br/>때론 아무 말 없는 따뜻한 그 눈빛이<br/>그 얼마나 큰 힘이 되는지<br/>그댄 알까요<br/>괜찮다 말해주네요<br/>사랑한다 말해줘요<br/>힘내지 않아도 된다고 말해주네요<br/>고된 하루의 끝에 핸드폰 속 친구의<br/>힘내라는 문자 한 통을 접어두고선<br/>지친 맘을 이끌고<br/>다시 일상에 끝에서<br/>오늘은 괜찮아 질거야<br/>때론 아무 말 없는 따뜻한 그 눈빛이<br/>그 얼마나 큰 힘이 되는지<br/>그댄 알까요<br/>괜찮다 말해주네요<br/>사랑한다 말해줘요<br/>오늘은 울어도 된다고 말해주네요<br/>아무 말 없는 따뜻한 그 눈빛이<br/>그 얼마나 큰 힘이 되는지<br/>그댄 알까요<br/>괜찮다 말해줄게요<br/>사랑한다 말할게요<br/>오늘은 울어도 된다고 말해줄게요<br/>
"
5288,누구에게나 살아가는것은,구본웅 (Ku Bon Woong)구본웅 (Ku Bon Woong),누구에게나 살아가는것은,0,<dd>2019.04.18</dd>,"누구에게나<br/>살아가는것은<br/>큰짐이기도<br/>힘들기도 하지<br/>살다보면은<br/>이런 저런일들<br/>속상하면서<br/>당황스러워져<br/>에헤야 바람분다<br/>이쪽에서 불면 저쪽에서 불지<br/>에헤야 떠나간다<br/>나이어려 울면 나이들면 알지<br/>어느 누구나<br/>찾아오는 것은<br/>심각하기도<br/>체념도 하지<br/>오늘 만큼은<br/>모든걱정 잊고<br/>한잔하면서<br/>너와 있고 싶어<br/>에헤야 바람분다<br/>이쪽에서 불면 저쪽에서 불지<br/>에헤야 떠나간다<br/>나이어려 울면 나이들면 알지<br/>
"
5289,조심스레,원더링제이 (Wondering.Jay)원더링제이 (Wondering.Jay),조심스레,5,<dd>2019.04.18</dd>,"봄바람 불어오던 3월의 오후<br/>우연인듯 인연이 된 그 날<br/>차갑게 얼어붙은 내맘을 그대<br/>포근히 감싸 안아준 그 날<br/>거센 바람 불어와<br/>깊은 상처 남았대도<br/>내가 여기 서 있을게<br/>그 눈물 볼 수 없도록<br/>더 이상 슬픔 없도록<br/>꽃잎을 감싸는 햇살처럼<br/>저 달을 껴안은 구름처럼<br/>Promise you<br/>I'll always be there for you<br/>한 걸음 또 한 걸음<br/>그대 곁에 다가가<br/>조심스레 내 맘 꺼내볼까<br/>짙은 어둠 찾아와<br/>앞을 볼 수 없다해도<br/>잡은 손 놓지 않을게<br/>그대와 함께 걷도록<br/>꽃잎을 감싸는 햇살처럼<br/>저 달을 껴안은 구름처럼<br/>Promise you<br/>I'll always be there for you<br/>한 걸음 또 한 걸음<br/>그대 곁에 다가가<br/>조심스레 내 맘 꺼내볼까<br/>이 마음 이대로 사랑할까<br/>
"
5290,RESET,이일주이일주,rESeT,35,<dd>2019.04.18</dd>,"여긴가 저기 어디쯤인가<br/>나의 눈이 너를 봤을 때<br/>내개 남았던 모든 미련이<br/>날 놔준다 너에게 간다<br/>아직은 사랑 일 수 없는데<br/>널 보면 아직 잘 모르겠는데<br/>그래도 내려놓게 해줘서<br/>그리움 따윈 잊을 수 있어서<br/>고마워 사랑할 수 없다는<br/>나의 마음에 언제나 네가<br/>사랑할 수 있다고 나와 함께 하자고<br/>내가 곁에 있어준다고<br/>나 그런 널 보며<br/>조금씩 잊어가고 있는데<br/>널 보면 내가 다시 웃고있는데<br/>오늘도 나와 같이 있어서<br/>그리운 생각 안 나게 해줘서<br/>고마워 사랑할 수 없다는<br/>나의 마음에 언제나 네가<br/>사랑할 수 있다고 나와 함께 하자고<br/>내가 곁에 있어준다고<br/>나 그런 널 보며<br/>
"
5291,꿈 표식 (With Joon Tee),노동환노동환,꿈 표식,45,<dd>2019.04.18</dd>,"안개 낀 바다 눈 덮인 백사장<br/>지금 여긴 우리 둘 뿐<br/>이어폰을 나눠 끼고<br/>잔잔한 노랠 틀어<br/>참 아름답네 바다도 너도<br/>난 괜스레 가슴이 떨려<br/>처음 비를 맞는 꽃처럼<br/>그래 사랑인가 봐<br/>파란하늘 아래 들리는 건<br/>네 숨소리와 내 심장소리<br/>빨개진 볼 빨간 네 입술에<br/>입을 맞춰<br/>이렇게 세상은 멎고<br/>안절부절 못하는 네 손을<br/>꼭 잡고 다시 한번 되뇌어<br/>사랑해<br/>사랑해<br/>난 괜스레 가슴이 떨려<br/>처음 비를 맞는 꽃처럼<br/>그래 사랑인가 봐<br/>파란하늘 아래 들리는 건<br/>네 숨소리와 내 심장소리<br/>빨개진 볼 빨간 네 입술에<br/>입을 맞춰<br/>이렇게 세상은 멎고<br/>안절부절 못하는 네 손을<br/>꼭 잡고 다시 한번 되뇌어<br/>사랑해<br/>사랑해<br/>나 너무 가슴이 떨려서<br/>마치 그때 19살 소년처럼<br/>파란하늘 아래 들리는 건<br/>네 숨소리와 내 심장소리<br/>빨개진 볼 빨간 네 입술에<br/>입을 맞춰<br/>이렇게 세상은 멎고<br/>안절부절 못하는 네 손을<br/>꼭 잡고 다시 한번 되뇌어<br/>사랑해<br/>사랑해<br/>나 잠 깨고 나면<br/>졸리지 않아도<br/>다시 잘래요<br/>눈 덮인 그곳에서<br/>또 만나요<br/>
"
5292,마음의 감사,유진유진,"With You 05, 마음의 감사",3,<dd>2019.04.18</dd>,"햇살이 가득한 날들에 나는 언제나<br/>그대가 생각 나<br/>감사의 기도를 합니다<br/>항상 내 마음에 가득 힘을 주시고<br/>언제나 그대 나를 위해<br/>기도를 합니다<br/>내가 이 세상을 간직할 수 있도록<br/>해주신 당신에게 감사를 전합니다<br/>주는 것에 익숙한 당신에게<br/>항상 부족한 마음의 감사를 전합니다<br/>지금도 당신은 큰 사랑을<br/>나에게 주시지만<br/>나는 그 사랑 깨닫지 못하고<br/>그저 받아야 하는<br/>행복이라 생각합니다<br/>언제나 당신은 나를 위해 계셨고<br/>당신보다 나를 위해 사셨고<br/>모든 순간에도 내가 아파하지 않도록<br/>당신이 더 아파하셨네<br/>난 이제야 당신을 향한<br/>감사와 사랑을<br/>조금이나마 전하고 싶고<br/>당신께서 주신<br/>내 삶에 대한 소중함을<br/>간직합니다<br/>나에게 주신 사랑과 행복은<br/>그 무엇보다도 비교할 수 없는<br/>큰 선물이며<br/>당신께 나의 감사한 마음을 전합니다<br/>감사한 마음을 전합니다<br/>
"
5293,알고 있잖아,그_냥그_냥,연애혁명 OST Part.2,"3,013",<dd>2019.04.17</dd>,"매일 같이 웃고 떠들던<br/>평범한 하루들이<br/>함께라서 우리라서<br/>소중한 추억으로 쌓여가<br/>매일 같이 옆에 있다는 이유로<br/>말 하지 못했어<br/>부끄러워 넣어두었던 많은 진심을<br/>때로는 서로를<br/>이해하지 못할 때도 있었지만<br/>우리는 알고있잖아<br/>너와 나의 소중함을<br/>너와 우리<br/>우리와 너<br/>내 곁엔 늘 네가 있어 다행이야<br/>힘들 때면<br/>아무 말 없이 내 손 잡아준 너<br/>너의 우리<br/>우리의 너<br/>고마워 늘 함께 해줘서<br/>시간 흘러 돌아봐도<br/>내 옆엔 늘 네가 있기를 바래<br/>흐르는 시간에<br/>많은 것이 변할 수도 있겠지만<br/>우리는 알고있잖아<br/>너와 나의 소중함을<br/>너와 우리<br/>우리와 너<br/>내 곁엔 늘 네가 있어 다행이야<br/>힘들 때면<br/>아무 말 없이 내 손 잡아준 너<br/>너의 우리<br/>우리의 너<br/>고마워 늘 함께 해줘서<br/>시간 흘러 돌아봐도<br/>내 옆엔 네가 있기를 바래<br/>너와 우리<br/>우리와 너<br/>내 곁엔 늘 네가 있어 다행이야<br/>힘들 때면<br/>아무 말 없이 내 손 잡아준 너<br/>너의 우리<br/>우리의 너<br/>고마워 늘 함께 해줘서<br/>시간 흘러 돌아봐도<br/>내 옆엔 네가 있기를 바래<br/>네가 있기를 바래<br/>
"
5294,파란 하늘을 보았니?,바버렛츠 (The Barberettes)바버렛츠 (The Barberettes),들숲날숨 Vol.10 파란 하늘을 보았니?,187,<dd>2019.04.17</dd>,"파란 하늘을 보았니<br/>내가 아주 어릴 적에는<br/>교실 창문 사이로 빛나던<br/>진하고 푸르른 티 없는 하늘 빛<br/>파란 마음을 보았니<br/>나의 작은 기억 속에는<br/>땀 뻘뻘 흘리던 운동장<br/>숨고르다 올려 본 해맑은 그 마음 빛<br/>보고싶어 그때 그 하늘<br/>보고싶어 난 그 미소<br/>지우개 지우듯 하늘을<br/>닦아보고 싶어<br/>파란색이 나올까<br/>티없이 맑은 색이 나올까<br/>방과후에 창문을 닦듯<br/>지금의 내 마음을 깨끗이 닦고 싶어<br/>보고싶어 그때 그 하늘<br/>보고싶어 난 그 미소<br/>지우개 지우듯 하늘을<br/>닦아보고 싶어<br/>사라지는 숨 같은 기억들<br/>머물러줘 날 지켜줘<br/>우린 그저 숨 쉬고 싶을 뿐<br/>두 눈속에 간직하고 싶어<br/>파란색이 나올까<br/>티없이 맑은 색이 나올까<br/>먼지 뒤에 숨은 저 빛처럼<br/>그때 우리 맘을 다시 되찾고 싶어<br/>파란색이 나올까<br/>티없이 맑은 색이 나올까<br/>먼지 뒤에 숨은 저 빛처럼<br/>그때 우리 맘을 다시 되찾고 싶어<br/>다시 되찾고 싶어<br/>다시 되찾고 싶어<br/>
"
5295,우리 다시 만나면,나니아 (NaNyA)나니아 (NaNyA),우리 다시 만나면,70,<dd>2019.04.17</dd>,"그때는 몰랐지만 지금은 알아요<br/>눈물에 피는 꽃이기에<br/>시들 리 없다는 걸<br/>우우 우리 다시 만나면<br/>마지막 날처럼 우리 사랑해요<br/>처음 그 날 설레임을 기억해요<br/>우리 다시 만나면<br/>그대란 기억의 숲<br/>나를 숨 쉬게 해<br/>그늘에 가려져도<br/>나를 빛나게 해<br/>우우 우리 다시 만나면<br/>마지막 날처럼 우리 사랑해요<br/>처음 그 날 설레임을 기억해요<br/>우리 다시 만나면<br/>다시 만나야 할 사람은<br/>결국 만난다는 것을 기억해요<br/>세상 말을 다 지워도<br/>그대만은 언제 언제까지<br/>날 꿈꾸게 하는 사람<br/>나를 살게 하는 사람 기억해요<br/>남은 소원을 다 버릴 수 있어요 난<br/>우리 다시 만나면<br/>그때<br/>
"
5296,속사이듯,백인철백인철,속사이듯 해줘 OST,4,<dd>2019.04.17</dd>,"우리의 시 우리의 말<br/>너와나 있던곳 속삭여<br/>비밀을 간직한채<br/>어서 날 알아봐<br/>우리만 볼 수 있는<br/>세상을 만들어<br/>기억해 너를 기억해<br/>너를 기억해 지금을<br/>어색한 말들 떨리는<br/>말들 나에게 속삭여<br/>우리의 눈 우리의 떨림<br/>니가 날 보던 곳 속삭여<br/>비밀을 간직한채<br/>어서 날 알아봐<br/>우리만 볼 수 있는<br/>세상을 만들어<br/>기억해 너를 기억해<br/>너를 기억해 지금을<br/>어색한 말들 떨리는<br/>말들 나에게 속삭여<br/>시선 속에서 작은 마음을<br/>나는 알았어 너를<br/>세상 밖에서 헤메이던 날<br/>너는 알았어 나를<br/>기억해 너를 기억해<br/>나를 기억해 지금을<br/>어색한 말들 떨리는<br/>말들 나에게 속삭여<br/>
"
5297,꿈이여 다시 한번,임창순임창순,7080 아름다운 추억까페 4집,3,<dd>2019.04.17</dd>,가사가 없습니다
5298,보고싶다 (Feat. 박승제),성국BGM성국BGM,보고싶다,71,<dd>2019.04.17</dd>,"이대로 끝인거라<br/>믿어지지가 않아서<br/>꿈일거라 믿고<br/>두 볼을 꼬집어 멍하니 앉아<br/>하지 못한 말들이<br/>아직 너무도 많은데<br/>너는 어딨는지<br/>보이질않아 너무 그립다<br/>보고싶다 미칠듯 널 보고싶다<br/>수천번 외쳐보는 말<br/>아직도 추억속 그 길을 걸어본다<br/>혹시 나 너 볼까봐<br/>불러본다 미친듯 널 불러본다<br/>혹시 너에게 들릴까<br/>입술이 질리고 닳도록 외쳐본다<br/>널 보고싶다<br/>사소한 니 투정도<br/>지겹던 잔소리마저<br/>시간이 갈 수록 너무 그립다<br/>바보처럼<br/>보고싶다 미칠듯 널 보고싶다<br/>수천번 외쳐보는 말<br/>아직도 추억속 그 길을 걸어본다<br/>혹시 나 너 볼까봐<br/>니가있어 미친듯 행복했었던<br/>그때로 갈 수 있다면<br/>사랑해 너 떠난 후 에야 외쳐본다<br/>널 보고싶다<br/>
"
5299,벚꽃눈 (Feat. 미라주),여운 (YUN)여운 (YUN),벚꽃눈,49,<dd>2019.04.17</dd>,"우연히 걷고 있어<br/>너와 나란히 걷던 길<br/>벤치에 앉아 바라본 벚꽃눈이<br/>왜 그 날을 추억하게 하는지<br/>정말 행복했어 너와 함께한 시간들<br/>졸업 후에 떠올려 본 그 시간속에는<br/>어리숙한 내가 서있었지<br/>그냥 좋아하는데 이유 같은건 없었어<br/>정말 그냥 웃을 수 있어서<br/>순수한 아이가 된 것처럼 사랑했어<br/>벚꽃눈 내리는 봄날의 끝에서<br/>잡은 꽃잎들 모아 보여주고 싶어<br/>봄날이 지고 우리 멀어져도<br/>내 맘엔 그 날의 벚꽃눈이<br/>내리고 있는걸<br/>가끔 궁금했어<br/>니가 잘 살고 있는지<br/>인생이란 쳇바퀴에 시간만 흐르고<br/>보고싶단 생각만 남았어<br/>그땐 몰랐어 니가<br/>보이지 않는 꿈보다<br/>많이 소중한 사람이란걸<br/>그 날로 돌아가면 너에게 말할거야<br/>벚꽃눈 내리는 봄날의 끝에서<br/>잡은 꽃잎들 모아 보여주고 싶어<br/>봄날이 지고 우리 멀어져도<br/>내 맘엔 그 날의 벚꽃눈이<br/>내리고 있는걸<br/>시들어버릴 거짓말은 아니니까<br/>지지 않는 한 송이를 주고 싶어<br/>내 마음속에 내리는 벚꽃눈을<br/>벚꽃눈 내리는 봄날의 끝에서<br/>다시 널 만나면 말해주고 싶어<br/>봄날이 지고 우리 멀어져도<br/>벚꽃눈 속에서 언제까지나<br/>쭉 영원하다고<br/>아직 맘속에 널 그리고 있어<br/>
"
5300,Forget You,RiaRia,너바라기,23,<dd>2019.04.17</dd>,"넌 잊었니 모든걸<br/>나와 행복 했었던<br/>그 아름답던 우리의 사랑<br/>난 떠올라 아직도<br/>너의 따뜻했던 미소<br/>그 다정한 말투 눈빛 모두<br/>Forget You<br/>너와 사랑했던<br/>우리 추억을 지워 한없이<br/>무너져 가는 날 보며<br/>오 영원 할줄 알았던 사랑<br/>그사랑 더는 이제 안할래<br/>I'm not falling in sad love<br/>anymore<br/>아무리 애를 써봐도<br/>너를 잊으려 해봐도<br/>다시 또 함께한 우리 사진 보면서<br/>어쩌면 너와 나 다시<br/>마주 칠 수 있을까 생각해<br/>너가 그리워<br/>Forget You<br/>너와 사랑했던<br/>우리 추억을 지워<br/>한없이 무너져 가는 날 보며<br/>오 영원 할줄 알았던 사랑<br/>그사랑 더는 이제 안할래<br/>I'm not falling in sad love<br/>anymore<br/>I'm not falling in sad love<br/>anymore<br/>
"
