5151,이제 말해 (Vocal 박보경),안프(An.P)안프(An.P),고백은 시작,52,<dd>2019.04.25</dd>,"그대 그렇게 망설이나요<br/>내 맘을 모르나요<br/>모르는 척 사실은 알면서<br/>그대 이제는 얘기해줘요<br/>나를 사랑한다<br/>그대 마음을 나에게 말해봐요<br/>추운 그 밤에 떨며 함께 걷는 게<br/>아무런 이유 없어선 아니겠죠<br/>기다림에 지친 나 이제 고백할게요<br/>그 밤처럼 따뜻하게<br/>내 손을 잡아줘요<br/>아직은 사랑한다는 말 어색하지만<br/>그대 내 맘속에 자리 잡았죠<br/>그대의 마음도 나와 같다면<br/>이제 그만 내 마음 떨리게 해요<br/>늦은 그 밤에 함께 나눈 얘기들<br/>어떤 의미였을까요 그대에겐<br/>기다림에 지친 나 이제 고백할게요<br/>그 밤처럼 걷던 그 길<br/>우리 같이 걸어요<br/>아직은 사랑한다는 말 어색하지만<br/>그대 내 맘속에 자리 잡았죠<br/>그대의 마음도 나와 같다면<br/>이제 그만 내 마음 떨리게 해요<br/>전하지 못한 말<br/>그 땐 할 수 없던 그 말<br/>이제 내 마음 모두 꺼내봐요 워<br/>사랑 널 그리면 떠오르는 말<br/>그대 앞에 서면 설레이는 나<br/>그대의 마음도 나와 같다면<br/>이제 그만 내 마음 떨리게 해요<br/>
"
5152,봄 날,나라나라,꽃길,29,<dd>2019.04.25</dd>,"살며시 다가온 바람에<br/>나 봄 날인 줄 알았죠<br/>바람결에 살며시<br/>밀려온 그때 그 향기에<br/>살며시 내리는 봄비에<br/>나 그날들을 그려요<br/>빗방울에 살며시<br/>스며온 그때 그 봄 날을<br/>기억하오 기억하오<br/>나 잊고 싶어도 잊혀지지 않아<br/>또 그렇게 흘러가고<br/>잊어보려 노력해봐도<br/>그 좋았던 추억들이<br/>이내 내 맘 가득히<br/>채우고 뒤돌아가는데<br/>잊어주오 잊어주오<br/>나 잊고 싶어도 잊혀지지 않아<br/>또 그렇게 흘러가고<br/>잊어보려 노력해봐도<br/>그 좋았던 추억들이<br/>이내 내 맘 가득히<br/>채우고 뒤돌아가는데<br/>잊어본다 지워본다고<br/>나 수업이 되뇌어도<br/>이내 내 맘 가득히<br/>채우고 뒤돌아가는 널<br/>지워져도 잊혀진대도<br/>그 언제가 되더라도<br/>그때 나를 봄날을<br/>한 번쯤 뒤돌아 봐주오<br/>
"
5153,꽃신(Lily of the Valley),연주연주,꽃신(De.F Apr),17,<dd>2019.04.25</dd>,"따사로이 비춰지는<br/>햇살띄우던 네 웃음에<br/>아름답던 순간까지<br/>내가 가장 그리워할 게다<br/>아 나의 나비야<br/>그 빛 속에서 울지는 않느냐<br/>아 오랬동안<br/>갇혀왔던 날<br/>그날처럼 안아줄 수 있느냐<br/>내가 멀리 떠나가거든<br/>달빛을 바라보거라<br/>하이얀 구름사이<br/>은방울꽃 드리워진 고운미소<br/>그게 네가신을 신 일게다<br/>틀림없이 행복할게다<br/>꽃잎 태어나던 그 길가에<br/>달빛 띄우던 네 강가에<br/>신은 참 가혹하게도<br/>나에게 깊은 어둠을<br/>줘버렸구나<br/>아 오랬동안<br/>갇혀왔던 날<br/>그날처럼 안아줄 수 있느냐<br/>내가 멀리 떠나가거든<br/>달빛을 바라보거라<br/>하이얀 구름사이<br/>은방울꽃 드리워진 고운미소<br/>그게 네가신을 신 일게다<br/>틀림없이 행복할게다<br/>우<br/>내가 멀리 떠나가거든<br/>달빛을 바라보거라<br/>하이얀 구름사이<br/>은방울꽃 드리워진 고운미소<br/>그게 네가신을 신 일게다<br/>너에게 달려가겠다<br/>틀림없이 행복할게다<br/>틀림없이<br/>
"
5154,괜찮을까,유명인유명인,괜찮을까,24,<dd>2019.04.25</dd>,"나 지금 너무 어두워<br/>내가 어디에 있는지<br/>어딜 향하고 있는지<br/>하나도 알 수가 없어<br/>나 지금 너무 무력해<br/>내가 뭘 하고 싶은지<br/>잘 하긴 하는지<br/>하나도 알 수가 없어<br/>나 괜찮을까 지금 이대로 있어도<br/>남들과 비교하지 않아도<br/>저 어른들의 말처럼<br/>행복할 수 있을까<br/>나 이제 너무 불안해<br/>내가 바랬던 모습이<br/>더 바라는 모습이<br/>하나도 보이지 않아<br/>나 괜찮을까 지금 이대로 있어도<br/>남들과 비교하지 않아도<br/>저 어른들의 말처럼<br/>행복할 수 있을까<br/>언젠가 내가<br/>나를 믿지 못하고<br/>괜찮다 말하지 못하게 되는<br/>그날이 올까 두려워<br/>나 괜찮을까 지금 이대로 있어도<br/>남들과 비교하지 않아도<br/>저 어른들의 말처럼<br/>행복할 수 있을까<br/>
"
5155,옛날 사람 (Old Movie),김희철김희철,옛날 사람 (Old Movie),"6,602",<dd>2019.04.24</dd>,"어제와 같은 너를 만나고<br/>언젠가부터 난 아무 말 없이<br/>웃음만 반복해<br/>편안함이 지겨웠었는지<br/>사소한 일로 트집 잡고<br/>그만하잔 말을 쉽게 또 했어<br/>사랑해란 말도<br/>아무 감정 없이 들릴 때<br/>싸웠다 웃었다가<br/>무뎌지게 될 때 생각하네<br/>옛날 사람처럼 예전 영화처럼<br/>흔한 끝이란 말보단<br/>더 멋지게 두 손을 붙잡고<br/>날 떠나도 돼<br/>더 좋은 사람 만나 말은 해도<br/>평생 날 생각해<br/>날 잊지 못해 슬퍼하기를<br/>사랑해란 말도<br/>아무 감정 없이 들릴 때<br/>싸웠다 웃었다가<br/>무뎌지게 될 때 생각하네<br/>옛날 사람처럼 예전 영화처럼<br/>흔한 끝이란 말보단<br/>더 멋지게 두 손을 붙잡고<br/>날 떠나도 돼<br/>더 좋은 사람 만나 말은 해도<br/>평생 날 생각해<br/>날 잊지 못해 슬퍼하기를<br/>만약 너를 붙잡아<br/>다시 만난다 해도 영원할 수 있을지<br/>옛날 사람처럼 예전 영화처럼<br/>흔한 끝이란 말보단<br/>더 멋지게 두 손을 붙잡고<br/>날 떠나도 돼<br/>더 좋은 사람 만나 말은 해도<br/>평생 날 생각해<br/>날 잊지 못해 슬퍼하기를<br/>날 잊지 못해 슬퍼하기를<br/>
"
5156,아픔투성이,마크 최마크 최,아픔투성이,187,<dd>2019.04.24</dd>,"묻지 마라 말도 마라<br/>널 보내고 어떻게 살아왔는지<br/>누굴 잊고 사는 게<br/>어디 내 마음대로 다 되는 건지<br/>그래 한땐 널 잊어 주는 게<br/>널 위한 길이라 믿었지<br/>눈만 뜨면 내 안에 널 지우려<br/>난 미친 듯 삶을 헤매였지<br/>사랑해줘 다시 사랑해줘<br/>다시 날 안아줘 이 아픔투성인 나를<br/>널 지우고 지워도<br/>널 지울 수 없어 내 가슴만 할퀴어<br/>좋은 추억 다 기억하는데<br/>왜 내 맘은 상처뿐인지<br/>눈을 뜨면 너 없는 이 세상이<br/>내 눈물로 온통 다 금이 가<br/>돌아와줘 다시 날 안아줘<br/>내 웃음 찾아줘 이 아픔투성인 나를<br/>널 꺼내고 꺼내도<br/>널 꺼낼 수 없어 내 가슴만 때려<br/>아파 가슴이 닳아서<br/>눈물이나 내 삶이 멍들어<br/>허나 내 맘 다 찢어져도<br/>널 내 안에 둘 거야<br/>넌 아픔이지만 그래 널 사랑하니까<br/>너 다시 돌아와줘<br/>다시 날 안아줘 이 아픔투성인 나를<br/>사랑해줘 다시 사랑해줘<br/>널 지울 수 없어 내 가슴만 할퀴어<br/>널 사랑한 아픔투성이<br/>
"
5157,달무지개,진주 (JIN JU)진주 (JIN JU),빙의 OST Part.9,210,<dd>2019.04.24</dd>,"차가운 바람에 걸음을 옮기네요<br/>낯선 이 마음이 그대에게 보일까<br/>투명했던 그 마음을<br/>이제 알 것만 같은데<br/>조금 늦은 거겠죠<br/>가까이 가면 사라질까<br/>조금 멀리 두기로 해요<br/>그저 함께 있는 날들이<br/>영원하길 바랄게요<br/>햇살처럼 따뜻한 그 사람<br/>내가 안아도 될까요<br/>한 번씩 내 품에 기대도 좋을 텐데<br/>바람이 좋은 날<br/>그대와 나 나란히 걸으면<br/>어두웠던 내 하늘에 아침이 올 텐데<br/>투명했던 그 마음을<br/>이제 알 것만 같은데<br/>조금 늦은 거겠죠<br/>가까이 가면 사라질까<br/>조금 멀리 두기로 해요<br/>그저 함께 있는 날들이<br/>영원하길 바랄게요<br/>햇살처럼 따뜻한 그 사람<br/>내가 안아도 될까요<br/>한 번씩 내 품에 기대도 좋을 텐데<br/>바람이 좋은 날<br/>그대와 나 나란히 걸으면<br/>어두웠던 내 하늘에 아침이 올 텐데<br/>손을 내밀면 닿을 아주 가까운 곳에<br/>언제나 내가 거기 있을게<br/>햇살처럼 따뜻한 그 사람<br/>내가 안아도 될까요<br/>한 번씩 내 품에 기대도 좋을 텐데<br/>바람이 좋은 날<br/>그대와 나 나란히 걸으면<br/>어두웠던 내 하늘에 아침이 올 텐데<br/>
"
5158,술낌에 (Prod. My-Diction),"이보람, 하로(HARO)이보람, 하로(HARO)",[19.5],211,<dd>2019.04.24</dd>,"있잖아 나 이래도 되는 건지<br/>자꾸만 맘이 향해<br/>솔직히 말하자면 너의 두눈이<br/>너무 예뻐서 미칠 것 같애<br/>그게 사랑인지 아닌지<br/>진심인지 모르겠잖아<br/>그냥 한번 하는 말인지<br/>아님 내가 아니면 안되는건지<br/>술낌에 한번 너에게 말을 건네고<br/>술낌에 한번 내 맘을 보여주고<br/>술낌에 한번 너의 얘길 들어 보고<br/>술낌에 한번 내 맘을 보여줘<br/>우린 소주 한잔의 힘을 빌려서<br/>서로 마음을 고백하고 있어<br/>내일이 되면 잊어버린다 해도<br/>그래도 지금 서로에게 말할래<br/>있잖아 나 이러면 안되는데<br/>자꾸만 너의 어깨에 기대<br/>솔직히 말하자면<br/>너는 내 타입 아닌데<br/>오늘 정말 이상하네<br/>Girl 나를 어떻게 생각할지<br/>너도 나를 좋아하는건지<br/>분위기에 취해서 그냥 기대보는 건지<br/>술낌에 한번 너의 얘길 들어보고<br/>술낌에 한번 내 맘을 보여줘<br/>Girl 술낌에 한번<br/>너의 얘길 들어보고<br/>술낌에 한번 내 맘을 보여줘<br/>우린 소주 한잔의 힘을 빌려서<br/>서로 마음을 고백하고 있어<br/>내일이 되면 잊어버린다 해도<br/>그래도 지금 서로에게 말할래<br/>나 첨이야 누군가에게 말을 건네는일<br/>내맘을 받아줘 너와 함께하고싶어<br/>나도 첨이야 조금 놀라긴 했지만<br/>거절하고싶지 않아 너와 함께 할래요<br/>술낌에 한번 너에게 말을 건네고<br/>술낌에 한번 내 맘을 보여줘<br/>우린 소주 한잔의 힘을 빌려서<br/>서로 마음을 고백하고 있어<br/>내일이 되면 잊어버린다 해도<br/>그래도 지금 서로에게 말할래<br/>
"
5159,널 놓치고 싶지않아,천소아 (Cheon Soa)천소아 (Cheon Soa),널 놓치고 싶지않아,177,<dd>2019.04.24</dd>,"널 안고 있으면 향기가 가득해<br/>날 감싸는 너의 품이 너무 포근해<br/>설레이는 내 마음을 감출수 없어<br/>널 보고 있으면 내 맘이 따뜻해<br/>날 보는 그 미소에 나 미치겠어<br/>아무래도 내가 너를 더 좋아하나봐<br/>니가 너무 좋아 니가 너무 좋아<br/>사랑해 우리 평생토록 함께 하고싶어<br/>네게 네게 내 모든 사랑을 주고싶어<br/>니가 너무 좋아 니가 너무 좋아<br/>영원히 너만을 바라볼게<br/>언제나 지금처럼만 내곁에 있어줘<br/>널 안고 있으면 향기가 가득해<br/>날 감싸는 너의 품이 너무 포근해<br/>설레이는 내 마음을 감출수 없어<br/>널 보고 있으면 내 맘이 따뜻해<br/>오 날 보는 그 미소에 나 미치겠어<br/>아무래도 내가 너를 더 좋아하나봐<br/>니가 너무 좋아 니가 너무 좋아<br/>사랑해 우리 평생토록 함께 하고싶어<br/>네게 네게 내 모든 사랑을 주고싶어<br/>니가 너무 좋아 니가 너무 좋아<br/>영원히 너만을 바라볼게<br/>언제나 지금처럼만 내곁에 있어줘<br/>나 지금 이 순간이 너무 행복해<br/>단 한 순간도<br/>놓치고 싶지않아 우리 두사람<br/>이대로 영원히 함께해<br/>니가 너무 좋아 니가 너무 좋아<br/>사랑해 우리 평생토록 함께 하고싶어<br/>네게 네게 내 모든 사랑을 주고싶어<br/>니가 너무 좋아 니가 너무 좋아<br/>영원히 너만을 바라볼게<br/>언제나 지금처럼만 내곁에 있어줘<br/>
"
5160,"누가 먼저 말했었나 (Feat.강현정,현욱)",버블 시스터즈버블 시스터즈,누가 먼저 말했었나,150,<dd>2019.04.24</dd>,"아주 오래 다 멈춰 있던<br/>기억 시계들이 째깍인 밤<br/>부드러운 말투와 눈빛<br/>그대로<br/>누가 먼저 사랑한다 말했었나<br/>손이 닿아 설렌 첫 느낌과<br/>두 눈 가득히<br/>떨리던 맘이<br/>그리워 난<br/>너무 멀지 않고<br/>어제 일어난 순간처럼<br/>매일의 위로야<br/>좋은 사람 누굴 만나도<br/>변할 수 없나 봐<br/>웃는 소리 여전하고<br/>투정 많아도 따뜻할 걸<br/>지금도 알아<br/>누가 먼저 이별을 말해 눈물이 됐나<br/>얼어붙은 빈 마음 안에<br/>자꾸 한숨만 더 번지는 나<br/>봄을 밀어 긴 여름이 된<br/>어느 날<br/>너를 멈춘 계절이라 뜨거웠나<br/>더운 소나기에 젖은 맘이<br/>기억이라 더<br/>사랑이라 더<br/>고마운 나<br/>너무 멀지 않고<br/>어제 일어난 순간처럼<br/>매일의 위로야<br/>좋은 사람 누굴 만나도<br/>변할 수 없나 봐<br/>웃는 소리 여전하고<br/>투정 많아도 따뜻할 걸<br/>지금도 알아<br/>누가 먼저 이별을 말해 헤어진 걸까<br/>알 수 없는 길을 걷는 우리<br/>여기 다시 멈출 수는 없나<br/>
"
5161,길(path),정현아정현아,길,22,<dd>2019.04.24</dd>,"어두운 밤길을 걷는 달 그림자<br/>소리하나 없고 공기조차 차가운<br/>그 길을 지나간다<br/>막막하고 답답한 이 길<br/>나홀로 걸어간다<br/>아무도 없는 밤 별들도 잠든 밤<br/>그저 지나간다<br/>아무 것도 보이지 않는 곳<br/>숨 쉬기 조차 힘든 이 길<br/>하지만 멈출 수 없는<br/>이 길의 끝을 향하여<br/>끊임없이 달려갈 길<br/>아직 보이지 않는 곳으로 나는 가네<br/>여전히 꿈꿀 수도 없는 그 곳으로<br/>선명하지 않은 그 곳으로 가네<br/>어려운 이 길을 홀로가네<br/>아무 것도 보이지 않는 곳<br/>숨 쉬기 조차 힘든 이 길<br/>하지만 멈출 수 없는<br/>이 길의 끝을 향하여<br/>끊임없이 달려갈 길<br/>오 길을 잃고 헤멜 때도 있겠지만<br/>두려워하지 마<br/>다른 길은 펼쳐 질 테니까<br/>아직 보이지 않는 곳으로 나는 가네<br/>여전히 꿈꿀 수도 없는 그 곳으로<br/>선명하지 않은 그 곳으로 가네<br/>어려운 이 길을 홀로가네<br/>가네<br/>
"
5162,내가 없는 너의 인생은,봄은가비봄은가비,벚꽃이 피기 전;爱,13,<dd>2019.04.24</dd>,"피지 않은 벚꽃만큼<br/>지지 않는 벚꽃이 있을까<br/>오지 않은 날들만큼<br/>변치 않는 날들이 있을까<br/>나에게 니가 필요한 것처럼<br/>너에게 내가 필요하다는 걸<br/>나를 통해 너의 모든 게<br/>저 꽃처럼 피어나길<br/>니가 내가 되고 내가 니가 되면<br/>그보다 더 좋을 수 있을까<br/>내가 너고 니가 나라면<br/>얼마나 행복할까<br/>나와 다른 니가 되어<br/>너의 하룰 살 수 있다면<br/>니가 나의 일부이듯<br/>나도 너의 일부가 될 텐데<br/>니가 내가 되고 내가 니가 되면<br/>그보다 더 좋을 수 있을까<br/>내가 너고 니가 나라면<br/>얼마나 행복할까<br/>니가 필요해 잊지 말아 줘<br/>그 속에 날 간직해줘<br/>그날 우리의 약속을<br/>지우지 말아 줘<br/>매일 꿈을 꾸고 매일 다시 숨어<br/>따뜻한 니가 오기를 기다려<br/>잊지 않고 나를 찾아준<br/>너라서 다행이야<br/>나를 통해 니가 피어나 길<br/>날 피워준 그대 고마워<br/>
"
5163,잠이와 (Piano Only Ver.) (Feat. 김진수),FM43FM43,잠이와 (Piano Only Ver.),11,<dd>2019.04.24</dd>,가사가 없습니다
5164,잠이와 (Bass Ver.) (Feat. 고대승),FM43FM43,잠이와 (Bass Ver.),10,<dd>2019.04.24</dd>,가사가 없습니다
5165,이젠,노래 안 하는 사람노래 안 하는 사람,이젠,5,<dd>2019.04.24</dd>,"멀리서도 보여 나는 서둘러<br/>고개를 숙였는데<br/>그대는 못 봤는지<br/>못 본 척했던 건지<br/>지나가네요<br/>한 번만 더 보고 싶어<br/>매일 밤이 새도록<br/>그대를 그렸어도<br/>이 모습은 아니었어<br/>나 없이도 웃는 넌 아니야<br/>나에겐 아직 함께했던<br/>모든 순간이 다<br/>아픔으로 박혀서<br/>매일이 눈물인데<br/>살짝만 스쳐도<br/>알 수 있네요 그대는<br/>다 잊고서<br/>없던 일인 듯<br/>잘 지내고만 있는 거죠<br/>간신히 붙잡고 버틴 희망이<br/>전부 무너졌네요<br/>돌아오진 않겠죠<br/>나도 잘 지낼게요<br/>노력할게요<br/>한 번만 더 보고 싶어<br/>매일 밤이 새도록<br/>그대를 그렸어도<br/>이 모습은 아니었어<br/>나 없이도 웃는 넌 아니야<br/>나에겐 아직 함께했던<br/>모든 순간이 다<br/>아픔으로 박혀서<br/>매일이 눈물인데<br/>살짝만 스쳐도<br/>알 수 있네요 그대는<br/>다 잊고서<br/>없던 일인 듯<br/>잘 지내고만 있는 거죠<br/>
"
5166,너만 바라봐,하늘하늘,너만 바라봐,5,<dd>2019.04.24</dd>,"한참을 멍하니 바라만 봐도<br/>너무 좋은 걸 어떡해<br/>말없이 보고만 있어도<br/>긴 침묵 속에서 너와 내가<br/>서로를 바라만 봐도 웃음이 나<br/>너의 눈 너의 코 너의 입술<br/>하나도 빠짐없이 담아둘래<br/>조용히 고요하게 바라볼래<br/>이런 나를 이해해줘<br/>잠시만 지켜볼게<br/>하나의 흐름 속에서 너의<br/>예쁜 볼 만져주면서 웃어봐<br/>너의 눈 너의 코 너의 입술<br/>하나도 빠짐없이 담아둘래<br/>조용히 고요하게 바라볼래<br/>이런 나를 이해해줘<br/>잠시만 지켜볼게<br/>
"
5167,기억,비가 내리는 밤비가 내리는 밤,기억,1,<dd>2019.04.24</dd>,"소주 한 잔에 울적해지는 밤<br/>네가 보고 싶어<br/>내 품 안에서 어리광 부리며<br/>장난스러운 얼굴로 웃었어<br/>한잔 두 잔 늘어가는 소주잔들에<br/>우리가 함께했던 순간들이 스쳐지나<br/>기억 속 파편에 우린 누구보다<br/>행복하고 사랑했던 모습들만이<br/>안개처럼 사라져버린 널 또 불러<br/>대답 없는 너의 뒷모습을<br/>한잔 두 잔 늘어가는 소주잔들에<br/>우리가 함께했던 순간들이 스쳐지나<br/>기억 속 파편에 우린 누구보다<br/>행복하고 사랑했던 모습들만이<br/>안개처럼 사라져버린 널 또 불러<br/>대답 없는 너의 뒷모습을<br/>
"
5168,그대 먼 곳에,혜화동로터리혜화동로터리,7080 대학로 히트 가요 모음 5집,8,<dd>2019.04.24</dd>,"우~ 우우우 우우우우<br/>우~ 우우우 우우우우<br/><br/>먼곳에 있지 않아요 내곁에 가까이 있어요 <br/>하지만 안을수 없네요 그대 마음 아주 먼곳에 <br/><br/>그대가 내곁을 떠나갈 때 마치 넋이 빠진 모습으로 <br/>난 몹시 담담한 마음으로 그대를 보냈어요 <br/>아~ 아~ 그대는 그대는 내곁에 없나요 <br/>아~ 아~ 그대는 그대는 그대는 먼곳에 있나요 <br/><br/>사랑도 생각했어요 영혼도 생각했어요 <br/>하지만 잡을수 없네요 그대 생각은 아주 먼곳에<br/><br/>그대가 내곁을 떠나갈 때 마치 넋이 빠진 모습으로 <br/>난 몹시 담담한 마음으로 그대를 보냈어요 <br/>아~ 아~ 그대는 그대는 내곁에 없나요 <br/>아~ 아~ 그대는 그대는 그대는 먼곳에 있나요<br/>먼곳에 있나요
					"
5169,우리,장한이장한이,맘송tv - 우리,23,<dd>2019.04.24</dd>,"외로운 시간 혼자인 날들<br/>터널 속을 걷고 있는 네 앞에<br/>밤하늘 수 놓아진 별처럼<br/>환하게 비추고 싶어<br/>헛된 시간 사람들 속에<br/>어색하게 웃고 있는 널 보면<br/>달려가 꼭 안아주고 싶어<br/>괜찮아 참 많이 애썼어<br/>언젠가 작은 먼지처럼<br/>사라진다해도<br/>더 높이 오르지 못한다 해도<br/>작은 씨앗처럼<br/>꽃을 피우는 우리 되길<br/>헛된 시간 사람들 속에<br/>어색하게 웃고 있는 널 보면<br/>달려가 꼭 안아주고 싶어<br/>괜찮아 참 많이 애썼어<br/>언젠가 작은 먼지처럼<br/>사라진다해도<br/>더 높이 오르지 못한다 해도<br/>작은 씨앗처럼<br/>꽃을 피우는 우리 되길<br/>꽃도 지고 바람 흩날리는<br/>먼 그 날이 오면<br/>우리 그냥 지지 말자<br/>사랑 한줌 가슴 속 물들이는<br/>그런 우리가 되길<br/>작은 씨앗처럼 꽃을 피워 내는 날이<br/>올 때까지 우리 손을 잡고<br/>
"
5170,괜찮은거겠지,JudeJude,괜찮은거겠지,33,<dd>2019.04.24</dd>,"참 그런 것 같아 하루종일 바쁜데<br/>그 틈 사이로 왜 니가 생각나<br/>밀린 일을 하고 사람들을 만나고<br/>하고픈 걸 해봐도 그래도 그래<br/>너는 어때 요즘은 괜찮니<br/>처음보다 혼자가 편하니<br/>알고 있던 익숙한 모든게<br/>낯설기만 해<br/>오늘은 괜찮은거겠지<br/>해본 적 없는 이별이라서<br/>그 끝은 잘 모르겠지만<br/>참 많이들 얘기하잖아<br/>시간이 해결해준다고<br/>어제보단 좀 나은거겠지<br/>너는 어때 요즘은 괜찮니<br/>처음보다 혼자가 편하니<br/>알고 있던 익숙한 모든게<br/>낯설기만 해<br/>오늘은 괜찮은거겠지<br/>해본 적 없는 이별이라서<br/>그 끝은 잘 모르겠지만<br/>참 많이들 얘기하잖아<br/>시간이 해결해준다고<br/>어제보단 좀 나은거겠지<br/>너를 만나서 이게 사랑인지<br/>조금 알 것 같은데<br/>이별은 어떻게 끝이 나는거니<br/>오늘은 괜찮은거겠지<br/>해본 적 없는 이별이라서<br/>그 끝은 잘 모르겠지만<br/>참 많이들 얘기하잖아<br/>시간이 해결해준다고<br/>어제보단 좀 나은거겠지<br/>어제보단<br/>
"
5171,잘 지내,한승 (Hanseung)한승 (Hanseung),잘 지내,41,<dd>2019.04.24</dd>,"다들 내게 말했었지<br/>아무 의미 없다고<br/>지나간 시간 속에<br/>모두 묻힐 거라고<br/>나는 그대로인데<br/>왜 전부 변하는 걸까<br/>시간은 흐르고 이제야 알았어<br/>함께한 추억도 이제는 놓아야 해<br/>잘 지내<br/>그렇게 떠나간 너의 공간 안에<br/>나는 아직 갇혀 있었어<br/>이제는 그만 나올래<br/>흩어진 우리의 퍼즐 조각들을<br/>이제야 풀 수 있게 됐어<br/>너와의 모든 것 들을<br/>잘 지내<br/>시간은 흐르고 이제야 알았어<br/>함께한 추억도 이제는 놓아야 해<br/>잘 지내<br/>그렇게 떠나간 너의 공간 안에<br/>나는 아직 갇혀 있었어<br/>이제는 그만 나올래<br/>흩어진 우리의 퍼즐 조각들을<br/>이제야 풀 수 있게 됐어<br/>너와의 모든 것 들을<br/>잘 지내<br/>잘 지내<br/>잘 지내<br/>
"
5172,그래.. (That`s why),MEANMEAN,그래..(That`s why),141,<dd>2019.04.24</dd>,"나도 모르게 너의 얼굴을 떠올려<br/>하지 말래도 너의 목소릴 떠올려<br/>여전히 나는 내 세상에서 사나봐<br/>오지않을 걸 알면서 기 다려<br/>모든 것들을 다 알 수는 없다지만<br/>하나만큼은 다 너였기를 바랬어<br/>아직도 나는 네 뒷모습에 멈춰서<br/>어디로가야 할 줄을 몰라서<br/>아쉬워서 아쉬워서 그래<br/>나의 작은 세상에선<br/>숨을 쉴수가 없어서<br/>미안해서 미안해서 그래<br/>내가 모르는 것들이<br/>네게만 너무 많아서 그래<br/>잊어버린 듯 아무렇지 않다가도<br/>뒤돌아서면 울컥 눈물이 차올라<br/>잊혀지겠지 지워지겠지 하다가<br/>아직도 너를 지우지 못하고<br/>미워해서 미워해서 그래<br/>너를 잊어야 하는데<br/>잊혀지지가 않는게<br/>사랑해서 사랑해서 그래<br/>자꾸 너만 떠올라서<br/>아무일도 안잡혀서 그래<br/>정말 끝이라는게 실감이 안나서<br/>괜찮은척해도<br/>그리워서 그리워서<br/>다너라서 다너라서 그래<br/>나의 작은 세상에선 네가<br/>가장커다라서<br/>사랑해서 사랑해서 그래<br/>나의 작은 세상에선<br/>너하나면 가득차서<br/>
"
5173,"여기, 내 맘속에",용범용범,"여기, 내 맘속에",16,<dd>2019.04.24</dd>,"여기 내 맘속에 남은 너의 흔적이<br/>보이진 않는데 아직 이곳엔 니가있어<br/>너를 떠나보내고<br/>남은 너의 기억이<br/>지울 수 없는데 돌아설 수가 없는데<br/>내 맘 깊은 곳에 언제나<br/>여기 니가 있는데<br/>잡을 수 없는 내<br/>맘을 넌 알고 있을까<br/>이젠 너를 지워야 하는 게<br/>아직 너무 힘든데<br/>아직도 내 맘은<br/>그 자리에<br/>내 맘 깊은 곳에 언제나<br/>여기 니가 있는데<br/>잡을 수 없는 내<br/>맘을 넌 알고 있을까<br/>이젠 너를 지워야 하는게<br/>아직 너무 힘든데<br/>아직도 내 맘은<br/>그 자리에<br/>네가 남긴 기억을 따라<br/>계속 맴돌고 있어<br/>떠나지 못한 채<br/>너를 기다리는 나라서<br/>이젠 너를 보내야 하는 게<br/>아직 쉽지 않은데<br/>아직도 내 맘은<br/>여기<br/>
"
5174,하루,1212,하루,31,<dd>2019.04.24</dd>,"비가 올 것 같아<br/>너도 나와 같다면<br/>저 빗소리에 숨어서<br/>울고 있진 않을까<br/>비가 오는 하루<br/>나도 너와 같아서<br/>저 구름 속에 기대어<br/>눈물을 삼켜 보네<br/>젖은 거리에 모든 게<br/>다 너와 닮아서<br/>하루하루 가까웠던<br/>그 하루가 이젠 내게 멀어<br/>비가 오는 날이면 여기 있어<br/>또 이렇게 너는 날 찾아와<br/>돌아오지 않아도<br/>비가 슬픈 듯이 내리던 그날<br/>난 무지개처럼 너를 기다려<br/>어제 같은 오늘 비는 그쳐도<br/>너를 닮아 무지개처럼 넌 또<br/>흔적을 남기고 가네<br/>고인 빗물에 비치는 건<br/>밝은 하늘인데<br/>너와 이별하던 날처럼<br/>비 오는 하루에 멈춰 있어<br/>비가 오는 날이면 여기 있어<br/>또 이렇게 너는 날 찾아와<br/>돌아오지 않아도<br/>비가 슬픈 듯이 내리던 그날<br/>난 무지개처럼 너를 기다려<br/>내가 없는 넌 오늘처럼 빛나서<br/>다음날에 또 다음날에 돌아와 주길<br/>난 널 잊지 못하고 여기 있어<br/>또 이렇게 또 이렇게<br/>돌아오지 않아도<br/>비가 오는 날이면 이제 우리<br/>다른 우산 속에 같은 하늘 아래<br/>
"
5175,봄,GainplayGainplay,Vomenu un Bossage,28,<dd>2019.04.24</dd>,"좁은 창문 틈 사이<br/>비집고 들어오는 봄바람<br/>동네 구석구석 쏟아지는<br/>따듯한 봄 햇살<br/>거린 사람 틈 사일<br/>어느새 가득 채운 봄 향기<br/>창 밖 지나가는 아이들의<br/>신난 웃음소리<br/>음 오랜만에<br/>밖으로 나가볼까<br/>나른한 오후<br/>포근한 봄날에<br/>온통 알록달록한<br/>색들로 수놓은 듯한 봄 풍경<br/>그 봄 거리위로 아른거리는<br/>듯한 네 미소<br/>예쁜 이 봄꽃처럼<br/>좋아할 니 모습이 궁금해<br/>한철 아름다울<br/>이 봄날을 네게 보여줄래<br/>음 너와 함께<br/>동네를 걸어볼까<br/>따뜻한 마음<br/>가득한 봄날에<br/>
"
5176,문득,예랑 (Yerang)예랑 (Yerang),As usual,48,<dd>2019.04.24</dd>,"고요한 밤 내 생각 속에<br/>네가 찾아와<br/>또 널 찾아 헤매다<br/>하루가 엉망이 될까<br/>나는 두려워<br/>눈 꼭 감기도 하고<br/>괜히 영화를 보기도 하고<br/>노래를 틀기도 해<br/>그러다 너와 함께 하던<br/>노래라도 나오면<br/>깊은 생각 속에<br/>깊은 생각 속에<br/>그땐 왜 몰랐을까 난<br/>네가 이렇게도 그리운 걸<br/>문득 이렇게도 그리워해<br/>음 이러다가 말겠지<br/>괜히 영화를 보기도 하고<br/>노래를 틀기도 해<br/>그러다 너와 함께 하던<br/>노래라도 나오면<br/>깊은 생각 속에<br/>깊은 생각 속에<br/>그땐 왜 몰랐을까 난<br/>네가 이렇게 그리운 걸<br/>문득 이렇게도 그리워해<br/>이러다가 말겠지<br/>
"
5177,바다에 누워 (85년 MBC 대학가요제대상),"												
												
												Various ArtistsVarious Artists",그때 그 시절 추억의 대학가요 모음 (7080 애창가요),6,<dd>2019.04.24</dd>,가사가 없습니다
5178,조각달,베이비소울 (러블리즈)베이비소울 (러블리즈),조각달,"5,525",<dd>2019.04.23</dd>,"흐르는 눈물 끝에<br/>늘 혼자였던 밤도 이제는<br/>사라져가네 Oh<br/>저 달은 밝아 뒤늦게 꺼내어<br/>너에게 건네주네 여기<br/>돌아선 나를 봐 저 멀리 퍼져가는<br/>고통 속에 넌 자리하는 걸<br/>여기 그대론 걸<br/>지쳐 쓰러져 간 뒤로 물러서 가<br/>버티라는 너의 그 말에 나는<br/>헤매이다 끝내 널 못 이겨<br/>도무지 미워할 수밖에 없는<br/>난 어디로 가야 하는지<br/>내게 말을 해줘 Oh<br/>의미 없는 반복 또 하루가<br/>살며시 너의 곁에 멈춰 외쳐<br/>날 사랑해달라고<br/>미워하지 말아 달라고<br/>하루가 지나고 한 달<br/>그만큼 너는 어디로<br/>너와 난 다른 거리로 있어<br/>희미한 불빛 사이로<br/>까맣게 타버린 기억들론<br/>더는 버틸 수가 없어 Oh<br/>헤매이다 끝내 널 못 이겨<br/>도무지 미워할 수밖에 없는<br/>난 어디로 가야 하는지<br/>내게 말을 해줘 Oh<br/>의미 없는 반복 또 하루가<br/>살며시 너의 곁에 멈춰 외쳐<br/>날 사랑해달라고<br/>미워하지 말아 달라고<br/>헤매이다 끝내 널 못 이겨<br/>도무지 미워할 수밖에 없는<br/>난 어디로 가야 하는지<br/>내게 말을 해줘 Oh<br/>의미 없는 반복 또 하루가<br/>살며시 너의 곁에 멈춰 외쳐<br/>날 사랑해달라고<br/>미워하지 말아 달라고<br/>
"
5179,그대 떠난 뒤,장범준장범준,2019 월간 윤종신 4월호 `별책부록`,"10,831",<dd>2019.04.23</dd>,"온종일 비가 온 날은<br/>하얀 얼굴로 그대를 만나리<br/>오랜 허물 모두 비우고<br/>그대를 내 맘에 담으리<br/>언젠가 그대와 나는<br/>비를 맞으며 이 길을 걸었지<br/>우리 서로 의지하면서<br/>한없이 이 길을 걸었지<br/>나 이제 외로움을 알아요<br/>그대 나를 떠난 뒤<br/>스쳐가는 지난 일들은<br/>비처럼 내 마음을 적시네<br/>나 지울 수 없는 지난 추억을<br/>이제 와 생각해보네<br/>이 비를 맞으며 걷던 이 길을<br/>나 홀로 걸어가 보네<br/>그대 떠난 뒤<br/>언젠가 그대와 나는<br/>비를 맞으며 이 길을 걸었지<br/>우리 서로 의지하면서<br/>한없이 이 길을 걸었지<br/>나 이제 외로움을 알아요<br/>그대 나를 떠난 뒤<br/>스쳐가는 지난 일들은<br/>비처럼 내 마음을 적시네<br/>나 지울 수 없는 지난 추억을<br/>이제 와 생각해보네<br/>이 비를 맞으며 걷던 이 길을<br/>나 홀로 걸어가 보네<br/>그대 떠난 뒤<br/>나 지울 수 없는 지난 추억을<br/>이제 와 생각해보네<br/>이 비를 맞으며 걷던 이 길을<br/>나 홀로 걸어가 보네<br/>그대 떠난 뒤<br/>나 지울 수 없는 지난 추억을<br/>이제 와 생각해보네<br/>이 비를 맞으며 걷던 이 길을<br/>나 홀로 걸어가 보네<br/>
"
5180,이렇게 좋은날,이보람이보람,이렇게 좋은날,962,<dd>2019.04.23</dd>,"작은 설레임의 시작이야<br/>너와 나 이 눈맞춤도 꿈만 같아<br/>햇살이 비추는 완벽한 날이야<br/>오늘만을 기다려왔어<br/>지루했던 내 삶에 네가 찾아온거야<br/>이건 마치<br/>사랑인걸<br/>따스한 봄바람처럼 함께할게<br/>바라만 봐도 정말 이렇게 좋은 날<br/>너의 손을 잡고 이제 말할거야<br/>우린 밝게 빛날 거란 걸 말야<br/>하루 시작과 끝이 너인 걸<br/>우리의 이야기 속에 잠들고파<br/>난 그렇게 너에게만 다정한 걸<br/>몰라 뭐야 사랑인가봐<br/>너를 만나 내 삶에<br/>봄이 시작된거야<br/>우린 마치<br/>운명인걸<br/>따스한 봄바람처럼 함께할게<br/>바라만 봐도 정말 이렇게 좋은 날<br/>너의 손을 잡고 이제 말할거야<br/>우린 밝게 빛날 거란 걸 말야<br/>처음부터 정해진 순간이<br/>이제야 온 것 같아<br/>터질 것만 같은 맘<br/>사랑이란 말로는 부족해<br/>코끝을 스치는 시트러스 향기처럼<br/>평범한 내가 너와 사랑을 시작해<br/>너의 손을 잡고 이제 말할거야<br/>사랑해 너 뿐이라는 걸 말야<br/>
"
5181,일상,김그림김그림,2019 회사 가기 싫어 (KBS 모큐멘터리 드라마) OST - Part.1,308,<dd>2019.04.23</dd>,"세상 사는 게 그리 쉬운 일은 아니란<br/>말은 예전부터 많이 들어왔지만<br/>지금의 나는<br/>작은 바람에도 일렁이는<br/>돛단배 같은 마음이야<br/>그리 수고로울 것도<br/>어려울 것도 없던<br/>예전보다 짧아진 하루가 지나고<br/>어느덧 나는<br/>그저 퇴근 후 피곤한 친구와<br/>술 한 잔에도 만족해하는 사람이야<br/>그렇게 걱정하지 않아<br/>그렇게 슬프지도 않아<br/>모두가 그렇듯<br/>난 같은 길을 가고 있을 뿐이야<br/>그렇게 기쁘지도 않아<br/>벅차게 행복하지도 않아<br/>모두가 그렇듯<br/>그저 하루하루 살아갈 뿐<br/>언제나 지나치는 일상들이지만<br/>다른 풍경들로 비쳐지는 날<br/>그런 날엔<br/>그렇게 걱정하지 않아<br/>그렇게 슬프지도 않아<br/>모두가 그렇듯<br/>그저 하루하루 살아갈 뿐<br/>
"
5182,조금씩 그대를 보여줘,조이어클락 (Joy o`clock)조이어클락 (Joy o`clock),조금씩 그대를 보여줘,167,<dd>2019.04.23</dd>,"그댈 처음 보았던 순간<br/>내 심장이 멎을 듯 했었죠<br/>그 순간을 이게 사랑일진 몰라도<br/>내 맘은 항상 그댈 향해 있죠<br/>그대도 날 사랑한다면<br/>조금씩 그대를 보여줘<br/>항상 그대만 사랑할게요<br/>내 맘을 봐요 그댈 향한<br/>그대만 위해 노래할게요<br/>언제라도 그대이죠<br/>I’m in love with you girl<br/>I’m in love with you and I<br/>그댈 보고 있는 이 순간<br/>내 심장은 그댈 향해 뛰죠<br/>이 순간을 이게 사랑이라 확신하죠<br/>내 맘은 분명 그댈 향해 뛰죠<br/>그대도 날 사랑한다면<br/>조금씩 그대를 보여줘<br/>항상 그대만 사랑할게요<br/>내 맘을 봐요 그댈 향한<br/>그대만 위해 노래할게요<br/>언제라도 그대이죠<br/>그대와 함께라면<br/>세상 그 어디라도<br/>나는 갈 수 있어요<br/>항상 그대만 사랑할게요<br/>내 맘을 봐요 그댈 향한<br/>그대만 위해 노래할게요<br/>언제라도 그대이죠<br/>항상 그대만 사랑할게요<br/>내 맘을 봐요 <br/>I’m in love with you<br/>be with you<br/>belong to you<br/>그대만 위해 노래할게요<br/>언제라도 그대이죠<br/>I’m in love with you girl<br/>I’m in love with you and I<br/>
"
5183,잠이 오지 않는 밤,타르트타르트,잠이 오지 않는 밤,507,<dd>2019.04.23</dd>,"오늘은 꼭 잠을 잘거야<br/>몇번이나 뒤척여봐도<br/>밤이 깊어질수록 선명해지는 얼굴<br/>날 오늘도 잠 못들게해<br/>우연히 마주친 너는<br/>내가 없이도 행복해보여<br/>괜히 내 마음이 슬퍼지려하는건<br/>내가 못된아이라 그런걸까<br/>잠이 오지 않는 밤<br/>새벽에 창문 열고 기대 서서<br/>밖을 쳐다봤어<br/>마음이 심난해 어쩌니<br/>니 생각에 잠못드는 밤이야<br/>슬픈생각은 오늘까지만<br/>몇번이나 밤새워 다짐했던 날<br/>하루이틀 지나도 여전히 네 생각뿐<br/>날 오늘도 잠 못들게해<br/>언젠가 다시 너를 본다면<br/>내가없이도 행복한 너의 모습에<br/>내 마음이 편할 수 있기를<br/>지금의 아픔 모두 사라지길<br/>잠이 오지 않는 밤<br/>새벽에 창문 열고 기대 서서<br/>밖을 쳐다봤어<br/>마음이 심난해 어쩌니<br/>니 생각에 잠못드는 밤이야<br/>새까맣게 타들어가는<br/>내 마음 처럼 잠 못드는 밤<br/>잠이 오지 않는 밤<br/>새벽에 창문 열고 기대 서서<br/>밖을 쳐다봤어<br/>마음이 심난해 어쩌니<br/>니 생각에 잠못드는 밤이야<br/>잠이 오지 않는 밤<br/>새벽에 창문 열고 기대 서서<br/>밖을 쳐다봤어<br/>마음이 심난해 어쩌니<br/>니 생각에 잠못드는 밤이야<br/>
"
5184,Anding,서예안서예안,Anding,518,<dd>2019.04.23</dd>,"너의 손에 힘이 사라져가고<br/>나의 손도 힘이 풀려가<br/>마지못해 잡고 있는<br/>ending 페이지엔<br/>쓰다만 채 낡은 추억만<br/>빼곡하게 채워가던 하루와<br/>색을 입혀간 물든 날들<br/>언제부턴가 혼자 써 내려가는<br/>외론 페이지엔<br/>너완 다른 나의 Anding만<br/>봄을 틔우던 꽃잎<br/>여름 끝에 바람<br/>가을을 밟던 낙엽 소리들<br/>한권에 추억이 되어 진 우리 이야기<br/>쏟아 내리던 비<br/>작은 우산 하나<br/>지루한 책 같지만 하나하나<br/>모든 시간들이 떠올라<br/>돌아보는 Ending<br/>애써 싸우려 하지 않고<br/>어떤 의지도 없이<br/>미안하단 말만 되풀이하는<br/>뜨거운 맘도 차가운 맘도<br/>아무 것도 아닌 채 우린<br/>뻔하게 흐를 슬픈 ending만<br/>봄을 틔우던 꽃잎<br/>여름 끝에 바람<br/>가을을 밟던 낙엽 소리들<br/>한권에 추억이 되어 진 우리 이야기<br/>쏟아 내리던 비<br/>작은 우산 하나<br/>지루한 책 같지만 하나하나<br/>모든 시간들이 떠올라<br/>돌아보는 Ending<br/>난 지워 봐도 네가 여전히 살아<br/>나완 다르게 넌 찢어 버린<br/>마지막 결말<br/>낯설은 기다림의 시간도<br/>자라난 그리움의 시간도<br/>혼자만의  Anding 속 얘기<br/>따뜻했었던 시작<br/>뜨거웠던 사랑<br/>물들어간 서로의 마음들<br/>한권에 추억이 되어 진 우리 이야긴<br/>쏟아 내리던 비<br/>작은 우산 하나<br/>지루한 책 같지만 하나하나<br/>모든 시간들이 선물인<br/>널 꿈꾸는 Anding<br/>
"
5185,소녀의 꿈 (Mom),하이솔하이솔,소녀의 꿈,156,<dd>2019.04.23</dd>,"사진 속의 그녀는 낯설지만 예뻐<br/>살짝 촌스러워 보여도<br/>그대도 이렇게 웃음이 예쁘단 걸<br/>왜 이제 서야 알게 된 걸까<br/>꽃밭에 앉아 활짝 웃는 이 아이와<br/>작은 사탕 하나에 토라지던 소녀<br/>친구들 사이에 가장 빛이 나던 그녀<br/>어린 나를 품에 안은 엄마가 됐네요<br/>난 왜 이제 서야 알게 된 걸까요<br/>한없이 여린 그대인 걸<br/>난 이제서야 알게 된 걸까요<br/>소녀의 꿈이 내가 되고<br/>정말 행복 할까요<br/>난 이제 서야 알게 됐죠<br/>내게 꿈은 그녀라는 걸<br/>그녀가 좋아하는 것 너무나도 쉬워<br/>예쁜 꽃과 나의 미소<br/>꽃밭에 앉아 활짝 웃는 이 아이와<br/>작은 사탕 하나에 토라지던 소녀<br/>친구들 사이에 가장 빛이 나던 그녀<br/>어린 나를 품에 안은 엄마가 됐네요<br/>난 왜 이제 서야 알게 된 걸까요<br/>한없이 여린 그대인 걸<br/>난 이제 서야 알게 된 걸까요<br/>소녀의 꿈이 내가 되고<br/>정말 행복 할까요<br/>난 이제 서야 알게 됐죠<br/>내게 꿈은 그녀라는 걸<br/>난 왜 이제 서야 알게 된 걸까요<br/>한없이 여린 그대인 걸<br/>난 이제 서야 알게 된 걸까요<br/>소녀의 꿈이 내가 되고<br/>정말 행복 할까요<br/>난 이제 서야 알게 됐죠<br/>내게 꿈은 그녀라는 걸<br/>
"
5186,8%,헤일헤일,8%,292,<dd>2019.04.23</dd>,"난 8%로 가사를 쓰네<br/>빨간 칸마저 사그러가<br/>난 8%로 가사를 쓰네<br/>이대로 꺼져버리지 뭐<br/>의미 없는 초록색 물약이 이룬 도시<br/>아름다움은 어디서 찾을까<br/>넘쳐나는 열정의 화살이<br/>가리키는 건<br/>Empty empty empty  that is all<br/>Life is bound to end<br/>How to use these eight<br/>난 8%로 가사를 쓰네<br/>빨간 칸마저 사그러가<br/>난 8%로 가사를 쓰네<br/>이대로 꺼져버리지 뭐<br/>Pour the evian into<br/>the cup of toilet paper<br/>People don't even know<br/>what they're doing now<br/>The answer that you are<br/>here that life exist<br/>You're here You're here<br/>You're here that is all<br/>Life is bound to end<br/>How to use these eight<br/>난 8%로 가사를 쓰네<br/>빨간 칸마저 사그러가<br/>난 8%로 가사를 쓰네<br/>이대로 꺼져버리지 뭐<br/>난 8%로 가사를 쓰네<br/>빨간 칸마저 사그러가<br/>난 8%로 가사를 쓰네<br/>이대로 꺼져버리지 뭐<br/>
"
5187,헤어지는날2,17DB17DB,17DB 싱글앨범 1집,7,<dd>2019.04.23</dd>,"쉬울줄 알았어 그냥<br/>그렇게 잊혀질줄 알았어<br/>아플줄 몰랐어 이렇게<br/>힘들거라 생각못했어<br/>하루하루가 봄비처럼<br/>슬프게 흐르던 그날<br/>변하지않겠다던 그약속<br/>그 약속 다 거짓이었나<br/>그대제발 한번만 단 한번만<br/>니가 떠난 후<br/>텅비어버린 내 맘속으로<br/>그대제발 한번만 단 한번만<br/>이런 내게로 다시 돌아와줄순없니<br/>쉬울줄 알았어 그냥<br/>그렇게 잊혀질줄 알았어<br/>아플줄 몰랐어 바보처럼<br/>힘들거라 생각못했어<br/>우리함께늘 걷던거리들<br/>그 거리에 남은 그 흔적들<br/>영원히 변치말자던 약속<br/>그 약속 다 거짓이었나<br/>그대제발 한번만 단 한번만<br/>니가 떠난 후<br/>텅비어버린 내 맘속으로<br/>그대제발 한번만 단 한번만<br/>이런 내게로 다시 돌아와줄순없니<br/>돌아와줘  돌아와줘<br/>함께 한 우리의 시간이<br/>추억으로만 남겨지기엔<br/>내맘속에 깊이새겨져<br/>지워지지않아<br/>넌 다 잊을수있니<br/>한번만 한번만<br/>니가 떠난 후 텅비어버린 맘속으로<br/>한번만 한번만<br/>이런 내게로 다시돌아와 줄순 없니<br/>
"
5188,"님, 그리고, 봄 (Vocal 동헌)",원우 (Su)원우 (Su),"사계(四季) 프로젝트 Vol.1 [님, 그리고, 봄] (Feat. 동헌)",19,<dd>2019.04.23</dd>,"살랑이는 봄바람이 불어오면<br/>고단한 이 맘을 흔드는구나<br/>꽃 가람 거닐다 어여쁜 님을 보니<br/>내가 어찌 잊을 수가 있으랴<br/>사랑한다 님을 사랑한다<br/>다시 태어난다 해도 님만 바라노니<br/>이 마음에 님 생각 가득 차서<br/>스치는 봄바람에 님의 얼굴 그립니다<br/>바람 같은 님 이렇게 날 흔들고<br/>바람처럼 잡을 수가 없구나<br/>맺지 못할 인연이라 한들<br/>뿌리내린 님을 어찌 잊으랴<br/>사랑한다 님을 사랑한다<br/>다시 태어난다 해도 님만 바라노니<br/>이 가슴에 님 생각 가득 차서<br/>스치는 봄바람에 님의 얼굴 그립니다<br/>사랑한다 님을 사랑한다<br/>사랑한다 님을 사랑한다<br/>다시 감은 눈을 떠도 님만 꿈꾸노니<br/>이 욕심에 서툰 맘 띄워보내<br/>짧았던 이 계절에 님의 얼굴<br/>그립니다<br/>스치는 봄바람에 님의 이름 부릅니다<br/>
"
5189,그대가 오네요,조순종조순종,라떼홀릭 24,3,<dd>2019.04.23</dd>,가사가 없습니다
5190,다시 볼 수 있다면,로하로하,다시 볼 수 있다면,10,<dd>2019.04.23</dd>,"매일 난 너를 그려봐<br/>아직도 네 목소리 맴돌아<br/>잊혀지지 않아<br/>설레던 첫 만남도<br/>기억 속에 선명해 난<br/>혼자인 지금<br/>내가 없는 너는 괜찮니<br/>아직 나는 그 시간 속에<br/>멈춰 버린 거야<br/>어딜 가도 함께한 흔적들이<br/>날 무너지게 만들어<br/>한없이 네가 그리워져<br/>우연히 스치듯<br/>멀리서 조그맣게라도<br/>한 번만 다시 볼 수 있다면<br/>다른 누군가 만나도 보고<br/>내 마음 모른 척 숨겨도 봤어<br/>억지로 가려도 네가 보여<br/>난 노력해봐도 잘 안돼<br/>내가 없는 너는 괜찮니<br/>아직 나는 그 시간 속에<br/>멈춰 버린 거야<br/>어딜 가도 함께한 흔적들이<br/>날 무너지게 만들어<br/>한없이 네가 그리워져<br/>우연히 스치듯<br/>멀리서 조그맣게라도<br/>한 번만 다시 널 보고 싶어<br/>영원할 거라고 믿었던 나의 사랑은<br/>그리움만 가득해<br/>우연히 스치듯<br/>멀리서 조그맣게라도<br/>한 번만 다시 볼 수 있다면<br/>
"
5191,Anemone,김집사김집사,The Dreamers II : Break up,10,<dd>2019.04.23</dd>,"끝까지 넌 아무 의미없이 나에게<br/>화살을 꽂고 돌아선 채 웃고만 있네<br/>그 모습조차 난 사랑했고<br/>이게 내 끝인 것이<br/>이 길의 끝은 너라고 생각했고<br/>사랑한 만큼 넌 내 곁에 있어주겠지<br/>짓밟힌 마음은 갈 곳없이<br/>혼자서 춤을 추네<br/>사랑한 날들은 잊혀지고<br/>내 어깨에 닿은 이 추위만이<br/>내 모든 용기를 가져간 채<br/>더 이상 네가 내 것이 아니라고<br/>바라고 바랬던 네 손끝엔<br/>내가 아닌 다른 사람의 손이<br/>너에게 다 줬던 내 마음은<br/>이젠 접을 때가<br/>사랑한 날들은 잊혀지고<br/>내 어깨에 닿은 이 추위만이<br/>내 모든 용기를 가져간 채<br/>더 이상 네가 내 것이 아니라고<br/>
"
5192,돌아보지마 안녕,최승호최승호,돌아보지마 안녕,14,<dd>2019.04.23</dd>,"나를 보는 힘 없는 니 얼굴<br/>바라보는 내 맘은 미어져<br/>아무런 말도 못한 채<br/>글썽이고 있는 넌<br/>언제나 그렇듯 정말로 예쁘다<br/>안아 달라며 울먹이는 너를<br/>차갑게 연습한 표정으로 돌아선다<br/>사실은 나 아무렇지 않은 척 하고<br/>웃으며 널 잡고 싶어<br/>니가 없인 하루도 난 살 수가 없지만<br/>불안한 내 미래에 너를 가둘 순 없어<br/>햇살처럼 눈부시던 우리의 모습<br/>아프도록 아름다웠던<br/>시간이 흐르고 나면<br/>눈물도 말라 가겠지<br/>하나뿐인 내 사랑 돌아보지 말아요<br/>안아 달라며 울먹이는 너를<br/>차갑게 연습한 표정으로 돌아선다<br/>사실은 나 아무렇지 않은 척 하고<br/>웃으며 널 잡고 싶어<br/>니가 없인 하루도 난 살 수가 없지만<br/>불안한 내 미래에 너를 가둘 순 없어<br/>햇살처럼 눈부시던 우리의 모습<br/>아프도록 아름다웠던<br/>시간이 흐르고 나면<br/>눈물도 말라 가겠지<br/>하나뿐인 내 사랑<br/>돌아보지 말아요 안녕<br/>
"
5193,행복하면 돼 (With 은종),화안화안,행복하면 돼,144,<dd>2019.04.23</dd>,"우리의 사랑이 시작되던 날<br/>그때 우리 정말 행복했었잖아<br/>네가 날 바라보며 이뻐 죽겠다던<br/>그 눈빛 너무 좋았었는데<br/>우리의 미래를 약속하던 날<br/>두 손 꼭 잡고 정말 행복했잖아<br/>평생 내 옆에 서 있어주겠다던<br/>그 약속 벌써 잊은 거니<br/>네게 아무렇지 않은 척<br/>목소리 꾹 참아 봐도<br/>나도 모르게 나오는 떨림이<br/>너에게 들릴까 봐<br/>너와의 추억을 정리하려 해<br/>하지만 어디서부터 지워야 할지<br/>사진 속 웃고 있는 너의 얼굴이<br/>이렇게 행복해 보이는데<br/>네게 아무렇지 않은 척<br/>목소리 꾹 참아 봐도<br/>나도 모르게 나오는 떨림이<br/>너에게 들릴까 봐<br/>이제 나 정말 널 이대로<br/>보내야만 하는 거겠지<br/>네게 아무렇지 않은 척해 봐도<br/>이젠 안녕<br/>좋은 사람 만나 행복해야 해<br/>나보다 더 아니<br/>그냥 행복하면 돼<br/>
"
5194,어느 계절을,김성우김성우,어느 계절을,50,<dd>2019.04.23</dd>,"그리워 합니다<br/>계절을<br/>계절 냄새들을<br/>멀리 있는 그 사람을<br/>그리워 합니다<br/>지금 어느 계절을<br/>살고 있습니까<br/>아무 날도 아닌 어떤 날에<br/>문득 당신이 떠오릅니다<br/>창문을 두드리는 저 봄비가<br/>당신인 것만 같아서<br/>창문에 맺혀 있는 빗방울이<br/>내 맘에 맺혀서<br/>사랑은 어디로부터 온 건지<br/>또 어디로 가는 건지<br/>봄이 여기 왔는데<br/>당신이 가네요<br/>우린 더 멀어져야 할까요<br/>느낄 수 있어요<br/>따뜻한 바람과 향기를<br/>시간이 지나고 또 한번<br/>봄이 왔네요<br/>거기 있나요<br/>창문을 두드리는 저 봄비가<br/>당신인 것만 같아서<br/>창문에 맺혀 있는 빗방울이<br/>내 맘에 맺혀서<br/>사랑은 어디로부터 온 건지<br/>또 어디로 가는 건지<br/>봄이 여기 왔는데<br/>당신이 가네요<br/>우린 더 멀어져야 할까요<br/>그대의 흔적이<br/>지금 흐르는 눈물의 의미가<br/>슬픔만은 아니기를<br/>정말 행복했던 추억이라<br/>여길 수 있기를<br/>다시 또 한번 봄이 찾아오면<br/>웃음 질 수 있을까요<br/>계절이 지나도 잊혀지지 않아요<br/>내 가슴에 묻어야 할까요<br/>
"
5195,봄이,허니와샘허니와샘,봄이,9,<dd>2019.04.23</dd>,"봄이네요<br/>그대 얼굴에 핀 미소를 보니<br/>내게 돌아온 따스한 봄 이네요<br/>우리를 스쳐 지나는 바람이<br/>춥지 않아요<br/>따스한 봄 이네요 봄 이네요<br/>저기 있네요<br/>저기 나의 봄이 시작될 그대가<br/>저기 나를 기다리며 웃는<br/>눈부신 그대 따스한 봄 이네요<br/>봄 이네요<br/>흐드러지는 꽃비를 맞으며<br/>그대에게 안겨줄 꽃다발 들고<br/>저기서 기다리는 <br/>그대가 보이네요<br/>발걸음을 재촉해야죠<br/>그대에게 <br/>흐드러지는 꽃비를 맞으며<br/>그대에게 안겨줄 꽃다발 들고<br/>저기서 웃고 있는 <br/>그대가 보이네요<br/>난 오늘 꼭<br/>봄이 되어주기를<br/>그대에게 고백할게요<br/>그대여 잠깐 나 할 말 있어요<br/>그대여 더 이상 못 참겠어요<br/>그대여 나 지금 고백할게요<br/>난 처음부터 그대를 사랑했어요<br/>그대여 당황하지는 말아요<br/>그대여 행복하게 해줄게요<br/>그대여 눈물 흘리지 말아요<br/>자 내 손을 잡아줘요<br/>흐드러지는 꽃비를 맞으며<br/>그대에게 안겨줄 꽃다발 들고<br/>저기서 기다리는<br/>그대가 보이네요<br/>발걸음을 재촉하네요<br/>그대에게<br/>흐드러지는 꽃비를 맞으며<br/>그대에게 안겨줄 꽃다발 들고<br/>저기서 웃고 있는<br/>그대가 보이네요<br/>난 오늘 꼭<br/>나의 봄이 되어줘<br/>그대에게 고백할게요<br/>라라랄라 랄랄라<br/>라라랄라 랄랄라<br/>라라랄라 랄랄라<br/>우리에게 기다리던 봄이<br/>왔어요<br/>
"
5196,네가 없는 계절,"유로, 세언유로, 세언",네가 없는 계절,48,<dd>2019.04.23</dd>,"내리자마자 쉽게 녹아<br/>이렇게 쌓일 줄 몰랐어<br/>펑펑 쏟아졌던 그 계절의<br/>행복했던 기억이<br/>햇빛에 눈이 녹아지면<br/>우리도 녹아 사라질 것 같아<br/>나 혼자 애써 맘 졸였는데<br/>쉽게도 녹아내려<br/>몇 번의 계절과 그 많던 눈꽃들을<br/>항상 함께 맞던 너라서<br/>이젠 이 겨울은 오지 않을 거라<br/>혼자 생각했는데<br/>이제는 각자 다른 눈을 보면서<br/>다른 시간을 보내야겠지<br/>생각보다도 너무 괜찮은 내가<br/>괜찮아할 네가 조금 밉다<br/>햇빛에 눈이 녹아지면<br/>추억도 사라져 줄 수 있을까<br/>나 혼자 가끔 들여다보면<br/>여전히 남아 있어<br/>어쩌면 오늘 그곳에서<br/>네가 날 기다리고 있진 않을까<br/>내가 그랬듯이<br/>너도 그만큼은 후회하지 않을까<br/>소복이 쌓여버린<br/>우리가 걷던 그 길은 하얗게<br/>둘만 알던 시간들도<br/>지워버려요 잊어버려요<br/>다음 번 봄이 와도<br/>나 부르고 싶어 힘껏 외치고 싶어요<br/>창 너머 그대 좋아하던 눈이<br/>내린다고 보고 싶다고<br/>닿을 순 없나요 우리<br/>
"
5197,괜찮다고,김나현김나현,괜찮다고,6,<dd>2019.04.23</dd>,"처음너와 만났던<br/>많이좋아 했었던<br/>그곳이라서<br/>우릴 운명이라 착각하긴<br/>충분하잖아 너도 그랬잖아<br/>괜찮은줄 알았어<br/>생각나질 않아서<br/>오랜만에 본 SNS 속 너의 소식<br/>꽤 오랜시간 전에<br/>게시해놓은 연애중<br/>나 혼자만의 착각이었니<br/>그 이상한감정<br/>우산이 하나란 핑계로 가까이 걷던<br/>설레던 걸음이 설레던 공기가<br/>차라리이게 꿈이었다면<br/>참 좋았을텐데<br/>괜찮다고 괜찮다고<br/>더 좋은사람 만나면 된다고<br/>나를 위로해<br/>마지막 만남에<br/>이미 답을 알았어<br/>넌 몰랐겠지<br/>가벼웠던 너의 그 행동들<br/>이제야 알겠어<br/>나만 진심이었단 것을<br/>나 혼자만의 착각이었니<br/>그 이상한감정<br/>우산이 하나란 핑계로 가까이 걷던<br/>설레던 걸음이 설레던 공기가<br/>차라리 이게 꿈이었다면<br/>참 좋았을텐데<br/>괜찮다고 괜찮다고<br/>더 좋은사람 만나면 된다고<br/>나를 위로해<br/>차라리이게 꿈이었다면<br/>참 좋았을텐데<br/>괜찮다고 괜찮다고<br/>더 좋은사람 만나면 된다고<br/>나를 위로해<br/>
"
5198,사랑할게요(I`ll love you),유프리T (Ufree-T)유프리T (Ufree-T),사랑할게요,21,<dd>2019.04.23</dd>,"그대 나와 춤을 추기 원한다면<br/>지금 나의 손을 잡고 따라와요<br/>처음이라 낯설수도 있겠지만<br/>내 손 뿌리치지는 말아요<br/>그대 나와 춤을 추기 원한다면<br/>살짝 내 어깨에 손을 올려줘요<br/>내가 혹시 망설일 수 있다해도<br/>이런 나를 놓치는 말아요<br/>이렇게 사랑은 내게로 불어와<br/>내맘을 흔들었죠<br/>우리가 함께한 오늘밤 별빛은<br/>그대 사랑이죠<br/>You are the one<br/>One of mine<br/>My love is you<br/>You are my world<br/>You set me free<br/>You are my star<br/>Light of my sky<br/>그대는 내 사랑이죠<br/>우리가 함께할 내일밤 달빛은<br/>그대 사랑이죠<br/>You are the one<br/>One of mine<br/>My love is you<br/>You are my world<br/>You set me free<br/>You are my star<br/>Light of my sky<br/>그대는 내 사랑이죠<br/>그댈 향한 내 눈빛<br/>그대 보이나요<br/>내 마음 들킬까 그대의 주위만<br/>맴돌고 있죠<br/>You are the one<br/>One of mine<br/>My love is you<br/>You are my world<br/>You set me free<br/>You are my star<br/>Light of my sky<br/>그대는 내 사랑이죠<br/>그대와 나<br/>나만의 너<br/>너만의 나<br/>오늘 이 밤<br/>사랑할게요<br/>
"
5199,잠이와 (Piano Ver.) (Feat. 김진수),FM43FM43,잠이와 (Piano Ver.),9,<dd>2019.04.23</dd>,가사가 없습니다
5200,편해지자,손동운손동운,Act 1 : The Orchestra,"10,638",<dd>2019.04.22</dd>,"아무런 말 없이도<br/>많은 걸 알 수 있다는 건<br/>감사한 일이면서<br/>어쩌면 괴로운 일이야<br/>모든 걸 멈춰버린 정적이<br/>대신해 이별이라 말하기 전에<br/>지금이라도 편해지자<br/>우리 추억이 쓸쓸해질 뿐이니까<br/>많이도 사랑했고<br/>무던히도 노력했으니<br/>이제 그만 쉬자<br/>우리가 함께 있는 시간이<br/>오히려 이별보다 더 힘들다면<br/>지금이라도 편해지자<br/>우리 추억이 쓸쓸해질 뿐이니까<br/>많이도 사랑했고<br/>무던히도 노력했으니<br/>이제 그만 쉬자<br/>뒤돌아서 가는 네 표정이<br/>조금이나마 이제야 편해보여<br/>지금보다 덜 사랑하자<br/>혹시 우리에게 다음이 또 있다면<br/>무덤덤하지 않고<br/>아프기라도 할 수 있게<br/>그땐 그래 보자<br/>
"
